run_id,market_date,ticker,symbol,source_bar_time,date,ts_utc,year,month,o,h,l,c,v,vw,n,t,status_or_count,observed_at_utc,event_line_index,command,stage,raw_line
das_cmdapi_live_20260708T193719Z,2026-07-08,SKYQ,SKYQ,2026/07/08-15:41,2026-07-08,2026-07-08T19:41:00Z,2026,7,3.69,3.7,3.68,3.69,13814,,,,1,2026-07-08T19:42:17+00:00,1,SB SKYQ MINCHART 2026/07/08-14:41 2026/07/08-15:41 1,candidate_chart_query,$Bar SKYQ 2026/07/08-15:41 3.7 3.68 3.69 3.69 13814 1
das_cmdapi_live_20260708T193719Z,2026-07-08,SKYQ,SKYQ,2026/07/08-15:40,2026-07-08,2026-07-08T19:40:00Z,2026,7,3.695,3.7,3.68,3.68,9848,,,,1,2026-07-08T19:42:17+00:00,2,SB SKYQ MINCHART 2026/07/08-14:41 2026/07/08-15:41 1,candidate_chart_query,$Bar SKYQ 2026/07/08-15:40 3.7 3.68 3.695 3.68 9848 1
das_cmdapi_live_20260708T193719Z,2026-07-08,SKYQ,SKYQ,2026/07/08-15:39,2026-07-08,2026-07-08T19:39:00Z,2026,7,3.7,3.72,3.69,3.69,14283,,,,1,2026-07-08T19:42:17+00:00,3,SB SKYQ MINCHART 2026/07/08-14:41 2026/07/08-15:41 1,candidate_chart_query,$Bar SKYQ 2026/07/08-15:39 3.72 3.69 3.7 3.69 14283 1
das_cmdapi_live_20260708T193719Z,2026-07-08,SKYQ,SKYQ,2026/07/08-15:38,2026-07-08,2026-07-08T19:38:00Z,2026,7,3.7,3.72,3.68,3.71,22737,,,,1,2026-07-08T19:42:17+00:00,4,SB SKYQ MINCHART 2026/07/08-14:41 2026/07/08-15:41 1,candidate_chart_query,$Bar SKYQ 2026/07/08-15:38 3.72 3.68 3.7 3.71 22737 1
das_cmdapi_live_20260708T193719Z,2026-07-08,SKYQ,SKYQ,2026/07/08-15:37,2026-07-08,2026-07-08T19:37:00Z,2026,7,3.6974,3.71,3.6701,3.685,15955,,,,1,2026-07-08T19:42:17+00:00,5,SB SKYQ MINCHART 2026/07/08-14:41 2026/07/08-15:41 1,candidate_chart_query,$Bar SKYQ 2026/07/08-15:37 3.71 3.6701 3.6974 3.685 15955 1
das_cmdapi_live_20260708T193719Z,2026-07-08,SKYQ,SKYQ,2026/07/08-15:36,2026-07-08,2026-07-08T19:36:00Z,2026,7,3.7,3.7499,3.69,3.722,6111,,,,1,2026-07-08T19:42:17+00:00,6,SB SKYQ MINCHART 2026/07/08-14:41 2026/07/08-15:41 1,candidate_chart_query,$Bar SKYQ 2026/07/08-15:36 3.7499 3.69 3.7 3.722 6111 1
das_cmdapi_live_20260708T193719Z,2026-07-08,SKYQ,SKYQ,2026/07/08-15:35,2026-07-08,2026-07-08T19:35:00Z,2026,7,3.71,3.71,3.69,3.69,10800,,,,1,2026-07-08T19:42:17+00:00,7,SB SKYQ MINCHART 2026/07/08-14:41 2026/07/08-15:41 1,candidate_chart_query,$Bar SKYQ 2026/07/08-15:35 3.71 3.69 3.71 3.69 10800 1
das_cmdapi_live_20260708T193719Z,2026-07-08,SKYQ,SKYQ,2026/07/08-15:34,2026-07-08,2026-07-08T19:34:00Z,2026,7,3.73,3.73,3.7002,3.7002,9057,,,,1,2026-07-08T19:42:17+00:00,8,SB SKYQ MINCHART 2026/07/08-14:41 2026/07/08-15:41 1,candidate_chart_query,$Bar SKYQ 2026/07/08-15:34 3.73 3.7002 3.73 3.7002 9057 1
das_cmdapi_live_20260708T193719Z,2026-07-08,SKYQ,SKYQ,2026/07/08-15:33,2026-07-08,2026-07-08T19:33:00Z,2026,7,3.7679,3.77,3.7001,3.7298,49127,,,,1,2026-07-08T19:42:17+00:00,9,SB SKYQ MINCHART 2026/07/08-14:41 2026/07/08-15:41 1,candidate_chart_query,$Bar SKYQ 2026/07/08-15:33 3.77 3.7001 3.7679 3.7298 49127 1
das_cmdapi_live_20260708T193719Z,2026-07-08,SKYQ,SKYQ,2026/07/08-15:32,2026-07-08,2026-07-08T19:32:00Z,2026,7,3.73,3.8,3.73,3.7532,43173,,,,1,2026-07-08T19:42:17+00:00,10,SB SKYQ MINCHART 2026/07/08-14:41 2026/07/08-15:41 1,candidate_chart_query,$Bar SKYQ 2026/07/08-15:32 3.8 3.73 3.73 3.7532 43173 1
das_cmdapi_live_20260708T193719Z,2026-07-08,SKYQ,SKYQ,2026/07/08-15:31,2026-07-08,2026-07-08T19:31:00Z,2026,7,3.68,3.73,3.67,3.72,17719,,,,1,2026-07-08T19:42:17+00:00,11,SB SKYQ MINCHART 2026/07/08-14:41 2026/07/08-15:41 1,candidate_chart_query,$Bar SKYQ 2026/07/08-15:31 3.73 3.67 3.68 3.72 17719 1
das_cmdapi_live_20260708T193719Z,2026-07-08,SKYQ,SKYQ,2026/07/08-15:30,2026-07-08,2026-07-08T19:30:00Z,2026,7,3.64,3.67,3.64,3.67,13503,,,,1,2026-07-08T19:42:17+00:00,12,SB SKYQ MINCHART 2026/07/08-14:41 2026/07/08-15:41 1,candidate_chart_query,$Bar SKYQ 2026/07/08-15:30 3.67 3.64 3.64 3.67 13503 1
das_cmdapi_live_20260708T193719Z,2026-07-08,SKYQ,SKYQ,2026/07/08-15:29,2026-07-08,2026-07-08T19:29:00Z,2026,7,3.655,3.66,3.63,3.64,44575,,,,1,2026-07-08T19:42:17+00:00,13,SB SKYQ MINCHART 2026/07/08-14:41 2026/07/08-15:41 1,candidate_chart_query,$Bar SKYQ 2026/07/08-15:29 3.66 3.63 3.655 3.64 44575 1
das_cmdapi_live_20260708T193719Z,2026-07-08,SKYQ,SKYQ,2026/07/08-15:28,2026-07-08,2026-07-08T19:28:00Z,2026,7,3.67,3.6899,3.65,3.655,15671,,,,1,2026-07-08T19:42:17+00:00,14,SB SKYQ MINCHART 2026/07/08-14:41 2026/07/08-15:41 1,candidate_chart_query,$Bar SKYQ 2026/07/08-15:28 3.6899 3.65 3.67 3.655 15671 1
das_cmdapi_live_20260708T193719Z,2026-07-08,SKYQ,SKYQ,2026/07/08-15:27,2026-07-08,2026-07-08T19:27:00Z,2026,7,3.7058,3.7058,3.6701,3.6736,4370,,,,1,2026-07-08T19:42:17+00:00,15,SB SKYQ MINCHART 2026/07/08-14:41 2026/07/08-15:41 1,candidate_chart_query,$Bar SKYQ 2026/07/08-15:27 3.7058 3.6701 3.7058 3.6736 4370 1
das_cmdapi_live_20260708T193719Z,2026-07-08,SKYQ,SKYQ,2026/07/08-15:26,2026-07-08,2026-07-08T19:26:00Z,2026,7,3.7699,3.7699,3.67,3.6963,25722,,,,1,2026-07-08T19:42:17+00:00,16,SB SKYQ MINCHART 2026/07/08-14:41 2026/07/08-15:41 1,candidate_chart_query,$Bar SKYQ 2026/07/08-15:26 3.7699 3.67 3.7699 3.6963 25722 1
das_cmdapi_live_20260708T193719Z,2026-07-08,SKYQ,SKYQ,2026/07/08-15:25,2026-07-08,2026-07-08T19:25:00Z,2026,7,3.725,3.74,3.715,3.74,17217,,,,1,2026-07-08T19:42:17+00:00,17,SB SKYQ MINCHART 2026/07/08-14:41 2026/07/08-15:41 1,candidate_chart_query,$Bar SKYQ 2026/07/08-15:25 3.74 3.715 3.725 3.74 17217 1
das_cmdapi_live_20260708T193719Z,2026-07-08,SKYQ,SKYQ,2026/07/08-15:24,2026-07-08,2026-07-08T19:24:00Z,2026,7,3.72,3.74,3.71,3.72,8511,,,,1,2026-07-08T19:42:17+00:00,18,SB SKYQ MINCHART 2026/07/08-14:41 2026/07/08-15:41 1,candidate_chart_query,$Bar SKYQ 2026/07/08-15:24 3.74 3.71 3.72 3.72 8511 1
das_cmdapi_live_20260708T193719Z,2026-07-08,SKYQ,SKYQ,2026/07/08-15:23,2026-07-08,2026-07-08T19:23:00Z,2026,7,3.7,3.74,3.67,3.725,19030,,,,1,2026-07-08T19:42:17+00:00,19,SB SKYQ MINCHART 2026/07/08-14:41 2026/07/08-15:41 1,candidate_chart_query,$Bar SKYQ 2026/07/08-15:23 3.74 3.67 3.7 3.725 19030 1
das_cmdapi_live_20260708T193719Z,2026-07-08,SKYQ,SKYQ,2026/07/08-15:22,2026-07-08,2026-07-08T19:22:00Z,2026,7,3.72,3.72,3.705,3.71,8791,,,,1,2026-07-08T19:42:17+00:00,20,SB SKYQ MINCHART 2026/07/08-14:41 2026/07/08-15:41 1,candidate_chart_query,$Bar SKYQ 2026/07/08-15:22 3.72 3.705 3.72 3.71 8791 1
das_cmdapi_live_20260708T193719Z,2026-07-08,SKYQ,SKYQ,2026/07/08-15:21,2026-07-08,2026-07-08T19:21:00Z,2026,7,3.69,3.72,3.68,3.71,5150,,,,1,2026-07-08T19:42:17+00:00,21,SB SKYQ MINCHART 2026/07/08-14:41 2026/07/08-15:41 1,candidate_chart_query,$Bar SKYQ 2026/07/08-15:21 3.72 3.68 3.69 3.71 5150 1
das_cmdapi_live_20260708T193719Z,2026-07-08,SKYQ,SKYQ,2026/07/08-15:20,2026-07-08,2026-07-08T19:20:00Z,2026,7,3.67,3.7,3.67,3.7,4964,,,,1,2026-07-08T19:42:17+00:00,22,SB SKYQ MINCHART 2026/07/08-14:41 2026/07/08-15:41 1,candidate_chart_query,$Bar SKYQ 2026/07/08-15:20 3.7 3.67 3.67 3.7 4964 1
das_cmdapi_live_20260708T193719Z,2026-07-08,SKYQ,SKYQ,2026/07/08-15:19,2026-07-08,2026-07-08T19:19:00Z,2026,7,3.685,3.6944,3.67,3.6704,3610,,,,1,2026-07-08T19:42:17+00:00,23,SB SKYQ MINCHART 2026/07/08-14:41 2026/07/08-15:41 1,candidate_chart_query,$Bar SKYQ 2026/07/08-15:19 3.6944 3.67 3.685 3.6704 3610 1
das_cmdapi_live_20260708T193719Z,2026-07-08,SKYQ,SKYQ,2026/07/08-15:18,2026-07-08,2026-07-08T19:18:00Z,2026,7,3.67,3.69,3.6547,3.677,18486,,,,1,2026-07-08T19:42:17+00:00,24,SB SKYQ MINCHART 2026/07/08-14:41 2026/07/08-15:41 1,candidate_chart_query,$Bar SKYQ 2026/07/08-15:18 3.69 3.6547 3.67 3.677 18486 1
das_cmdapi_live_20260708T193719Z,2026-07-08,SKYQ,SKYQ,2026/07/08-15:17,2026-07-08,2026-07-08T19:17:00Z,2026,7,3.73,3.75,3.63,3.665,62719,,,,1,2026-07-08T19:42:17+00:00,25,SB SKYQ MINCHART 2026/07/08-14:41 2026/07/08-15:41 1,candidate_chart_query,$Bar SKYQ 2026/07/08-15:17 3.75 3.63 3.73 3.665 62719 1
das_cmdapi_live_20260708T193719Z,2026-07-08,SKYQ,SKYQ,2026/07/08-15:16,2026-07-08,2026-07-08T19:16:00Z,2026,7,3.76,3.78,3.73,3.7314,30958,,,,1,2026-07-08T19:42:17+00:00,26,SB SKYQ MINCHART 2026/07/08-14:41 2026/07/08-15:41 1,candidate_chart_query,$Bar SKYQ 2026/07/08-15:16 3.78 3.73 3.76 3.7314 30958 1
das_cmdapi_live_20260708T193719Z,2026-07-08,SKYQ,SKYQ,2026/07/08-15:15,2026-07-08,2026-07-08T19:15:00Z,2026,7,3.7403,3.76,3.73,3.7496,20342,,,,1,2026-07-08T19:42:17+00:00,27,SB SKYQ MINCHART 2026/07/08-14:41 2026/07/08-15:41 1,candidate_chart_query,$Bar SKYQ 2026/07/08-15:15 3.76 3.73 3.7403 3.7496 20342 1
das_cmdapi_live_20260708T193719Z,2026-07-08,SKYQ,SKYQ,2026/07/08-15:14,2026-07-08,2026-07-08T19:14:00Z,2026,7,3.715,3.7699,3.7,3.75,28746,,,,1,2026-07-08T19:42:17+00:00,28,SB SKYQ MINCHART 2026/07/08-14:41 2026/07/08-15:41 1,candidate_chart_query,$Bar SKYQ 2026/07/08-15:14 3.7699 3.7 3.715 3.75 28746 1
das_cmdapi_live_20260708T193719Z,2026-07-08,SKYQ,SKYQ,2026/07/08-15:13,2026-07-08,2026-07-08T19:13:00Z,2026,7,3.715,3.73,3.7,3.7165,6020,,,,1,2026-07-08T19:42:17+00:00,29,SB SKYQ MINCHART 2026/07/08-14:41 2026/07/08-15:41 1,candidate_chart_query,$Bar SKYQ 2026/07/08-15:13 3.73 3.7 3.715 3.7165 6020 1
das_cmdapi_live_20260708T193719Z,2026-07-08,SKYQ,SKYQ,2026/07/08-15:12,2026-07-08,2026-07-08T19:12:00Z,2026,7,3.71,3.72,3.7,3.72,13719,,,,1,2026-07-08T19:42:17+00:00,30,SB SKYQ MINCHART 2026/07/08-14:41 2026/07/08-15:41 1,candidate_chart_query,$Bar SKYQ 2026/07/08-15:12 3.72 3.7 3.71 3.72 13719 1
das_cmdapi_live_20260708T193719Z,2026-07-08,SKYQ,SKYQ,2026/07/08-15:11,2026-07-08,2026-07-08T19:11:00Z,2026,7,3.715,3.73,3.69,3.73,5773,,,,1,2026-07-08T19:42:17+00:00,31,SB SKYQ MINCHART 2026/07/08-14:41 2026/07/08-15:41 1,candidate_chart_query,$Bar SKYQ 2026/07/08-15:11 3.73 3.69 3.715 3.73 5773 1
das_cmdapi_live_20260708T193719Z,2026-07-08,SKYQ,SKYQ,2026/07/08-15:10,2026-07-08,2026-07-08T19:10:00Z,2026,7,3.71,3.73,3.7,3.7228,3918,,,,1,2026-07-08T19:42:17+00:00,32,SB SKYQ MINCHART 2026/07/08-14:41 2026/07/08-15:41 1,candidate_chart_query,$Bar SKYQ 2026/07/08-15:10 3.73 3.7 3.71 3.7228 3918 1
das_cmdapi_live_20260708T193719Z,2026-07-08,SKYQ,SKYQ,2026/07/08-15:09,2026-07-08,2026-07-08T19:09:00Z,2026,7,3.7199,3.72,3.7,3.7099,11728,,,,1,2026-07-08T19:42:17+00:00,33,SB SKYQ MINCHART 2026/07/08-14:41 2026/07/08-15:41 1,candidate_chart_query,$Bar SKYQ 2026/07/08-15:09 3.72 3.7 3.7199 3.7099 11728 1
das_cmdapi_live_20260708T193719Z,2026-07-08,SKYQ,SKYQ,2026/07/08-15:08,2026-07-08,2026-07-08T19:08:00Z,2026,7,3.7014,3.74,3.7,3.72,16789,,,,1,2026-07-08T19:42:17+00:00,34,SB SKYQ MINCHART 2026/07/08-14:41 2026/07/08-15:41 1,candidate_chart_query,$Bar SKYQ 2026/07/08-15:08 3.74 3.7 3.7014 3.72 16789 1
das_cmdapi_live_20260708T193719Z,2026-07-08,SKYQ,SKYQ,2026/07/08-15:07,2026-07-08,2026-07-08T19:07:00Z,2026,7,3.7005,3.72,3.695,3.7077,19094,,,,1,2026-07-08T19:42:17+00:00,35,SB SKYQ MINCHART 2026/07/08-14:41 2026/07/08-15:41 1,candidate_chart_query,$Bar SKYQ 2026/07/08-15:07 3.72 3.695 3.7005 3.7077 19094 1
das_cmdapi_live_20260708T193719Z,2026-07-08,SKYQ,SKYQ,2026/07/08-15:06,2026-07-08,2026-07-08T19:06:00Z,2026,7,3.725,3.7354,3.68,3.72,47476,,,,1,2026-07-08T19:42:17+00:00,36,SB SKYQ MINCHART 2026/07/08-14:41 2026/07/08-15:41 1,candidate_chart_query,$Bar SKYQ 2026/07/08-15:06 3.7354 3.68 3.725 3.72 47476 1
das_cmdapi_live_20260708T193719Z,2026-07-08,SKYQ,SKYQ,2026/07/08-15:05,2026-07-08,2026-07-08T19:05:00Z,2026,7,3.75,3.75,3.71,3.725,36702,,,,1,2026-07-08T19:42:17+00:00,37,SB SKYQ MINCHART 2026/07/08-14:41 2026/07/08-15:41 1,candidate_chart_query,$Bar SKYQ 2026/07/08-15:05 3.75 3.71 3.75 3.725 36702 1
das_cmdapi_live_20260708T193719Z,2026-07-08,SKYQ,SKYQ,2026/07/08-15:04,2026-07-08,2026-07-08T19:04:00Z,2026,7,3.79,3.79,3.74,3.7594,24906,,,,1,2026-07-08T19:42:17+00:00,38,SB SKYQ MINCHART 2026/07/08-14:41 2026/07/08-15:41 1,candidate_chart_query,$Bar SKYQ 2026/07/08-15:04 3.79 3.74 3.79 3.7594 24906 1
das_cmdapi_live_20260708T193719Z,2026-07-08,SKYQ,SKYQ,2026/07/08-15:03,2026-07-08,2026-07-08T19:03:00Z,2026,7,3.81,3.82,3.77,3.79,30785,,,,1,2026-07-08T19:42:17+00:00,39,SB SKYQ MINCHART 2026/07/08-14:41 2026/07/08-15:41 1,candidate_chart_query,$Bar SKYQ 2026/07/08-15:03 3.82 3.77 3.81 3.79 30785 1
das_cmdapi_live_20260708T193719Z,2026-07-08,SKYQ,SKYQ,2026/07/08-15:02,2026-07-08,2026-07-08T19:02:00Z,2026,7,3.7799,3.84,3.76,3.82,80040,,,,1,2026-07-08T19:42:17+00:00,40,SB SKYQ MINCHART 2026/07/08-14:41 2026/07/08-15:41 1,candidate_chart_query,$Bar SKYQ 2026/07/08-15:02 3.84 3.76 3.7799 3.82 80040 1
das_cmdapi_live_20260708T193719Z,2026-07-08,SKYQ,SKYQ,2026/07/08-15:01,2026-07-08,2026-07-08T19:01:00Z,2026,7,3.779,3.78,3.74,3.77,36144,,,,1,2026-07-08T19:42:17+00:00,41,SB SKYQ MINCHART 2026/07/08-14:41 2026/07/08-15:41 1,candidate_chart_query,$Bar SKYQ 2026/07/08-15:01 3.78 3.74 3.779 3.77 36144 1
das_cmdapi_live_20260708T193719Z,2026-07-08,SKYQ,SKYQ,2026/07/08-15:00,2026-07-08,2026-07-08T19:00:00Z,2026,7,3.71,3.79,3.71,3.78,51820,,,,1,2026-07-08T19:42:17+00:00,42,SB SKYQ MINCHART 2026/07/08-14:41 2026/07/08-15:41 1,candidate_chart_query,$Bar SKYQ 2026/07/08-15:00 3.79 3.71 3.71 3.78 51820 1
das_cmdapi_live_20260708T193719Z,2026-07-08,SKYQ,SKYQ,2026/07/08-14:59,2026-07-08,2026-07-08T18:59:00Z,2026,7,3.7119,3.74,3.71,3.7178,18168,,,,1,2026-07-08T19:42:17+00:00,43,SB SKYQ MINCHART 2026/07/08-14:41 2026/07/08-15:41 1,candidate_chart_query,$Bar SKYQ 2026/07/08-14:59 3.74 3.71 3.7119 3.7178 18168 1
das_cmdapi_live_20260708T193719Z,2026-07-08,SKYQ,SKYQ,2026/07/08-14:58,2026-07-08,2026-07-08T18:58:00Z,2026,7,3.74,3.75,3.69,3.7105,39335,,,,1,2026-07-08T19:42:17+00:00,44,SB SKYQ MINCHART 2026/07/08-14:41 2026/07/08-15:41 1,candidate_chart_query,$Bar SKYQ 2026/07/08-14:58 3.75 3.69 3.74 3.7105 39335 1
das_cmdapi_live_20260708T193719Z,2026-07-08,SKYQ,SKYQ,2026/07/08-14:57,2026-07-08,2026-07-08T18:57:00Z,2026,7,3.7664,3.77,3.72,3.725,25211,,,,1,2026-07-08T19:42:17+00:00,45,SB SKYQ MINCHART 2026/07/08-14:41 2026/07/08-15:41 1,candidate_chart_query,$Bar SKYQ 2026/07/08-14:57 3.77 3.72 3.7664 3.725 25211 1
das_cmdapi_live_20260708T193719Z,2026-07-08,SKYQ,SKYQ,2026/07/08-14:56,2026-07-08,2026-07-08T18:56:00Z,2026,7,3.7506,3.7635,3.7314,3.76,14213,,,,1,2026-07-08T19:42:17+00:00,46,SB SKYQ MINCHART 2026/07/08-14:41 2026/07/08-15:41 1,candidate_chart_query,$Bar SKYQ 2026/07/08-14:56 3.7635 3.7314 3.7506 3.76 14213 1
das_cmdapi_live_20260708T193719Z,2026-07-08,SKYQ,SKYQ,2026/07/08-14:55,2026-07-08,2026-07-08T18:55:00Z,2026,7,3.7598,3.79,3.7301,3.75,36811,,,,1,2026-07-08T19:42:17+00:00,47,SB SKYQ MINCHART 2026/07/08-14:41 2026/07/08-15:41 1,candidate_chart_query,$Bar SKYQ 2026/07/08-14:55 3.79 3.7301 3.7598 3.75 36811 1
das_cmdapi_live_20260708T193719Z,2026-07-08,SKYQ,SKYQ,2026/07/08-14:54,2026-07-08,2026-07-08T18:54:00Z,2026,7,3.77,3.8,3.755,3.7599,51115,,,,1,2026-07-08T19:42:17+00:00,48,SB SKYQ MINCHART 2026/07/08-14:41 2026/07/08-15:41 1,candidate_chart_query,$Bar SKYQ 2026/07/08-14:54 3.8 3.755 3.77 3.7599 51115 1
das_cmdapi_live_20260708T193719Z,2026-07-08,SKYQ,SKYQ,2026/07/08-14:53,2026-07-08,2026-07-08T18:53:00Z,2026,7,3.73,3.76,3.72,3.76,18427,,,,1,2026-07-08T19:42:17+00:00,49,SB SKYQ MINCHART 2026/07/08-14:41 2026/07/08-15:41 1,candidate_chart_query,$Bar SKYQ 2026/07/08-14:53 3.76 3.72 3.73 3.76 18427 1
das_cmdapi_live_20260708T193719Z,2026-07-08,SKYQ,SKYQ,2026/07/08-14:52,2026-07-08,2026-07-08T18:52:00Z,2026,7,3.74,3.74,3.7102,3.73,18711,,,,1,2026-07-08T19:42:17+00:00,50,SB SKYQ MINCHART 2026/07/08-14:41 2026/07/08-15:41 1,candidate_chart_query,$Bar SKYQ 2026/07/08-14:52 3.74 3.7102 3.74 3.73 18711 1
das_cmdapi_live_20260708T193719Z,2026-07-08,SKYQ,SKYQ,2026/07/08-14:51,2026-07-08,2026-07-08T18:51:00Z,2026,7,3.72,3.7898,3.7,3.74,128909,,,,1,2026-07-08T19:42:17+00:00,51,SB SKYQ MINCHART 2026/07/08-14:41 2026/07/08-15:41 1,candidate_chart_query,$Bar SKYQ 2026/07/08-14:51 3.7898 3.7 3.72 3.74 128909 1
das_cmdapi_live_20260708T193719Z,2026-07-08,SKYQ,SKYQ,2026/07/08-14:50,2026-07-08,2026-07-08T18:50:00Z,2026,7,3.721,3.74,3.7,3.73,64430,,,,1,2026-07-08T19:42:17+00:00,52,SB SKYQ MINCHART 2026/07/08-14:41 2026/07/08-15:41 1,candidate_chart_query,$Bar SKYQ 2026/07/08-14:50 3.74 3.7 3.721 3.73 64430 1
das_cmdapi_live_20260708T193719Z,2026-07-08,SKYQ,SKYQ,2026/07/08-14:49,2026-07-08,2026-07-08T18:49:00Z,2026,7,3.7282,3.73,3.7,3.7213,16126,,,,1,2026-07-08T19:42:17+00:00,53,SB SKYQ MINCHART 2026/07/08-14:41 2026/07/08-15:41 1,candidate_chart_query,$Bar SKYQ 2026/07/08-14:49 3.73 3.7 3.7282 3.7213 16126 1
das_cmdapi_live_20260708T193719Z,2026-07-08,SKYQ,SKYQ,2026/07/08-14:48,2026-07-08,2026-07-08T18:48:00Z,2026,7,3.7,3.73,3.66,3.7299,34891,,,,1,2026-07-08T19:42:17+00:00,54,SB SKYQ MINCHART 2026/07/08-14:41 2026/07/08-15:41 1,candidate_chart_query,$Bar SKYQ 2026/07/08-14:48 3.73 3.66 3.7 3.7299 34891 1
das_cmdapi_live_20260708T193719Z,2026-07-08,SKYQ,SKYQ,2026/07/08-14:47,2026-07-08,2026-07-08T18:47:00Z,2026,7,3.71,3.72,3.68,3.71,28895,,,,1,2026-07-08T19:42:17+00:00,55,SB SKYQ MINCHART 2026/07/08-14:41 2026/07/08-15:41 1,candidate_chart_query,$Bar SKYQ 2026/07/08-14:47 3.72 3.68 3.71 3.71 28895 1
das_cmdapi_live_20260708T193719Z,2026-07-08,SKYQ,SKYQ,2026/07/08-14:46,2026-07-08,2026-07-08T18:46:00Z,2026,7,3.7,3.73,3.7,3.7299,125013,,,,1,2026-07-08T19:42:17+00:00,56,SB SKYQ MINCHART 2026/07/08-14:41 2026/07/08-15:41 1,candidate_chart_query,$Bar SKYQ 2026/07/08-14:46 3.73 3.7 3.7 3.7299 125013 1
das_cmdapi_live_20260708T193719Z,2026-07-08,SKYQ,SKYQ,2026/07/08-14:45,2026-07-08,2026-07-08T18:45:00Z,2026,7,3.55,3.71,3.54,3.7,83101,,,,1,2026-07-08T19:42:17+00:00,57,SB SKYQ MINCHART 2026/07/08-14:41 2026/07/08-15:41 1,candidate_chart_query,$Bar SKYQ 2026/07/08-14:45 3.71 3.54 3.55 3.7 83101 1
das_cmdapi_live_20260708T193719Z,2026-07-08,SKYQ,SKYQ,2026/07/08-14:44,2026-07-08,2026-07-08T18:44:00Z,2026,7,3.53,3.56,3.53,3.56,26780,,,,1,2026-07-08T19:42:17+00:00,58,SB SKYQ MINCHART 2026/07/08-14:41 2026/07/08-15:41 1,candidate_chart_query,$Bar SKYQ 2026/07/08-14:44 3.56 3.53 3.53 3.56 26780 1
das_cmdapi_live_20260708T193719Z,2026-07-08,SKYQ,SKYQ,2026/07/08-14:43,2026-07-08,2026-07-08T18:43:00Z,2026,7,3.525,3.5399,3.5062,3.53,18035,,,,1,2026-07-08T19:42:17+00:00,59,SB SKYQ MINCHART 2026/07/08-14:41 2026/07/08-15:41 1,candidate_chart_query,$Bar SKYQ 2026/07/08-14:43 3.5399 3.5062 3.525 3.53 18035 1
das_cmdapi_live_20260708T193719Z,2026-07-08,SKYQ,SKYQ,2026/07/08-14:42,2026-07-08,2026-07-08T18:42:00Z,2026,7,3.53,3.54,3.52,3.525,14180,,,,1,2026-07-08T19:42:17+00:00,60,SB SKYQ MINCHART 2026/07/08-14:41 2026/07/08-15:41 1,candidate_chart_query,$Bar SKYQ 2026/07/08-14:42 3.54 3.52 3.53 3.525 14180 1
das_cmdapi_live_20260708T193719Z,2026-07-08,SKYQ,SKYQ,2026/07/08-14:41,2026-07-08,2026-07-08T18:41:00Z,2026,7,3.56,3.56,3.52,3.54,24665,,,,1,2026-07-08T19:42:17+00:00,61,SB SKYQ MINCHART 2026/07/08-14:41 2026/07/08-15:41 1,candidate_chart_query,$Bar SKYQ 2026/07/08-14:41 3.56 3.52 3.56 3.54 24665 1
das_cmdapi_live_20260708T193719Z,2026-07-08,NVVE,NVVE,2026/07/08-15:42,2026-07-08,2026-07-08T19:42:00Z,2026,7,8.8999,9.04,8.81,8.871,28485,,,,1,2026-07-08T19:42:41+00:00,16,SB NVVE MINCHART 2026/07/08-14:42 2026/07/08-15:42 1,candidate_chart_query,$Bar NVVE 2026/07/08-15:42 9.04 8.81 8.8999 8.871 28485 1
das_cmdapi_live_20260708T193719Z,2026-07-08,NVVE,NVVE,2026/07/08-15:41,2026-07-08,2026-07-08T19:41:00Z,2026,7,8.92,8.955,8.7001,8.85,46558,,,,1,2026-07-08T19:42:41+00:00,17,SB NVVE MINCHART 2026/07/08-14:42 2026/07/08-15:42 1,candidate_chart_query,$Bar NVVE 2026/07/08-15:41 8.955 8.7001 8.92 8.85 46558 1
das_cmdapi_live_20260708T193719Z,2026-07-08,NVVE,NVVE,2026/07/08-15:40,2026-07-08,2026-07-08T19:40:00Z,2026,7,8.99,9.0,8.9,8.96,15346,,,,1,2026-07-08T19:42:41+00:00,18,SB NVVE MINCHART 2026/07/08-14:42 2026/07/08-15:42 1,candidate_chart_query,$Bar NVVE 2026/07/08-15:40 9 8.9 8.99 8.96 15346 1
das_cmdapi_live_20260708T193719Z,2026-07-08,NVVE,NVVE,2026/07/08-15:39,2026-07-08,2026-07-08T19:39:00Z,2026,7,9.01,9.0525,8.9,9.0,11279,,,,1,2026-07-08T19:42:41+00:00,19,SB NVVE MINCHART 2026/07/08-14:42 2026/07/08-15:42 1,candidate_chart_query,$Bar NVVE 2026/07/08-15:39 9.0525 8.9 9.01 9 11279 1
das_cmdapi_live_20260708T193719Z,2026-07-08,NVVE,NVVE,2026/07/08-15:38,2026-07-08,2026-07-08T19:38:00Z,2026,7,9.0,9.0599,8.9401,9.0599,13501,,,,1,2026-07-08T19:42:41+00:00,20,SB NVVE MINCHART 2026/07/08-14:42 2026/07/08-15:42 1,candidate_chart_query,$Bar NVVE 2026/07/08-15:38 9.0599 8.9401 9 9.0599 13501 1
das_cmdapi_live_20260708T193719Z,2026-07-08,NVVE,NVVE,2026/07/08-15:37,2026-07-08,2026-07-08T19:37:00Z,2026,7,9.09,9.1094,8.9401,9.01,15813,,,,1,2026-07-08T19:42:41+00:00,21,SB NVVE MINCHART 2026/07/08-14:42 2026/07/08-15:42 1,candidate_chart_query,$Bar NVVE 2026/07/08-15:37 9.1094 8.9401 9.09 9.01 15813 1
das_cmdapi_live_20260708T193719Z,2026-07-08,NVVE,NVVE,2026/07/08-15:36,2026-07-08,2026-07-08T19:36:00Z,2026,7,9.01,9.1,9.01,9.085,10321,,,,1,2026-07-08T19:42:41+00:00,22,SB NVVE MINCHART 2026/07/08-14:42 2026/07/08-15:42 1,candidate_chart_query,$Bar NVVE 2026/07/08-15:36 9.1 9.01 9.01 9.085 10321 1
das_cmdapi_live_20260708T193719Z,2026-07-08,NVVE,NVVE,2026/07/08-15:35,2026-07-08,2026-07-08T19:35:00Z,2026,7,9.02,9.09,8.98,9.0699,5399,,,,1,2026-07-08T19:42:41+00:00,23,SB NVVE MINCHART 2026/07/08-14:42 2026/07/08-15:42 1,candidate_chart_query,$Bar NVVE 2026/07/08-15:35 9.09 8.98 9.02 9.0699 5399 1
das_cmdapi_live_20260708T193719Z,2026-07-08,NVVE,NVVE,2026/07/08-15:34,2026-07-08,2026-07-08T19:34:00Z,2026,7,9.09,9.1368,8.9201,8.9825,14266,,,,1,2026-07-08T19:42:41+00:00,24,SB NVVE MINCHART 2026/07/08-14:42 2026/07/08-15:42 1,candidate_chart_query,$Bar NVVE 2026/07/08-15:34 9.1368 8.9201 9.09 8.9825 14266 1
das_cmdapi_live_20260708T193719Z,2026-07-08,NVVE,NVVE,2026/07/08-15:33,2026-07-08,2026-07-08T19:33:00Z,2026,7,9.085,9.14,9.05,9.08,17605,,,,1,2026-07-08T19:42:41+00:00,25,SB NVVE MINCHART 2026/07/08-14:42 2026/07/08-15:42 1,candidate_chart_query,$Bar NVVE 2026/07/08-15:33 9.14 9.05 9.085 9.08 17605 1
das_cmdapi_live_20260708T193719Z,2026-07-08,NVVE,NVVE,2026/07/08-15:32,2026-07-08,2026-07-08T19:32:00Z,2026,7,9.13,9.15,9.0,9.0946,17511,,,,1,2026-07-08T19:42:41+00:00,26,SB NVVE MINCHART 2026/07/08-14:42 2026/07/08-15:42 1,candidate_chart_query,$Bar NVVE 2026/07/08-15:32 9.15 9 9.13 9.0946 17511 1
das_cmdapi_live_20260708T193719Z,2026-07-08,NVVE,NVVE,2026/07/08-15:31,2026-07-08,2026-07-08T19:31:00Z,2026,7,8.8993,9.2201,8.89,9.07,34219,,,,1,2026-07-08T19:42:41+00:00,27,SB NVVE MINCHART 2026/07/08-14:42 2026/07/08-15:42 1,candidate_chart_query,$Bar NVVE 2026/07/08-15:31 9.2201 8.89 8.8993 9.07 34219 1
das_cmdapi_live_20260708T193719Z,2026-07-08,NVVE,NVVE,2026/07/08-15:30,2026-07-08,2026-07-08T19:30:00Z,2026,7,8.9,8.99,8.85,8.9501,16989,,,,1,2026-07-08T19:42:41+00:00,28,SB NVVE MINCHART 2026/07/08-14:42 2026/07/08-15:42 1,candidate_chart_query,$Bar NVVE 2026/07/08-15:30 8.99 8.85 8.9 8.9501 16989 1
das_cmdapi_live_20260708T193719Z,2026-07-08,NVVE,NVVE,2026/07/08-15:29,2026-07-08,2026-07-08T19:29:00Z,2026,7,8.9095,9.0,8.8,8.9,32727,,,,1,2026-07-08T19:42:41+00:00,29,SB NVVE MINCHART 2026/07/08-14:42 2026/07/08-15:42 1,candidate_chart_query,$Bar NVVE 2026/07/08-15:29 9 8.8 8.9095 8.9 32727 1
das_cmdapi_live_20260708T193719Z,2026-07-08,NVVE,NVVE,2026/07/08-15:28,2026-07-08,2026-07-08T19:28:00Z,2026,7,8.9001,9.0,8.87,8.87,41963,,,,1,2026-07-08T19:42:41+00:00,30,SB NVVE MINCHART 2026/07/08-14:42 2026/07/08-15:42 1,candidate_chart_query,$Bar NVVE 2026/07/08-15:28 9 8.87 8.9001 8.87 41963 1
das_cmdapi_live_20260708T193719Z,2026-07-08,NVVE,NVVE,2026/07/08-15:27,2026-07-08,2026-07-08T19:27:00Z,2026,7,9.06,9.1399,8.87,8.915,49636,,,,1,2026-07-08T19:42:41+00:00,31,SB NVVE MINCHART 2026/07/08-14:42 2026/07/08-15:42 1,candidate_chart_query,$Bar NVVE 2026/07/08-15:27 9.1399 8.87 9.06 8.915 49636 1
das_cmdapi_live_20260708T193719Z,2026-07-08,NVVE,NVVE,2026/07/08-15:26,2026-07-08,2026-07-08T19:26:00Z,2026,7,9.1452,9.16,9.03,9.06,35718,,,,1,2026-07-08T19:42:41+00:00,32,SB NVVE MINCHART 2026/07/08-14:42 2026/07/08-15:42 1,candidate_chart_query,$Bar NVVE 2026/07/08-15:26 9.16 9.03 9.1452 9.06 35718 1
das_cmdapi_live_20260708T193719Z,2026-07-08,NVVE,NVVE,2026/07/08-15:25,2026-07-08,2026-07-08T19:25:00Z,2026,7,9.31,9.33,9.0801,9.0801,19000,,,,1,2026-07-08T19:42:41+00:00,33,SB NVVE MINCHART 2026/07/08-14:42 2026/07/08-15:42 1,candidate_chart_query,$Bar NVVE 2026/07/08-15:25 9.33 9.0801 9.31 9.0801 19000 1
das_cmdapi_live_20260708T193719Z,2026-07-08,NVVE,NVVE,2026/07/08-15:24,2026-07-08,2026-07-08T19:24:00Z,2026,7,9.375,9.39,9.27,9.335,13876,,,,1,2026-07-08T19:42:41+00:00,34,SB NVVE MINCHART 2026/07/08-14:42 2026/07/08-15:42 1,candidate_chart_query,$Bar NVVE 2026/07/08-15:24 9.39 9.27 9.375 9.335 13876 1
das_cmdapi_live_20260708T193719Z,2026-07-08,NVVE,NVVE,2026/07/08-15:23,2026-07-08,2026-07-08T19:23:00Z,2026,7,9.3299,9.45,9.295,9.4167,8724,,,,1,2026-07-08T19:42:41+00:00,35,SB NVVE MINCHART 2026/07/08-14:42 2026/07/08-15:42 1,candidate_chart_query,$Bar NVVE 2026/07/08-15:23 9.45 9.295 9.3299 9.4167 8724 1
das_cmdapi_live_20260708T193719Z,2026-07-08,NVVE,NVVE,2026/07/08-15:22,2026-07-08,2026-07-08T19:22:00Z,2026,7,9.395,9.419,9.2701,9.2701,7454,,,,1,2026-07-08T19:42:41+00:00,36,SB NVVE MINCHART 2026/07/08-14:42 2026/07/08-15:42 1,candidate_chart_query,$Bar NVVE 2026/07/08-15:22 9.419 9.2701 9.395 9.2701 7454 1
das_cmdapi_live_20260708T193719Z,2026-07-08,NVVE,NVVE,2026/07/08-15:21,2026-07-08,2026-07-08T19:21:00Z,2026,7,9.415,9.46,9.15,9.395,37364,,,,1,2026-07-08T19:42:41+00:00,37,SB NVVE MINCHART 2026/07/08-14:42 2026/07/08-15:42 1,candidate_chart_query,$Bar NVVE 2026/07/08-15:21 9.46 9.15 9.415 9.395 37364 1
das_cmdapi_live_20260708T193719Z,2026-07-08,NVVE,NVVE,2026/07/08-15:20,2026-07-08,2026-07-08T19:20:00Z,2026,7,9.3701,9.5,9.32,9.44,18610,,,,1,2026-07-08T19:42:41+00:00,38,SB NVVE MINCHART 2026/07/08-14:42 2026/07/08-15:42 1,candidate_chart_query,$Bar NVVE 2026/07/08-15:20 9.5 9.32 9.3701 9.44 18610 1
das_cmdapi_live_20260708T193719Z,2026-07-08,NVVE,NVVE,2026/07/08-15:19,2026-07-08,2026-07-08T19:19:00Z,2026,7,9.44,9.5521,9.35,9.3872,13917,,,,1,2026-07-08T19:42:41+00:00,39,SB NVVE MINCHART 2026/07/08-14:42 2026/07/08-15:42 1,candidate_chart_query,$Bar NVVE 2026/07/08-15:19 9.5521 9.35 9.44 9.3872 13917 1
das_cmdapi_live_20260708T193719Z,2026-07-08,NVVE,NVVE,2026/07/08-15:18,2026-07-08,2026-07-08T19:18:00Z,2026,7,9.63,9.63,9.37,9.42,27268,,,,1,2026-07-08T19:42:41+00:00,40,SB NVVE MINCHART 2026/07/08-14:42 2026/07/08-15:42 1,candidate_chart_query,$Bar NVVE 2026/07/08-15:18 9.63 9.37 9.63 9.42 27268 1
das_cmdapi_live_20260708T193719Z,2026-07-08,NVVE,NVVE,2026/07/08-15:17,2026-07-08,2026-07-08T19:17:00Z,2026,7,9.6,9.67,9.565,9.6299,10694,,,,1,2026-07-08T19:42:41+00:00,41,SB NVVE MINCHART 2026/07/08-14:42 2026/07/08-15:42 1,candidate_chart_query,$Bar NVVE 2026/07/08-15:17 9.67 9.565 9.6 9.6299 10694 1
das_cmdapi_live_20260708T193719Z,2026-07-08,NVVE,NVVE,2026/07/08-15:16,2026-07-08,2026-07-08T19:16:00Z,2026,7,9.69,9.69,9.52,9.6,16952,,,,1,2026-07-08T19:42:41+00:00,42,SB NVVE MINCHART 2026/07/08-14:42 2026/07/08-15:42 1,candidate_chart_query,$Bar NVVE 2026/07/08-15:16 9.69 9.52 9.69 9.6 16952 1
das_cmdapi_live_20260708T193719Z,2026-07-08,NVVE,NVVE,2026/07/08-15:15,2026-07-08,2026-07-08T19:15:00Z,2026,7,9.7701,9.86,9.6301,9.6608,15815,,,,1,2026-07-08T19:42:41+00:00,43,SB NVVE MINCHART 2026/07/08-14:42 2026/07/08-15:42 1,candidate_chart_query,$Bar NVVE 2026/07/08-15:15 9.86 9.6301 9.7701 9.6608 15815 1
das_cmdapi_live_20260708T193719Z,2026-07-08,NVVE,NVVE,2026/07/08-15:14,2026-07-08,2026-07-08T19:14:00Z,2026,7,9.63,9.87,9.6074,9.7,32245,,,,1,2026-07-08T19:42:41+00:00,44,SB NVVE MINCHART 2026/07/08-14:42 2026/07/08-15:42 1,candidate_chart_query,$Bar NVVE 2026/07/08-15:14 9.87 9.6074 9.63 9.7 32245 1
das_cmdapi_live_20260708T193719Z,2026-07-08,NVVE,NVVE,2026/07/08-15:13,2026-07-08,2026-07-08T19:13:00Z,2026,7,9.7,9.74,9.6,9.64,14856,,,,1,2026-07-08T19:42:41+00:00,45,SB NVVE MINCHART 2026/07/08-14:42 2026/07/08-15:42 1,candidate_chart_query,$Bar NVVE 2026/07/08-15:13 9.74 9.6 9.7 9.64 14856 1
das_cmdapi_live_20260708T193719Z,2026-07-08,NVVE,NVVE,2026/07/08-15:12,2026-07-08,2026-07-08T19:12:00Z,2026,7,9.7423,9.7899,9.69,9.7,20699,,,,1,2026-07-08T19:42:41+00:00,46,SB NVVE MINCHART 2026/07/08-14:42 2026/07/08-15:42 1,candidate_chart_query,$Bar NVVE 2026/07/08-15:12 9.7899 9.69 9.7423 9.7 20699 1
das_cmdapi_live_20260708T193719Z,2026-07-08,NVVE,NVVE,2026/07/08-15:11,2026-07-08,2026-07-08T19:11:00Z,2026,7,9.6017,9.79,9.6,9.7498,43753,,,,1,2026-07-08T19:42:41+00:00,47,SB NVVE MINCHART 2026/07/08-14:42 2026/07/08-15:42 1,candidate_chart_query,$Bar NVVE 2026/07/08-15:11 9.79 9.6 9.6017 9.7498 43753 1
das_cmdapi_live_20260708T193719Z,2026-07-08,NVVE,NVVE,2026/07/08-15:10,2026-07-08,2026-07-08T19:10:00Z,2026,7,9.34,9.71,9.3,9.6153,52697,,,,1,2026-07-08T19:42:41+00:00,48,SB NVVE MINCHART 2026/07/08-14:42 2026/07/08-15:42 1,candidate_chart_query,$Bar NVVE 2026/07/08-15:10 9.71 9.3 9.34 9.6153 52697 1
das_cmdapi_live_20260708T193719Z,2026-07-08,NVVE,NVVE,2026/07/08-15:09,2026-07-08,2026-07-08T19:09:00Z,2026,7,9.35,9.45,9.3001,9.345,21653,,,,1,2026-07-08T19:42:41+00:00,49,SB NVVE MINCHART 2026/07/08-14:42 2026/07/08-15:42 1,candidate_chart_query,$Bar NVVE 2026/07/08-15:09 9.45 9.3001 9.35 9.345 21653 1
das_cmdapi_live_20260708T193719Z,2026-07-08,NVVE,NVVE,2026/07/08-15:08,2026-07-08,2026-07-08T19:08:00Z,2026,7,9.26,9.5,9.26,9.3247,43916,,,,1,2026-07-08T19:42:41+00:00,50,SB NVVE MINCHART 2026/07/08-14:42 2026/07/08-15:42 1,candidate_chart_query,$Bar NVVE 2026/07/08-15:08 9.5 9.26 9.26 9.3247 43916 1
das_cmdapi_live_20260708T193719Z,2026-07-08,NVVE,NVVE,2026/07/08-15:07,2026-07-08,2026-07-08T19:07:00Z,2026,7,9.37,9.47,9.06,9.21,82476,,,,1,2026-07-08T19:42:41+00:00,51,SB NVVE MINCHART 2026/07/08-14:42 2026/07/08-15:42 1,candidate_chart_query,$Bar NVVE 2026/07/08-15:07 9.47 9.06 9.37 9.21 82476 1
das_cmdapi_live_20260708T193719Z,2026-07-08,NVVE,NVVE,2026/07/08-15:06,2026-07-08,2026-07-08T19:06:00Z,2026,7,9.5001,9.56,9.32,9.3201,24177,,,,1,2026-07-08T19:42:41+00:00,52,SB NVVE MINCHART 2026/07/08-14:42 2026/07/08-15:42 1,candidate_chart_query,$Bar NVVE 2026/07/08-15:06 9.56 9.32 9.5001 9.3201 24177 1
das_cmdapi_live_20260708T193719Z,2026-07-08,NVVE,NVVE,2026/07/08-15:05,2026-07-08,2026-07-08T19:05:00Z,2026,7,9.6112,9.62,9.5,9.5001,20117,,,,1,2026-07-08T19:42:41+00:00,53,SB NVVE MINCHART 2026/07/08-14:42 2026/07/08-15:42 1,candidate_chart_query,$Bar NVVE 2026/07/08-15:05 9.62 9.5 9.6112 9.5001 20117 1
das_cmdapi_live_20260708T193719Z,2026-07-08,NVVE,NVVE,2026/07/08-15:04,2026-07-08,2026-07-08T19:04:00Z,2026,7,9.5889,9.66,9.48,9.5601,25959,,,,1,2026-07-08T19:42:41+00:00,54,SB NVVE MINCHART 2026/07/08-14:42 2026/07/08-15:42 1,candidate_chart_query,$Bar NVVE 2026/07/08-15:04 9.66 9.48 9.5889 9.5601 25959 1
das_cmdapi_live_20260708T193719Z,2026-07-08,NVVE,NVVE,2026/07/08-15:03,2026-07-08,2026-07-08T19:03:00Z,2026,7,9.5,9.64,9.4,9.5667,54518,,,,1,2026-07-08T19:42:41+00:00,55,SB NVVE MINCHART 2026/07/08-14:42 2026/07/08-15:42 1,candidate_chart_query,$Bar NVVE 2026/07/08-15:03 9.64 9.4 9.5 9.5667 54518 1
das_cmdapi_live_20260708T193719Z,2026-07-08,NVVE,NVVE,2026/07/08-15:02,2026-07-08,2026-07-08T19:02:00Z,2026,7,9.7701,9.92,9.31,9.5039,127279,,,,1,2026-07-08T19:42:41+00:00,56,SB NVVE MINCHART 2026/07/08-14:42 2026/07/08-15:42 1,candidate_chart_query,$Bar NVVE 2026/07/08-15:02 9.92 9.31 9.7701 9.5039 127279 1
das_cmdapi_live_20260708T193719Z,2026-07-08,NVVE,NVVE,2026/07/08-15:01,2026-07-08,2026-07-08T19:01:00Z,2026,7,9.89,9.92,9.62,9.83,88744,,,,1,2026-07-08T19:42:41+00:00,57,SB NVVE MINCHART 2026/07/08-14:42 2026/07/08-15:42 1,candidate_chart_query,$Bar NVVE 2026/07/08-15:01 9.92 9.62 9.89 9.83 88744 1
das_cmdapi_live_20260708T193719Z,2026-07-08,NVVE,NVVE,2026/07/08-15:00,2026-07-08,2026-07-08T19:00:00Z,2026,7,10.5397,10.5397,9.63,9.9051,82245,,,,1,2026-07-08T19:42:41+00:00,58,SB NVVE MINCHART 2026/07/08-14:42 2026/07/08-15:42 1,candidate_chart_query,$Bar NVVE 2026/07/08-15:00 10.5397 9.63 10.5397 9.9051 82245 1
das_cmdapi_live_20260708T193719Z,2026-07-08,NVVE,NVVE,2026/07/08-14:59,2026-07-08,2026-07-08T18:59:00Z,2026,7,10.4599,10.5999,10.4,10.51,19959,,,,1,2026-07-08T19:42:41+00:00,59,SB NVVE MINCHART 2026/07/08-14:42 2026/07/08-15:42 1,candidate_chart_query,$Bar NVVE 2026/07/08-14:59 10.5999 10.4 10.4599 10.51 19959 1
das_cmdapi_live_20260708T193719Z,2026-07-08,NVVE,NVVE,2026/07/08-14:58,2026-07-08,2026-07-08T18:58:00Z,2026,7,10.56,10.58,10.4,10.49,19657,,,,1,2026-07-08T19:42:41+00:00,60,SB NVVE MINCHART 2026/07/08-14:42 2026/07/08-15:42 1,candidate_chart_query,$Bar NVVE 2026/07/08-14:58 10.58 10.4 10.56 10.49 19657 1
das_cmdapi_live_20260708T193719Z,2026-07-08,NVVE,NVVE,2026/07/08-14:57,2026-07-08,2026-07-08T18:57:00Z,2026,7,10.51,10.69,10.4912,10.5982,28089,,,,1,2026-07-08T19:42:41+00:00,61,SB NVVE MINCHART 2026/07/08-14:42 2026/07/08-15:42 1,candidate_chart_query,$Bar NVVE 2026/07/08-14:57 10.69 10.4912 10.51 10.5982 28089 1
das_cmdapi_live_20260708T193719Z,2026-07-08,NVVE,NVVE,2026/07/08-14:56,2026-07-08,2026-07-08T18:56:00Z,2026,7,10.535,10.79,10.39,10.42,57397,,,,1,2026-07-08T19:42:41+00:00,62,SB NVVE MINCHART 2026/07/08-14:42 2026/07/08-15:42 1,candidate_chart_query,$Bar NVVE 2026/07/08-14:56 10.79 10.39 10.535 10.42 57397 1
das_cmdapi_live_20260708T193719Z,2026-07-08,NVVE,NVVE,2026/07/08-14:55,2026-07-08,2026-07-08T18:55:00Z,2026,7,10.48,10.58,10.45,10.5399,13560,,,,1,2026-07-08T19:42:41+00:00,63,SB NVVE MINCHART 2026/07/08-14:42 2026/07/08-15:42 1,candidate_chart_query,$Bar NVVE 2026/07/08-14:55 10.58 10.45 10.48 10.5399 13560 1
das_cmdapi_live_20260708T193719Z,2026-07-08,NVVE,NVVE,2026/07/08-14:54,2026-07-08,2026-07-08T18:54:00Z,2026,7,10.59,10.63,10.475,10.475,15089,,,,1,2026-07-08T19:42:41+00:00,64,SB NVVE MINCHART 2026/07/08-14:42 2026/07/08-15:42 1,candidate_chart_query,$Bar NVVE 2026/07/08-14:54 10.63 10.475 10.59 10.475 15089 1
das_cmdapi_live_20260708T193719Z,2026-07-08,NVVE,NVVE,2026/07/08-14:53,2026-07-08,2026-07-08T18:53:00Z,2026,7,10.46,10.7106,10.4501,10.5927,34589,,,,1,2026-07-08T19:42:41+00:00,65,SB NVVE MINCHART 2026/07/08-14:42 2026/07/08-15:42 1,candidate_chart_query,$Bar NVVE 2026/07/08-14:53 10.7106 10.4501 10.46 10.5927 34589 1
das_cmdapi_live_20260708T193719Z,2026-07-08,NVVE,NVVE,2026/07/08-14:52,2026-07-08,2026-07-08T18:52:00Z,2026,7,10.74,10.84,10.3,10.45,79249,,,,1,2026-07-08T19:42:41+00:00,66,SB NVVE MINCHART 2026/07/08-14:42 2026/07/08-15:42 1,candidate_chart_query,$Bar NVVE 2026/07/08-14:52 10.84 10.3 10.74 10.45 79249 1
das_cmdapi_live_20260708T193719Z,2026-07-08,NVVE,NVVE,2026/07/08-14:51,2026-07-08,2026-07-08T18:51:00Z,2026,7,10.495,10.97,10.4576,10.74,129364,,,,1,2026-07-08T19:42:41+00:00,67,SB NVVE MINCHART 2026/07/08-14:42 2026/07/08-15:42 1,candidate_chart_query,$Bar NVVE 2026/07/08-14:51 10.97 10.4576 10.495 10.74 129364 1
das_cmdapi_live_20260708T193719Z,2026-07-08,NVVE,NVVE,2026/07/08-14:50,2026-07-08,2026-07-08T18:50:00Z,2026,7,10.505,10.55,10.26,10.4001,39331,,,,1,2026-07-08T19:42:41+00:00,68,SB NVVE MINCHART 2026/07/08-14:42 2026/07/08-15:42 1,candidate_chart_query,$Bar NVVE 2026/07/08-14:50 10.55 10.26 10.505 10.4001 39331 1
das_cmdapi_live_20260708T193719Z,2026-07-08,NVVE,NVVE,2026/07/08-14:49,2026-07-08,2026-07-08T18:49:00Z,2026,7,10.6,10.65,10.5,10.5,27539,,,,1,2026-07-08T19:42:41+00:00,69,SB NVVE MINCHART 2026/07/08-14:42 2026/07/08-15:42 1,candidate_chart_query,$Bar NVVE 2026/07/08-14:49 10.65 10.5 10.6 10.5 27539 1
das_cmdapi_live_20260708T193719Z,2026-07-08,NVVE,NVVE,2026/07/08-14:48,2026-07-08,2026-07-08T18:48:00Z,2026,7,10.468,10.64,10.46,10.6,21484,,,,1,2026-07-08T19:42:41+00:00,70,SB NVVE MINCHART 2026/07/08-14:42 2026/07/08-15:42 1,candidate_chart_query,$Bar NVVE 2026/07/08-14:48 10.64 10.46 10.468 10.6 21484 1
das_cmdapi_live_20260708T193719Z,2026-07-08,NVVE,NVVE,2026/07/08-14:47,2026-07-08,2026-07-08T18:47:00Z,2026,7,10.66,10.78,10.42,10.485,37456,,,,1,2026-07-08T19:42:41+00:00,71,SB NVVE MINCHART 2026/07/08-14:42 2026/07/08-15:42 1,candidate_chart_query,$Bar NVVE 2026/07/08-14:47 10.78 10.42 10.66 10.485 37456 1
das_cmdapi_live_20260708T193719Z,2026-07-08,NVVE,NVVE,2026/07/08-14:46,2026-07-08,2026-07-08T18:46:00Z,2026,7,10.4,10.82,10.34,10.648,69414,,,,1,2026-07-08T19:42:41+00:00,72,SB NVVE MINCHART 2026/07/08-14:42 2026/07/08-15:42 1,candidate_chart_query,$Bar NVVE 2026/07/08-14:46 10.82 10.34 10.4 10.648 69414 1
das_cmdapi_live_20260708T193719Z,2026-07-08,NVVE,NVVE,2026/07/08-14:45,2026-07-08,2026-07-08T18:45:00Z,2026,7,10.31,10.53,10.305,10.4,23080,,,,1,2026-07-08T19:42:41+00:00,73,SB NVVE MINCHART 2026/07/08-14:42 2026/07/08-15:42 1,candidate_chart_query,$Bar NVVE 2026/07/08-14:45 10.53 10.305 10.31 10.4 23080 1
das_cmdapi_live_20260708T193719Z,2026-07-08,NVVE,NVVE,2026/07/08-14:44,2026-07-08,2026-07-08T18:44:00Z,2026,7,10.382,10.41,10.3,10.3,9339,,,,1,2026-07-08T19:42:41+00:00,74,SB NVVE MINCHART 2026/07/08-14:42 2026/07/08-15:42 1,candidate_chart_query,$Bar NVVE 2026/07/08-14:44 10.41 10.3 10.382 10.3 9339 1
das_cmdapi_live_20260708T193719Z,2026-07-08,NVVE,NVVE,2026/07/08-14:43,2026-07-08,2026-07-08T18:43:00Z,2026,7,10.32,10.4385,10.2,10.3645,16802,,,,1,2026-07-08T19:42:41+00:00,75,SB NVVE MINCHART 2026/07/08-14:42 2026/07/08-15:42 1,candidate_chart_query,$Bar NVVE 2026/07/08-14:43 10.4385 10.2 10.32 10.3645 16802 1
das_cmdapi_live_20260708T193719Z,2026-07-08,NVVE,NVVE,2026/07/08-14:42,2026-07-08,2026-07-08T18:42:00Z,2026,7,10.39,10.55,10.3001,10.3543,28048,,,,1,2026-07-08T19:42:41+00:00,76,SB NVVE MINCHART 2026/07/08-14:42 2026/07/08-15:42 1,candidate_chart_query,$Bar NVVE 2026/07/08-14:42 10.55 10.3001 10.39 10.3543 28048 1
das_cmdapi_live_20260708T193719Z,2026-07-08,TVRD,TVRD,2026/07/08-15:40,2026-07-08,2026-07-08T19:40:00Z,2026,7,5.1013,5.56,5.09,5.56,445652,,,,1,2026-07-08T19:43:05+00:00,5,SB TVRD MINCHART 2026/07/08-14:42 2026/07/08-15:42 1,candidate_chart_query,$Bar TVRD 2026/07/08-15:40 5.56 5.09 5.1013 5.56 445652 1
das_cmdapi_live_20260708T193719Z,2026-07-08,TVRD,TVRD,2026/07/08-15:39,2026-07-08,2026-07-08T19:39:00Z,2026,7,5.0673,5.11,5.04,5.1099,86714,,,,1,2026-07-08T19:43:05+00:00,6,SB TVRD MINCHART 2026/07/08-14:42 2026/07/08-15:42 1,candidate_chart_query,$Bar TVRD 2026/07/08-15:39 5.11 5.04 5.0673 5.1099 86714 1
das_cmdapi_live_20260708T193719Z,2026-07-08,TVRD,TVRD,2026/07/08-15:38,2026-07-08,2026-07-08T19:38:00Z,2026,7,5.0026,5.0944,5.0,5.068,63884,,,,1,2026-07-08T19:43:05+00:00,7,SB TVRD MINCHART 2026/07/08-14:42 2026/07/08-15:42 1,candidate_chart_query,$Bar TVRD 2026/07/08-15:38 5.0944 5 5.0026 5.068 63884 1
das_cmdapi_live_20260708T193719Z,2026-07-08,TVRD,TVRD,2026/07/08-15:37,2026-07-08,2026-07-08T19:37:00Z,2026,7,5.05,5.05,5.0,5.02,39913,,,,1,2026-07-08T19:43:05+00:00,8,SB TVRD MINCHART 2026/07/08-14:42 2026/07/08-15:42 1,candidate_chart_query,$Bar TVRD 2026/07/08-15:37 5.05 5 5.05 5.02 39913 1
das_cmdapi_live_20260708T193719Z,2026-07-08,TVRD,TVRD,2026/07/08-15:36,2026-07-08,2026-07-08T19:36:00Z,2026,7,4.9879,5.06,4.98,5.04,61868,,,,1,2026-07-08T19:43:05+00:00,9,SB TVRD MINCHART 2026/07/08-14:42 2026/07/08-15:42 1,candidate_chart_query,$Bar TVRD 2026/07/08-15:36 5.06 4.98 4.9879 5.04 61868 1
das_cmdapi_live_20260708T193719Z,2026-07-08,TVRD,TVRD,2026/07/08-15:35,2026-07-08,2026-07-08T19:35:00Z,2026,7,4.97,5.0,4.93,4.98,133583,,,,1,2026-07-08T19:43:05+00:00,10,SB TVRD MINCHART 2026/07/08-14:42 2026/07/08-15:42 1,candidate_chart_query,$Bar TVRD 2026/07/08-15:35 5 4.93 4.97 4.98 133583 1
das_cmdapi_live_20260708T193719Z,2026-07-08,TVRD,TVRD,2026/07/08-15:34,2026-07-08,2026-07-08T19:34:00Z,2026,7,5.01,5.13,4.92,4.96,279769,,,,1,2026-07-08T19:43:05+00:00,11,SB TVRD MINCHART 2026/07/08-14:42 2026/07/08-15:42 1,candidate_chart_query,$Bar TVRD 2026/07/08-15:34 5.13 4.92 5.01 4.96 279769 1
das_cmdapi_live_20260708T193719Z,2026-07-08,TVRD,TVRD,2026/07/08-15:33,2026-07-08,2026-07-08T19:33:00Z,2026,7,5.04,5.05,4.95,5.0,86232,,,,1,2026-07-08T19:43:05+00:00,12,SB TVRD MINCHART 2026/07/08-14:42 2026/07/08-15:42 1,candidate_chart_query,$Bar TVRD 2026/07/08-15:33 5.05 4.95 5.04 5 86232 1
das_cmdapi_live_20260708T193719Z,2026-07-08,TVRD,TVRD,2026/07/08-15:32,2026-07-08,2026-07-08T19:32:00Z,2026,7,4.955,5.06,4.95,5.0595,86191,,,,1,2026-07-08T19:43:05+00:00,13,SB TVRD MINCHART 2026/07/08-14:42 2026/07/08-15:42 1,candidate_chart_query,$Bar TVRD 2026/07/08-15:32 5.06 4.95 4.955 5.0595 86191 1
das_cmdapi_live_20260708T193719Z,2026-07-08,TVRD,TVRD,2026/07/08-15:31,2026-07-08,2026-07-08T19:31:00Z,2026,7,4.8978,5.03,4.88,4.955,252508,,,,1,2026-07-08T19:43:05+00:00,14,SB TVRD MINCHART 2026/07/08-14:42 2026/07/08-15:42 1,candidate_chart_query,$Bar TVRD 2026/07/08-15:31 5.03 4.88 4.8978 4.955 252508 1
das_cmdapi_live_20260708T193719Z,2026-07-08,TVRD,TVRD,2026/07/08-15:30,2026-07-08,2026-07-08T19:30:00Z,2026,7,4.935,4.9399,4.89,4.896,25947,,,,1,2026-07-08T19:43:05+00:00,15,SB TVRD MINCHART 2026/07/08-14:42 2026/07/08-15:42 1,candidate_chart_query,$Bar TVRD 2026/07/08-15:30 4.9399 4.89 4.935 4.896 25947 1
das_cmdapi_live_20260708T193719Z,2026-07-08,TVRD,TVRD,2026/07/08-15:29,2026-07-08,2026-07-08T19:29:00Z,2026,7,4.92,4.9799,4.8901,4.9299,63921,,,,1,2026-07-08T19:43:05+00:00,16,SB TVRD MINCHART 2026/07/08-14:42 2026/07/08-15:42 1,candidate_chart_query,$Bar TVRD 2026/07/08-15:29 4.9799 4.8901 4.92 4.9299 63921 1
das_cmdapi_live_20260708T193719Z,2026-07-08,TVRD,TVRD,2026/07/08-15:28,2026-07-08,2026-07-08T19:28:00Z,2026,7,4.905,4.93,4.88,4.9199,89356,,,,1,2026-07-08T19:43:05+00:00,17,SB TVRD MINCHART 2026/07/08-14:42 2026/07/08-15:42 1,candidate_chart_query,$Bar TVRD 2026/07/08-15:28 4.93 4.88 4.905 4.9199 89356 1
das_cmdapi_live_20260708T193719Z,2026-07-08,TVRD,TVRD,2026/07/08-15:27,2026-07-08,2026-07-08T19:27:00Z,2026,7,4.96,4.97,4.82,4.9099,154537,,,,1,2026-07-08T19:43:05+00:00,18,SB TVRD MINCHART 2026/07/08-14:42 2026/07/08-15:42 1,candidate_chart_query,$Bar TVRD 2026/07/08-15:27 4.97 4.82 4.96 4.9099 154537 1
das_cmdapi_live_20260708T193719Z,2026-07-08,TVRD,TVRD,2026/07/08-15:26,2026-07-08,2026-07-08T19:26:00Z,2026,7,5.02,5.02,4.9201,4.9415,76415,,,,1,2026-07-08T19:43:05+00:00,19,SB TVRD MINCHART 2026/07/08-14:42 2026/07/08-15:42 1,candidate_chart_query,$Bar TVRD 2026/07/08-15:26 5.02 4.9201 5.02 4.9415 76415 1
das_cmdapi_live_20260708T193719Z,2026-07-08,TVRD,TVRD,2026/07/08-15:25,2026-07-08,2026-07-08T19:25:00Z,2026,7,4.98,5.04,4.93,5.02,112811,,,,1,2026-07-08T19:43:05+00:00,20,SB TVRD MINCHART 2026/07/08-14:42 2026/07/08-15:42 1,candidate_chart_query,$Bar TVRD 2026/07/08-15:25 5.04 4.93 4.98 5.02 112811 1
das_cmdapi_live_20260708T193719Z,2026-07-08,TVRD,TVRD,2026/07/08-15:24,2026-07-08,2026-07-08T19:24:00Z,2026,7,4.9,4.98,4.8801,4.9778,58519,,,,1,2026-07-08T19:43:05+00:00,21,SB TVRD MINCHART 2026/07/08-14:42 2026/07/08-15:42 1,candidate_chart_query,$Bar TVRD 2026/07/08-15:24 4.98 4.8801 4.9 4.9778 58519 1
das_cmdapi_live_20260708T193719Z,2026-07-08,TVRD,TVRD,2026/07/08-15:23,2026-07-08,2026-07-08T19:23:00Z,2026,7,4.89,4.9395,4.87,4.9157,28344,,,,1,2026-07-08T19:43:05+00:00,22,SB TVRD MINCHART 2026/07/08-14:42 2026/07/08-15:42 1,candidate_chart_query,$Bar TVRD 2026/07/08-15:23 4.9395 4.87 4.89 4.9157 28344 1
das_cmdapi_live_20260708T193719Z,2026-07-08,TVRD,TVRD,2026/07/08-15:22,2026-07-08,2026-07-08T19:22:00Z,2026,7,4.92,5.03,4.85,4.9,117293,,,,1,2026-07-08T19:43:05+00:00,23,SB TVRD MINCHART 2026/07/08-14:42 2026/07/08-15:42 1,candidate_chart_query,$Bar TVRD 2026/07/08-15:22 5.03 4.85 4.92 4.9 117293 1
das_cmdapi_live_20260708T193719Z,2026-07-08,TVRD,TVRD,2026/07/08-15:21,2026-07-08,2026-07-08T19:21:00Z,2026,7,4.88,4.926,4.88,4.91,19540,,,,1,2026-07-08T19:43:05+00:00,24,SB TVRD MINCHART 2026/07/08-14:42 2026/07/08-15:42 1,candidate_chart_query,$Bar TVRD 2026/07/08-15:21 4.926 4.88 4.88 4.91 19540 1
das_cmdapi_live_20260708T193719Z,2026-07-08,TVRD,TVRD,2026/07/08-15:20,2026-07-08,2026-07-08T19:20:00Z,2026,7,4.92,4.93,4.87,4.88,27062,,,,1,2026-07-08T19:43:05+00:00,25,SB TVRD MINCHART 2026/07/08-14:42 2026/07/08-15:42 1,candidate_chart_query,$Bar TVRD 2026/07/08-15:20 4.93 4.87 4.92 4.88 27062 1
das_cmdapi_live_20260708T193719Z,2026-07-08,TVRD,TVRD,2026/07/08-15:19,2026-07-08,2026-07-08T19:19:00Z,2026,7,4.8977,4.95,4.88,4.92,51433,,,,1,2026-07-08T19:43:05+00:00,26,SB TVRD MINCHART 2026/07/08-14:42 2026/07/08-15:42 1,candidate_chart_query,$Bar TVRD 2026/07/08-15:19 4.95 4.88 4.8977 4.92 51433 1
das_cmdapi_live_20260708T193719Z,2026-07-08,TVRD,TVRD,2026/07/08-15:18,2026-07-08,2026-07-08T19:18:00Z,2026,7,4.92,4.94,4.87,4.89,61829,,,,1,2026-07-08T19:43:05+00:00,27,SB TVRD MINCHART 2026/07/08-14:42 2026/07/08-15:42 1,candidate_chart_query,$Bar TVRD 2026/07/08-15:18 4.94 4.87 4.92 4.89 61829 1
das_cmdapi_live_20260708T193719Z,2026-07-08,TVRD,TVRD,2026/07/08-15:17,2026-07-08,2026-07-08T19:17:00Z,2026,7,4.78,4.92,4.7718,4.9112,94077,,,,1,2026-07-08T19:43:05+00:00,28,SB TVRD MINCHART 2026/07/08-14:42 2026/07/08-15:42 1,candidate_chart_query,$Bar TVRD 2026/07/08-15:17 4.92 4.7718 4.78 4.9112 94077 1
das_cmdapi_live_20260708T193719Z,2026-07-08,TVRD,TVRD,2026/07/08-15:16,2026-07-08,2026-07-08T19:16:00Z,2026,7,4.7502,4.78,4.72,4.78,15921,,,,1,2026-07-08T19:43:05+00:00,29,SB TVRD MINCHART 2026/07/08-14:42 2026/07/08-15:42 1,candidate_chart_query,$Bar TVRD 2026/07/08-15:16 4.78 4.72 4.7502 4.78 15921 1
das_cmdapi_live_20260708T193719Z,2026-07-08,TVRD,TVRD,2026/07/08-15:15,2026-07-08,2026-07-08T19:15:00Z,2026,7,4.7514,4.775,4.75,4.75,4085,,,,1,2026-07-08T19:43:05+00:00,30,SB TVRD MINCHART 2026/07/08-14:42 2026/07/08-15:42 1,candidate_chart_query,$Bar TVRD 2026/07/08-15:15 4.775 4.75 4.7514 4.75 4085 1
das_cmdapi_live_20260708T193719Z,2026-07-08,TVRD,TVRD,2026/07/08-15:14,2026-07-08,2026-07-08T19:14:00Z,2026,7,4.8,4.807,4.7502,4.7502,29959,,,,1,2026-07-08T19:43:05+00:00,31,SB TVRD MINCHART 2026/07/08-14:42 2026/07/08-15:42 1,candidate_chart_query,$Bar TVRD 2026/07/08-15:14 4.807 4.7502 4.8 4.7502 29959 1
das_cmdapi_live_20260708T193719Z,2026-07-08,TVRD,TVRD,2026/07/08-15:13,2026-07-08,2026-07-08T19:13:00Z,2026,7,4.7,4.8,4.68,4.79,52772,,,,1,2026-07-08T19:43:05+00:00,32,SB TVRD MINCHART 2026/07/08-14:42 2026/07/08-15:42 1,candidate_chart_query,$Bar TVRD 2026/07/08-15:13 4.8 4.68 4.7 4.79 52772 1
das_cmdapi_live_20260708T193719Z,2026-07-08,TVRD,TVRD,2026/07/08-15:12,2026-07-08,2026-07-08T19:12:00Z,2026,7,4.72,4.7499,4.681,4.7,28481,,,,1,2026-07-08T19:43:05+00:00,33,SB TVRD MINCHART 2026/07/08-14:42 2026/07/08-15:42 1,candidate_chart_query,$Bar TVRD 2026/07/08-15:12 4.7499 4.681 4.72 4.7 28481 1
das_cmdapi_live_20260708T193719Z,2026-07-08,TVRD,TVRD,2026/07/08-15:11,2026-07-08,2026-07-08T19:11:00Z,2026,7,4.73,4.7301,4.71,4.715,16642,,,,1,2026-07-08T19:43:05+00:00,34,SB TVRD MINCHART 2026/07/08-14:42 2026/07/08-15:42 1,candidate_chart_query,$Bar TVRD 2026/07/08-15:11 4.7301 4.71 4.73 4.715 16642 1
das_cmdapi_live_20260708T193719Z,2026-07-08,TVRD,TVRD,2026/07/08-15:10,2026-07-08,2026-07-08T19:10:00Z,2026,7,4.73,4.75,4.705,4.75,8593,,,,1,2026-07-08T19:43:05+00:00,35,SB TVRD MINCHART 2026/07/08-14:42 2026/07/08-15:42 1,candidate_chart_query,$Bar TVRD 2026/07/08-15:10 4.75 4.705 4.73 4.75 8593 1
das_cmdapi_live_20260708T193719Z,2026-07-08,TVRD,TVRD,2026/07/08-15:09,2026-07-08,2026-07-08T19:09:00Z,2026,7,4.72,4.74,4.7001,4.74,16237,,,,1,2026-07-08T19:43:05+00:00,36,SB TVRD MINCHART 2026/07/08-14:42 2026/07/08-15:42 1,candidate_chart_query,$Bar TVRD 2026/07/08-15:09 4.74 4.7001 4.72 4.74 16237 1
das_cmdapi_live_20260708T193719Z,2026-07-08,TVRD,TVRD,2026/07/08-15:08,2026-07-08,2026-07-08T19:08:00Z,2026,7,4.725,4.7678,4.71,4.72,10045,,,,1,2026-07-08T19:43:05+00:00,37,SB TVRD MINCHART 2026/07/08-14:42 2026/07/08-15:42 1,candidate_chart_query,$Bar TVRD 2026/07/08-15:08 4.7678 4.71 4.725 4.72 10045 1
das_cmdapi_live_20260708T193719Z,2026-07-08,TVRD,TVRD,2026/07/08-15:07,2026-07-08,2026-07-08T19:07:00Z,2026,7,4.755,4.78,4.7068,4.7123,33470,,,,1,2026-07-08T19:43:05+00:00,38,SB TVRD MINCHART 2026/07/08-14:42 2026/07/08-15:42 1,candidate_chart_query,$Bar TVRD 2026/07/08-15:07 4.78 4.7068 4.755 4.7123 33470 1
das_cmdapi_live_20260708T193719Z,2026-07-08,TVRD,TVRD,2026/07/08-15:06,2026-07-08,2026-07-08T19:06:00Z,2026,7,4.785,4.79,4.74,4.75,38985,,,,1,2026-07-08T19:43:05+00:00,39,SB TVRD MINCHART 2026/07/08-14:42 2026/07/08-15:42 1,candidate_chart_query,$Bar TVRD 2026/07/08-15:06 4.79 4.74 4.785 4.75 38985 1
das_cmdapi_live_20260708T193719Z,2026-07-08,TVRD,TVRD,2026/07/08-15:05,2026-07-08,2026-07-08T19:05:00Z,2026,7,4.77,4.79,4.77,4.79,13366,,,,1,2026-07-08T19:43:05+00:00,40,SB TVRD MINCHART 2026/07/08-14:42 2026/07/08-15:42 1,candidate_chart_query,$Bar TVRD 2026/07/08-15:05 4.79 4.77 4.77 4.79 13366 1
das_cmdapi_live_20260708T193719Z,2026-07-08,TVRD,TVRD,2026/07/08-15:04,2026-07-08,2026-07-08T19:04:00Z,2026,7,4.77,4.78,4.7605,4.77,5054,,,,1,2026-07-08T19:43:05+00:00,41,SB TVRD MINCHART 2026/07/08-14:42 2026/07/08-15:42 1,candidate_chart_query,$Bar TVRD 2026/07/08-15:04 4.78 4.7605 4.77 4.77 5054 1
das_cmdapi_live_20260708T193719Z,2026-07-08,TVRD,TVRD,2026/07/08-15:03,2026-07-08,2026-07-08T19:03:00Z,2026,7,4.77,4.809,4.7401,4.775,27197,,,,1,2026-07-08T19:43:05+00:00,42,SB TVRD MINCHART 2026/07/08-14:42 2026/07/08-15:42 1,candidate_chart_query,$Bar TVRD 2026/07/08-15:03 4.809 4.7401 4.77 4.775 27197 1
das_cmdapi_live_20260708T193719Z,2026-07-08,TVRD,TVRD,2026/07/08-15:02,2026-07-08,2026-07-08T19:02:00Z,2026,7,4.7808,4.8153,4.775,4.7787,18992,,,,1,2026-07-08T19:43:05+00:00,43,SB TVRD MINCHART 2026/07/08-14:42 2026/07/08-15:42 1,candidate_chart_query,$Bar TVRD 2026/07/08-15:02 4.8153 4.775 4.7808 4.7787 18992 1
das_cmdapi_live_20260708T193719Z,2026-07-08,TVRD,TVRD,2026/07/08-15:01,2026-07-08,2026-07-08T19:01:00Z,2026,7,4.8,4.84,4.77,4.82,41999,,,,1,2026-07-08T19:43:05+00:00,44,SB TVRD MINCHART 2026/07/08-14:42 2026/07/08-15:42 1,candidate_chart_query,$Bar TVRD 2026/07/08-15:01 4.84 4.77 4.8 4.82 41999 1
das_cmdapi_live_20260708T193719Z,2026-07-08,TVRD,TVRD,2026/07/08-15:00,2026-07-08,2026-07-08T19:00:00Z,2026,7,4.76,4.82,4.73,4.78,23886,,,,1,2026-07-08T19:43:05+00:00,45,SB TVRD MINCHART 2026/07/08-14:42 2026/07/08-15:42 1,candidate_chart_query,$Bar TVRD 2026/07/08-15:00 4.82 4.73 4.76 4.78 23886 1
das_cmdapi_live_20260708T193719Z,2026-07-08,TVRD,TVRD,2026/07/08-14:59,2026-07-08,2026-07-08T18:59:00Z,2026,7,4.76,4.79,4.75,4.761,26173,,,,1,2026-07-08T19:43:05+00:00,46,SB TVRD MINCHART 2026/07/08-14:42 2026/07/08-15:42 1,candidate_chart_query,$Bar TVRD 2026/07/08-14:59 4.79 4.75 4.76 4.761 26173 1
das_cmdapi_live_20260708T193719Z,2026-07-08,TVRD,TVRD,2026/07/08-14:58,2026-07-08,2026-07-08T18:58:00Z,2026,7,4.7499,4.78,4.7326,4.7699,15367,,,,1,2026-07-08T19:43:05+00:00,47,SB TVRD MINCHART 2026/07/08-14:42 2026/07/08-15:42 1,candidate_chart_query,$Bar TVRD 2026/07/08-14:58 4.78 4.7326 4.7499 4.7699 15367 1
das_cmdapi_live_20260708T193719Z,2026-07-08,TVRD,TVRD,2026/07/08-14:57,2026-07-08,2026-07-08T18:57:00Z,2026,7,4.68,4.75,4.68,4.75,21425,,,,1,2026-07-08T19:43:05+00:00,48,SB TVRD MINCHART 2026/07/08-14:42 2026/07/08-15:42 1,candidate_chart_query,$Bar TVRD 2026/07/08-14:57 4.75 4.68 4.68 4.75 21425 1
das_cmdapi_live_20260708T193719Z,2026-07-08,TVRD,TVRD,2026/07/08-14:56,2026-07-08,2026-07-08T18:56:00Z,2026,7,4.675,4.7,4.65,4.69,26394,,,,1,2026-07-08T19:43:05+00:00,49,SB TVRD MINCHART 2026/07/08-14:42 2026/07/08-15:42 1,candidate_chart_query,$Bar TVRD 2026/07/08-14:56 4.7 4.65 4.675 4.69 26394 1
das_cmdapi_live_20260708T193719Z,2026-07-08,TVRD,TVRD,2026/07/08-14:55,2026-07-08,2026-07-08T18:55:00Z,2026,7,4.72,4.75,4.66,4.67,46492,,,,1,2026-07-08T19:43:05+00:00,50,SB TVRD MINCHART 2026/07/08-14:42 2026/07/08-15:42 1,candidate_chart_query,$Bar TVRD 2026/07/08-14:55 4.75 4.66 4.72 4.67 46492 1
das_cmdapi_live_20260708T193719Z,2026-07-08,TVRD,TVRD,2026/07/08-14:54,2026-07-08,2026-07-08T18:54:00Z,2026,7,4.71,4.73,4.7,4.728,17742,,,,1,2026-07-08T19:43:05+00:00,51,SB TVRD MINCHART 2026/07/08-14:42 2026/07/08-15:42 1,candidate_chart_query,$Bar TVRD 2026/07/08-14:54 4.73 4.7 4.71 4.728 17742 1
das_cmdapi_live_20260708T193719Z,2026-07-08,TVRD,TVRD,2026/07/08-14:53,2026-07-08,2026-07-08T18:53:00Z,2026,7,4.7,4.73,4.69,4.7,22275,,,,1,2026-07-08T19:43:05+00:00,52,SB TVRD MINCHART 2026/07/08-14:42 2026/07/08-15:42 1,candidate_chart_query,$Bar TVRD 2026/07/08-14:53 4.73 4.69 4.7 4.7 22275 1
das_cmdapi_live_20260708T193719Z,2026-07-08,TVRD,TVRD,2026/07/08-14:52,2026-07-08,2026-07-08T18:52:00Z,2026,7,4.69,4.7299,4.67,4.7,46665,,,,1,2026-07-08T19:43:05+00:00,53,SB TVRD MINCHART 2026/07/08-14:42 2026/07/08-15:42 1,candidate_chart_query,$Bar TVRD 2026/07/08-14:52 4.7299 4.67 4.69 4.7 46665 1
das_cmdapi_live_20260708T193719Z,2026-07-08,TVRD,TVRD,2026/07/08-14:51,2026-07-08,2026-07-08T18:51:00Z,2026,7,4.6539,4.74,4.6539,4.68,100985,,,,1,2026-07-08T19:43:05+00:00,54,SB TVRD MINCHART 2026/07/08-14:42 2026/07/08-15:42 1,candidate_chart_query,$Bar TVRD 2026/07/08-14:51 4.74 4.6539 4.6539 4.68 100985 1
das_cmdapi_live_20260708T193719Z,2026-07-08,TVRD,TVRD,2026/07/08-14:50,2026-07-08,2026-07-08T18:50:00Z,2026,7,4.88,4.92,4.52,4.66,416635,,,,1,2026-07-08T19:43:05+00:00,55,SB TVRD MINCHART 2026/07/08-14:42 2026/07/08-15:42 1,candidate_chart_query,$Bar TVRD 2026/07/08-14:50 4.92 4.52 4.88 4.66 416635 1
das_cmdapi_live_20260708T193719Z,2026-07-08,TVRD,TVRD,2026/07/08-14:49,2026-07-08,2026-07-08T18:49:00Z,2026,7,4.93,4.97,4.86,4.87,173248,,,,1,2026-07-08T19:43:05+00:00,56,SB TVRD MINCHART 2026/07/08-14:42 2026/07/08-15:42 1,candidate_chart_query,$Bar TVRD 2026/07/08-14:49 4.97 4.86 4.93 4.87 173248 1
das_cmdapi_live_20260708T193719Z,2026-07-08,TVRD,TVRD,2026/07/08-14:48,2026-07-08,2026-07-08T18:48:00Z,2026,7,4.84,5.04,4.83,4.9152,285823,,,,1,2026-07-08T19:43:05+00:00,57,SB TVRD MINCHART 2026/07/08-14:42 2026/07/08-15:42 1,candidate_chart_query,$Bar TVRD 2026/07/08-14:48 5.04 4.83 4.84 4.9152 285823 1
das_cmdapi_live_20260708T193719Z,2026-07-08,TVRD,TVRD,2026/07/08-14:47,2026-07-08,2026-07-08T18:47:00Z,2026,7,4.85,4.87,4.81,4.8303,52479,,,,1,2026-07-08T19:43:05+00:00,58,SB TVRD MINCHART 2026/07/08-14:42 2026/07/08-15:42 1,candidate_chart_query,$Bar TVRD 2026/07/08-14:47 4.87 4.81 4.85 4.8303 52479 1
das_cmdapi_live_20260708T193719Z,2026-07-08,TVRD,TVRD,2026/07/08-14:46,2026-07-08,2026-07-08T18:46:00Z,2026,7,4.835,4.86,4.82,4.85,101859,,,,1,2026-07-08T19:43:05+00:00,59,SB TVRD MINCHART 2026/07/08-14:42 2026/07/08-15:42 1,candidate_chart_query,$Bar TVRD 2026/07/08-14:46 4.86 4.82 4.835 4.85 101859 1
das_cmdapi_live_20260708T193719Z,2026-07-08,TVRD,TVRD,2026/07/08-14:45,2026-07-08,2026-07-08T18:45:00Z,2026,7,4.7926,4.88,4.7904,4.835,119858,,,,1,2026-07-08T19:43:05+00:00,60,SB TVRD MINCHART 2026/07/08-14:42 2026/07/08-15:42 1,candidate_chart_query,$Bar TVRD 2026/07/08-14:45 4.88 4.7904 4.7926 4.835 119858 1
das_cmdapi_live_20260708T193719Z,2026-07-08,TVRD,TVRD,2026/07/08-14:44,2026-07-08,2026-07-08T18:44:00Z,2026,7,4.8299,4.83,4.79,4.7901,14576,,,,1,2026-07-08T19:43:05+00:00,61,SB TVRD MINCHART 2026/07/08-14:42 2026/07/08-15:42 1,candidate_chart_query,$Bar TVRD 2026/07/08-14:44 4.83 4.79 4.8299 4.7901 14576 1
das_cmdapi_live_20260708T193719Z,2026-07-08,TVRD,TVRD,2026/07/08-14:43,2026-07-08,2026-07-08T18:43:00Z,2026,7,4.77,4.83,4.77,4.82,38698,,,,1,2026-07-08T19:43:05+00:00,62,SB TVRD MINCHART 2026/07/08-14:42 2026/07/08-15:42 1,candidate_chart_query,$Bar TVRD 2026/07/08-14:43 4.83 4.77 4.77 4.82 38698 1
das_cmdapi_live_20260708T193719Z,2026-07-08,TVRD,TVRD,2026/07/08-14:42,2026-07-08,2026-07-08T18:42:00Z,2026,7,4.7799,4.7876,4.77,4.7719,6872,,,,1,2026-07-08T19:43:05+00:00,63,SB TVRD MINCHART 2026/07/08-14:42 2026/07/08-15:42 1,candidate_chart_query,$Bar TVRD 2026/07/08-14:42 4.7876 4.77 4.7799 4.7719 6872 1
das_cmdapi_live_20260708T193719Z,2026-07-08,LHAI,LHAI,2026/07/08-15:43,2026-07-08,2026-07-08T19:43:00Z,2026,7,1.5697,1.5697,1.5601,1.5601,965,,,,1,2026-07-08T19:43:31+00:00,9,SB LHAI MINCHART 2026/07/08-14:43 2026/07/08-15:43 1,candidate_chart_query,$Bar LHAI 2026/07/08-15:43 1.5697 1.5601 1.5697 1.5601 965 1
das_cmdapi_live_20260708T193719Z,2026-07-08,LHAI,LHAI,2026/07/08-15:42,2026-07-08,2026-07-08T19:42:00Z,2026,7,1.555,1.56,1.55,1.56,16978,,,,1,2026-07-08T19:43:31+00:00,10,SB LHAI MINCHART 2026/07/08-14:43 2026/07/08-15:43 1,candidate_chart_query,$Bar LHAI 2026/07/08-15:42 1.56 1.55 1.555 1.56 16978 1
das_cmdapi_live_20260708T193719Z,2026-07-08,LHAI,LHAI,2026/07/08-15:41,2026-07-08,2026-07-08T19:41:00Z,2026,7,1.55,1.56,1.55,1.5586,9384,,,,1,2026-07-08T19:43:31+00:00,11,SB LHAI MINCHART 2026/07/08-14:43 2026/07/08-15:43 1,candidate_chart_query,$Bar LHAI 2026/07/08-15:41 1.56 1.55 1.55 1.5586 9384 1
das_cmdapi_live_20260708T193719Z,2026-07-08,LHAI,LHAI,2026/07/08-15:40,2026-07-08,2026-07-08T19:40:00Z,2026,7,1.5501,1.56,1.55,1.555,29956,,,,1,2026-07-08T19:43:31+00:00,12,SB LHAI MINCHART 2026/07/08-14:43 2026/07/08-15:43 1,candidate_chart_query,$Bar LHAI 2026/07/08-15:40 1.56 1.55 1.5501 1.555 29956 1
das_cmdapi_live_20260708T193719Z,2026-07-08,LHAI,LHAI,2026/07/08-15:39,2026-07-08,2026-07-08T19:39:00Z,2026,7,1.5599,1.56,1.55,1.555,3398,,,,1,2026-07-08T19:43:31+00:00,13,SB LHAI MINCHART 2026/07/08-14:43 2026/07/08-15:43 1,candidate_chart_query,$Bar LHAI 2026/07/08-15:39 1.56 1.55 1.5599 1.555 3398 1
das_cmdapi_live_20260708T193719Z,2026-07-08,LHAI,LHAI,2026/07/08-15:38,2026-07-08,2026-07-08T19:38:00Z,2026,7,1.56,1.56,1.54,1.555,20501,,,,1,2026-07-08T19:43:31+00:00,14,SB LHAI MINCHART 2026/07/08-14:43 2026/07/08-15:43 1,candidate_chart_query,$Bar LHAI 2026/07/08-15:38 1.56 1.54 1.56 1.555 20501 1
das_cmdapi_live_20260708T193719Z,2026-07-08,LHAI,LHAI,2026/07/08-15:37,2026-07-08,2026-07-08T19:37:00Z,2026,7,1.59,1.59,1.5603,1.5603,16173,,,,1,2026-07-08T19:43:31+00:00,15,SB LHAI MINCHART 2026/07/08-14:43 2026/07/08-15:43 1,candidate_chart_query,$Bar LHAI 2026/07/08-15:37 1.59 1.5603 1.59 1.5603 16173 1
das_cmdapi_live_20260708T193719Z,2026-07-08,LHAI,LHAI,2026/07/08-15:36,2026-07-08,2026-07-08T19:36:00Z,2026,7,1.605,1.605,1.5801,1.585,19020,,,,1,2026-07-08T19:43:31+00:00,16,SB LHAI MINCHART 2026/07/08-14:43 2026/07/08-15:43 1,candidate_chart_query,$Bar LHAI 2026/07/08-15:36 1.605 1.5801 1.605 1.585 19020 1
das_cmdapi_live_20260708T193719Z,2026-07-08,LHAI,LHAI,2026/07/08-15:35,2026-07-08,2026-07-08T19:35:00Z,2026,7,1.605,1.605,1.6,1.6013,5012,,,,1,2026-07-08T19:43:31+00:00,17,SB LHAI MINCHART 2026/07/08-14:43 2026/07/08-15:43 1,candidate_chart_query,$Bar LHAI 2026/07/08-15:35 1.605 1.6 1.605 1.6013 5012 1
das_cmdapi_live_20260708T193719Z,2026-07-08,LHAI,LHAI,2026/07/08-15:34,2026-07-08,2026-07-08T19:34:00Z,2026,7,1.605,1.61,1.6,1.61,3916,,,,1,2026-07-08T19:43:31+00:00,18,SB LHAI MINCHART 2026/07/08-14:43 2026/07/08-15:43 1,candidate_chart_query,$Bar LHAI 2026/07/08-15:34 1.61 1.6 1.605 1.61 3916 1
das_cmdapi_live_20260708T193719Z,2026-07-08,LHAI,LHAI,2026/07/08-15:33,2026-07-08,2026-07-08T19:33:00Z,2026,7,1.605,1.61,1.6001,1.61,8564,,,,1,2026-07-08T19:43:31+00:00,19,SB LHAI MINCHART 2026/07/08-14:43 2026/07/08-15:43 1,candidate_chart_query,$Bar LHAI 2026/07/08-15:33 1.61 1.6001 1.605 1.61 8564 1
das_cmdapi_live_20260708T193719Z,2026-07-08,LHAI,LHAI,2026/07/08-15:32,2026-07-08,2026-07-08T19:32:00Z,2026,7,1.61,1.6192,1.605,1.61,665,,,,1,2026-07-08T19:43:31+00:00,20,SB LHAI MINCHART 2026/07/08-14:43 2026/07/08-15:43 1,candidate_chart_query,$Bar LHAI 2026/07/08-15:32 1.6192 1.605 1.61 1.61 665 1
das_cmdapi_live_20260708T193719Z,2026-07-08,LHAI,LHAI,2026/07/08-15:31,2026-07-08,2026-07-08T19:31:00Z,2026,7,1.6001,1.62,1.6,1.61,29800,,,,1,2026-07-08T19:43:31+00:00,21,SB LHAI MINCHART 2026/07/08-14:43 2026/07/08-15:43 1,candidate_chart_query,$Bar LHAI 2026/07/08-15:31 1.62 1.6 1.6001 1.61 29800 1
das_cmdapi_live_20260708T193719Z,2026-07-08,LHAI,LHAI,2026/07/08-15:30,2026-07-08,2026-07-08T19:30:00Z,2026,7,1.615,1.62,1.61,1.61,3480,,,,1,2026-07-08T19:43:31+00:00,22,SB LHAI MINCHART 2026/07/08-14:43 2026/07/08-15:43 1,candidate_chart_query,$Bar LHAI 2026/07/08-15:30 1.62 1.61 1.615 1.61 3480 1
das_cmdapi_live_20260708T193719Z,2026-07-08,LHAI,LHAI,2026/07/08-15:29,2026-07-08,2026-07-08T19:29:00Z,2026,7,1.615,1.62,1.61,1.615,9720,,,,1,2026-07-08T19:43:31+00:00,23,SB LHAI MINCHART 2026/07/08-14:43 2026/07/08-15:43 1,candidate_chart_query,$Bar LHAI 2026/07/08-15:29 1.62 1.61 1.615 1.615 9720 1
das_cmdapi_live_20260708T193719Z,2026-07-08,LHAI,LHAI,2026/07/08-15:28,2026-07-08,2026-07-08T19:28:00Z,2026,7,1.615,1.62,1.61,1.61,4388,,,,1,2026-07-08T19:43:31+00:00,24,SB LHAI MINCHART 2026/07/08-14:43 2026/07/08-15:43 1,candidate_chart_query,$Bar LHAI 2026/07/08-15:28 1.62 1.61 1.615 1.61 4388 1
das_cmdapi_live_20260708T193719Z,2026-07-08,LHAI,LHAI,2026/07/08-15:27,2026-07-08,2026-07-08T19:27:00Z,2026,7,1.615,1.6187,1.6102,1.615,3776,,,,1,2026-07-08T19:43:31+00:00,25,SB LHAI MINCHART 2026/07/08-14:43 2026/07/08-15:43 1,candidate_chart_query,$Bar LHAI 2026/07/08-15:27 1.6187 1.6102 1.615 1.615 3776 1
das_cmdapi_live_20260708T193719Z,2026-07-08,LHAI,LHAI,2026/07/08-15:26,2026-07-08,2026-07-08T19:26:00Z,2026,7,1.6111,1.62,1.6109,1.615,2357,,,,1,2026-07-08T19:43:31+00:00,26,SB LHAI MINCHART 2026/07/08-14:43 2026/07/08-15:43 1,candidate_chart_query,$Bar LHAI 2026/07/08-15:26 1.62 1.6109 1.6111 1.615 2357 1
das_cmdapi_live_20260708T193719Z,2026-07-08,LHAI,LHAI,2026/07/08-15:25,2026-07-08,2026-07-08T19:25:00Z,2026,7,1.6001,1.62,1.6001,1.6103,8436,,,,1,2026-07-08T19:43:31+00:00,27,SB LHAI MINCHART 2026/07/08-14:43 2026/07/08-15:43 1,candidate_chart_query,$Bar LHAI 2026/07/08-15:25 1.62 1.6001 1.6001 1.6103 8436 1
das_cmdapi_live_20260708T193719Z,2026-07-08,LHAI,LHAI,2026/07/08-15:24,2026-07-08,2026-07-08T19:24:00Z,2026,7,1.6115,1.62,1.59,1.6,25349,,,,1,2026-07-08T19:43:31+00:00,28,SB LHAI MINCHART 2026/07/08-14:43 2026/07/08-15:43 1,candidate_chart_query,$Bar LHAI 2026/07/08-15:24 1.62 1.59 1.6115 1.6 25349 1
das_cmdapi_live_20260708T193719Z,2026-07-08,LHAI,LHAI,2026/07/08-15:23,2026-07-08,2026-07-08T19:23:00Z,2026,7,1.65,1.655,1.6,1.61,71913,,,,1,2026-07-08T19:43:31+00:00,29,SB LHAI MINCHART 2026/07/08-14:43 2026/07/08-15:43 1,candidate_chart_query,$Bar LHAI 2026/07/08-15:23 1.655 1.6 1.65 1.61 71913 1
das_cmdapi_live_20260708T193719Z,2026-07-08,LHAI,LHAI,2026/07/08-15:22,2026-07-08,2026-07-08T19:22:00Z,2026,7,1.655,1.66,1.65,1.6599,14194,,,,1,2026-07-08T19:43:31+00:00,30,SB LHAI MINCHART 2026/07/08-14:43 2026/07/08-15:43 1,candidate_chart_query,$Bar LHAI 2026/07/08-15:22 1.66 1.65 1.655 1.6599 14194 1
das_cmdapi_live_20260708T193719Z,2026-07-08,LHAI,LHAI,2026/07/08-15:21,2026-07-08,2026-07-08T19:21:00Z,2026,7,1.655,1.66,1.65,1.6502,4815,,,,1,2026-07-08T19:43:31+00:00,31,SB LHAI MINCHART 2026/07/08-14:43 2026/07/08-15:43 1,candidate_chart_query,$Bar LHAI 2026/07/08-15:21 1.66 1.65 1.655 1.6502 4815 1
das_cmdapi_live_20260708T193719Z,2026-07-08,LHAI,LHAI,2026/07/08-15:20,2026-07-08,2026-07-08T19:20:00Z,2026,7,1.655,1.66,1.65,1.65,25926,,,,1,2026-07-08T19:43:31+00:00,32,SB LHAI MINCHART 2026/07/08-14:43 2026/07/08-15:43 1,candidate_chart_query,$Bar LHAI 2026/07/08-15:20 1.66 1.65 1.655 1.65 25926 1
das_cmdapi_live_20260708T193719Z,2026-07-08,LHAI,LHAI,2026/07/08-15:19,2026-07-08,2026-07-08T19:19:00Z,2026,7,1.6598,1.66,1.6501,1.655,9543,,,,1,2026-07-08T19:43:31+00:00,33,SB LHAI MINCHART 2026/07/08-14:43 2026/07/08-15:43 1,candidate_chart_query,$Bar LHAI 2026/07/08-15:19 1.66 1.6501 1.6598 1.655 9543 1
das_cmdapi_live_20260708T193719Z,2026-07-08,LHAI,LHAI,2026/07/08-15:18,2026-07-08,2026-07-08T19:18:00Z,2026,7,1.644,1.66,1.6401,1.655,26562,,,,1,2026-07-08T19:43:31+00:00,34,SB LHAI MINCHART 2026/07/08-14:43 2026/07/08-15:43 1,candidate_chart_query,$Bar LHAI 2026/07/08-15:18 1.66 1.6401 1.644 1.655 26562 1
das_cmdapi_live_20260708T193719Z,2026-07-08,LHAI,LHAI,2026/07/08-15:17,2026-07-08,2026-07-08T19:17:00Z,2026,7,1.645,1.65,1.64,1.645,26311,,,,1,2026-07-08T19:43:31+00:00,35,SB LHAI MINCHART 2026/07/08-14:43 2026/07/08-15:43 1,candidate_chart_query,$Bar LHAI 2026/07/08-15:17 1.65 1.64 1.645 1.645 26311 1
das_cmdapi_live_20260708T193719Z,2026-07-08,LHAI,LHAI,2026/07/08-15:16,2026-07-08,2026-07-08T19:16:00Z,2026,7,1.645,1.65,1.64,1.65,32757,,,,1,2026-07-08T19:43:31+00:00,36,SB LHAI MINCHART 2026/07/08-14:43 2026/07/08-15:43 1,candidate_chart_query,$Bar LHAI 2026/07/08-15:16 1.65 1.64 1.645 1.65 32757 1
das_cmdapi_live_20260708T193719Z,2026-07-08,LHAI,LHAI,2026/07/08-15:15,2026-07-08,2026-07-08T19:15:00Z,2026,7,1.66,1.66,1.65,1.65,26321,,,,1,2026-07-08T19:43:31+00:00,37,SB LHAI MINCHART 2026/07/08-14:43 2026/07/08-15:43 1,candidate_chart_query,$Bar LHAI 2026/07/08-15:15 1.66 1.65 1.66 1.65 26321 1
das_cmdapi_live_20260708T193719Z,2026-07-08,LHAI,LHAI,2026/07/08-15:14,2026-07-08,2026-07-08T19:14:00Z,2026,7,1.665,1.665,1.64,1.655,109485,,,,1,2026-07-08T19:43:31+00:00,38,SB LHAI MINCHART 2026/07/08-14:43 2026/07/08-15:43 1,candidate_chart_query,$Bar LHAI 2026/07/08-15:14 1.665 1.64 1.665 1.655 109485 1
das_cmdapi_live_20260708T193719Z,2026-07-08,LHAI,LHAI,2026/07/08-15:13,2026-07-08,2026-07-08T19:13:00Z,2026,7,1.66,1.67,1.65,1.6601,44905,,,,1,2026-07-08T19:43:31+00:00,39,SB LHAI MINCHART 2026/07/08-14:43 2026/07/08-15:43 1,candidate_chart_query,$Bar LHAI 2026/07/08-15:13 1.67 1.65 1.66 1.6601 44905 1
das_cmdapi_live_20260708T193719Z,2026-07-08,LHAI,LHAI,2026/07/08-15:12,2026-07-08,2026-07-08T19:12:00Z,2026,7,1.649,1.67,1.64,1.6661,110351,,,,1,2026-07-08T19:43:31+00:00,40,SB LHAI MINCHART 2026/07/08-14:43 2026/07/08-15:43 1,candidate_chart_query,$Bar LHAI 2026/07/08-15:12 1.67 1.64 1.649 1.6661 110351 1
das_cmdapi_live_20260708T193719Z,2026-07-08,LHAI,LHAI,2026/07/08-15:11,2026-07-08,2026-07-08T19:11:00Z,2026,7,1.629,1.65,1.6201,1.6487,53140,,,,1,2026-07-08T19:43:31+00:00,41,SB LHAI MINCHART 2026/07/08-14:43 2026/07/08-15:43 1,candidate_chart_query,$Bar LHAI 2026/07/08-15:11 1.65 1.6201 1.629 1.6487 53140 1
das_cmdapi_live_20260708T193719Z,2026-07-08,LHAI,LHAI,2026/07/08-15:10,2026-07-08,2026-07-08T19:10:00Z,2026,7,1.6,1.63,1.595,1.625,34742,,,,1,2026-07-08T19:43:31+00:00,42,SB LHAI MINCHART 2026/07/08-14:43 2026/07/08-15:43 1,candidate_chart_query,$Bar LHAI 2026/07/08-15:10 1.63 1.595 1.6 1.625 34742 1
das_cmdapi_live_20260708T193719Z,2026-07-08,LHAI,LHAI,2026/07/08-15:09,2026-07-08,2026-07-08T19:09:00Z,2026,7,1.6101,1.6101,1.5901,1.5901,26190,,,,1,2026-07-08T19:43:31+00:00,43,SB LHAI MINCHART 2026/07/08-14:43 2026/07/08-15:43 1,candidate_chart_query,$Bar LHAI 2026/07/08-15:09 1.6101 1.5901 1.6101 1.5901 26190 1
das_cmdapi_live_20260708T193719Z,2026-07-08,LHAI,LHAI,2026/07/08-15:08,2026-07-08,2026-07-08T19:08:00Z,2026,7,1.6213,1.6213,1.61,1.61,37140,,,,1,2026-07-08T19:43:31+00:00,44,SB LHAI MINCHART 2026/07/08-14:43 2026/07/08-15:43 1,candidate_chart_query,$Bar LHAI 2026/07/08-15:08 1.6213 1.61 1.6213 1.61 37140 1
das_cmdapi_live_20260708T193719Z,2026-07-08,LHAI,LHAI,2026/07/08-15:07,2026-07-08,2026-07-08T19:07:00Z,2026,7,1.625,1.63,1.6,1.6201,45671,,,,1,2026-07-08T19:43:31+00:00,45,SB LHAI MINCHART 2026/07/08-14:43 2026/07/08-15:43 1,candidate_chart_query,$Bar LHAI 2026/07/08-15:07 1.63 1.6 1.625 1.6201 45671 1
das_cmdapi_live_20260708T193719Z,2026-07-08,LHAI,LHAI,2026/07/08-15:06,2026-07-08,2026-07-08T19:06:00Z,2026,7,1.605,1.64,1.6036,1.62,79282,,,,1,2026-07-08T19:43:31+00:00,46,SB LHAI MINCHART 2026/07/08-14:43 2026/07/08-15:43 1,candidate_chart_query,$Bar LHAI 2026/07/08-15:06 1.64 1.6036 1.605 1.62 79282 1
das_cmdapi_live_20260708T193719Z,2026-07-08,LHAI,LHAI,2026/07/08-15:05,2026-07-08,2026-07-08T19:05:00Z,2026,7,1.515,1.61,1.5101,1.61,190774,,,,1,2026-07-08T19:43:31+00:00,47,SB LHAI MINCHART 2026/07/08-14:43 2026/07/08-15:43 1,candidate_chart_query,$Bar LHAI 2026/07/08-15:05 1.61 1.5101 1.515 1.61 190774 1
das_cmdapi_live_20260708T193719Z,2026-07-08,LHAI,LHAI,2026/07/08-15:04,2026-07-08,2026-07-08T19:04:00Z,2026,7,1.5101,1.5113,1.51,1.5113,1017,,,,1,2026-07-08T19:43:31+00:00,48,SB LHAI MINCHART 2026/07/08-14:43 2026/07/08-15:43 1,candidate_chart_query,$Bar LHAI 2026/07/08-15:04 1.5113 1.51 1.5101 1.5113 1017 1
das_cmdapi_live_20260708T193719Z,2026-07-08,LHAI,LHAI,2026/07/08-15:03,2026-07-08,2026-07-08T19:03:00Z,2026,7,1.525,1.525,1.51,1.51,3093,,,,1,2026-07-08T19:43:31+00:00,49,SB LHAI MINCHART 2026/07/08-14:43 2026/07/08-15:43 1,candidate_chart_query,$Bar LHAI 2026/07/08-15:03 1.525 1.51 1.525 1.51 3093 1
das_cmdapi_live_20260708T193719Z,2026-07-08,LHAI,LHAI,2026/07/08-15:02,2026-07-08,2026-07-08T19:02:00Z,2026,7,1.521,1.5255,1.5201,1.525,800,,,,1,2026-07-08T19:43:31+00:00,50,SB LHAI MINCHART 2026/07/08-14:43 2026/07/08-15:43 1,candidate_chart_query,$Bar LHAI 2026/07/08-15:02 1.5255 1.5201 1.521 1.525 800 1
das_cmdapi_live_20260708T193719Z,2026-07-08,LHAI,LHAI,2026/07/08-15:01,2026-07-08,2026-07-08T19:01:00Z,2026,7,1.525,1.525,1.52,1.52,3621,,,,1,2026-07-08T19:43:31+00:00,51,SB LHAI MINCHART 2026/07/08-14:43 2026/07/08-15:43 1,candidate_chart_query,$Bar LHAI 2026/07/08-15:01 1.525 1.52 1.525 1.52 3621 1
das_cmdapi_live_20260708T193719Z,2026-07-08,LHAI,LHAI,2026/07/08-15:00,2026-07-08,2026-07-08T19:00:00Z,2026,7,1.515,1.53,1.51,1.52,4233,,,,1,2026-07-08T19:43:31+00:00,52,SB LHAI MINCHART 2026/07/08-14:43 2026/07/08-15:43 1,candidate_chart_query,$Bar LHAI 2026/07/08-15:00 1.53 1.51 1.515 1.52 4233 1
das_cmdapi_live_20260708T193719Z,2026-07-08,LHAI,LHAI,2026/07/08-14:59,2026-07-08,2026-07-08T18:59:00Z,2026,7,1.515,1.52,1.51,1.515,2453,,,,1,2026-07-08T19:43:31+00:00,53,SB LHAI MINCHART 2026/07/08-14:43 2026/07/08-15:43 1,candidate_chart_query,$Bar LHAI 2026/07/08-14:59 1.52 1.51 1.515 1.515 2453 1
das_cmdapi_live_20260708T193719Z,2026-07-08,LHAI,LHAI,2026/07/08-14:58,2026-07-08,2026-07-08T18:58:00Z,2026,7,1.525,1.525,1.51,1.515,4675,,,,1,2026-07-08T19:43:31+00:00,54,SB LHAI MINCHART 2026/07/08-14:43 2026/07/08-15:43 1,candidate_chart_query,$Bar LHAI 2026/07/08-14:58 1.525 1.51 1.525 1.515 4675 1
das_cmdapi_live_20260708T193719Z,2026-07-08,LHAI,LHAI,2026/07/08-14:57,2026-07-08,2026-07-08T18:57:00Z,2026,7,1.5,1.5299,1.5,1.525,5479,,,,1,2026-07-08T19:43:31+00:00,55,SB LHAI MINCHART 2026/07/08-14:43 2026/07/08-15:43 1,candidate_chart_query,$Bar LHAI 2026/07/08-14:57 1.5299 1.5 1.5 1.525 5479 1
das_cmdapi_live_20260708T193719Z,2026-07-08,LHAI,LHAI,2026/07/08-14:56,2026-07-08,2026-07-08T18:56:00Z,2026,7,1.499,1.509,1.49,1.5,8688,,,,1,2026-07-08T19:43:31+00:00,56,SB LHAI MINCHART 2026/07/08-14:43 2026/07/08-15:43 1,candidate_chart_query,$Bar LHAI 2026/07/08-14:56 1.509 1.49 1.499 1.5 8688 1
das_cmdapi_live_20260708T193719Z,2026-07-08,LHAI,LHAI,2026/07/08-14:55,2026-07-08,2026-07-08T18:55:00Z,2026,7,1.5,1.5,1.495,1.5,3058,,,,1,2026-07-08T19:43:31+00:00,57,SB LHAI MINCHART 2026/07/08-14:43 2026/07/08-15:43 1,candidate_chart_query,$Bar LHAI 2026/07/08-14:55 1.5 1.495 1.5 1.5 3058 1
das_cmdapi_live_20260708T193719Z,2026-07-08,LHAI,LHAI,2026/07/08-14:54,2026-07-08,2026-07-08T18:54:00Z,2026,7,1.505,1.505,1.5,1.5,2100,,,,1,2026-07-08T19:43:31+00:00,58,SB LHAI MINCHART 2026/07/08-14:43 2026/07/08-15:43 1,candidate_chart_query,$Bar LHAI 2026/07/08-14:54 1.505 1.5 1.505 1.5 2100 1
das_cmdapi_live_20260708T193719Z,2026-07-08,LHAI,LHAI,2026/07/08-14:53,2026-07-08,2026-07-08T18:53:00Z,2026,7,1.51,1.51,1.49,1.49,28327,,,,1,2026-07-08T19:43:31+00:00,59,SB LHAI MINCHART 2026/07/08-14:43 2026/07/08-15:43 1,candidate_chart_query,$Bar LHAI 2026/07/08-14:53 1.51 1.49 1.51 1.49 28327 1
das_cmdapi_live_20260708T193719Z,2026-07-08,LHAI,LHAI,2026/07/08-14:52,2026-07-08,2026-07-08T18:52:00Z,2026,7,1.5199,1.5199,1.5,1.5099,13385,,,,1,2026-07-08T19:43:31+00:00,60,SB LHAI MINCHART 2026/07/08-14:43 2026/07/08-15:43 1,candidate_chart_query,$Bar LHAI 2026/07/08-14:52 1.5199 1.5 1.5199 1.5099 13385 1
das_cmdapi_live_20260708T193719Z,2026-07-08,LHAI,LHAI,2026/07/08-14:51,2026-07-08,2026-07-08T18:51:00Z,2026,7,1.515,1.52,1.51,1.52,10047,,,,1,2026-07-08T19:43:31+00:00,61,SB LHAI MINCHART 2026/07/08-14:43 2026/07/08-15:43 1,candidate_chart_query,$Bar LHAI 2026/07/08-14:51 1.52 1.51 1.515 1.52 10047 1
das_cmdapi_live_20260708T193719Z,2026-07-08,LHAI,LHAI,2026/07/08-14:50,2026-07-08,2026-07-08T18:50:00Z,2026,7,1.525,1.525,1.51,1.515,6264,,,,1,2026-07-08T19:43:31+00:00,62,SB LHAI MINCHART 2026/07/08-14:43 2026/07/08-15:43 1,candidate_chart_query,$Bar LHAI 2026/07/08-14:50 1.525 1.51 1.525 1.515 6264 1
das_cmdapi_live_20260708T193719Z,2026-07-08,LHAI,LHAI,2026/07/08-14:49,2026-07-08,2026-07-08T18:49:00Z,2026,7,1.529,1.529,1.52,1.52,9538,,,,1,2026-07-08T19:43:31+00:00,63,SB LHAI MINCHART 2026/07/08-14:43 2026/07/08-15:43 1,candidate_chart_query,$Bar LHAI 2026/07/08-14:49 1.529 1.52 1.529 1.52 9538 1
das_cmdapi_live_20260708T193719Z,2026-07-08,LHAI,LHAI,2026/07/08-14:48,2026-07-08,2026-07-08T18:48:00Z,2026,7,1.54,1.54,1.5201,1.525,10843,,,,1,2026-07-08T19:43:31+00:00,64,SB LHAI MINCHART 2026/07/08-14:43 2026/07/08-15:43 1,candidate_chart_query,$Bar LHAI 2026/07/08-14:48 1.54 1.5201 1.54 1.525 10843 1
das_cmdapi_live_20260708T193719Z,2026-07-08,LHAI,LHAI,2026/07/08-14:47,2026-07-08,2026-07-08T18:47:00Z,2026,7,1.54,1.54,1.54,1.54,880,,,,1,2026-07-08T19:43:31+00:00,65,SB LHAI MINCHART 2026/07/08-14:43 2026/07/08-15:43 1,candidate_chart_query,$Bar LHAI 2026/07/08-14:47 1.54 1.54 1.54 1.54 880 1
das_cmdapi_live_20260708T193719Z,2026-07-08,LHAI,LHAI,2026/07/08-14:46,2026-07-08,2026-07-08T18:46:00Z,2026,7,1.54,1.5499,1.53,1.535,7192,,,,1,2026-07-08T19:43:31+00:00,66,SB LHAI MINCHART 2026/07/08-14:43 2026/07/08-15:43 1,candidate_chart_query,$Bar LHAI 2026/07/08-14:46 1.5499 1.53 1.54 1.535 7192 1
das_cmdapi_live_20260708T193719Z,2026-07-08,LHAI,LHAI,2026/07/08-14:45,2026-07-08,2026-07-08T18:45:00Z,2026,7,1.5101,1.54,1.5101,1.54,9104,,,,1,2026-07-08T19:43:31+00:00,67,SB LHAI MINCHART 2026/07/08-14:43 2026/07/08-15:43 1,candidate_chart_query,$Bar LHAI 2026/07/08-14:45 1.54 1.5101 1.5101 1.54 9104 1
das_cmdapi_live_20260708T193719Z,2026-07-08,LHAI,LHAI,2026/07/08-14:44,2026-07-08,2026-07-08T18:44:00Z,2026,7,1.5301,1.54,1.51,1.525,14552,,,,1,2026-07-08T19:43:31+00:00,68,SB LHAI MINCHART 2026/07/08-14:43 2026/07/08-15:43 1,candidate_chart_query,$Bar LHAI 2026/07/08-14:44 1.54 1.51 1.5301 1.525 14552 1
das_cmdapi_live_20260708T193719Z,2026-07-08,LHAI,LHAI,2026/07/08-14:43,2026-07-08,2026-07-08T18:43:00Z,2026,7,1.535,1.5392,1.53,1.535,3505,,,,1,2026-07-08T19:43:31+00:00,69,SB LHAI MINCHART 2026/07/08-14:43 2026/07/08-15:43 1,candidate_chart_query,$Bar LHAI 2026/07/08-14:43 1.5392 1.53 1.535 1.535 3505 1
das_cmdapi_live_20260708T193719Z,2026-07-08,ZCMD,ZCMD,2026/07/08-15:43,2026-07-08,2026-07-08T19:43:00Z,2026,7,2.72,2.72,2.719,2.72,935,,,,1,2026-07-08T19:43:57+00:00,5,SB ZCMD MINCHART 2026/07/08-14:43 2026/07/08-15:43 1,candidate_chart_query,$Bar ZCMD 2026/07/08-15:43 2.72 2.719 2.72 2.72 935 1
das_cmdapi_live_20260708T193719Z,2026-07-08,ZCMD,ZCMD,2026/07/08-15:42,2026-07-08,2026-07-08T19:42:00Z,2026,7,2.67,2.72,2.67,2.72,4929,,,,1,2026-07-08T19:43:57+00:00,6,SB ZCMD MINCHART 2026/07/08-14:43 2026/07/08-15:43 1,candidate_chart_query,$Bar ZCMD 2026/07/08-15:42 2.72 2.67 2.67 2.72 4929 1
das_cmdapi_live_20260708T193719Z,2026-07-08,ZCMD,ZCMD,2026/07/08-15:41,2026-07-08,2026-07-08T19:41:00Z,2026,7,2.7201,2.74,2.66,2.73,8905,,,,1,2026-07-08T19:43:57+00:00,7,SB ZCMD MINCHART 2026/07/08-14:43 2026/07/08-15:43 1,candidate_chart_query,$Bar ZCMD 2026/07/08-15:41 2.74 2.66 2.7201 2.73 8905 1
das_cmdapi_live_20260708T193719Z,2026-07-08,ZCMD,ZCMD,2026/07/08-15:40,2026-07-08,2026-07-08T19:40:00Z,2026,7,2.74,2.74,2.72,2.72,1618,,,,1,2026-07-08T19:43:57+00:00,8,SB ZCMD MINCHART 2026/07/08-14:43 2026/07/08-15:43 1,candidate_chart_query,$Bar ZCMD 2026/07/08-15:40 2.74 2.72 2.74 2.72 1618 1
das_cmdapi_live_20260708T193719Z,2026-07-08,ZCMD,ZCMD,2026/07/08-15:39,2026-07-08,2026-07-08T19:39:00Z,2026,7,2.729,2.74,2.729,2.73,6246,,,,1,2026-07-08T19:43:57+00:00,9,SB ZCMD MINCHART 2026/07/08-14:43 2026/07/08-15:43 1,candidate_chart_query,$Bar ZCMD 2026/07/08-15:39 2.74 2.729 2.729 2.73 6246 1
das_cmdapi_live_20260708T193719Z,2026-07-08,ZCMD,ZCMD,2026/07/08-15:38,2026-07-08,2026-07-08T19:38:00Z,2026,7,2.69,2.73,2.69,2.73,3506,,,,1,2026-07-08T19:43:57+00:00,10,SB ZCMD MINCHART 2026/07/08-14:43 2026/07/08-15:43 1,candidate_chart_query,$Bar ZCMD 2026/07/08-15:38 2.73 2.69 2.69 2.73 3506 1
das_cmdapi_live_20260708T193719Z,2026-07-08,ZCMD,ZCMD,2026/07/08-15:37,2026-07-08,2026-07-08T19:37:00Z,2026,7,2.6454,2.69,2.62,2.685,2598,,,,1,2026-07-08T19:43:57+00:00,11,SB ZCMD MINCHART 2026/07/08-14:43 2026/07/08-15:43 1,candidate_chart_query,$Bar ZCMD 2026/07/08-15:37 2.69 2.62 2.6454 2.685 2598 1
das_cmdapi_live_20260708T193719Z,2026-07-08,ZCMD,ZCMD,2026/07/08-15:36,2026-07-08,2026-07-08T19:36:00Z,2026,7,2.69,2.69,2.62,2.62,6807,,,,1,2026-07-08T19:43:57+00:00,12,SB ZCMD MINCHART 2026/07/08-14:43 2026/07/08-15:43 1,candidate_chart_query,$Bar ZCMD 2026/07/08-15:36 2.69 2.62 2.69 2.62 6807 1
das_cmdapi_live_20260708T193719Z,2026-07-08,ZCMD,ZCMD,2026/07/08-15:35,2026-07-08,2026-07-08T19:35:00Z,2026,7,2.7,2.7,2.68,2.6914,1844,,,,1,2026-07-08T19:43:57+00:00,13,SB ZCMD MINCHART 2026/07/08-14:43 2026/07/08-15:43 1,candidate_chart_query,$Bar ZCMD 2026/07/08-15:35 2.7 2.68 2.7 2.6914 1844 1
das_cmdapi_live_20260708T193719Z,2026-07-08,ZCMD,ZCMD,2026/07/08-15:34,2026-07-08,2026-07-08T19:34:00Z,2026,7,2.7,2.74,2.7,2.7,5284,,,,1,2026-07-08T19:43:57+00:00,14,SB ZCMD MINCHART 2026/07/08-14:43 2026/07/08-15:43 1,candidate_chart_query,$Bar ZCMD 2026/07/08-15:34 2.74 2.7 2.7 2.7 5284 1
das_cmdapi_live_20260708T193719Z,2026-07-08,ZCMD,ZCMD,2026/07/08-15:33,2026-07-08,2026-07-08T19:33:00Z,2026,7,2.7,2.72,2.68,2.695,1059,,,,1,2026-07-08T19:43:57+00:00,15,SB ZCMD MINCHART 2026/07/08-14:43 2026/07/08-15:43 1,candidate_chart_query,$Bar ZCMD 2026/07/08-15:33 2.72 2.68 2.7 2.695 1059 1
das_cmdapi_live_20260708T193719Z,2026-07-08,ZCMD,ZCMD,2026/07/08-15:32,2026-07-08,2026-07-08T19:32:00Z,2026,7,2.681,2.7,2.68,2.7,4587,,,,1,2026-07-08T19:43:57+00:00,16,SB ZCMD MINCHART 2026/07/08-14:43 2026/07/08-15:43 1,candidate_chart_query,$Bar ZCMD 2026/07/08-15:32 2.7 2.68 2.681 2.7 4587 1
das_cmdapi_live_20260708T193719Z,2026-07-08,ZCMD,ZCMD,2026/07/08-15:31,2026-07-08,2026-07-08T19:31:00Z,2026,7,2.7,2.74,2.69,2.69,7195,,,,1,2026-07-08T19:43:57+00:00,17,SB ZCMD MINCHART 2026/07/08-14:43 2026/07/08-15:43 1,candidate_chart_query,$Bar ZCMD 2026/07/08-15:31 2.74 2.69 2.7 2.69 7195 1
das_cmdapi_live_20260708T193719Z,2026-07-08,ZCMD,ZCMD,2026/07/08-15:30,2026-07-08,2026-07-08T19:30:00Z,2026,7,2.68,2.73,2.68,2.73,9193,,,,1,2026-07-08T19:43:57+00:00,18,SB ZCMD MINCHART 2026/07/08-14:43 2026/07/08-15:43 1,candidate_chart_query,$Bar ZCMD 2026/07/08-15:30 2.73 2.68 2.68 2.73 9193 1
das_cmdapi_live_20260708T193719Z,2026-07-08,ZCMD,ZCMD,2026/07/08-15:29,2026-07-08,2026-07-08T19:29:00Z,2026,7,2.719,2.73,2.68,2.69,18424,,,,1,2026-07-08T19:43:57+00:00,19,SB ZCMD MINCHART 2026/07/08-14:43 2026/07/08-15:43 1,candidate_chart_query,$Bar ZCMD 2026/07/08-15:29 2.73 2.68 2.719 2.69 18424 1
das_cmdapi_live_20260708T193719Z,2026-07-08,ZCMD,ZCMD,2026/07/08-15:28,2026-07-08,2026-07-08T19:28:00Z,2026,7,2.67,2.73,2.67,2.729,19803,,,,1,2026-07-08T19:43:57+00:00,20,SB ZCMD MINCHART 2026/07/08-14:43 2026/07/08-15:43 1,candidate_chart_query,$Bar ZCMD 2026/07/08-15:28 2.73 2.67 2.67 2.729 19803 1
das_cmdapi_live_20260708T193719Z,2026-07-08,ZCMD,ZCMD,2026/07/08-15:27,2026-07-08,2026-07-08T19:27:00Z,2026,7,2.6273,2.67,2.6273,2.669,15901,,,,1,2026-07-08T19:43:57+00:00,21,SB ZCMD MINCHART 2026/07/08-14:43 2026/07/08-15:43 1,candidate_chart_query,$Bar ZCMD 2026/07/08-15:27 2.67 2.6273 2.6273 2.669 15901 1
das_cmdapi_live_20260708T193719Z,2026-07-08,ZCMD,ZCMD,2026/07/08-15:26,2026-07-08,2026-07-08T19:26:00Z,2026,7,2.63,2.7,2.6201,2.645,6226,,,,1,2026-07-08T19:43:57+00:00,22,SB ZCMD MINCHART 2026/07/08-14:43 2026/07/08-15:43 1,candidate_chart_query,$Bar ZCMD 2026/07/08-15:26 2.7 2.6201 2.63 2.645 6226 1
das_cmdapi_live_20260708T193719Z,2026-07-08,ZCMD,ZCMD,2026/07/08-15:25,2026-07-08,2026-07-08T19:25:00Z,2026,7,2.63,2.64,2.58,2.5834,7831,,,,1,2026-07-08T19:43:57+00:00,23,SB ZCMD MINCHART 2026/07/08-14:43 2026/07/08-15:43 1,candidate_chart_query,$Bar ZCMD 2026/07/08-15:25 2.64 2.58 2.63 2.5834 7831 1
das_cmdapi_live_20260708T193719Z,2026-07-08,ZCMD,ZCMD,2026/07/08-15:24,2026-07-08,2026-07-08T19:24:00Z,2026,7,2.6,2.63,2.6,2.61,10350,,,,1,2026-07-08T19:43:57+00:00,24,SB ZCMD MINCHART 2026/07/08-14:43 2026/07/08-15:43 1,candidate_chart_query,$Bar ZCMD 2026/07/08-15:24 2.63 2.6 2.6 2.61 10350 1
das_cmdapi_live_20260708T193719Z,2026-07-08,ZCMD,ZCMD,2026/07/08-15:23,2026-07-08,2026-07-08T19:23:00Z,2026,7,2.56,2.6,2.56,2.6,3789,,,,1,2026-07-08T19:43:57+00:00,25,SB ZCMD MINCHART 2026/07/08-14:43 2026/07/08-15:43 1,candidate_chart_query,$Bar ZCMD 2026/07/08-15:23 2.6 2.56 2.56 2.6 3789 1
das_cmdapi_live_20260708T193719Z,2026-07-08,ZCMD,ZCMD,2026/07/08-15:22,2026-07-08,2026-07-08T19:22:00Z,2026,7,2.605,2.61,2.55,2.55,6498,,,,1,2026-07-08T19:43:57+00:00,26,SB ZCMD MINCHART 2026/07/08-14:43 2026/07/08-15:43 1,candidate_chart_query,$Bar ZCMD 2026/07/08-15:22 2.61 2.55 2.605 2.55 6498 1
das_cmdapi_live_20260708T193719Z,2026-07-08,ZCMD,ZCMD,2026/07/08-15:21,2026-07-08,2026-07-08T19:21:00Z,2026,7,2.6,2.61,2.59,2.61,6226,,,,1,2026-07-08T19:43:57+00:00,27,SB ZCMD MINCHART 2026/07/08-14:43 2026/07/08-15:43 1,candidate_chart_query,$Bar ZCMD 2026/07/08-15:21 2.61 2.59 2.6 2.61 6226 1
das_cmdapi_live_20260708T193719Z,2026-07-08,ZCMD,ZCMD,2026/07/08-15:20,2026-07-08,2026-07-08T19:20:00Z,2026,7,2.52,2.59,2.52,2.59,9359,,,,1,2026-07-08T19:43:57+00:00,28,SB ZCMD MINCHART 2026/07/08-14:43 2026/07/08-15:43 1,candidate_chart_query,$Bar ZCMD 2026/07/08-15:20 2.59 2.52 2.52 2.59 9359 1
das_cmdapi_live_20260708T193719Z,2026-07-08,ZCMD,ZCMD,2026/07/08-15:19,2026-07-08,2026-07-08T19:19:00Z,2026,7,2.54,2.54,2.53,2.53,749,,,,1,2026-07-08T19:43:57+00:00,29,SB ZCMD MINCHART 2026/07/08-14:43 2026/07/08-15:43 1,candidate_chart_query,$Bar ZCMD 2026/07/08-15:19 2.54 2.53 2.54 2.53 749 1
das_cmdapi_live_20260708T193719Z,2026-07-08,ZCMD,ZCMD,2026/07/08-15:18,2026-07-08,2026-07-08T19:18:00Z,2026,7,2.54,2.54,2.525,2.539,830,,,,1,2026-07-08T19:43:57+00:00,30,SB ZCMD MINCHART 2026/07/08-14:43 2026/07/08-15:43 1,candidate_chart_query,$Bar ZCMD 2026/07/08-15:18 2.54 2.525 2.54 2.539 830 1
das_cmdapi_live_20260708T193719Z,2026-07-08,ZCMD,ZCMD,2026/07/08-15:17,2026-07-08,2026-07-08T19:17:00Z,2026,7,2.52,2.539,2.52,2.52,400,,,,1,2026-07-08T19:43:57+00:00,31,SB ZCMD MINCHART 2026/07/08-14:43 2026/07/08-15:43 1,candidate_chart_query,$Bar ZCMD 2026/07/08-15:17 2.539 2.52 2.52 2.52 400 1
das_cmdapi_live_20260708T193719Z,2026-07-08,ZCMD,ZCMD,2026/07/08-15:16,2026-07-08,2026-07-08T19:16:00Z,2026,7,2.525,2.525,2.52,2.52,300,,,,1,2026-07-08T19:43:57+00:00,32,SB ZCMD MINCHART 2026/07/08-14:43 2026/07/08-15:43 1,candidate_chart_query,$Bar ZCMD 2026/07/08-15:16 2.525 2.52 2.525 2.52 300 1
das_cmdapi_live_20260708T193719Z,2026-07-08,ZCMD,ZCMD,2026/07/08-15:15,2026-07-08,2026-07-08T19:15:00Z,2026,7,2.51,2.525,2.5,2.51,1296,,,,1,2026-07-08T19:43:57+00:00,33,SB ZCMD MINCHART 2026/07/08-14:43 2026/07/08-15:43 1,candidate_chart_query,$Bar ZCMD 2026/07/08-15:15 2.525 2.5 2.51 2.51 1296 1
das_cmdapi_live_20260708T193719Z,2026-07-08,ZCMD,ZCMD,2026/07/08-15:14,2026-07-08,2026-07-08T19:14:00Z,2026,7,2.54,2.54,2.5,2.5232,2097,,,,1,2026-07-08T19:43:57+00:00,34,SB ZCMD MINCHART 2026/07/08-14:43 2026/07/08-15:43 1,candidate_chart_query,$Bar ZCMD 2026/07/08-15:14 2.54 2.5 2.54 2.5232 2097 1
das_cmdapi_live_20260708T193719Z,2026-07-08,ZCMD,ZCMD,2026/07/08-15:13,2026-07-08,2026-07-08T19:13:00Z,2026,7,2.535,2.539,2.53,2.53,1769,,,,1,2026-07-08T19:43:57+00:00,35,SB ZCMD MINCHART 2026/07/08-14:43 2026/07/08-15:43 1,candidate_chart_query,$Bar ZCMD 2026/07/08-15:13 2.539 2.53 2.535 2.53 1769 1
das_cmdapi_live_20260708T193719Z,2026-07-08,ZCMD,ZCMD,2026/07/08-15:12,2026-07-08,2026-07-08T19:12:00Z,2026,7,2.535,2.54,2.535,2.535,650,,,,1,2026-07-08T19:43:57+00:00,36,SB ZCMD MINCHART 2026/07/08-14:43 2026/07/08-15:43 1,candidate_chart_query,$Bar ZCMD 2026/07/08-15:12 2.54 2.535 2.535 2.535 650 1
das_cmdapi_live_20260708T193719Z,2026-07-08,ZCMD,ZCMD,2026/07/08-15:11,2026-07-08,2026-07-08T19:11:00Z,2026,7,2.5301,2.54,2.5301,2.54,450,,,,1,2026-07-08T19:43:57+00:00,37,SB ZCMD MINCHART 2026/07/08-14:43 2026/07/08-15:43 1,candidate_chart_query,$Bar ZCMD 2026/07/08-15:11 2.54 2.5301 2.5301 2.54 450 1
das_cmdapi_live_20260708T193719Z,2026-07-08,ZCMD,ZCMD,2026/07/08-15:10,2026-07-08,2026-07-08T19:10:00Z,2026,7,2.539,2.54,2.539,2.54,200,,,,1,2026-07-08T19:43:57+00:00,38,SB ZCMD MINCHART 2026/07/08-14:43 2026/07/08-15:43 1,candidate_chart_query,$Bar ZCMD 2026/07/08-15:10 2.54 2.539 2.539 2.54 200 1
das_cmdapi_live_20260708T193719Z,2026-07-08,ZCMD,ZCMD,2026/07/08-15:09,2026-07-08,2026-07-08T19:09:00Z,2026,7,2.54,2.54,2.5388,2.54,760,,,,1,2026-07-08T19:43:57+00:00,39,SB ZCMD MINCHART 2026/07/08-14:43 2026/07/08-15:43 1,candidate_chart_query,$Bar ZCMD 2026/07/08-15:09 2.54 2.5388 2.54 2.54 760 1
das_cmdapi_live_20260708T193719Z,2026-07-08,ZCMD,ZCMD,2026/07/08-15:08,2026-07-08,2026-07-08T19:08:00Z,2026,7,2.5047,2.539,2.5047,2.5055,1000,,,,1,2026-07-08T19:43:57+00:00,40,SB ZCMD MINCHART 2026/07/08-14:43 2026/07/08-15:43 1,candidate_chart_query,$Bar ZCMD 2026/07/08-15:08 2.539 2.5047 2.5047 2.5055 1000 1
das_cmdapi_live_20260708T193719Z,2026-07-08,ZCMD,ZCMD,2026/07/08-15:07,2026-07-08,2026-07-08T19:07:00Z,2026,7,2.5388,2.5388,2.5388,2.5388,100,,,,1,2026-07-08T19:43:57+00:00,41,SB ZCMD MINCHART 2026/07/08-14:43 2026/07/08-15:43 1,candidate_chart_query,$Bar ZCMD 2026/07/08-15:07 2.5388 2.5388 2.5388 2.5388 100 1
das_cmdapi_live_20260708T193719Z,2026-07-08,ZCMD,ZCMD,2026/07/08-15:06,2026-07-08,2026-07-08T19:06:00Z,2026,7,2.54,2.54,2.53,2.53,1500,,,,1,2026-07-08T19:43:57+00:00,42,SB ZCMD MINCHART 2026/07/08-14:43 2026/07/08-15:43 1,candidate_chart_query,$Bar ZCMD 2026/07/08-15:06 2.54 2.53 2.54 2.53 1500 1
das_cmdapi_live_20260708T193719Z,2026-07-08,ZCMD,ZCMD,2026/07/08-15:05,2026-07-08,2026-07-08T19:05:00Z,2026,7,2.549,2.549,2.549,2.549,200,,,,1,2026-07-08T19:43:57+00:00,43,SB ZCMD MINCHART 2026/07/08-14:43 2026/07/08-15:43 1,candidate_chart_query,$Bar ZCMD 2026/07/08-15:05 2.549 2.549 2.549 2.549 200 1
das_cmdapi_live_20260708T193719Z,2026-07-08,ZCMD,ZCMD,2026/07/08-15:04,2026-07-08,2026-07-08T19:04:00Z,2026,7,2.54,2.55,2.54,2.54,2100,,,,1,2026-07-08T19:43:57+00:00,44,SB ZCMD MINCHART 2026/07/08-14:43 2026/07/08-15:43 1,candidate_chart_query,$Bar ZCMD 2026/07/08-15:04 2.55 2.54 2.54 2.54 2100 1
das_cmdapi_live_20260708T193719Z,2026-07-08,ZCMD,ZCMD,2026/07/08-15:03,2026-07-08,2026-07-08T19:03:00Z,2026,7,2.54,2.55,2.5051,2.5051,2320,,,,1,2026-07-08T19:43:57+00:00,45,SB ZCMD MINCHART 2026/07/08-14:43 2026/07/08-15:43 1,candidate_chart_query,$Bar ZCMD 2026/07/08-15:03 2.55 2.5051 2.54 2.5051 2320 1
das_cmdapi_live_20260708T193719Z,2026-07-08,ZCMD,ZCMD,2026/07/08-15:02,2026-07-08,2026-07-08T19:02:00Z,2026,7,2.53,2.549,2.53,2.549,3706,,,,1,2026-07-08T19:43:57+00:00,46,SB ZCMD MINCHART 2026/07/08-14:43 2026/07/08-15:43 1,candidate_chart_query,$Bar ZCMD 2026/07/08-15:02 2.549 2.53 2.53 2.549 3706 1
das_cmdapi_live_20260708T193719Z,2026-07-08,ZCMD,ZCMD,2026/07/08-15:01,2026-07-08,2026-07-08T19:01:00Z,2026,7,2.509,2.54,2.509,2.539,1877,,,,1,2026-07-08T19:43:57+00:00,47,SB ZCMD MINCHART 2026/07/08-14:43 2026/07/08-15:43 1,candidate_chart_query,$Bar ZCMD 2026/07/08-15:01 2.54 2.509 2.509 2.539 1877 1
das_cmdapi_live_20260708T193719Z,2026-07-08,ZCMD,ZCMD,2026/07/08-15:00,2026-07-08,2026-07-08T19:00:00Z,2026,7,2.505,2.509,2.5,2.5,1302,,,,1,2026-07-08T19:43:57+00:00,48,SB ZCMD MINCHART 2026/07/08-14:43 2026/07/08-15:43 1,candidate_chart_query,$Bar ZCMD 2026/07/08-15:00 2.509 2.5 2.505 2.5 1302 1
das_cmdapi_live_20260708T193719Z,2026-07-08,ZCMD,ZCMD,2026/07/08-14:59,2026-07-08,2026-07-08T18:59:00Z,2026,7,2.51,2.51,2.51,2.51,200,,,,1,2026-07-08T19:43:57+00:00,49,SB ZCMD MINCHART 2026/07/08-14:43 2026/07/08-15:43 1,candidate_chart_query,$Bar ZCMD 2026/07/08-14:59 2.51 2.51 2.51 2.51 200 1
das_cmdapi_live_20260708T193719Z,2026-07-08,ZCMD,ZCMD,2026/07/08-14:58,2026-07-08,2026-07-08T18:58:00Z,2026,7,2.495,2.52,2.495,2.51,2700,,,,1,2026-07-08T19:43:57+00:00,50,SB ZCMD MINCHART 2026/07/08-14:43 2026/07/08-15:43 1,candidate_chart_query,$Bar ZCMD 2026/07/08-14:58 2.52 2.495 2.495 2.51 2700 1
das_cmdapi_live_20260708T193719Z,2026-07-08,ZCMD,ZCMD,2026/07/08-14:57,2026-07-08,2026-07-08T18:57:00Z,2026,7,2.49,2.5191,2.49,2.5191,300,,,,1,2026-07-08T19:43:57+00:00,51,SB ZCMD MINCHART 2026/07/08-14:43 2026/07/08-15:43 1,candidate_chart_query,$Bar ZCMD 2026/07/08-14:57 2.5191 2.49 2.49 2.5191 300 1
das_cmdapi_live_20260708T193719Z,2026-07-08,ZCMD,ZCMD,2026/07/08-14:56,2026-07-08,2026-07-08T18:56:00Z,2026,7,2.51,2.52,2.4511,2.52,3057,,,,1,2026-07-08T19:43:57+00:00,52,SB ZCMD MINCHART 2026/07/08-14:43 2026/07/08-15:43 1,candidate_chart_query,$Bar ZCMD 2026/07/08-14:56 2.52 2.4511 2.51 2.52 3057 1
das_cmdapi_live_20260708T193719Z,2026-07-08,ZCMD,ZCMD,2026/07/08-14:55,2026-07-08,2026-07-08T18:55:00Z,2026,7,2.52,2.52,2.52,2.52,200,,,,1,2026-07-08T19:43:57+00:00,53,SB ZCMD MINCHART 2026/07/08-14:43 2026/07/08-15:43 1,candidate_chart_query,$Bar ZCMD 2026/07/08-14:55 2.52 2.52 2.52 2.52 200 1
das_cmdapi_live_20260708T193719Z,2026-07-08,ZCMD,ZCMD,2026/07/08-14:54,2026-07-08,2026-07-08T18:54:00Z,2026,7,2.51,2.52,2.5,2.52,586,,,,1,2026-07-08T19:43:57+00:00,54,SB ZCMD MINCHART 2026/07/08-14:43 2026/07/08-15:43 1,candidate_chart_query,$Bar ZCMD 2026/07/08-14:54 2.52 2.5 2.51 2.52 586 1
das_cmdapi_live_20260708T193719Z,2026-07-08,ZCMD,ZCMD,2026/07/08-14:53,2026-07-08,2026-07-08T18:53:00Z,2026,7,2.52,2.52,2.51,2.51,456,,,,1,2026-07-08T19:43:57+00:00,55,SB ZCMD MINCHART 2026/07/08-14:43 2026/07/08-15:43 1,candidate_chart_query,$Bar ZCMD 2026/07/08-14:53 2.52 2.51 2.52 2.51 456 1
das_cmdapi_live_20260708T193719Z,2026-07-08,ZCMD,ZCMD,2026/07/08-14:52,2026-07-08,2026-07-08T18:52:00Z,2026,7,2.54,2.54,2.5055,2.52,1307,,,,1,2026-07-08T19:43:57+00:00,56,SB ZCMD MINCHART 2026/07/08-14:43 2026/07/08-15:43 1,candidate_chart_query,$Bar ZCMD 2026/07/08-14:52 2.54 2.5055 2.54 2.52 1307 1
das_cmdapi_live_20260708T193719Z,2026-07-08,ZCMD,ZCMD,2026/07/08-14:51,2026-07-08,2026-07-08T18:51:00Z,2026,7,2.5356,2.55,2.51,2.54,7393,,,,1,2026-07-08T19:43:57+00:00,57,SB ZCMD MINCHART 2026/07/08-14:43 2026/07/08-15:43 1,candidate_chart_query,$Bar ZCMD 2026/07/08-14:51 2.55 2.51 2.5356 2.54 7393 1
das_cmdapi_live_20260708T193719Z,2026-07-08,ZCMD,ZCMD,2026/07/08-14:50,2026-07-08,2026-07-08T18:50:00Z,2026,7,2.54,2.54,2.51,2.539,885,,,,1,2026-07-08T19:43:57+00:00,58,SB ZCMD MINCHART 2026/07/08-14:43 2026/07/08-15:43 1,candidate_chart_query,$Bar ZCMD 2026/07/08-14:50 2.54 2.51 2.54 2.539 885 1
das_cmdapi_live_20260708T193719Z,2026-07-08,ZCMD,ZCMD,2026/07/08-14:49,2026-07-08,2026-07-08T18:49:00Z,2026,7,2.539,2.54,2.5388,2.54,1800,,,,1,2026-07-08T19:43:57+00:00,59,SB ZCMD MINCHART 2026/07/08-14:43 2026/07/08-15:43 1,candidate_chart_query,$Bar ZCMD 2026/07/08-14:49 2.54 2.5388 2.539 2.54 1800 1
das_cmdapi_live_20260708T193719Z,2026-07-08,ZCMD,ZCMD,2026/07/08-14:48,2026-07-08,2026-07-08T18:48:00Z,2026,7,2.539,2.539,2.536,2.536,400,,,,1,2026-07-08T19:43:57+00:00,60,SB ZCMD MINCHART 2026/07/08-14:43 2026/07/08-15:43 1,candidate_chart_query,$Bar ZCMD 2026/07/08-14:48 2.539 2.536 2.539 2.536 400 1
das_cmdapi_live_20260708T193719Z,2026-07-08,ZCMD,ZCMD,2026/07/08-14:47,2026-07-08,2026-07-08T18:47:00Z,2026,7,2.519,2.52,2.519,2.52,800,,,,1,2026-07-08T19:43:57+00:00,61,SB ZCMD MINCHART 2026/07/08-14:43 2026/07/08-15:43 1,candidate_chart_query,$Bar ZCMD 2026/07/08-14:47 2.52 2.519 2.519 2.52 800 1
das_cmdapi_live_20260708T193719Z,2026-07-08,ZCMD,ZCMD,2026/07/08-14:46,2026-07-08,2026-07-08T18:46:00Z,2026,7,2.47,2.519,2.47,2.519,2013,,,,1,2026-07-08T19:43:57+00:00,62,SB ZCMD MINCHART 2026/07/08-14:43 2026/07/08-15:43 1,candidate_chart_query,$Bar ZCMD 2026/07/08-14:46 2.519 2.47 2.47 2.519 2013 1
das_cmdapi_live_20260708T193719Z,2026-07-08,ZCMD,ZCMD,2026/07/08-14:45,2026-07-08,2026-07-08T18:45:00Z,2026,7,2.499,2.499,2.499,2.499,200,,,,1,2026-07-08T19:43:57+00:00,63,SB ZCMD MINCHART 2026/07/08-14:43 2026/07/08-15:43 1,candidate_chart_query,$Bar ZCMD 2026/07/08-14:45 2.499 2.499 2.499 2.499 200 1
das_cmdapi_live_20260708T193719Z,2026-07-08,ZCMD,ZCMD,2026/07/08-14:44,2026-07-08,2026-07-08T18:44:00Z,2026,7,2.499,2.499,2.45,2.49,1472,,,,1,2026-07-08T19:43:57+00:00,64,SB ZCMD MINCHART 2026/07/08-14:43 2026/07/08-15:43 1,candidate_chart_query,$Bar ZCMD 2026/07/08-14:44 2.499 2.45 2.499 2.49 1472 1
das_cmdapi_live_20260708T193719Z,2026-07-08,ZCMD,ZCMD,2026/07/08-14:43,2026-07-08,2026-07-08T18:43:00Z,2026,7,2.499,2.499,2.499,2.499,300,,,,1,2026-07-08T19:43:57+00:00,65,SB ZCMD MINCHART 2026/07/08-14:43 2026/07/08-15:43 1,candidate_chart_query,$Bar ZCMD 2026/07/08-14:43 2.499 2.499 2.499 2.499 300 1
das_cmdapi_live_20260708T193719Z,2026-07-08,VANI,VANI,2026/07/08-15:43,2026-07-08,2026-07-08T19:43:00Z,2026,7,1.585,1.59,1.585,1.585,2550,,,,1,2026-07-08T19:44:22+00:00,12,SB VANI MINCHART 2026/07/08-14:43 2026/07/08-15:43 1,candidate_chart_query,$Bar VANI 2026/07/08-15:43 1.59 1.585 1.585 1.585 2550 1
das_cmdapi_live_20260708T193719Z,2026-07-08,VANI,VANI,2026/07/08-15:42,2026-07-08,2026-07-08T19:42:00Z,2026,7,1.585,1.5891,1.585,1.585,7000,,,,1,2026-07-08T19:44:22+00:00,13,SB VANI MINCHART 2026/07/08-14:43 2026/07/08-15:43 1,candidate_chart_query,$Bar VANI 2026/07/08-15:42 1.5891 1.585 1.585 1.585 7000 1
das_cmdapi_live_20260708T193719Z,2026-07-08,VANI,VANI,2026/07/08-15:41,2026-07-08,2026-07-08T19:41:00Z,2026,7,1.585,1.585,1.5807,1.585,1872,,,,1,2026-07-08T19:44:22+00:00,14,SB VANI MINCHART 2026/07/08-14:43 2026/07/08-15:43 1,candidate_chart_query,$Bar VANI 2026/07/08-15:41 1.585 1.5807 1.585 1.585 1872 1
das_cmdapi_live_20260708T193719Z,2026-07-08,VANI,VANI,2026/07/08-15:40,2026-07-08,2026-07-08T19:40:00Z,2026,7,1.585,1.585,1.585,1.585,2760,,,,1,2026-07-08T19:44:22+00:00,15,SB VANI MINCHART 2026/07/08-14:43 2026/07/08-15:43 1,candidate_chart_query,$Bar VANI 2026/07/08-15:40 1.585 1.585 1.585 1.585 2760 1
das_cmdapi_live_20260708T193719Z,2026-07-08,VANI,VANI,2026/07/08-15:39,2026-07-08,2026-07-08T19:39:00Z,2026,7,1.585,1.585,1.585,1.585,2700,,,,1,2026-07-08T19:44:22+00:00,16,SB VANI MINCHART 2026/07/08-14:43 2026/07/08-15:43 1,candidate_chart_query,$Bar VANI 2026/07/08-15:39 1.585 1.585 1.585 1.585 2700 1
das_cmdapi_live_20260708T193719Z,2026-07-08,VANI,VANI,2026/07/08-15:38,2026-07-08,2026-07-08T19:38:00Z,2026,7,1.585,1.585,1.585,1.585,600,,,,1,2026-07-08T19:44:22+00:00,17,SB VANI MINCHART 2026/07/08-14:43 2026/07/08-15:43 1,candidate_chart_query,$Bar VANI 2026/07/08-15:38 1.585 1.585 1.585 1.585 600 1
das_cmdapi_live_20260708T193719Z,2026-07-08,VANI,VANI,2026/07/08-15:37,2026-07-08,2026-07-08T19:37:00Z,2026,7,1.59,1.59,1.58,1.58,29376,,,,1,2026-07-08T19:44:22+00:00,18,SB VANI MINCHART 2026/07/08-14:43 2026/07/08-15:43 1,candidate_chart_query,$Bar VANI 2026/07/08-15:37 1.59 1.58 1.59 1.58 29376 1
das_cmdapi_live_20260708T193719Z,2026-07-08,VANI,VANI,2026/07/08-15:36,2026-07-08,2026-07-08T19:36:00Z,2026,7,1.59,1.59,1.59,1.59,721,,,,1,2026-07-08T19:44:22+00:00,19,SB VANI MINCHART 2026/07/08-14:43 2026/07/08-15:43 1,candidate_chart_query,$Bar VANI 2026/07/08-15:36 1.59 1.59 1.59 1.59 721 1
das_cmdapi_live_20260708T193719Z,2026-07-08,VANI,VANI,2026/07/08-15:35,2026-07-08,2026-07-08T19:35:00Z,2026,7,1.59,1.59,1.58,1.5899,21800,,,,1,2026-07-08T19:44:22+00:00,20,SB VANI MINCHART 2026/07/08-14:43 2026/07/08-15:43 1,candidate_chart_query,$Bar VANI 2026/07/08-15:35 1.59 1.58 1.59 1.5899 21800 1
das_cmdapi_live_20260708T193719Z,2026-07-08,VANI,VANI,2026/07/08-15:34,2026-07-08,2026-07-08T19:34:00Z,2026,7,1.59,1.59,1.59,1.59,800,,,,1,2026-07-08T19:44:22+00:00,21,SB VANI MINCHART 2026/07/08-14:43 2026/07/08-15:43 1,candidate_chart_query,$Bar VANI 2026/07/08-15:34 1.59 1.59 1.59 1.59 800 1
das_cmdapi_live_20260708T193719Z,2026-07-08,VANI,VANI,2026/07/08-15:33,2026-07-08,2026-07-08T19:33:00Z,2026,7,1.59,1.59,1.585,1.5887,5100,,,,1,2026-07-08T19:44:22+00:00,22,SB VANI MINCHART 2026/07/08-14:43 2026/07/08-15:43 1,candidate_chart_query,$Bar VANI 2026/07/08-15:33 1.59 1.585 1.59 1.5887 5100 1
das_cmdapi_live_20260708T193719Z,2026-07-08,VANI,VANI,2026/07/08-15:32,2026-07-08,2026-07-08T19:32:00Z,2026,7,1.59,1.59,1.5818,1.59,3900,,,,1,2026-07-08T19:44:22+00:00,23,SB VANI MINCHART 2026/07/08-14:43 2026/07/08-15:43 1,candidate_chart_query,$Bar VANI 2026/07/08-15:32 1.59 1.5818 1.59 1.59 3900 1
das_cmdapi_live_20260708T193719Z,2026-07-08,VANI,VANI,2026/07/08-15:31,2026-07-08,2026-07-08T19:31:00Z,2026,7,1.59,1.59,1.5815,1.5851,5698,,,,1,2026-07-08T19:44:22+00:00,24,SB VANI MINCHART 2026/07/08-14:43 2026/07/08-15:43 1,candidate_chart_query,$Bar VANI 2026/07/08-15:31 1.59 1.5815 1.59 1.5851 5698 1
das_cmdapi_live_20260708T193719Z,2026-07-08,VANI,VANI,2026/07/08-15:30,2026-07-08,2026-07-08T19:30:00Z,2026,7,1.59,1.59,1.58,1.59,5237,,,,1,2026-07-08T19:44:22+00:00,25,SB VANI MINCHART 2026/07/08-14:43 2026/07/08-15:43 1,candidate_chart_query,$Bar VANI 2026/07/08-15:30 1.59 1.58 1.59 1.59 5237 1
das_cmdapi_live_20260708T193719Z,2026-07-08,VANI,VANI,2026/07/08-15:29,2026-07-08,2026-07-08T19:29:00Z,2026,7,1.58,1.59,1.57,1.59,7456,,,,1,2026-07-08T19:44:22+00:00,26,SB VANI MINCHART 2026/07/08-14:43 2026/07/08-15:43 1,candidate_chart_query,$Bar VANI 2026/07/08-15:29 1.59 1.57 1.58 1.59 7456 1
das_cmdapi_live_20260708T193719Z,2026-07-08,VANI,VANI,2026/07/08-15:28,2026-07-08,2026-07-08T19:28:00Z,2026,7,1.58,1.58,1.57,1.57,6226,,,,1,2026-07-08T19:44:22+00:00,27,SB VANI MINCHART 2026/07/08-14:43 2026/07/08-15:43 1,candidate_chart_query,$Bar VANI 2026/07/08-15:28 1.58 1.57 1.58 1.57 6226 1
das_cmdapi_live_20260708T193719Z,2026-07-08,VANI,VANI,2026/07/08-15:27,2026-07-08,2026-07-08T19:27:00Z,2026,7,1.58,1.58,1.5706,1.58,1400,,,,1,2026-07-08T19:44:22+00:00,28,SB VANI MINCHART 2026/07/08-14:43 2026/07/08-15:43 1,candidate_chart_query,$Bar VANI 2026/07/08-15:27 1.58 1.5706 1.58 1.58 1400 1
das_cmdapi_live_20260708T193719Z,2026-07-08,VANI,VANI,2026/07/08-15:26,2026-07-08,2026-07-08T19:26:00Z,2026,7,1.58,1.58,1.57,1.58,14275,,,,1,2026-07-08T19:44:22+00:00,29,SB VANI MINCHART 2026/07/08-14:43 2026/07/08-15:43 1,candidate_chart_query,$Bar VANI 2026/07/08-15:26 1.58 1.57 1.58 1.58 14275 1
das_cmdapi_live_20260708T193719Z,2026-07-08,VANI,VANI,2026/07/08-15:25,2026-07-08,2026-07-08T19:25:00Z,2026,7,1.58,1.58,1.58,1.58,600,,,,1,2026-07-08T19:44:22+00:00,30,SB VANI MINCHART 2026/07/08-14:43 2026/07/08-15:43 1,candidate_chart_query,$Bar VANI 2026/07/08-15:25 1.58 1.58 1.58 1.58 600 1
das_cmdapi_live_20260708T193719Z,2026-07-08,VANI,VANI,2026/07/08-15:24,2026-07-08,2026-07-08T19:24:00Z,2026,7,1.565,1.58,1.565,1.58,5904,,,,1,2026-07-08T19:44:22+00:00,31,SB VANI MINCHART 2026/07/08-14:43 2026/07/08-15:43 1,candidate_chart_query,$Bar VANI 2026/07/08-15:24 1.58 1.565 1.565 1.58 5904 1
das_cmdapi_live_20260708T193719Z,2026-07-08,VANI,VANI,2026/07/08-15:23,2026-07-08,2026-07-08T19:23:00Z,2026,7,1.57,1.57,1.57,1.57,700,,,,1,2026-07-08T19:44:22+00:00,32,SB VANI MINCHART 2026/07/08-14:43 2026/07/08-15:43 1,candidate_chart_query,$Bar VANI 2026/07/08-15:23 1.57 1.57 1.57 1.57 700 1
das_cmdapi_live_20260708T193719Z,2026-07-08,VANI,VANI,2026/07/08-15:22,2026-07-08,2026-07-08T19:22:00Z,2026,7,1.57,1.57,1.57,1.57,600,,,,1,2026-07-08T19:44:22+00:00,33,SB VANI MINCHART 2026/07/08-14:43 2026/07/08-15:43 1,candidate_chart_query,$Bar VANI 2026/07/08-15:22 1.57 1.57 1.57 1.57 600 1
das_cmdapi_live_20260708T193719Z,2026-07-08,VANI,VANI,2026/07/08-15:21,2026-07-08,2026-07-08T19:21:00Z,2026,7,1.56,1.56,1.555,1.56,2910,,,,1,2026-07-08T19:44:22+00:00,34,SB VANI MINCHART 2026/07/08-14:43 2026/07/08-15:43 1,candidate_chart_query,$Bar VANI 2026/07/08-15:21 1.56 1.555 1.56 1.56 2910 1
das_cmdapi_live_20260708T193719Z,2026-07-08,VANI,VANI,2026/07/08-15:20,2026-07-08,2026-07-08T19:20:00Z,2026,7,1.56,1.56,1.55,1.56,737,,,,1,2026-07-08T19:44:22+00:00,35,SB VANI MINCHART 2026/07/08-14:43 2026/07/08-15:43 1,candidate_chart_query,$Bar VANI 2026/07/08-15:20 1.56 1.55 1.56 1.56 737 1
das_cmdapi_live_20260708T193719Z,2026-07-08,VANI,VANI,2026/07/08-15:19,2026-07-08,2026-07-08T19:19:00Z,2026,7,1.55,1.55,1.54,1.548,5637,,,,1,2026-07-08T19:44:22+00:00,36,SB VANI MINCHART 2026/07/08-14:43 2026/07/08-15:43 1,candidate_chart_query,$Bar VANI 2026/07/08-15:19 1.55 1.54 1.55 1.548 5637 1
das_cmdapi_live_20260708T193719Z,2026-07-08,VANI,VANI,2026/07/08-15:18,2026-07-08,2026-07-08T19:18:00Z,2026,7,1.55,1.55,1.55,1.55,600,,,,1,2026-07-08T19:44:22+00:00,37,SB VANI MINCHART 2026/07/08-14:43 2026/07/08-15:43 1,candidate_chart_query,$Bar VANI 2026/07/08-15:18 1.55 1.55 1.55 1.55 600 1
das_cmdapi_live_20260708T193719Z,2026-07-08,VANI,VANI,2026/07/08-15:17,2026-07-08,2026-07-08T19:17:00Z,2026,7,1.545,1.55,1.545,1.55,600,,,,1,2026-07-08T19:44:22+00:00,38,SB VANI MINCHART 2026/07/08-14:43 2026/07/08-15:43 1,candidate_chart_query,$Bar VANI 2026/07/08-15:17 1.55 1.545 1.545 1.55 600 1
das_cmdapi_live_20260708T193719Z,2026-07-08,VANI,VANI,2026/07/08-15:16,2026-07-08,2026-07-08T19:16:00Z,2026,7,1.545,1.55,1.54005,1.54005,950,,,,1,2026-07-08T19:44:22+00:00,39,SB VANI MINCHART 2026/07/08-14:43 2026/07/08-15:43 1,candidate_chart_query,$Bar VANI 2026/07/08-15:16 1.55 1.54005 1.545 1.54005 950 1
das_cmdapi_live_20260708T193719Z,2026-07-08,VANI,VANI,2026/07/08-15:15,2026-07-08,2026-07-08T19:15:00Z,2026,7,1.545,1.55,1.54,1.55,4636,,,,1,2026-07-08T19:44:22+00:00,40,SB VANI MINCHART 2026/07/08-14:43 2026/07/08-15:43 1,candidate_chart_query,$Bar VANI 2026/07/08-15:15 1.55 1.54 1.545 1.55 4636 1
das_cmdapi_live_20260708T193719Z,2026-07-08,VANI,VANI,2026/07/08-15:14,2026-07-08,2026-07-08T19:14:00Z,2026,7,1.545,1.55,1.545,1.55,2253,,,,1,2026-07-08T19:44:22+00:00,41,SB VANI MINCHART 2026/07/08-14:43 2026/07/08-15:43 1,candidate_chart_query,$Bar VANI 2026/07/08-15:14 1.55 1.545 1.545 1.55 2253 1
das_cmdapi_live_20260708T193719Z,2026-07-08,VANI,VANI,2026/07/08-15:13,2026-07-08,2026-07-08T19:13:00Z,2026,7,1.545,1.55,1.545,1.55,1000,,,,1,2026-07-08T19:44:22+00:00,42,SB VANI MINCHART 2026/07/08-14:43 2026/07/08-15:43 1,candidate_chart_query,$Bar VANI 2026/07/08-15:13 1.55 1.545 1.545 1.55 1000 1
das_cmdapi_live_20260708T193719Z,2026-07-08,VANI,VANI,2026/07/08-15:12,2026-07-08,2026-07-08T19:12:00Z,2026,7,1.55,1.55,1.545,1.545,1900,,,,1,2026-07-08T19:44:22+00:00,43,SB VANI MINCHART 2026/07/08-14:43 2026/07/08-15:43 1,candidate_chart_query,$Bar VANI 2026/07/08-15:12 1.55 1.545 1.55 1.545 1900 1
das_cmdapi_live_20260708T193719Z,2026-07-08,VANI,VANI,2026/07/08-15:11,2026-07-08,2026-07-08T19:11:00Z,2026,7,1.55,1.55,1.545,1.545,2700,,,,1,2026-07-08T19:44:22+00:00,44,SB VANI MINCHART 2026/07/08-14:43 2026/07/08-15:43 1,candidate_chart_query,$Bar VANI 2026/07/08-15:11 1.55 1.545 1.55 1.545 2700 1
das_cmdapi_live_20260708T193719Z,2026-07-08,VANI,VANI,2026/07/08-15:10,2026-07-08,2026-07-08T19:10:00Z,2026,7,1.55,1.55,1.545,1.545,2100,,,,1,2026-07-08T19:44:22+00:00,45,SB VANI MINCHART 2026/07/08-14:43 2026/07/08-15:43 1,candidate_chart_query,$Bar VANI 2026/07/08-15:10 1.55 1.545 1.55 1.545 2100 1
das_cmdapi_live_20260708T193719Z,2026-07-08,VANI,VANI,2026/07/08-15:09,2026-07-08,2026-07-08T19:09:00Z,2026,7,1.555,1.56,1.545,1.55,27098,,,,1,2026-07-08T19:44:22+00:00,46,SB VANI MINCHART 2026/07/08-14:43 2026/07/08-15:43 1,candidate_chart_query,$Bar VANI 2026/07/08-15:09 1.56 1.545 1.555 1.55 27098 1
das_cmdapi_live_20260708T193719Z,2026-07-08,VANI,VANI,2026/07/08-15:08,2026-07-08,2026-07-08T19:08:00Z,2026,7,1.555,1.56,1.555,1.555,1500,,,,1,2026-07-08T19:44:22+00:00,47,SB VANI MINCHART 2026/07/08-14:43 2026/07/08-15:43 1,candidate_chart_query,$Bar VANI 2026/07/08-15:08 1.56 1.555 1.555 1.555 1500 1
das_cmdapi_live_20260708T193719Z,2026-07-08,VANI,VANI,2026/07/08-15:07,2026-07-08,2026-07-08T19:07:00Z,2026,7,1.5551,1.56,1.555,1.555,1900,,,,1,2026-07-08T19:44:22+00:00,48,SB VANI MINCHART 2026/07/08-14:43 2026/07/08-15:43 1,candidate_chart_query,$Bar VANI 2026/07/08-15:07 1.56 1.555 1.5551 1.555 1900 1
das_cmdapi_live_20260708T193719Z,2026-07-08,VANI,VANI,2026/07/08-15:06,2026-07-08,2026-07-08T19:06:00Z,2026,7,1.56,1.56,1.555,1.555,550,,,,1,2026-07-08T19:44:22+00:00,49,SB VANI MINCHART 2026/07/08-14:43 2026/07/08-15:43 1,candidate_chart_query,$Bar VANI 2026/07/08-15:06 1.56 1.555 1.56 1.555 550 1
das_cmdapi_live_20260708T193719Z,2026-07-08,VANI,VANI,2026/07/08-15:05,2026-07-08,2026-07-08T19:05:00Z,2026,7,1.54,1.555,1.54,1.555,2400,,,,1,2026-07-08T19:44:22+00:00,50,SB VANI MINCHART 2026/07/08-14:43 2026/07/08-15:43 1,candidate_chart_query,$Bar VANI 2026/07/08-15:05 1.555 1.54 1.54 1.555 2400 1
das_cmdapi_live_20260708T193719Z,2026-07-08,VANI,VANI,2026/07/08-15:04,2026-07-08,2026-07-08T19:04:00Z,2026,7,1.535,1.54,1.535,1.54,2157,,,,1,2026-07-08T19:44:22+00:00,51,SB VANI MINCHART 2026/07/08-14:43 2026/07/08-15:43 1,candidate_chart_query,$Bar VANI 2026/07/08-15:04 1.54 1.535 1.535 1.54 2157 1
das_cmdapi_live_20260708T193719Z,2026-07-08,VANI,VANI,2026/07/08-15:03,2026-07-08,2026-07-08T19:03:00Z,2026,7,1.53,1.535,1.53,1.535,900,,,,1,2026-07-08T19:44:22+00:00,52,SB VANI MINCHART 2026/07/08-14:43 2026/07/08-15:43 1,candidate_chart_query,$Bar VANI 2026/07/08-15:03 1.535 1.53 1.53 1.535 900 1
das_cmdapi_live_20260708T193719Z,2026-07-08,VANI,VANI,2026/07/08-15:02,2026-07-08,2026-07-08T19:02:00Z,2026,7,1.5301,1.5301,1.5301,1.5301,555,,,,1,2026-07-08T19:44:22+00:00,53,SB VANI MINCHART 2026/07/08-14:43 2026/07/08-15:43 1,candidate_chart_query,$Bar VANI 2026/07/08-15:02 1.5301 1.5301 1.5301 1.5301 555 1
das_cmdapi_live_20260708T193719Z,2026-07-08,VANI,VANI,2026/07/08-15:01,2026-07-08,2026-07-08T19:01:00Z,2026,7,1.54,1.545,1.535,1.54,23121,,,,1,2026-07-08T19:44:22+00:00,54,SB VANI MINCHART 2026/07/08-14:43 2026/07/08-15:43 1,candidate_chart_query,$Bar VANI 2026/07/08-15:01 1.545 1.535 1.54 1.54 23121 1
das_cmdapi_live_20260708T193719Z,2026-07-08,VANI,VANI,2026/07/08-15:00,2026-07-08,2026-07-08T19:00:00Z,2026,7,1.55,1.55,1.545,1.5495,3100,,,,1,2026-07-08T19:44:22+00:00,55,SB VANI MINCHART 2026/07/08-14:43 2026/07/08-15:43 1,candidate_chart_query,$Bar VANI 2026/07/08-15:00 1.55 1.545 1.55 1.5495 3100 1
das_cmdapi_live_20260708T193719Z,2026-07-08,VANI,VANI,2026/07/08-14:59,2026-07-08,2026-07-08T18:59:00Z,2026,7,1.545,1.55,1.545,1.55,4149,,,,1,2026-07-08T19:44:22+00:00,56,SB VANI MINCHART 2026/07/08-14:43 2026/07/08-15:43 1,candidate_chart_query,$Bar VANI 2026/07/08-14:59 1.55 1.545 1.545 1.55 4149 1
das_cmdapi_live_20260708T193719Z,2026-07-08,VANI,VANI,2026/07/08-14:58,2026-07-08,2026-07-08T18:58:00Z,2026,7,1.545,1.5499,1.545,1.545,2340,,,,1,2026-07-08T19:44:22+00:00,57,SB VANI MINCHART 2026/07/08-14:43 2026/07/08-15:43 1,candidate_chart_query,$Bar VANI 2026/07/08-14:58 1.5499 1.545 1.545 1.545 2340 1
das_cmdapi_live_20260708T193719Z,2026-07-08,VANI,VANI,2026/07/08-14:56,2026-07-08,2026-07-08T18:56:00Z,2026,7,1.55,1.55,1.535,1.545,11134,,,,1,2026-07-08T19:44:22+00:00,58,SB VANI MINCHART 2026/07/08-14:43 2026/07/08-15:43 1,candidate_chart_query,$Bar VANI 2026/07/08-14:56 1.55 1.535 1.55 1.545 11134 1
das_cmdapi_live_20260708T193719Z,2026-07-08,VANI,VANI,2026/07/08-14:55,2026-07-08,2026-07-08T18:55:00Z,2026,7,1.585,1.5899,1.55,1.555,59278,,,,1,2026-07-08T19:44:22+00:00,59,SB VANI MINCHART 2026/07/08-14:43 2026/07/08-15:43 1,candidate_chart_query,$Bar VANI 2026/07/08-14:55 1.5899 1.55 1.585 1.555 59278 1
das_cmdapi_live_20260708T193719Z,2026-07-08,VANI,VANI,2026/07/08-14:52,2026-07-08,2026-07-08T18:52:00Z,2026,7,1.585,1.585,1.58,1.585,1600,,,,1,2026-07-08T19:44:22+00:00,60,SB VANI MINCHART 2026/07/08-14:43 2026/07/08-15:43 1,candidate_chart_query,$Bar VANI 2026/07/08-14:52 1.585 1.58 1.585 1.585 1600 1
das_cmdapi_live_20260708T193719Z,2026-07-08,VANI,VANI,2026/07/08-14:51,2026-07-08,2026-07-08T18:51:00Z,2026,7,1.585,1.585,1.58,1.585,13693,,,,1,2026-07-08T19:44:22+00:00,61,SB VANI MINCHART 2026/07/08-14:43 2026/07/08-15:43 1,candidate_chart_query,$Bar VANI 2026/07/08-14:51 1.585 1.58 1.585 1.585 13693 1
das_cmdapi_live_20260708T193719Z,2026-07-08,VANI,VANI,2026/07/08-14:50,2026-07-08,2026-07-08T18:50:00Z,2026,7,1.59,1.59,1.58,1.58,19906,,,,1,2026-07-08T19:44:22+00:00,62,SB VANI MINCHART 2026/07/08-14:43 2026/07/08-15:43 1,candidate_chart_query,$Bar VANI 2026/07/08-14:50 1.59 1.58 1.59 1.58 19906 1
das_cmdapi_live_20260708T193719Z,2026-07-08,VANI,VANI,2026/07/08-14:49,2026-07-08,2026-07-08T18:49:00Z,2026,7,1.59,1.59,1.58,1.585,1648,,,,1,2026-07-08T19:44:22+00:00,63,SB VANI MINCHART 2026/07/08-14:43 2026/07/08-15:43 1,candidate_chart_query,$Bar VANI 2026/07/08-14:49 1.59 1.58 1.59 1.585 1648 1
das_cmdapi_live_20260708T193719Z,2026-07-08,VANI,VANI,2026/07/08-14:48,2026-07-08,2026-07-08T18:48:00Z,2026,7,1.59,1.59,1.575,1.585,4225,,,,1,2026-07-08T19:44:22+00:00,64,SB VANI MINCHART 2026/07/08-14:43 2026/07/08-15:43 1,candidate_chart_query,$Bar VANI 2026/07/08-14:48 1.59 1.575 1.59 1.585 4225 1
das_cmdapi_live_20260708T193719Z,2026-07-08,VANI,VANI,2026/07/08-14:47,2026-07-08,2026-07-08T18:47:00Z,2026,7,1.59,1.59,1.58,1.585,3694,,,,1,2026-07-08T19:44:22+00:00,65,SB VANI MINCHART 2026/07/08-14:43 2026/07/08-15:43 1,candidate_chart_query,$Bar VANI 2026/07/08-14:47 1.59 1.58 1.59 1.585 3694 1
das_cmdapi_live_20260708T193719Z,2026-07-08,VANI,VANI,2026/07/08-14:46,2026-07-08,2026-07-08T18:46:00Z,2026,7,1.59,1.59,1.585,1.59,921,,,,1,2026-07-08T19:44:22+00:00,66,SB VANI MINCHART 2026/07/08-14:43 2026/07/08-15:43 1,candidate_chart_query,$Bar VANI 2026/07/08-14:46 1.59 1.585 1.59 1.59 921 1
das_cmdapi_live_20260708T193719Z,2026-07-08,VANI,VANI,2026/07/08-14:45,2026-07-08,2026-07-08T18:45:00Z,2026,7,1.59,1.59,1.59,1.59,400,,,,1,2026-07-08T19:44:22+00:00,67,SB VANI MINCHART 2026/07/08-14:43 2026/07/08-15:43 1,candidate_chart_query,$Bar VANI 2026/07/08-14:45 1.59 1.59 1.59 1.59 400 1
das_cmdapi_live_20260708T193719Z,2026-07-08,VANI,VANI,2026/07/08-14:44,2026-07-08,2026-07-08T18:44:00Z,2026,7,1.585,1.585,1.58,1.58,800,,,,1,2026-07-08T19:44:22+00:00,68,SB VANI MINCHART 2026/07/08-14:43 2026/07/08-15:43 1,candidate_chart_query,$Bar VANI 2026/07/08-14:44 1.585 1.58 1.585 1.58 800 1
das_cmdapi_live_20260708T193719Z,2026-07-08,VANI,VANI,2026/07/08-14:43,2026-07-08,2026-07-08T18:43:00Z,2026,7,1.58,1.5897,1.58,1.5897,1173,,,,1,2026-07-08T19:44:22+00:00,69,SB VANI MINCHART 2026/07/08-14:43 2026/07/08-15:43 1,candidate_chart_query,$Bar VANI 2026/07/08-14:43 1.5897 1.58 1.58 1.5897 1173 1
das_cmdapi_live_20260708T193719Z,2026-07-08,SDOT,SDOT,2026/07/08-15:44,2026-07-08,2026-07-08T19:44:00Z,2026,7,19.27,19.27,19.22,19.225,530,,,,1,2026-07-08T19:44:49+00:00,11,SB SDOT MINCHART 2026/07/08-14:44 2026/07/08-15:44 1,candidate_chart_query,$Bar SDOT 2026/07/08-15:44 19.27 19.22 19.27 19.225 530 1
das_cmdapi_live_20260708T193719Z,2026-07-08,SDOT,SDOT,2026/07/08-15:43,2026-07-08,2026-07-08T19:43:00Z,2026,7,19.55,19.55,19.45,19.45,4656,,,,1,2026-07-08T19:44:49+00:00,20,SB SDOT MINCHART 2026/07/08-14:44 2026/07/08-15:44 1,candidate_chart_query,$Bar SDOT 2026/07/08-15:43 19.55 19.45 19.55 19.45 4656 1
das_cmdapi_live_20260708T193719Z,2026-07-08,SDOT,SDOT,2026/07/08-15:42,2026-07-08,2026-07-08T19:42:00Z,2026,7,19.5996,19.65,19.5996,19.6,647,,,,1,2026-07-08T19:44:49+00:00,22,SB SDOT MINCHART 2026/07/08-14:44 2026/07/08-15:44 1,candidate_chart_query,$Bar SDOT 2026/07/08-15:42 19.65 19.5996 19.5996 19.6 647 1
das_cmdapi_live_20260708T193719Z,2026-07-08,SDOT,SDOT,2026/07/08-15:41,2026-07-08,2026-07-08T19:41:00Z,2026,7,19.56,19.65,19.56,19.56,624,,,,1,2026-07-08T19:44:49+00:00,23,SB SDOT MINCHART 2026/07/08-14:44 2026/07/08-15:44 1,candidate_chart_query,$Bar SDOT 2026/07/08-15:41 19.65 19.56 19.56 19.56 624 1
das_cmdapi_live_20260708T193719Z,2026-07-08,SDOT,SDOT,2026/07/08-15:40,2026-07-08,2026-07-08T19:40:00Z,2026,7,19.47,19.63,19.45,19.63,1272,,,,1,2026-07-08T19:44:49+00:00,24,SB SDOT MINCHART 2026/07/08-14:44 2026/07/08-15:44 1,candidate_chart_query,$Bar SDOT 2026/07/08-15:40 19.63 19.45 19.47 19.63 1272 1
das_cmdapi_live_20260708T193719Z,2026-07-08,SDOT,SDOT,2026/07/08-15:39,2026-07-08,2026-07-08T19:39:00Z,2026,7,19.625,19.625,19.625,19.625,111,,,,1,2026-07-08T19:44:49+00:00,25,SB SDOT MINCHART 2026/07/08-14:44 2026/07/08-15:44 1,candidate_chart_query,$Bar SDOT 2026/07/08-15:39 19.625 19.625 19.625 19.625 111 1
das_cmdapi_live_20260708T193719Z,2026-07-08,SDOT,SDOT,2026/07/08-15:38,2026-07-08,2026-07-08T19:38:00Z,2026,7,19.4968,19.4968,19.35,19.35,290,,,,1,2026-07-08T19:44:49+00:00,26,SB SDOT MINCHART 2026/07/08-14:44 2026/07/08-15:44 1,candidate_chart_query,$Bar SDOT 2026/07/08-15:38 19.4968 19.35 19.4968 19.35 290 1
das_cmdapi_live_20260708T193719Z,2026-07-08,SDOT,SDOT,2026/07/08-15:37,2026-07-08,2026-07-08T19:37:00Z,2026,7,19.651,19.651,19.31,19.31,1000,,,,1,2026-07-08T19:44:49+00:00,27,SB SDOT MINCHART 2026/07/08-14:44 2026/07/08-15:44 1,candidate_chart_query,$Bar SDOT 2026/07/08-15:37 19.651 19.31 19.651 19.31 1000 1
das_cmdapi_live_20260708T193719Z,2026-07-08,SDOT,SDOT,2026/07/08-15:36,2026-07-08,2026-07-08T19:36:00Z,2026,7,20.01,20.01,19.39,19.79,2294,,,,1,2026-07-08T19:44:49+00:00,28,SB SDOT MINCHART 2026/07/08-14:44 2026/07/08-15:44 1,candidate_chart_query,$Bar SDOT 2026/07/08-15:36 20.01 19.39 20.01 19.79 2294 1
das_cmdapi_live_20260708T193719Z,2026-07-08,SDOT,SDOT,2026/07/08-15:35,2026-07-08,2026-07-08T19:35:00Z,2026,7,19.82,20.1999,19.82,20.1999,1140,,,,1,2026-07-08T19:44:49+00:00,29,SB SDOT MINCHART 2026/07/08-14:44 2026/07/08-15:44 1,candidate_chart_query,$Bar SDOT 2026/07/08-15:35 20.1999 19.82 19.82 20.1999 1140 1
das_cmdapi_live_20260708T193719Z,2026-07-08,SDOT,SDOT,2026/07/08-15:34,2026-07-08,2026-07-08T19:34:00Z,2026,7,19.58,19.76,19.48,19.76,802,,,,1,2026-07-08T19:44:49+00:00,30,SB SDOT MINCHART 2026/07/08-14:44 2026/07/08-15:44 1,candidate_chart_query,$Bar SDOT 2026/07/08-15:34 19.76 19.48 19.58 19.76 802 1
das_cmdapi_live_20260708T193719Z,2026-07-08,SDOT,SDOT,2026/07/08-15:33,2026-07-08,2026-07-08T19:33:00Z,2026,7,19.3,19.3,19.3,19.3,250,,,,1,2026-07-08T19:44:49+00:00,31,SB SDOT MINCHART 2026/07/08-14:44 2026/07/08-15:44 1,candidate_chart_query,$Bar SDOT 2026/07/08-15:33 19.3 19.3 19.3 19.3 250 1
das_cmdapi_live_20260708T193719Z,2026-07-08,SDOT,SDOT,2026/07/08-15:32,2026-07-08,2026-07-08T19:32:00Z,2026,7,19.575,19.6,19.34,19.34,630,,,,1,2026-07-08T19:44:49+00:00,32,SB SDOT MINCHART 2026/07/08-14:44 2026/07/08-15:44 1,candidate_chart_query,$Bar SDOT 2026/07/08-15:32 19.6 19.34 19.575 19.34 630 1
das_cmdapi_live_20260708T193719Z,2026-07-08,SDOT,SDOT,2026/07/08-15:31,2026-07-08,2026-07-08T19:31:00Z,2026,7,19.52,19.63,19.4,19.455,730,,,,1,2026-07-08T19:44:49+00:00,33,SB SDOT MINCHART 2026/07/08-14:44 2026/07/08-15:44 1,candidate_chart_query,$Bar SDOT 2026/07/08-15:31 19.63 19.4 19.52 19.455 730 1
das_cmdapi_live_20260708T193719Z,2026-07-08,SDOT,SDOT,2026/07/08-15:30,2026-07-08,2026-07-08T19:30:00Z,2026,7,19.361,19.4463,19.31,19.4463,889,,,,1,2026-07-08T19:44:49+00:00,34,SB SDOT MINCHART 2026/07/08-14:44 2026/07/08-15:44 1,candidate_chart_query,$Bar SDOT 2026/07/08-15:30 19.4463 19.31 19.361 19.4463 889 1
das_cmdapi_live_20260708T193719Z,2026-07-08,SDOT,SDOT,2026/07/08-15:29,2026-07-08,2026-07-08T19:29:00Z,2026,7,19.47,19.5,19.3,19.4,4153,,,,1,2026-07-08T19:44:49+00:00,35,SB SDOT MINCHART 2026/07/08-14:44 2026/07/08-15:44 1,candidate_chart_query,$Bar SDOT 2026/07/08-15:29 19.5 19.3 19.47 19.4 4153 1
das_cmdapi_live_20260708T193719Z,2026-07-08,SDOT,SDOT,2026/07/08-15:28,2026-07-08,2026-07-08T19:28:00Z,2026,7,19.355,19.3768,19.19,19.19,2087,,,,1,2026-07-08T19:44:49+00:00,36,SB SDOT MINCHART 2026/07/08-14:44 2026/07/08-15:44 1,candidate_chart_query,$Bar SDOT 2026/07/08-15:28 19.3768 19.19 19.355 19.19 2087 1
das_cmdapi_live_20260708T193719Z,2026-07-08,SDOT,SDOT,2026/07/08-15:27,2026-07-08,2026-07-08T19:27:00Z,2026,7,19.19,19.63,19.19,19.4,4340,,,,1,2026-07-08T19:44:49+00:00,37,SB SDOT MINCHART 2026/07/08-14:44 2026/07/08-15:44 1,candidate_chart_query,$Bar SDOT 2026/07/08-15:27 19.63 19.19 19.19 19.4 4340 1
das_cmdapi_live_20260708T193719Z,2026-07-08,SDOT,SDOT,2026/07/08-15:26,2026-07-08,2026-07-08T19:26:00Z,2026,7,20.01,20.015,18.76,18.951,4677,,,,1,2026-07-08T19:44:49+00:00,38,SB SDOT MINCHART 2026/07/08-14:44 2026/07/08-15:44 1,candidate_chart_query,$Bar SDOT 2026/07/08-15:26 20.015 18.76 20.01 18.951 4677 1
das_cmdapi_live_20260708T193719Z,2026-07-08,SDOT,SDOT,2026/07/08-15:25,2026-07-08,2026-07-08T19:25:00Z,2026,7,20.79,20.79,20.04,20.4,3357,,,,1,2026-07-08T19:44:49+00:00,39,SB SDOT MINCHART 2026/07/08-14:44 2026/07/08-15:44 1,candidate_chart_query,$Bar SDOT 2026/07/08-15:25 20.79 20.04 20.79 20.4 3357 1
das_cmdapi_live_20260708T193719Z,2026-07-08,SDOT,SDOT,2026/07/08-15:24,2026-07-08,2026-07-08T19:24:00Z,2026,7,21.04,21.04,20.6,20.64,4392,,,,1,2026-07-08T19:44:49+00:00,40,SB SDOT MINCHART 2026/07/08-14:44 2026/07/08-15:44 1,candidate_chart_query,$Bar SDOT 2026/07/08-15:24 21.04 20.6 21.04 20.64 4392 1
das_cmdapi_live_20260708T193719Z,2026-07-08,SDOT,SDOT,2026/07/08-15:23,2026-07-08,2026-07-08T19:23:00Z,2026,7,20.75,20.75,20.645,20.645,455,,,,1,2026-07-08T19:44:49+00:00,41,SB SDOT MINCHART 2026/07/08-14:44 2026/07/08-15:44 1,candidate_chart_query,$Bar SDOT 2026/07/08-15:23 20.75 20.645 20.75 20.645 455 1
das_cmdapi_live_20260708T193719Z,2026-07-08,SDOT,SDOT,2026/07/08-15:22,2026-07-08,2026-07-08T19:22:00Z,2026,7,20.49,21.0699,20.49,21.0699,1200,,,,1,2026-07-08T19:44:49+00:00,42,SB SDOT MINCHART 2026/07/08-14:44 2026/07/08-15:44 1,candidate_chart_query,$Bar SDOT 2026/07/08-15:22 21.0699 20.49 20.49 21.0699 1200 1
das_cmdapi_live_20260708T193719Z,2026-07-08,SDOT,SDOT,2026/07/08-15:21,2026-07-08,2026-07-08T19:21:00Z,2026,7,20.18,20.46,20.18,20.455,1504,,,,1,2026-07-08T19:44:49+00:00,43,SB SDOT MINCHART 2026/07/08-14:44 2026/07/08-15:44 1,candidate_chart_query,$Bar SDOT 2026/07/08-15:21 20.46 20.18 20.18 20.455 1504 1
das_cmdapi_live_20260708T193719Z,2026-07-08,SDOT,SDOT,2026/07/08-15:20,2026-07-08,2026-07-08T19:20:00Z,2026,7,20.1832,20.245,20.15,20.245,500,,,,1,2026-07-08T19:44:49+00:00,44,SB SDOT MINCHART 2026/07/08-14:44 2026/07/08-15:44 1,candidate_chart_query,$Bar SDOT 2026/07/08-15:20 20.245 20.15 20.1832 20.245 500 1
das_cmdapi_live_20260708T193719Z,2026-07-08,SDOT,SDOT,2026/07/08-15:19,2026-07-08,2026-07-08T19:19:00Z,2026,7,20.1,20.17,20.01,20.17,1400,,,,1,2026-07-08T19:44:49+00:00,45,SB SDOT MINCHART 2026/07/08-14:44 2026/07/08-15:44 1,candidate_chart_query,$Bar SDOT 2026/07/08-15:19 20.17 20.01 20.1 20.17 1400 1
das_cmdapi_live_20260708T193719Z,2026-07-08,SDOT,SDOT,2026/07/08-15:18,2026-07-08,2026-07-08T19:18:00Z,2026,7,20.15,20.15,20.15,20.15,395,,,,1,2026-07-08T19:44:49+00:00,46,SB SDOT MINCHART 2026/07/08-14:44 2026/07/08-15:44 1,candidate_chart_query,$Bar SDOT 2026/07/08-15:18 20.15 20.15 20.15 20.15 395 1
das_cmdapi_live_20260708T193719Z,2026-07-08,SDOT,SDOT,2026/07/08-15:17,2026-07-08,2026-07-08T19:17:00Z,2026,7,20.03,20.03,19.93,19.955,1075,,,,1,2026-07-08T19:44:49+00:00,47,SB SDOT MINCHART 2026/07/08-14:44 2026/07/08-15:44 1,candidate_chart_query,$Bar SDOT 2026/07/08-15:17 20.03 19.93 20.03 19.955 1075 1
das_cmdapi_live_20260708T193719Z,2026-07-08,SDOT,SDOT,2026/07/08-15:16,2026-07-08,2026-07-08T19:16:00Z,2026,7,20.0,20.02,19.73,20.02,1261,,,,1,2026-07-08T19:44:49+00:00,48,SB SDOT MINCHART 2026/07/08-14:44 2026/07/08-15:44 1,candidate_chart_query,$Bar SDOT 2026/07/08-15:16 20.02 19.73 20 20.02 1261 1
das_cmdapi_live_20260708T193719Z,2026-07-08,SDOT,SDOT,2026/07/08-15:15,2026-07-08,2026-07-08T19:15:00Z,2026,7,20.0819,20.0819,20.0082,20.0082,1045,,,,1,2026-07-08T19:44:49+00:00,49,SB SDOT MINCHART 2026/07/08-14:44 2026/07/08-15:44 1,candidate_chart_query,$Bar SDOT 2026/07/08-15:15 20.0819 20.0082 20.0819 20.0082 1045 1
das_cmdapi_live_20260708T193719Z,2026-07-08,SDOT,SDOT,2026/07/08-15:14,2026-07-08,2026-07-08T19:14:00Z,2026,7,20.305,20.47,20.0002,20.17,2538,,,,1,2026-07-08T19:44:49+00:00,50,SB SDOT MINCHART 2026/07/08-14:44 2026/07/08-15:44 1,candidate_chart_query,$Bar SDOT 2026/07/08-15:14 20.47 20.0002 20.305 20.17 2538 1
das_cmdapi_live_20260708T193719Z,2026-07-08,SDOT,SDOT,2026/07/08-15:13,2026-07-08,2026-07-08T19:13:00Z,2026,7,20.3,20.49,20.3,20.48,1900,,,,1,2026-07-08T19:44:49+00:00,51,SB SDOT MINCHART 2026/07/08-14:44 2026/07/08-15:44 1,candidate_chart_query,$Bar SDOT 2026/07/08-15:13 20.49 20.3 20.3 20.48 1900 1
das_cmdapi_live_20260708T193719Z,2026-07-08,SDOT,SDOT,2026/07/08-15:12,2026-07-08,2026-07-08T19:12:00Z,2026,7,20.5,20.5,20.11,20.11,1024,,,,1,2026-07-08T19:44:49+00:00,52,SB SDOT MINCHART 2026/07/08-14:44 2026/07/08-15:44 1,candidate_chart_query,$Bar SDOT 2026/07/08-15:12 20.5 20.11 20.5 20.11 1024 1
das_cmdapi_live_20260708T193719Z,2026-07-08,SDOT,SDOT,2026/07/08-15:11,2026-07-08,2026-07-08T19:11:00Z,2026,7,20.23,20.25,20.04,20.25,605,,,,1,2026-07-08T19:44:49+00:00,53,SB SDOT MINCHART 2026/07/08-14:44 2026/07/08-15:44 1,candidate_chart_query,$Bar SDOT 2026/07/08-15:11 20.25 20.04 20.23 20.25 605 1
das_cmdapi_live_20260708T193719Z,2026-07-08,SDOT,SDOT,2026/07/08-15:10,2026-07-08,2026-07-08T19:10:00Z,2026,7,20.13,20.5,19.995,20.25,1327,,,,1,2026-07-08T19:44:49+00:00,54,SB SDOT MINCHART 2026/07/08-14:44 2026/07/08-15:44 1,candidate_chart_query,$Bar SDOT 2026/07/08-15:10 20.5 19.995 20.13 20.25 1327 1
das_cmdapi_live_20260708T193719Z,2026-07-08,SDOT,SDOT,2026/07/08-15:09,2026-07-08,2026-07-08T19:09:00Z,2026,7,19.78,20.0,19.75,19.86,3720,,,,1,2026-07-08T19:44:49+00:00,55,SB SDOT MINCHART 2026/07/08-14:44 2026/07/08-15:44 1,candidate_chart_query,$Bar SDOT 2026/07/08-15:09 20 19.75 19.78 19.86 3720 1
das_cmdapi_live_20260708T193719Z,2026-07-08,SDOT,SDOT,2026/07/08-15:08,2026-07-08,2026-07-08T19:08:00Z,2026,7,19.6,20.0,19.6,19.99,2306,,,,1,2026-07-08T19:44:49+00:00,56,SB SDOT MINCHART 2026/07/08-14:44 2026/07/08-15:44 1,candidate_chart_query,$Bar SDOT 2026/07/08-15:08 20 19.6 19.6 19.99 2306 1
das_cmdapi_live_20260708T193719Z,2026-07-08,SDOT,SDOT,2026/07/08-15:07,2026-07-08,2026-07-08T19:07:00Z,2026,7,20.05,20.2199,19.7,19.95,2964,,,,1,2026-07-08T19:44:49+00:00,57,SB SDOT MINCHART 2026/07/08-14:44 2026/07/08-15:44 1,candidate_chart_query,$Bar SDOT 2026/07/08-15:07 20.2199 19.7 20.05 19.95 2964 1
das_cmdapi_live_20260708T193719Z,2026-07-08,SDOT,SDOT,2026/07/08-15:06,2026-07-08,2026-07-08T19:06:00Z,2026,7,18.925,20.0,18.925,19.97,7609,,,,1,2026-07-08T19:44:49+00:00,58,SB SDOT MINCHART 2026/07/08-14:44 2026/07/08-15:44 1,candidate_chart_query,$Bar SDOT 2026/07/08-15:06 20 18.925 18.925 19.97 7609 1
das_cmdapi_live_20260708T193719Z,2026-07-08,SDOT,SDOT,2026/07/08-15:05,2026-07-08,2026-07-08T19:05:00Z,2026,7,18.53,18.84,18.45,18.84,1848,,,,1,2026-07-08T19:44:49+00:00,59,SB SDOT MINCHART 2026/07/08-14:44 2026/07/08-15:44 1,candidate_chart_query,$Bar SDOT 2026/07/08-15:05 18.84 18.45 18.53 18.84 1848 1
das_cmdapi_live_20260708T193719Z,2026-07-08,SDOT,SDOT,2026/07/08-15:04,2026-07-08,2026-07-08T19:04:00Z,2026,7,18.7,18.77,18.45,18.53,3042,,,,1,2026-07-08T19:44:49+00:00,60,SB SDOT MINCHART 2026/07/08-14:44 2026/07/08-15:44 1,candidate_chart_query,$Bar SDOT 2026/07/08-15:04 18.77 18.45 18.7 18.53 3042 1
das_cmdapi_live_20260708T193719Z,2026-07-08,SDOT,SDOT,2026/07/08-15:03,2026-07-08,2026-07-08T19:03:00Z,2026,7,20.11,20.11,18.28,18.77,10922,,,,1,2026-07-08T19:44:49+00:00,61,SB SDOT MINCHART 2026/07/08-14:44 2026/07/08-15:44 1,candidate_chart_query,$Bar SDOT 2026/07/08-15:03 20.11 18.28 20.11 18.77 10922 1
das_cmdapi_live_20260708T193719Z,2026-07-08,SDOT,SDOT,2026/07/08-15:02,2026-07-08,2026-07-08T19:02:00Z,2026,7,20.36,20.36,20.1001,20.1001,847,,,,1,2026-07-08T19:44:49+00:00,62,SB SDOT MINCHART 2026/07/08-14:44 2026/07/08-15:44 1,candidate_chart_query,$Bar SDOT 2026/07/08-15:02 20.36 20.1001 20.36 20.1001 847 1
das_cmdapi_live_20260708T193719Z,2026-07-08,SDOT,SDOT,2026/07/08-15:01,2026-07-08,2026-07-08T19:01:00Z,2026,7,20.24,20.5,20.22,20.5,712,,,,1,2026-07-08T19:44:49+00:00,63,SB SDOT MINCHART 2026/07/08-14:44 2026/07/08-15:44 1,candidate_chart_query,$Bar SDOT 2026/07/08-15:01 20.5 20.22 20.24 20.5 712 1
das_cmdapi_live_20260708T193719Z,2026-07-08,SDOT,SDOT,2026/07/08-15:00,2026-07-08,2026-07-08T19:00:00Z,2026,7,20.2001,20.505,20.2001,20.505,2459,,,,1,2026-07-08T19:44:49+00:00,64,SB SDOT MINCHART 2026/07/08-14:44 2026/07/08-15:44 1,candidate_chart_query,$Bar SDOT 2026/07/08-15:00 20.505 20.2001 20.2001 20.505 2459 1
das_cmdapi_live_20260708T193719Z,2026-07-08,SDOT,SDOT,2026/07/08-14:59,2026-07-08,2026-07-08T18:59:00Z,2026,7,20.22,20.81,20.1902,20.81,1838,,,,1,2026-07-08T19:44:49+00:00,65,SB SDOT MINCHART 2026/07/08-14:44 2026/07/08-15:44 1,candidate_chart_query,$Bar SDOT 2026/07/08-14:59 20.81 20.1902 20.22 20.81 1838 1
das_cmdapi_live_20260708T193719Z,2026-07-08,SDOT,SDOT,2026/07/08-14:58,2026-07-08,2026-07-08T18:58:00Z,2026,7,20.38,20.38,20.38,20.38,100,,,,1,2026-07-08T19:44:49+00:00,66,SB SDOT MINCHART 2026/07/08-14:44 2026/07/08-15:44 1,candidate_chart_query,$Bar SDOT 2026/07/08-14:58 20.38 20.38 20.38 20.38 100 1
das_cmdapi_live_20260708T193719Z,2026-07-08,SDOT,SDOT,2026/07/08-14:56,2026-07-08,2026-07-08T18:56:00Z,2026,7,20.19,20.5746,20.19,20.5746,3022,,,,1,2026-07-08T19:44:49+00:00,67,SB SDOT MINCHART 2026/07/08-14:44 2026/07/08-15:44 1,candidate_chart_query,$Bar SDOT 2026/07/08-14:56 20.5746 20.19 20.19 20.5746 3022 1
das_cmdapi_live_20260708T193719Z,2026-07-08,SDOT,SDOT,2026/07/08-14:55,2026-07-08,2026-07-08T18:55:00Z,2026,7,20.5,20.5,20.15,20.15,715,,,,1,2026-07-08T19:44:49+00:00,68,SB SDOT MINCHART 2026/07/08-14:44 2026/07/08-15:44 1,candidate_chart_query,$Bar SDOT 2026/07/08-14:55 20.5 20.15 20.5 20.15 715 1
das_cmdapi_live_20260708T193719Z,2026-07-08,SDOT,SDOT,2026/07/08-14:54,2026-07-08,2026-07-08T18:54:00Z,2026,7,20.96,20.96,20.58,20.58,1378,,,,1,2026-07-08T19:44:49+00:00,69,SB SDOT MINCHART 2026/07/08-14:44 2026/07/08-15:44 1,candidate_chart_query,$Bar SDOT 2026/07/08-14:54 20.96 20.58 20.96 20.58 1378 1
das_cmdapi_live_20260708T193719Z,2026-07-08,SDOT,SDOT,2026/07/08-14:53,2026-07-08,2026-07-08T18:53:00Z,2026,7,20.95,20.95,20.95,20.95,213,,,,1,2026-07-08T19:44:49+00:00,70,SB SDOT MINCHART 2026/07/08-14:44 2026/07/08-15:44 1,candidate_chart_query,$Bar SDOT 2026/07/08-14:53 20.95 20.95 20.95 20.95 213 1
das_cmdapi_live_20260708T193719Z,2026-07-08,SDOT,SDOT,2026/07/08-14:52,2026-07-08,2026-07-08T18:52:00Z,2026,7,20.95,20.95,20.95,20.95,200,,,,1,2026-07-08T19:44:49+00:00,71,SB SDOT MINCHART 2026/07/08-14:44 2026/07/08-15:44 1,candidate_chart_query,$Bar SDOT 2026/07/08-14:52 20.95 20.95 20.95 20.95 200 1
das_cmdapi_live_20260708T193719Z,2026-07-08,SDOT,SDOT,2026/07/08-14:51,2026-07-08,2026-07-08T18:51:00Z,2026,7,20.9977,20.9977,20.53,20.53,3400,,,,1,2026-07-08T19:44:49+00:00,72,SB SDOT MINCHART 2026/07/08-14:44 2026/07/08-15:44 1,candidate_chart_query,$Bar SDOT 2026/07/08-14:51 20.9977 20.53 20.9977 20.53 3400 1
das_cmdapi_live_20260708T193719Z,2026-07-08,SDOT,SDOT,2026/07/08-14:50,2026-07-08,2026-07-08T18:50:00Z,2026,7,20.965,21.1,20.965,20.99,550,,,,1,2026-07-08T19:44:49+00:00,73,SB SDOT MINCHART 2026/07/08-14:44 2026/07/08-15:44 1,candidate_chart_query,$Bar SDOT 2026/07/08-14:50 21.1 20.965 20.965 20.99 550 1
das_cmdapi_live_20260708T193719Z,2026-07-08,SDOT,SDOT,2026/07/08-14:49,2026-07-08,2026-07-08T18:49:00Z,2026,7,20.965,21.07,20.965,20.99,3612,,,,1,2026-07-08T19:44:49+00:00,74,SB SDOT MINCHART 2026/07/08-14:44 2026/07/08-15:44 1,candidate_chart_query,$Bar SDOT 2026/07/08-14:49 21.07 20.965 20.965 20.99 3612 1
das_cmdapi_live_20260708T193719Z,2026-07-08,SDOT,SDOT,2026/07/08-14:48,2026-07-08,2026-07-08T18:48:00Z,2026,7,20.83,20.96,20.83,20.96,256,,,,1,2026-07-08T19:44:49+00:00,75,SB SDOT MINCHART 2026/07/08-14:44 2026/07/08-15:44 1,candidate_chart_query,$Bar SDOT 2026/07/08-14:48 20.96 20.83 20.83 20.96 256 1
das_cmdapi_live_20260708T193719Z,2026-07-08,SDOT,SDOT,2026/07/08-14:47,2026-07-08,2026-07-08T18:47:00Z,2026,7,21.09,21.09,21.09,21.09,145,,,,1,2026-07-08T19:44:49+00:00,76,SB SDOT MINCHART 2026/07/08-14:44 2026/07/08-15:44 1,candidate_chart_query,$Bar SDOT 2026/07/08-14:47 21.09 21.09 21.09 21.09 145 1
das_cmdapi_live_20260708T193719Z,2026-07-08,SDOT,SDOT,2026/07/08-14:46,2026-07-08,2026-07-08T18:46:00Z,2026,7,21.0489,21.0489,21.0489,21.0489,100,,,,1,2026-07-08T19:44:49+00:00,77,SB SDOT MINCHART 2026/07/08-14:44 2026/07/08-15:44 1,candidate_chart_query,$Bar SDOT 2026/07/08-14:46 21.0489 21.0489 21.0489 21.0489 100 1
das_cmdapi_live_20260708T193719Z,2026-07-08,SDOT,SDOT,2026/07/08-14:45,2026-07-08,2026-07-08T18:45:00Z,2026,7,21.13,21.13,21.0844,21.0844,200,,,,1,2026-07-08T19:44:49+00:00,78,SB SDOT MINCHART 2026/07/08-14:44 2026/07/08-15:44 1,candidate_chart_query,$Bar SDOT 2026/07/08-14:45 21.13 21.0844 21.13 21.0844 200 1
das_cmdapi_live_20260708T193719Z,2026-07-08,SDOT,SDOT,2026/07/08-14:44,2026-07-08,2026-07-08T18:44:00Z,2026,7,21.1614,21.1614,21.1614,21.1614,252,,,,1,2026-07-08T19:44:49+00:00,79,SB SDOT MINCHART 2026/07/08-14:44 2026/07/08-15:44 1,candidate_chart_query,$Bar SDOT 2026/07/08-14:44 21.1614 21.1614 21.1614 21.1614 252 1
das_cmdapi_live_20260708T193719Z,2026-07-08,INLF,INLF,2026/07/08-15:44,2026-07-08,2026-07-08T19:44:00Z,2026,7,3.96,3.96,3.96,3.96,500,,,,1,2026-07-08T19:45:16+00:00,46,SB INLF MINCHART 2026/07/08-14:44 2026/07/08-15:44 1,candidate_chart_query,$Bar INLF 2026/07/08-15:44 3.96 3.96 3.96 3.96 500 1
das_cmdapi_live_20260708T193719Z,2026-07-08,INLF,INLF,2026/07/08-15:43,2026-07-08,2026-07-08T19:43:00Z,2026,7,3.9883,3.9883,3.9698,3.9699,500,,,,1,2026-07-08T19:45:16+00:00,47,SB INLF MINCHART 2026/07/08-14:44 2026/07/08-15:44 1,candidate_chart_query,$Bar INLF 2026/07/08-15:43 3.9883 3.9698 3.9883 3.9699 500 1
das_cmdapi_live_20260708T193719Z,2026-07-08,INLF,INLF,2026/07/08-15:42,2026-07-08,2026-07-08T19:42:00Z,2026,7,3.92,3.9553,3.85,3.9553,729,,,,1,2026-07-08T19:45:16+00:00,48,SB INLF MINCHART 2026/07/08-14:44 2026/07/08-15:44 1,candidate_chart_query,$Bar INLF 2026/07/08-15:42 3.9553 3.85 3.92 3.9553 729 1
das_cmdapi_live_20260708T193719Z,2026-07-08,INLF,INLF,2026/07/08-15:41,2026-07-08,2026-07-08T19:41:00Z,2026,7,3.8602,3.938,3.86,3.87,1304,,,,1,2026-07-08T19:45:16+00:00,49,SB INLF MINCHART 2026/07/08-14:44 2026/07/08-15:44 1,candidate_chart_query,$Bar INLF 2026/07/08-15:41 3.938 3.86 3.8602 3.87 1304 1
das_cmdapi_live_20260708T193719Z,2026-07-08,INLF,INLF,2026/07/08-15:40,2026-07-08,2026-07-08T19:40:00Z,2026,7,3.93,3.945,3.851,3.851,3248,,,,1,2026-07-08T19:45:16+00:00,50,SB INLF MINCHART 2026/07/08-14:44 2026/07/08-15:44 1,candidate_chart_query,$Bar INLF 2026/07/08-15:40 3.945 3.851 3.93 3.851 3248 1
das_cmdapi_live_20260708T193719Z,2026-07-08,INLF,INLF,2026/07/08-15:39,2026-07-08,2026-07-08T19:39:00Z,2026,7,3.915,3.915,3.915,3.915,100,,,,1,2026-07-08T19:45:16+00:00,51,SB INLF MINCHART 2026/07/08-14:44 2026/07/08-15:44 1,candidate_chart_query,$Bar INLF 2026/07/08-15:39 3.915 3.915 3.915 3.915 100 1
das_cmdapi_live_20260708T193719Z,2026-07-08,INLF,INLF,2026/07/08-15:37,2026-07-08,2026-07-08T19:37:00Z,2026,7,3.826,4.0,3.826,3.99,4992,,,,1,2026-07-08T19:45:16+00:00,52,SB INLF MINCHART 2026/07/08-14:44 2026/07/08-15:44 1,candidate_chart_query,$Bar INLF 2026/07/08-15:37 4 3.826 3.826 3.99 4992 1
das_cmdapi_live_20260708T193719Z,2026-07-08,INLF,INLF,2026/07/08-15:36,2026-07-08,2026-07-08T19:36:00Z,2026,7,3.9,3.95,3.8457,3.8499,1503,,,,1,2026-07-08T19:45:16+00:00,53,SB INLF MINCHART 2026/07/08-14:44 2026/07/08-15:44 1,candidate_chart_query,$Bar INLF 2026/07/08-15:36 3.95 3.8457 3.9 3.8499 1503 1
das_cmdapi_live_20260708T193719Z,2026-07-08,INLF,INLF,2026/07/08-15:35,2026-07-08,2026-07-08T19:35:00Z,2026,7,3.9998,3.9998,3.92,3.92,2158,,,,1,2026-07-08T19:45:16+00:00,54,SB INLF MINCHART 2026/07/08-14:44 2026/07/08-15:44 1,candidate_chart_query,$Bar INLF 2026/07/08-15:35 3.9998 3.92 3.9998 3.92 2158 1
das_cmdapi_live_20260708T193719Z,2026-07-08,INLF,INLF,2026/07/08-15:34,2026-07-08,2026-07-08T19:34:00Z,2026,7,4.0,4.0,4.0,4.0,449,,,,1,2026-07-08T19:45:16+00:00,55,SB INLF MINCHART 2026/07/08-14:44 2026/07/08-15:44 1,candidate_chart_query,$Bar INLF 2026/07/08-15:34 4 4 4 4 449 1
das_cmdapi_live_20260708T193719Z,2026-07-08,INLF,INLF,2026/07/08-15:32,2026-07-08,2026-07-08T19:32:00Z,2026,7,4.02,4.02,4.01,4.01,1658,,,,1,2026-07-08T19:45:16+00:00,56,SB INLF MINCHART 2026/07/08-14:44 2026/07/08-15:44 1,candidate_chart_query,$Bar INLF 2026/07/08-15:32 4.02 4.01 4.02 4.01 1658 1
das_cmdapi_live_20260708T193719Z,2026-07-08,INLF,INLF,2026/07/08-15:28,2026-07-08,2026-07-08T19:28:00Z,2026,7,4.01,4.0132,4.01,4.0132,685,,,,1,2026-07-08T19:45:16+00:00,57,SB INLF MINCHART 2026/07/08-14:44 2026/07/08-15:44 1,candidate_chart_query,$Bar INLF 2026/07/08-15:28 4.0132 4.01 4.01 4.0132 685 1
das_cmdapi_live_20260708T193719Z,2026-07-08,INLF,INLF,2026/07/08-15:26,2026-07-08,2026-07-08T19:26:00Z,2026,7,4.02,4.02,4.02,4.02,418,,,,1,2026-07-08T19:45:16+00:00,58,SB INLF MINCHART 2026/07/08-14:44 2026/07/08-15:44 1,candidate_chart_query,$Bar INLF 2026/07/08-15:26 4.02 4.02 4.02 4.02 418 1
das_cmdapi_live_20260708T193719Z,2026-07-08,INLF,INLF,2026/07/08-15:25,2026-07-08,2026-07-08T19:25:00Z,2026,7,4.01,4.01,4.01,4.01,535,,,,1,2026-07-08T19:45:16+00:00,59,SB INLF MINCHART 2026/07/08-14:44 2026/07/08-15:44 1,candidate_chart_query,$Bar INLF 2026/07/08-15:25 4.01 4.01 4.01 4.01 535 1
das_cmdapi_live_20260708T193719Z,2026-07-08,INLF,INLF,2026/07/08-15:21,2026-07-08,2026-07-08T19:21:00Z,2026,7,4.0,4.012,4.0,4.0,3000,,,,1,2026-07-08T19:45:16+00:00,60,SB INLF MINCHART 2026/07/08-14:44 2026/07/08-15:44 1,candidate_chart_query,$Bar INLF 2026/07/08-15:21 4.012 4 4 4 3000 1
das_cmdapi_live_20260708T193719Z,2026-07-08,INLF,INLF,2026/07/08-15:20,2026-07-08,2026-07-08T19:20:00Z,2026,7,3.97,3.97,3.96,3.96,700,,,,1,2026-07-08T19:45:16+00:00,61,SB INLF MINCHART 2026/07/08-14:44 2026/07/08-15:44 1,candidate_chart_query,$Bar INLF 2026/07/08-15:20 3.97 3.96 3.97 3.96 700 1
das_cmdapi_live_20260708T193719Z,2026-07-08,INLF,INLF,2026/07/08-15:19,2026-07-08,2026-07-08T19:19:00Z,2026,7,3.99,3.995,3.97,3.9701,845,,,,1,2026-07-08T19:45:16+00:00,62,SB INLF MINCHART 2026/07/08-14:44 2026/07/08-15:44 1,candidate_chart_query,$Bar INLF 2026/07/08-15:19 3.995 3.97 3.99 3.9701 845 1
das_cmdapi_live_20260708T193719Z,2026-07-08,INLF,INLF,2026/07/08-15:18,2026-07-08,2026-07-08T19:18:00Z,2026,7,3.995,3.995,3.995,3.995,200,,,,1,2026-07-08T19:45:16+00:00,63,SB INLF MINCHART 2026/07/08-14:44 2026/07/08-15:44 1,candidate_chart_query,$Bar INLF 2026/07/08-15:18 3.995 3.995 3.995 3.995 200 1
das_cmdapi_live_20260708T193719Z,2026-07-08,INLF,INLF,2026/07/08-15:16,2026-07-08,2026-07-08T19:16:00Z,2026,7,3.98,3.98,3.98,3.98,200,,,,1,2026-07-08T19:45:16+00:00,64,SB INLF MINCHART 2026/07/08-14:44 2026/07/08-15:44 1,candidate_chart_query,$Bar INLF 2026/07/08-15:16 3.98 3.98 3.98 3.98 200 1
das_cmdapi_live_20260708T193719Z,2026-07-08,INLF,INLF,2026/07/08-15:15,2026-07-08,2026-07-08T19:15:00Z,2026,7,4.04,4.04,4.04,4.04,270,,,,1,2026-07-08T19:45:16+00:00,65,SB INLF MINCHART 2026/07/08-14:44 2026/07/08-15:44 1,candidate_chart_query,$Bar INLF 2026/07/08-15:15 4.04 4.04 4.04 4.04 270 1
das_cmdapi_live_20260708T193719Z,2026-07-08,INLF,INLF,2026/07/08-15:13,2026-07-08,2026-07-08T19:13:00Z,2026,7,4.04,4.04,4.04,4.04,300,,,,1,2026-07-08T19:45:16+00:00,66,SB INLF MINCHART 2026/07/08-14:44 2026/07/08-15:44 1,candidate_chart_query,$Bar INLF 2026/07/08-15:13 4.04 4.04 4.04 4.04 300 1
das_cmdapi_live_20260708T193719Z,2026-07-08,INLF,INLF,2026/07/08-15:11,2026-07-08,2026-07-08T19:11:00Z,2026,7,3.99,3.99,3.97,3.97,941,,,,1,2026-07-08T19:45:16+00:00,67,SB INLF MINCHART 2026/07/08-14:44 2026/07/08-15:44 1,candidate_chart_query,$Bar INLF 2026/07/08-15:11 3.99 3.97 3.99 3.97 941 1
das_cmdapi_live_20260708T193719Z,2026-07-08,INLF,INLF,2026/07/08-15:08,2026-07-08,2026-07-08T19:08:00Z,2026,7,4.06,4.06,4.06,4.06,232,,,,1,2026-07-08T19:45:16+00:00,68,SB INLF MINCHART 2026/07/08-14:44 2026/07/08-15:44 1,candidate_chart_query,$Bar INLF 2026/07/08-15:08 4.06 4.06 4.06 4.06 232 1
das_cmdapi_live_20260708T193719Z,2026-07-08,INLF,INLF,2026/07/08-15:07,2026-07-08,2026-07-08T19:07:00Z,2026,7,4.0898,4.0898,4.0898,4.0898,100,,,,1,2026-07-08T19:45:16+00:00,69,SB INLF MINCHART 2026/07/08-14:44 2026/07/08-15:44 1,candidate_chart_query,$Bar INLF 2026/07/08-15:07 4.0898 4.0898 4.0898 4.0898 100 1
das_cmdapi_live_20260708T193719Z,2026-07-08,INLF,INLF,2026/07/08-15:06,2026-07-08,2026-07-08T19:06:00Z,2026,7,4.0898,4.0898,3.99,4.04,1346,,,,1,2026-07-08T19:45:16+00:00,70,SB INLF MINCHART 2026/07/08-14:44 2026/07/08-15:44 1,candidate_chart_query,$Bar INLF 2026/07/08-15:06 4.0898 3.99 4.0898 4.04 1346 1
das_cmdapi_live_20260708T193719Z,2026-07-08,INLF,INLF,2026/07/08-15:05,2026-07-08,2026-07-08T19:05:00Z,2026,7,4.0886,4.0886,4.045,4.045,651,,,,1,2026-07-08T19:45:16+00:00,71,SB INLF MINCHART 2026/07/08-14:44 2026/07/08-15:44 1,candidate_chart_query,$Bar INLF 2026/07/08-15:05 4.0886 4.045 4.0886 4.045 651 1
das_cmdapi_live_20260708T193719Z,2026-07-08,INLF,INLF,2026/07/08-15:04,2026-07-08,2026-07-08T19:04:00Z,2026,7,4.0,4.045,4.0,4.045,1385,,,,1,2026-07-08T19:45:16+00:00,73,SB INLF MINCHART 2026/07/08-14:44 2026/07/08-15:44 1,candidate_chart_query,$Bar INLF 2026/07/08-15:04 4.045 4 4 4.045 1385 1
das_cmdapi_live_20260708T193719Z,2026-07-08,INLF,INLF,2026/07/08-15:03,2026-07-08,2026-07-08T19:03:00Z,2026,7,3.9899,3.9899,3.9897,3.9897,350,,,,1,2026-07-08T19:45:16+00:00,74,SB INLF MINCHART 2026/07/08-14:44 2026/07/08-15:44 1,candidate_chart_query,$Bar INLF 2026/07/08-15:03 3.9899 3.9897 3.9899 3.9897 350 1
das_cmdapi_live_20260708T193719Z,2026-07-08,INLF,INLF,2026/07/08-15:02,2026-07-08,2026-07-08T19:02:00Z,2026,7,3.98,3.98,3.98,3.98,250,,,,1,2026-07-08T19:45:16+00:00,75,SB INLF MINCHART 2026/07/08-14:44 2026/07/08-15:44 1,candidate_chart_query,$Bar INLF 2026/07/08-15:02 3.98 3.98 3.98 3.98 250 1
das_cmdapi_live_20260708T193719Z,2026-07-08,INLF,INLF,2026/07/08-15:01,2026-07-08,2026-07-08T19:01:00Z,2026,7,3.99,4.0,3.99,4.0,901,,,,1,2026-07-08T19:45:16+00:00,76,SB INLF MINCHART 2026/07/08-14:44 2026/07/08-15:44 1,candidate_chart_query,$Bar INLF 2026/07/08-15:01 4 3.99 3.99 4 901 1
das_cmdapi_live_20260708T193719Z,2026-07-08,INLF,INLF,2026/07/08-15:00,2026-07-08,2026-07-08T19:00:00Z,2026,7,3.98,3.98,3.98,3.98,126,,,,1,2026-07-08T19:45:16+00:00,77,SB INLF MINCHART 2026/07/08-14:44 2026/07/08-15:44 1,candidate_chart_query,$Bar INLF 2026/07/08-15:00 3.98 3.98 3.98 3.98 126 1
das_cmdapi_live_20260708T193719Z,2026-07-08,INLF,INLF,2026/07/08-14:59,2026-07-08,2026-07-08T18:59:00Z,2026,7,3.98,3.98,3.98,3.98,558,,,,1,2026-07-08T19:45:16+00:00,78,SB INLF MINCHART 2026/07/08-14:44 2026/07/08-15:44 1,candidate_chart_query,$Bar INLF 2026/07/08-14:59 3.98 3.98 3.98 3.98 558 1
das_cmdapi_live_20260708T193719Z,2026-07-08,INLF,INLF,2026/07/08-14:55,2026-07-08,2026-07-08T18:55:00Z,2026,7,3.97,3.9787,3.97,3.9787,574,,,,1,2026-07-08T19:45:16+00:00,79,SB INLF MINCHART 2026/07/08-14:44 2026/07/08-15:44 1,candidate_chart_query,$Bar INLF 2026/07/08-14:55 3.9787 3.97 3.97 3.9787 574 1
das_cmdapi_live_20260708T193719Z,2026-07-08,INLF,INLF,2026/07/08-14:54,2026-07-08,2026-07-08T18:54:00Z,2026,7,3.98,3.98,3.98,3.98,131,,,,1,2026-07-08T19:45:16+00:00,80,SB INLF MINCHART 2026/07/08-14:44 2026/07/08-15:44 1,candidate_chart_query,$Bar INLF 2026/07/08-14:54 3.98 3.98 3.98 3.98 131 1
das_cmdapi_live_20260708T193719Z,2026-07-08,INLF,INLF,2026/07/08-14:53,2026-07-08,2026-07-08T18:53:00Z,2026,7,3.9784,3.98,3.9784,3.98,318,,,,1,2026-07-08T19:45:16+00:00,81,SB INLF MINCHART 2026/07/08-14:44 2026/07/08-15:44 1,candidate_chart_query,$Bar INLF 2026/07/08-14:53 3.98 3.9784 3.9784 3.98 318 1
das_cmdapi_live_20260708T193719Z,2026-07-08,INLF,INLF,2026/07/08-14:50,2026-07-08,2026-07-08T18:50:00Z,2026,7,3.97,3.975,3.97,3.975,423,,,,1,2026-07-08T19:45:16+00:00,82,SB INLF MINCHART 2026/07/08-14:44 2026/07/08-15:44 1,candidate_chart_query,$Bar INLF 2026/07/08-14:50 3.975 3.97 3.97 3.975 423 1
das_cmdapi_live_20260708T193719Z,2026-07-08,INLF,INLF,2026/07/08-14:49,2026-07-08,2026-07-08T18:49:00Z,2026,7,3.9703,3.9703,3.9703,3.9703,105,,,,1,2026-07-08T19:45:16+00:00,83,SB INLF MINCHART 2026/07/08-14:44 2026/07/08-15:44 1,candidate_chart_query,$Bar INLF 2026/07/08-14:49 3.9703 3.9703 3.9703 3.9703 105 1
das_cmdapi_live_20260708T193719Z,2026-07-08,INLF,INLF,2026/07/08-14:47,2026-07-08,2026-07-08T18:47:00Z,2026,7,3.97,3.99,3.9627,3.99,1525,,,,1,2026-07-08T19:45:16+00:00,84,SB INLF MINCHART 2026/07/08-14:44 2026/07/08-15:44 1,candidate_chart_query,$Bar INLF 2026/07/08-14:47 3.99 3.9627 3.97 3.99 1525 1
das_cmdapi_live_20260708T193719Z,2026-07-08,INLF,INLF,2026/07/08-14:45,2026-07-08,2026-07-08T18:45:00Z,2026,7,3.96,3.97,3.96,3.97,8555,,,,1,2026-07-08T19:45:16+00:00,85,SB INLF MINCHART 2026/07/08-14:44 2026/07/08-15:44 1,candidate_chart_query,$Bar INLF 2026/07/08-14:45 3.97 3.96 3.96 3.97 8555 1
das_cmdapi_live_20260708T193719Z,2026-07-08,INLF,INLF,2026/07/08-14:44,2026-07-08,2026-07-08T18:44:00Z,2026,7,3.9605,3.97,3.9605,3.9692,1195,,,,1,2026-07-08T19:45:16+00:00,86,SB INLF MINCHART 2026/07/08-14:44 2026/07/08-15:44 1,candidate_chart_query,$Bar INLF 2026/07/08-14:44 3.97 3.9605 3.9605 3.9692 1195 1
das_cmdapi_live_20260708T193719Z,2026-07-08,CLRO,CLRO,2026/07/08-15:45,2026-07-08,2026-07-08T19:45:00Z,2026,7,10.22,10.25,10.175,10.175,2316,,,,1,2026-07-08T19:45:42+00:00,4,SB CLRO MINCHART 2026/07/08-14:45 2026/07/08-15:45 1,candidate_chart_query,$Bar CLRO 2026/07/08-15:45 10.25 10.175 10.22 10.175 2316 1
das_cmdapi_live_20260708T193719Z,2026-07-08,CLRO,CLRO,2026/07/08-15:44,2026-07-08,2026-07-08T19:44:00Z,2026,7,10.28,10.29,10.1,10.28,1961,,,,1,2026-07-08T19:45:42+00:00,6,SB CLRO MINCHART 2026/07/08-14:45 2026/07/08-15:45 1,candidate_chart_query,$Bar CLRO 2026/07/08-15:44 10.29 10.1 10.28 10.28 1961 1
das_cmdapi_live_20260708T193719Z,2026-07-08,CLRO,CLRO,2026/07/08-15:43,2026-07-08,2026-07-08T19:43:00Z,2026,7,10.115,10.33,10.07,10.2922,10865,,,,1,2026-07-08T19:45:42+00:00,7,SB CLRO MINCHART 2026/07/08-14:45 2026/07/08-15:45 1,candidate_chart_query,$Bar CLRO 2026/07/08-15:43 10.33 10.07 10.115 10.2922 10865 1
das_cmdapi_live_20260708T193719Z,2026-07-08,CLRO,CLRO,2026/07/08-15:42,2026-07-08,2026-07-08T19:42:00Z,2026,7,10.0599,10.15,10.0078,10.15,2065,,,,1,2026-07-08T19:45:42+00:00,8,SB CLRO MINCHART 2026/07/08-14:45 2026/07/08-15:45 1,candidate_chart_query,$Bar CLRO 2026/07/08-15:42 10.15 10.0078 10.0599 10.15 2065 1
das_cmdapi_live_20260708T193719Z,2026-07-08,CLRO,CLRO,2026/07/08-15:41,2026-07-08,2026-07-08T19:41:00Z,2026,7,9.9747,10.1,9.955,10.025,2829,,,,1,2026-07-08T19:45:42+00:00,9,SB CLRO MINCHART 2026/07/08-14:45 2026/07/08-15:45 1,candidate_chart_query,$Bar CLRO 2026/07/08-15:41 10.1 9.955 9.9747 10.025 2829 1
das_cmdapi_live_20260708T193719Z,2026-07-08,CLRO,CLRO,2026/07/08-15:40,2026-07-08,2026-07-08T19:40:00Z,2026,7,10.04,10.0699,9.96,10.0699,4752,,,,1,2026-07-08T19:45:42+00:00,10,SB CLRO MINCHART 2026/07/08-14:45 2026/07/08-15:45 1,candidate_chart_query,$Bar CLRO 2026/07/08-15:40 10.0699 9.96 10.04 10.0699 4752 1
das_cmdapi_live_20260708T193719Z,2026-07-08,CLRO,CLRO,2026/07/08-15:39,2026-07-08,2026-07-08T19:39:00Z,2026,7,9.93,10.0703,9.93,10.0002,2477,,,,1,2026-07-08T19:45:42+00:00,11,SB CLRO MINCHART 2026/07/08-14:45 2026/07/08-15:45 1,candidate_chart_query,$Bar CLRO 2026/07/08-15:39 10.0703 9.93 9.93 10.0002 2477 1
das_cmdapi_live_20260708T193719Z,2026-07-08,CLRO,CLRO,2026/07/08-15:38,2026-07-08,2026-07-08T19:38:00Z,2026,7,10.092,10.092,9.86,9.935,8571,,,,1,2026-07-08T19:45:42+00:00,12,SB CLRO MINCHART 2026/07/08-14:45 2026/07/08-15:45 1,candidate_chart_query,$Bar CLRO 2026/07/08-15:38 10.092 9.86 10.092 9.935 8571 1
das_cmdapi_live_20260708T193719Z,2026-07-08,CLRO,CLRO,2026/07/08-15:37,2026-07-08,2026-07-08T19:37:00Z,2026,7,10.05,10.175,9.9399,10.1,9277,,,,1,2026-07-08T19:45:42+00:00,13,SB CLRO MINCHART 2026/07/08-14:45 2026/07/08-15:45 1,candidate_chart_query,$Bar CLRO 2026/07/08-15:37 10.175 9.9399 10.05 10.1 9277 1
das_cmdapi_live_20260708T193719Z,2026-07-08,CLRO,CLRO,2026/07/08-15:36,2026-07-08,2026-07-08T19:36:00Z,2026,7,10.005,10.09,9.96,10.05,2000,,,,1,2026-07-08T19:45:42+00:00,14,SB CLRO MINCHART 2026/07/08-14:45 2026/07/08-15:45 1,candidate_chart_query,$Bar CLRO 2026/07/08-15:36 10.09 9.96 10.005 10.05 2000 1
das_cmdapi_live_20260708T193719Z,2026-07-08,CLRO,CLRO,2026/07/08-15:35,2026-07-08,2026-07-08T19:35:00Z,2026,7,10.05,10.1,9.97,10.0,1246,,,,1,2026-07-08T19:45:42+00:00,15,SB CLRO MINCHART 2026/07/08-14:45 2026/07/08-15:45 1,candidate_chart_query,$Bar CLRO 2026/07/08-15:35 10.1 9.97 10.05 10 1246 1
das_cmdapi_live_20260708T193719Z,2026-07-08,CLRO,CLRO,2026/07/08-15:34,2026-07-08,2026-07-08T19:34:00Z,2026,7,9.9,10.05,9.829,10.05,13542,,,,1,2026-07-08T19:45:42+00:00,16,SB CLRO MINCHART 2026/07/08-14:45 2026/07/08-15:45 1,candidate_chart_query,$Bar CLRO 2026/07/08-15:34 10.05 9.829 9.9 10.05 13542 1
das_cmdapi_live_20260708T193719Z,2026-07-08,CLRO,CLRO,2026/07/08-15:33,2026-07-08,2026-07-08T19:33:00Z,2026,7,10.61,10.61,9.84,9.84,41941,,,,1,2026-07-08T19:45:42+00:00,17,SB CLRO MINCHART 2026/07/08-14:45 2026/07/08-15:45 1,candidate_chart_query,$Bar CLRO 2026/07/08-15:33 10.61 9.84 10.61 9.84 41941 1
das_cmdapi_live_20260708T193719Z,2026-07-08,CLRO,CLRO,2026/07/08-15:32,2026-07-08,2026-07-08T19:32:00Z,2026,7,10.5299,10.7562,10.45,10.7562,6679,,,,1,2026-07-08T19:45:42+00:00,18,SB CLRO MINCHART 2026/07/08-14:45 2026/07/08-15:45 1,candidate_chart_query,$Bar CLRO 2026/07/08-15:32 10.7562 10.45 10.5299 10.7562 6679 1
das_cmdapi_live_20260708T193719Z,2026-07-08,CLRO,CLRO,2026/07/08-15:31,2026-07-08,2026-07-08T19:31:00Z,2026,7,10.448,10.4521,10.413,10.4521,2589,,,,1,2026-07-08T19:45:42+00:00,19,SB CLRO MINCHART 2026/07/08-14:45 2026/07/08-15:45 1,candidate_chart_query,$Bar CLRO 2026/07/08-15:31 10.4521 10.413 10.448 10.4521 2589 1
das_cmdapi_live_20260708T193719Z,2026-07-08,CLRO,CLRO,2026/07/08-15:30,2026-07-08,2026-07-08T19:30:00Z,2026,7,10.4075,10.5,10.4001,10.49,2111,,,,1,2026-07-08T19:45:42+00:00,20,SB CLRO MINCHART 2026/07/08-14:45 2026/07/08-15:45 1,candidate_chart_query,$Bar CLRO 2026/07/08-15:30 10.5 10.4001 10.4075 10.49 2111 1
das_cmdapi_live_20260708T193719Z,2026-07-08,CLRO,CLRO,2026/07/08-15:29,2026-07-08,2026-07-08T19:29:00Z,2026,7,10.6,10.6,10.445,10.445,2805,,,,1,2026-07-08T19:45:42+00:00,21,SB CLRO MINCHART 2026/07/08-14:45 2026/07/08-15:45 1,candidate_chart_query,$Bar CLRO 2026/07/08-15:29 10.6 10.445 10.6 10.445 2805 1
das_cmdapi_live_20260708T193719Z,2026-07-08,CLRO,CLRO,2026/07/08-15:28,2026-07-08,2026-07-08T19:28:00Z,2026,7,10.5,10.61,10.45,10.61,4125,,,,1,2026-07-08T19:45:42+00:00,22,SB CLRO MINCHART 2026/07/08-14:45 2026/07/08-15:45 1,candidate_chart_query,$Bar CLRO 2026/07/08-15:28 10.61 10.45 10.5 10.61 4125 1
das_cmdapi_live_20260708T193719Z,2026-07-08,CLRO,CLRO,2026/07/08-15:27,2026-07-08,2026-07-08T19:27:00Z,2026,7,10.68,10.68,10.5,10.5999,5621,,,,1,2026-07-08T19:45:42+00:00,23,SB CLRO MINCHART 2026/07/08-14:45 2026/07/08-15:45 1,candidate_chart_query,$Bar CLRO 2026/07/08-15:27 10.68 10.5 10.68 10.5999 5621 1
das_cmdapi_live_20260708T193719Z,2026-07-08,CLRO,CLRO,2026/07/08-15:26,2026-07-08,2026-07-08T19:26:00Z,2026,7,10.6502,10.6502,10.61,10.61,639,,,,1,2026-07-08T19:45:42+00:00,24,SB CLRO MINCHART 2026/07/08-14:45 2026/07/08-15:45 1,candidate_chart_query,$Bar CLRO 2026/07/08-15:26 10.6502 10.61 10.6502 10.61 639 1
das_cmdapi_live_20260708T193719Z,2026-07-08,CLRO,CLRO,2026/07/08-15:25,2026-07-08,2026-07-08T19:25:00Z,2026,7,10.615,10.81,10.615,10.73,6693,,,,1,2026-07-08T19:45:42+00:00,25,SB CLRO MINCHART 2026/07/08-14:45 2026/07/08-15:45 1,candidate_chart_query,$Bar CLRO 2026/07/08-15:25 10.81 10.615 10.615 10.73 6693 1
das_cmdapi_live_20260708T193719Z,2026-07-08,CLRO,CLRO,2026/07/08-15:24,2026-07-08,2026-07-08T19:24:00Z,2026,7,10.67,10.67,10.6,10.6039,4123,,,,1,2026-07-08T19:45:42+00:00,26,SB CLRO MINCHART 2026/07/08-14:45 2026/07/08-15:45 1,candidate_chart_query,$Bar CLRO 2026/07/08-15:24 10.67 10.6 10.67 10.6039 4123 1
das_cmdapi_live_20260708T193719Z,2026-07-08,CLRO,CLRO,2026/07/08-15:23,2026-07-08,2026-07-08T19:23:00Z,2026,7,10.5401,10.81,10.48,10.6201,4401,,,,1,2026-07-08T19:45:42+00:00,27,SB CLRO MINCHART 2026/07/08-14:45 2026/07/08-15:45 1,candidate_chart_query,$Bar CLRO 2026/07/08-15:23 10.81 10.48 10.5401 10.6201 4401 1
das_cmdapi_live_20260708T193719Z,2026-07-08,CLRO,CLRO,2026/07/08-15:22,2026-07-08,2026-07-08T19:22:00Z,2026,7,10.6899,10.98,10.58,10.6,15407,,,,1,2026-07-08T19:45:42+00:00,28,SB CLRO MINCHART 2026/07/08-14:45 2026/07/08-15:45 1,candidate_chart_query,$Bar CLRO 2026/07/08-15:22 10.98 10.58 10.6899 10.6 15407 1
das_cmdapi_live_20260708T193719Z,2026-07-08,CLRO,CLRO,2026/07/08-15:21,2026-07-08,2026-07-08T19:21:00Z,2026,7,10.5,10.6829,10.46,10.6809,5008,,,,1,2026-07-08T19:45:42+00:00,29,SB CLRO MINCHART 2026/07/08-14:45 2026/07/08-15:45 1,candidate_chart_query,$Bar CLRO 2026/07/08-15:21 10.6829 10.46 10.5 10.6809 5008 1
das_cmdapi_live_20260708T193719Z,2026-07-08,CLRO,CLRO,2026/07/08-15:20,2026-07-08,2026-07-08T19:20:00Z,2026,7,10.48,10.49,10.4058,10.4801,6797,,,,1,2026-07-08T19:45:42+00:00,30,SB CLRO MINCHART 2026/07/08-14:45 2026/07/08-15:45 1,candidate_chart_query,$Bar CLRO 2026/07/08-15:20 10.49 10.4058 10.48 10.4801 6797 1
das_cmdapi_live_20260708T193719Z,2026-07-08,CLRO,CLRO,2026/07/08-15:19,2026-07-08,2026-07-08T19:19:00Z,2026,7,10.2901,10.49,10.2901,10.3844,4992,,,,1,2026-07-08T19:45:42+00:00,31,SB CLRO MINCHART 2026/07/08-14:45 2026/07/08-15:45 1,candidate_chart_query,$Bar CLRO 2026/07/08-15:19 10.49 10.2901 10.2901 10.3844 4992 1
das_cmdapi_live_20260708T193719Z,2026-07-08,CLRO,CLRO,2026/07/08-15:18,2026-07-08,2026-07-08T19:18:00Z,2026,7,10.0701,10.35,10.0701,10.325,3760,,,,1,2026-07-08T19:45:42+00:00,32,SB CLRO MINCHART 2026/07/08-14:45 2026/07/08-15:45 1,candidate_chart_query,$Bar CLRO 2026/07/08-15:18 10.35 10.0701 10.0701 10.325 3760 1
das_cmdapi_live_20260708T193719Z,2026-07-08,CLRO,CLRO,2026/07/08-15:17,2026-07-08,2026-07-08T19:17:00Z,2026,7,10.39,10.39,10.05,10.22,5520,,,,1,2026-07-08T19:45:42+00:00,33,SB CLRO MINCHART 2026/07/08-14:45 2026/07/08-15:45 1,candidate_chart_query,$Bar CLRO 2026/07/08-15:17 10.39 10.05 10.39 10.22 5520 1
das_cmdapi_live_20260708T193719Z,2026-07-08,CLRO,CLRO,2026/07/08-15:16,2026-07-08,2026-07-08T19:16:00Z,2026,7,10.345,10.4,10.21,10.21,1705,,,,1,2026-07-08T19:45:42+00:00,34,SB CLRO MINCHART 2026/07/08-14:45 2026/07/08-15:45 1,candidate_chart_query,$Bar CLRO 2026/07/08-15:16 10.4 10.21 10.345 10.21 1705 1
das_cmdapi_live_20260708T193719Z,2026-07-08,CLRO,CLRO,2026/07/08-15:15,2026-07-08,2026-07-08T19:15:00Z,2026,7,10.4,10.4,10.25,10.29,9828,,,,1,2026-07-08T19:45:42+00:00,35,SB CLRO MINCHART 2026/07/08-14:45 2026/07/08-15:45 1,candidate_chart_query,$Bar CLRO 2026/07/08-15:15 10.4 10.25 10.4 10.29 9828 1
das_cmdapi_live_20260708T193719Z,2026-07-08,CLRO,CLRO,2026/07/08-15:14,2026-07-08,2026-07-08T19:14:00Z,2026,7,10.37,10.51,10.2,10.25,16429,,,,1,2026-07-08T19:45:42+00:00,36,SB CLRO MINCHART 2026/07/08-14:45 2026/07/08-15:45 1,candidate_chart_query,$Bar CLRO 2026/07/08-15:14 10.51 10.2 10.37 10.25 16429 1
das_cmdapi_live_20260708T193719Z,2026-07-08,CLRO,CLRO,2026/07/08-15:13,2026-07-08,2026-07-08T19:13:00Z,2026,7,10.76,10.94,10.05,10.15,23822,,,,1,2026-07-08T19:45:42+00:00,37,SB CLRO MINCHART 2026/07/08-14:45 2026/07/08-15:45 1,candidate_chart_query,$Bar CLRO 2026/07/08-15:13 10.94 10.05 10.76 10.15 23822 1
das_cmdapi_live_20260708T193719Z,2026-07-08,CLRO,CLRO,2026/07/08-15:12,2026-07-08,2026-07-08T19:12:00Z,2026,7,10.75,10.9499,10.62,10.855,2732,,,,1,2026-07-08T19:45:42+00:00,38,SB CLRO MINCHART 2026/07/08-14:45 2026/07/08-15:45 1,candidate_chart_query,$Bar CLRO 2026/07/08-15:12 10.9499 10.62 10.75 10.855 2732 1
das_cmdapi_live_20260708T193719Z,2026-07-08,CLRO,CLRO,2026/07/08-15:11,2026-07-08,2026-07-08T19:11:00Z,2026,7,10.6201,10.9197,10.5101,10.905,11980,,,,1,2026-07-08T19:45:42+00:00,39,SB CLRO MINCHART 2026/07/08-14:45 2026/07/08-15:45 1,candidate_chart_query,$Bar CLRO 2026/07/08-15:11 10.9197 10.5101 10.6201 10.905 11980 1
das_cmdapi_live_20260708T193719Z,2026-07-08,CLRO,CLRO,2026/07/08-15:10,2026-07-08,2026-07-08T19:10:00Z,2026,7,11.49,11.49,10.5,10.64,35223,,,,1,2026-07-08T19:45:42+00:00,40,SB CLRO MINCHART 2026/07/08-14:45 2026/07/08-15:45 1,candidate_chart_query,$Bar CLRO 2026/07/08-15:10 11.49 10.5 11.49 10.64 35223 1
das_cmdapi_live_20260708T193719Z,2026-07-08,CLRO,CLRO,2026/07/08-15:09,2026-07-08,2026-07-08T19:09:00Z,2026,7,11.605,11.605,11.4,11.4201,10132,,,,1,2026-07-08T19:45:42+00:00,41,SB CLRO MINCHART 2026/07/08-14:45 2026/07/08-15:45 1,candidate_chart_query,$Bar CLRO 2026/07/08-15:09 11.605 11.4 11.605 11.4201 10132 1
das_cmdapi_live_20260708T193719Z,2026-07-08,CLRO,CLRO,2026/07/08-15:08,2026-07-08,2026-07-08T19:08:00Z,2026,7,11.6767,11.6767,11.6767,11.6767,100,,,,1,2026-07-08T19:45:42+00:00,42,SB CLRO MINCHART 2026/07/08-14:45 2026/07/08-15:45 1,candidate_chart_query,$Bar CLRO 2026/07/08-15:08 11.6767 11.6767 11.6767 11.6767 100 1
das_cmdapi_live_20260708T193719Z,2026-07-08,CLRO,CLRO,2026/07/08-15:07,2026-07-08,2026-07-08T19:07:00Z,2026,7,11.6,11.7,11.54,11.65,9574,,,,1,2026-07-08T19:45:42+00:00,43,SB CLRO MINCHART 2026/07/08-14:45 2026/07/08-15:45 1,candidate_chart_query,$Bar CLRO 2026/07/08-15:07 11.7 11.54 11.6 11.65 9574 1
das_cmdapi_live_20260708T193719Z,2026-07-08,CLRO,CLRO,2026/07/08-15:06,2026-07-08,2026-07-08T19:06:00Z,2026,7,11.7499,11.76,11.6,11.6,7560,,,,1,2026-07-08T19:45:42+00:00,44,SB CLRO MINCHART 2026/07/08-14:45 2026/07/08-15:45 1,candidate_chart_query,$Bar CLRO 2026/07/08-15:06 11.76 11.6 11.7499 11.6 7560 1
das_cmdapi_live_20260708T193719Z,2026-07-08,CLRO,CLRO,2026/07/08-15:05,2026-07-08,2026-07-08T19:05:00Z,2026,7,11.73,11.82,11.62,11.76,2034,,,,1,2026-07-08T19:45:42+00:00,45,SB CLRO MINCHART 2026/07/08-14:45 2026/07/08-15:45 1,candidate_chart_query,$Bar CLRO 2026/07/08-15:05 11.82 11.62 11.73 11.76 2034 1
das_cmdapi_live_20260708T193719Z,2026-07-08,CLRO,CLRO,2026/07/08-15:04,2026-07-08,2026-07-08T19:04:00Z,2026,7,11.6399,11.7599,11.56,11.56,6717,,,,1,2026-07-08T19:45:42+00:00,46,SB CLRO MINCHART 2026/07/08-14:45 2026/07/08-15:45 1,candidate_chart_query,$Bar CLRO 2026/07/08-15:04 11.7599 11.56 11.6399 11.56 6717 1
das_cmdapi_live_20260708T193719Z,2026-07-08,CLRO,CLRO,2026/07/08-15:03,2026-07-08,2026-07-08T19:03:00Z,2026,7,11.46,11.6,11.4005,11.6,3160,,,,1,2026-07-08T19:45:42+00:00,47,SB CLRO MINCHART 2026/07/08-14:45 2026/07/08-15:45 1,candidate_chart_query,$Bar CLRO 2026/07/08-15:03 11.6 11.4005 11.46 11.6 3160 1
das_cmdapi_live_20260708T193719Z,2026-07-08,CLRO,CLRO,2026/07/08-15:02,2026-07-08,2026-07-08T19:02:00Z,2026,7,11.365,11.5,11.25,11.5,2973,,,,1,2026-07-08T19:45:42+00:00,48,SB CLRO MINCHART 2026/07/08-14:45 2026/07/08-15:45 1,candidate_chart_query,$Bar CLRO 2026/07/08-15:02 11.5 11.25 11.365 11.5 2973 1
das_cmdapi_live_20260708T193719Z,2026-07-08,CLRO,CLRO,2026/07/08-15:01,2026-07-08,2026-07-08T19:01:00Z,2026,7,11.55,11.6753,11.23,11.2301,8681,,,,1,2026-07-08T19:45:42+00:00,49,SB CLRO MINCHART 2026/07/08-14:45 2026/07/08-15:45 1,candidate_chart_query,$Bar CLRO 2026/07/08-15:01 11.6753 11.23 11.55 11.2301 8681 1
das_cmdapi_live_20260708T193719Z,2026-07-08,CLRO,CLRO,2026/07/08-15:00,2026-07-08,2026-07-08T19:00:00Z,2026,7,11.5838,11.7,11.53,11.69,3170,,,,1,2026-07-08T19:45:42+00:00,50,SB CLRO MINCHART 2026/07/08-14:45 2026/07/08-15:45 1,candidate_chart_query,$Bar CLRO 2026/07/08-15:00 11.7 11.53 11.5838 11.69 3170 1
das_cmdapi_live_20260708T193719Z,2026-07-08,CLRO,CLRO,2026/07/08-14:59,2026-07-08,2026-07-08T18:59:00Z,2026,7,11.21,11.5,11.21,11.47,2161,,,,1,2026-07-08T19:45:42+00:00,51,SB CLRO MINCHART 2026/07/08-14:45 2026/07/08-15:45 1,candidate_chart_query,$Bar CLRO 2026/07/08-14:59 11.5 11.21 11.21 11.47 2161 1
das_cmdapi_live_20260708T193719Z,2026-07-08,CLRO,CLRO,2026/07/08-14:58,2026-07-08,2026-07-08T18:58:00Z,2026,7,11.7,11.7,11.12,11.5,25385,,,,1,2026-07-08T19:45:42+00:00,52,SB CLRO MINCHART 2026/07/08-14:45 2026/07/08-15:45 1,candidate_chart_query,$Bar CLRO 2026/07/08-14:58 11.7 11.12 11.7 11.5 25385 1
das_cmdapi_live_20260708T193719Z,2026-07-08,CLRO,CLRO,2026/07/08-14:57,2026-07-08,2026-07-08T18:57:00Z,2026,7,11.57,11.9,11.52,11.7,13429,,,,1,2026-07-08T19:45:42+00:00,53,SB CLRO MINCHART 2026/07/08-14:45 2026/07/08-15:45 1,candidate_chart_query,$Bar CLRO 2026/07/08-14:57 11.9 11.52 11.57 11.7 13429 1
das_cmdapi_live_20260708T193719Z,2026-07-08,CLRO,CLRO,2026/07/08-14:56,2026-07-08,2026-07-08T18:56:00Z,2026,7,11.736,11.88,11.64,11.64,10024,,,,1,2026-07-08T19:45:42+00:00,54,SB CLRO MINCHART 2026/07/08-14:45 2026/07/08-15:45 1,candidate_chart_query,$Bar CLRO 2026/07/08-14:56 11.88 11.64 11.736 11.64 10024 1
das_cmdapi_live_20260708T193719Z,2026-07-08,CLRO,CLRO,2026/07/08-14:55,2026-07-08,2026-07-08T18:55:00Z,2026,7,11.3424,11.9783,11.3424,11.8566,9918,,,,1,2026-07-08T19:45:42+00:00,55,SB CLRO MINCHART 2026/07/08-14:45 2026/07/08-15:45 1,candidate_chart_query,$Bar CLRO 2026/07/08-14:55 11.9783 11.3424 11.3424 11.8566 9918 1
das_cmdapi_live_20260708T193719Z,2026-07-08,CLRO,CLRO,2026/07/08-14:54,2026-07-08,2026-07-08T18:54:00Z,2026,7,12.22,12.22,11.05,11.3115,14343,,,,1,2026-07-08T19:45:42+00:00,56,SB CLRO MINCHART 2026/07/08-14:45 2026/07/08-15:45 1,candidate_chart_query,$Bar CLRO 2026/07/08-14:54 12.22 11.05 12.22 11.3115 14343 1
das_cmdapi_live_20260708T193719Z,2026-07-08,CLRO,CLRO,2026/07/08-14:53,2026-07-08,2026-07-08T18:53:00Z,2026,7,12.35,12.3603,11.95,12.3,40186,,,,1,2026-07-08T19:45:42+00:00,57,SB CLRO MINCHART 2026/07/08-14:45 2026/07/08-15:45 1,candidate_chart_query,$Bar CLRO 2026/07/08-14:53 12.3603 11.95 12.35 12.3 40186 1
das_cmdapi_live_20260708T193719Z,2026-07-08,CLRO,CLRO,2026/07/08-14:52,2026-07-08,2026-07-08T18:52:00Z,2026,7,12.63,12.71,12.3,12.43,13947,,,,1,2026-07-08T19:45:42+00:00,58,SB CLRO MINCHART 2026/07/08-14:45 2026/07/08-15:45 1,candidate_chart_query,$Bar CLRO 2026/07/08-14:52 12.71 12.3 12.63 12.43 13947 1
das_cmdapi_live_20260708T193719Z,2026-07-08,CLRO,CLRO,2026/07/08-14:51,2026-07-08,2026-07-08T18:51:00Z,2026,7,12.8,12.8,12.71,12.71,3908,,,,1,2026-07-08T19:45:42+00:00,59,SB CLRO MINCHART 2026/07/08-14:45 2026/07/08-15:45 1,candidate_chart_query,$Bar CLRO 2026/07/08-14:51 12.8 12.71 12.8 12.71 3908 1
das_cmdapi_live_20260708T193719Z,2026-07-08,CLRO,CLRO,2026/07/08-14:50,2026-07-08,2026-07-08T18:50:00Z,2026,7,13.01,13.01,12.8001,12.815,7541,,,,1,2026-07-08T19:45:42+00:00,60,SB CLRO MINCHART 2026/07/08-14:45 2026/07/08-15:45 1,candidate_chart_query,$Bar CLRO 2026/07/08-14:50 13.01 12.8001 13.01 12.815 7541 1
das_cmdapi_live_20260708T193719Z,2026-07-08,CLRO,CLRO,2026/07/08-14:49,2026-07-08,2026-07-08T18:49:00Z,2026,7,12.931,12.99,12.81,12.99,3084,,,,1,2026-07-08T19:45:42+00:00,61,SB CLRO MINCHART 2026/07/08-14:45 2026/07/08-15:45 1,candidate_chart_query,$Bar CLRO 2026/07/08-14:49 12.99 12.81 12.931 12.99 3084 1
das_cmdapi_live_20260708T193719Z,2026-07-08,CLRO,CLRO,2026/07/08-14:48,2026-07-08,2026-07-08T18:48:00Z,2026,7,13.065,13.065,12.95,12.95,3866,,,,1,2026-07-08T19:45:42+00:00,62,SB CLRO MINCHART 2026/07/08-14:45 2026/07/08-15:45 1,candidate_chart_query,$Bar CLRO 2026/07/08-14:48 13.065 12.95 13.065 12.95 3866 1
das_cmdapi_live_20260708T193719Z,2026-07-08,CLRO,CLRO,2026/07/08-14:47,2026-07-08,2026-07-08T18:47:00Z,2026,7,13.0,13.23,12.95,12.95,1400,,,,1,2026-07-08T19:45:42+00:00,63,SB CLRO MINCHART 2026/07/08-14:45 2026/07/08-15:45 1,candidate_chart_query,$Bar CLRO 2026/07/08-14:47 13.23 12.95 13 12.95 1400 1
das_cmdapi_live_20260708T193719Z,2026-07-08,CLRO,CLRO,2026/07/08-14:46,2026-07-08,2026-07-08T18:46:00Z,2026,7,13.02,13.0494,12.7701,13.01,7061,,,,1,2026-07-08T19:45:42+00:00,64,SB CLRO MINCHART 2026/07/08-14:45 2026/07/08-15:45 1,candidate_chart_query,$Bar CLRO 2026/07/08-14:46 13.0494 12.7701 13.02 13.01 7061 1
das_cmdapi_live_20260708T193719Z,2026-07-08,CLRO,CLRO,2026/07/08-14:45,2026-07-08,2026-07-08T18:45:00Z,2026,7,13.36,13.36,12.89,12.89,17561,,,,1,2026-07-08T19:45:42+00:00,65,SB CLRO MINCHART 2026/07/08-14:45 2026/07/08-15:45 1,candidate_chart_query,$Bar CLRO 2026/07/08-14:45 13.36 12.89 13.36 12.89 17561 1
das_cmdapi_live_20260708T193719Z,2026-07-08,BTAI,BTAI,2026/07/08-15:45,2026-07-08,2026-07-08T19:45:00Z,2026,7,0.7991,0.7992,0.79905,0.7991,5400,,,,1,2026-07-08T19:46:25+00:00,716,SB BTAI MINCHART 2026/07/08-14:45 2026/07/08-15:45 1,candidate_chart_query,$Bar BTAI 2026/07/08-15:45 0.7992 0.79905 0.7991 0.7991 5400 1
das_cmdapi_live_20260708T193719Z,2026-07-08,BTAI,BTAI,2026/07/08-15:44,2026-07-08,2026-07-08T19:44:00Z,2026,7,0.7991,0.7994,0.7991,0.7991,13789,,,,1,2026-07-08T19:46:25+00:00,717,SB BTAI MINCHART 2026/07/08-14:45 2026/07/08-15:45 1,candidate_chart_query,$Bar BTAI 2026/07/08-15:44 0.7994 0.7991 0.7991 0.7991 13789 1
das_cmdapi_live_20260708T193719Z,2026-07-08,BTAI,BTAI,2026/07/08-15:43,2026-07-08,2026-07-08T19:43:00Z,2026,7,0.7995,0.7995,0.7995,0.7995,400,,,,1,2026-07-08T19:46:25+00:00,718,SB BTAI MINCHART 2026/07/08-14:45 2026/07/08-15:45 1,candidate_chart_query,$Bar BTAI 2026/07/08-15:43 0.7995 0.7995 0.7995 0.7995 400 1
das_cmdapi_live_20260708T193719Z,2026-07-08,BTAI,BTAI,2026/07/08-15:42,2026-07-08,2026-07-08T19:42:00Z,2026,7,0.7978,0.7979,0.7965,0.7965,500,,,,1,2026-07-08T19:46:25+00:00,719,SB BTAI MINCHART 2026/07/08-14:45 2026/07/08-15:45 1,candidate_chart_query,$Bar BTAI 2026/07/08-15:42 0.7979 0.7965 0.7978 0.7965 500 1
das_cmdapi_live_20260708T193719Z,2026-07-08,BTAI,BTAI,2026/07/08-15:41,2026-07-08,2026-07-08T19:41:00Z,2026,7,0.7957,0.7957,0.7952,0.7952,600,,,,1,2026-07-08T19:46:25+00:00,720,SB BTAI MINCHART 2026/07/08-14:45 2026/07/08-15:45 1,candidate_chart_query,$Bar BTAI 2026/07/08-15:41 0.7957 0.7952 0.7957 0.7952 600 1
das_cmdapi_live_20260708T193719Z,2026-07-08,BTAI,BTAI,2026/07/08-15:40,2026-07-08,2026-07-08T19:40:00Z,2026,7,0.801,0.8025,0.795,0.7971,58414,,,,1,2026-07-08T19:46:25+00:00,721,SB BTAI MINCHART 2026/07/08-14:45 2026/07/08-15:45 1,candidate_chart_query,$Bar BTAI 2026/07/08-15:40 0.8025 0.795 0.801 0.7971 58414 1
das_cmdapi_live_20260708T193719Z,2026-07-08,BTAI,BTAI,2026/07/08-15:39,2026-07-08,2026-07-08T19:39:00Z,2026,7,0.801,0.8018,0.8006,0.8018,924,,,,1,2026-07-08T19:46:25+00:00,722,SB BTAI MINCHART 2026/07/08-14:45 2026/07/08-15:45 1,candidate_chart_query,$Bar BTAI 2026/07/08-15:39 0.8018 0.8006 0.801 0.8018 924 1
das_cmdapi_live_20260708T193719Z,2026-07-08,BTAI,BTAI,2026/07/08-15:38,2026-07-08,2026-07-08T19:38:00Z,2026,7,0.8004,0.8132,0.8004,0.8132,1835,,,,1,2026-07-08T19:46:25+00:00,723,SB BTAI MINCHART 2026/07/08-14:45 2026/07/08-15:45 1,candidate_chart_query,$Bar BTAI 2026/07/08-15:38 0.8132 0.8004 0.8004 0.8132 1835 1
das_cmdapi_live_20260708T193719Z,2026-07-08,BTAI,BTAI,2026/07/08-15:37,2026-07-08,2026-07-08T19:37:00Z,2026,7,0.8003,0.8006,0.8003,0.8003,1816,,,,1,2026-07-08T19:46:25+00:00,724,SB BTAI MINCHART 2026/07/08-14:45 2026/07/08-15:45 1,candidate_chart_query,$Bar BTAI 2026/07/08-15:37 0.8006 0.8003 0.8003 0.8003 1816 1
das_cmdapi_live_20260708T193719Z,2026-07-08,BTAI,BTAI,2026/07/08-15:36,2026-07-08,2026-07-08T19:36:00Z,2026,7,0.8004,0.8027,0.8004,0.8027,8400,,,,1,2026-07-08T19:46:25+00:00,725,SB BTAI MINCHART 2026/07/08-14:45 2026/07/08-15:45 1,candidate_chart_query,$Bar BTAI 2026/07/08-15:36 0.8027 0.8004 0.8004 0.8027 8400 1
das_cmdapi_live_20260708T193719Z,2026-07-08,BTAI,BTAI,2026/07/08-15:35,2026-07-08,2026-07-08T19:35:00Z,2026,7,0.8015,0.8026,0.8004,0.8004,7520,,,,1,2026-07-08T19:46:25+00:00,726,SB BTAI MINCHART 2026/07/08-14:45 2026/07/08-15:45 1,candidate_chart_query,$Bar BTAI 2026/07/08-15:35 0.8026 0.8004 0.8015 0.8004 7520 1
das_cmdapi_live_20260708T193719Z,2026-07-08,BTAI,BTAI,2026/07/08-15:34,2026-07-08,2026-07-08T19:34:00Z,2026,7,0.801,0.8019,0.798,0.8019,92954,,,,1,2026-07-08T19:46:25+00:00,727,SB BTAI MINCHART 2026/07/08-14:45 2026/07/08-15:45 1,candidate_chart_query,$Bar BTAI 2026/07/08-15:34 0.8019 0.798 0.801 0.8019 92954 1
das_cmdapi_live_20260708T193719Z,2026-07-08,BTAI,BTAI,2026/07/08-15:33,2026-07-08,2026-07-08T19:33:00Z,2026,7,0.8003,0.8019,0.8003,0.8019,490,,,,1,2026-07-08T19:46:25+00:00,728,SB BTAI MINCHART 2026/07/08-14:45 2026/07/08-15:45 1,candidate_chart_query,$Bar BTAI 2026/07/08-15:33 0.8019 0.8003 0.8003 0.8019 490 1
das_cmdapi_live_20260708T193719Z,2026-07-08,BTAI,BTAI,2026/07/08-15:32,2026-07-08,2026-07-08T19:32:00Z,2026,7,0.80025,0.8003,0.80025,0.8003,600,,,,1,2026-07-08T19:46:25+00:00,729,SB BTAI MINCHART 2026/07/08-14:45 2026/07/08-15:45 1,candidate_chart_query,$Bar BTAI 2026/07/08-15:32 0.8003 0.80025 0.80025 0.8003 600 1
das_cmdapi_live_20260708T193719Z,2026-07-08,BTAI,BTAI,2026/07/08-15:31,2026-07-08,2026-07-08T19:31:00Z,2026,7,0.8005,0.8005,0.8003,0.8004,1731,,,,1,2026-07-08T19:46:25+00:00,730,SB BTAI MINCHART 2026/07/08-14:45 2026/07/08-15:45 1,candidate_chart_query,$Bar BTAI 2026/07/08-15:31 0.8005 0.8003 0.8005 0.8004 1731 1
das_cmdapi_live_20260708T193719Z,2026-07-08,BTAI,BTAI,2026/07/08-15:30,2026-07-08,2026-07-08T19:30:00Z,2026,7,0.8005,0.8005,0.8005,0.8005,200,,,,1,2026-07-08T19:46:25+00:00,731,SB BTAI MINCHART 2026/07/08-14:45 2026/07/08-15:45 1,candidate_chart_query,$Bar BTAI 2026/07/08-15:30 0.8005 0.8005 0.8005 0.8005 200 1
das_cmdapi_live_20260708T193719Z,2026-07-08,BTAI,BTAI,2026/07/08-15:29,2026-07-08,2026-07-08T19:29:00Z,2026,7,0.8027,0.8027,0.8008,0.8014,21188,,,,1,2026-07-08T19:46:25+00:00,732,SB BTAI MINCHART 2026/07/08-14:45 2026/07/08-15:45 1,candidate_chart_query,$Bar BTAI 2026/07/08-15:29 0.8027 0.8008 0.8027 0.8014 21188 1
das_cmdapi_live_20260708T193719Z,2026-07-08,BTAI,BTAI,2026/07/08-15:28,2026-07-08,2026-07-08T19:28:00Z,2026,7,0.800699,0.8029,0.8,0.8027,28808,,,,1,2026-07-08T19:46:25+00:00,733,SB BTAI MINCHART 2026/07/08-14:45 2026/07/08-15:45 1,candidate_chart_query,$Bar BTAI 2026/07/08-15:28 0.8029 0.8 0.800699 0.8027 28808 1
das_cmdapi_live_20260708T193719Z,2026-07-08,BTAI,BTAI,2026/07/08-15:27,2026-07-08,2026-07-08T19:27:00Z,2026,7,0.8002,0.8004,0.80005,0.8004,2000,,,,1,2026-07-08T19:46:25+00:00,734,SB BTAI MINCHART 2026/07/08-14:45 2026/07/08-15:45 1,candidate_chart_query,$Bar BTAI 2026/07/08-15:27 0.8004 0.80005 0.8002 0.8004 2000 1
das_cmdapi_live_20260708T193719Z,2026-07-08,BTAI,BTAI,2026/07/08-15:26,2026-07-08,2026-07-08T19:26:00Z,2026,7,0.8001,0.802,0.8001,0.8011,7831,,,,1,2026-07-08T19:46:25+00:00,735,SB BTAI MINCHART 2026/07/08-14:45 2026/07/08-15:45 1,candidate_chart_query,$Bar BTAI 2026/07/08-15:26 0.802 0.8001 0.8001 0.8011 7831 1
das_cmdapi_live_20260708T193719Z,2026-07-08,BTAI,BTAI,2026/07/08-15:25,2026-07-08,2026-07-08T19:25:00Z,2026,7,0.8001,0.8001,0.8,0.8,15350,,,,1,2026-07-08T19:46:25+00:00,736,SB BTAI MINCHART 2026/07/08-14:45 2026/07/08-15:45 1,candidate_chart_query,$Bar BTAI 2026/07/08-15:25 0.8001 0.8 0.8001 0.8 15350 1
das_cmdapi_live_20260708T193719Z,2026-07-08,BTAI,BTAI,2026/07/08-15:24,2026-07-08,2026-07-08T19:24:00Z,2026,7,0.80005,0.8001,0.8,0.8001,5155,,,,1,2026-07-08T19:46:25+00:00,737,SB BTAI MINCHART 2026/07/08-14:45 2026/07/08-15:45 1,candidate_chart_query,$Bar BTAI 2026/07/08-15:24 0.8001 0.8 0.80005 0.8001 5155 1
das_cmdapi_live_20260708T193719Z,2026-07-08,BTAI,BTAI,2026/07/08-15:23,2026-07-08,2026-07-08T19:23:00Z,2026,7,0.8001,0.8001,0.8,0.80005,17920,,,,1,2026-07-08T19:46:25+00:00,738,SB BTAI MINCHART 2026/07/08-14:45 2026/07/08-15:45 1,candidate_chart_query,$Bar BTAI 2026/07/08-15:23 0.8001 0.8 0.8001 0.80005 17920 1
das_cmdapi_live_20260708T193719Z,2026-07-08,BTAI,BTAI,2026/07/08-15:22,2026-07-08,2026-07-08T19:22:00Z,2026,7,0.8,0.8002,0.8,0.80009,23128,,,,1,2026-07-08T19:46:25+00:00,739,SB BTAI MINCHART 2026/07/08-14:45 2026/07/08-15:45 1,candidate_chart_query,$Bar BTAI 2026/07/08-15:22 0.8002 0.8 0.8 0.80009 23128 1
das_cmdapi_live_20260708T193719Z,2026-07-08,BTAI,BTAI,2026/07/08-15:21,2026-07-08,2026-07-08T19:21:00Z,2026,7,0.8002,0.8002,0.8002,0.8002,247,,,,1,2026-07-08T19:46:25+00:00,740,SB BTAI MINCHART 2026/07/08-14:45 2026/07/08-15:45 1,candidate_chart_query,$Bar BTAI 2026/07/08-15:21 0.8002 0.8002 0.8002 0.8002 247 1
das_cmdapi_live_20260708T193719Z,2026-07-08,BTAI,BTAI,2026/07/08-15:20,2026-07-08,2026-07-08T19:20:00Z,2026,7,0.8001,0.802,0.8001,0.8002,9411,,,,1,2026-07-08T19:46:25+00:00,741,SB BTAI MINCHART 2026/07/08-14:45 2026/07/08-15:45 1,candidate_chart_query,$Bar BTAI 2026/07/08-15:20 0.802 0.8001 0.8001 0.8002 9411 1
das_cmdapi_live_20260708T193719Z,2026-07-08,BTAI,BTAI,2026/07/08-15:19,2026-07-08,2026-07-08T19:19:00Z,2026,7,0.7977,0.8001,0.7976,0.8001,5300,,,,1,2026-07-08T19:46:25+00:00,742,SB BTAI MINCHART 2026/07/08-14:45 2026/07/08-15:45 1,candidate_chart_query,$Bar BTAI 2026/07/08-15:19 0.8001 0.7976 0.7977 0.8001 5300 1
das_cmdapi_live_20260708T193719Z,2026-07-08,BTAI,BTAI,2026/07/08-15:18,2026-07-08,2026-07-08T19:18:00Z,2026,7,0.7985,0.7985,0.7985,0.7985,1269,,,,1,2026-07-08T19:46:25+00:00,743,SB BTAI MINCHART 2026/07/08-14:45 2026/07/08-15:45 1,candidate_chart_query,$Bar BTAI 2026/07/08-15:18 0.7985 0.7985 0.7985 0.7985 1269 1
das_cmdapi_live_20260708T193719Z,2026-07-08,BTAI,BTAI,2026/07/08-15:17,2026-07-08,2026-07-08T19:17:00Z,2026,7,0.7976,0.7976,0.7976,0.7976,600,,,,1,2026-07-08T19:46:25+00:00,744,SB BTAI MINCHART 2026/07/08-14:45 2026/07/08-15:45 1,candidate_chart_query,$Bar BTAI 2026/07/08-15:17 0.7976 0.7976 0.7976 0.7976 600 1
das_cmdapi_live_20260708T193719Z,2026-07-08,BTAI,BTAI,2026/07/08-15:16,2026-07-08,2026-07-08T19:16:00Z,2026,7,0.7981,0.7987,0.7981,0.7987,950,,,,1,2026-07-08T19:46:25+00:00,745,SB BTAI MINCHART 2026/07/08-14:45 2026/07/08-15:45 1,candidate_chart_query,$Bar BTAI 2026/07/08-15:16 0.7987 0.7981 0.7981 0.7987 950 1
das_cmdapi_live_20260708T193719Z,2026-07-08,BTAI,BTAI,2026/07/08-15:15,2026-07-08,2026-07-08T19:15:00Z,2026,7,0.7977,0.7987,0.7976,0.7987,2108,,,,1,2026-07-08T19:46:25+00:00,746,SB BTAI MINCHART 2026/07/08-14:45 2026/07/08-15:45 1,candidate_chart_query,$Bar BTAI 2026/07/08-15:15 0.7987 0.7976 0.7977 0.7987 2108 1
das_cmdapi_live_20260708T193719Z,2026-07-08,BTAI,BTAI,2026/07/08-15:14,2026-07-08,2026-07-08T19:14:00Z,2026,7,0.8,0.8,0.7977,0.7977,6850,,,,1,2026-07-08T19:46:25+00:00,747,SB BTAI MINCHART 2026/07/08-14:45 2026/07/08-15:45 1,candidate_chart_query,$Bar BTAI 2026/07/08-15:14 0.8 0.7977 0.8 0.7977 6850 1
das_cmdapi_live_20260708T193719Z,2026-07-08,BTAI,BTAI,2026/07/08-15:13,2026-07-08,2026-07-08T19:13:00Z,2026,7,0.7982,0.7989,0.7982,0.7985,5360,,,,1,2026-07-08T19:46:25+00:00,748,SB BTAI MINCHART 2026/07/08-14:45 2026/07/08-15:45 1,candidate_chart_query,$Bar BTAI 2026/07/08-15:13 0.7989 0.7982 0.7982 0.7985 5360 1
das_cmdapi_live_20260708T193719Z,2026-07-08,BTAI,BTAI,2026/07/08-15:12,2026-07-08,2026-07-08T19:12:00Z,2026,7,0.79977,0.79977,0.7982,0.7982,710,,,,1,2026-07-08T19:46:25+00:00,749,SB BTAI MINCHART 2026/07/08-14:45 2026/07/08-15:45 1,candidate_chart_query,$Bar BTAI 2026/07/08-15:12 0.79977 0.7982 0.79977 0.7982 710 1
das_cmdapi_live_20260708T193719Z,2026-07-08,BTAI,BTAI,2026/07/08-15:11,2026-07-08,2026-07-08T19:11:00Z,2026,7,0.7981,0.7995,0.7981,0.7995,1700,,,,1,2026-07-08T19:46:25+00:00,750,SB BTAI MINCHART 2026/07/08-14:45 2026/07/08-15:45 1,candidate_chart_query,$Bar BTAI 2026/07/08-15:11 0.7995 0.7981 0.7981 0.7995 1700 1
das_cmdapi_live_20260708T193719Z,2026-07-08,BTAI,BTAI,2026/07/08-15:10,2026-07-08,2026-07-08T19:10:00Z,2026,7,0.7983,0.7995,0.7979,0.7983,2077,,,,1,2026-07-08T19:46:25+00:00,751,SB BTAI MINCHART 2026/07/08-14:45 2026/07/08-15:45 1,candidate_chart_query,$Bar BTAI 2026/07/08-15:10 0.7995 0.7979 0.7983 0.7983 2077 1
das_cmdapi_live_20260708T193719Z,2026-07-08,BTAI,BTAI,2026/07/08-15:09,2026-07-08,2026-07-08T19:09:00Z,2026,7,0.797199,0.7986,0.797199,0.7983,16081,,,,1,2026-07-08T19:46:25+00:00,752,SB BTAI MINCHART 2026/07/08-14:45 2026/07/08-15:45 1,candidate_chart_query,$Bar BTAI 2026/07/08-15:09 0.7986 0.797199 0.797199 0.7983 16081 1
das_cmdapi_live_20260708T193719Z,2026-07-08,BTAI,BTAI,2026/07/08-15:08,2026-07-08,2026-07-08T19:08:00Z,2026,7,0.7972,0.7972,0.79715,0.7972,2100,,,,1,2026-07-08T19:46:25+00:00,753,SB BTAI MINCHART 2026/07/08-14:45 2026/07/08-15:45 1,candidate_chart_query,$Bar BTAI 2026/07/08-15:08 0.7972 0.79715 0.7972 0.7972 2100 1
das_cmdapi_live_20260708T193719Z,2026-07-08,BTAI,BTAI,2026/07/08-15:07,2026-07-08,2026-07-08T19:07:00Z,2026,7,0.7984,0.7984,0.7972,0.7972,2375,,,,1,2026-07-08T19:46:25+00:00,754,SB BTAI MINCHART 2026/07/08-14:45 2026/07/08-15:45 1,candidate_chart_query,$Bar BTAI 2026/07/08-15:07 0.7984 0.7972 0.7984 0.7972 2375 1
das_cmdapi_live_20260708T193719Z,2026-07-08,BTAI,BTAI,2026/07/08-15:06,2026-07-08,2026-07-08T19:06:00Z,2026,7,0.7977,0.7984,0.79705,0.7984,2533,,,,1,2026-07-08T19:46:25+00:00,755,SB BTAI MINCHART 2026/07/08-14:45 2026/07/08-15:45 1,candidate_chart_query,$Bar BTAI 2026/07/08-15:06 0.7984 0.79705 0.7977 0.7984 2533 1
das_cmdapi_live_20260708T193719Z,2026-07-08,BTAI,BTAI,2026/07/08-15:05,2026-07-08,2026-07-08T19:05:00Z,2026,7,0.8001,0.8001,0.7973,0.7973,1859,,,,1,2026-07-08T19:46:25+00:00,756,SB BTAI MINCHART 2026/07/08-14:45 2026/07/08-15:45 1,candidate_chart_query,$Bar BTAI 2026/07/08-15:05 0.8001 0.7973 0.8001 0.7973 1859 1
das_cmdapi_live_20260708T193719Z,2026-07-08,BTAI,BTAI,2026/07/08-15:04,2026-07-08,2026-07-08T19:04:00Z,2026,7,0.7963,0.8001,0.7962,0.7977,5774,,,,1,2026-07-08T19:46:25+00:00,757,SB BTAI MINCHART 2026/07/08-14:45 2026/07/08-15:45 1,candidate_chart_query,$Bar BTAI 2026/07/08-15:04 0.8001 0.7962 0.7963 0.7977 5774 1
das_cmdapi_live_20260708T193719Z,2026-07-08,BTAI,BTAI,2026/07/08-15:03,2026-07-08,2026-07-08T19:03:00Z,2026,7,0.795301,0.7963,0.795301,0.796,1413,,,,1,2026-07-08T19:46:25+00:00,758,SB BTAI MINCHART 2026/07/08-14:45 2026/07/08-15:45 1,candidate_chart_query,$Bar BTAI 2026/07/08-15:03 0.7963 0.795301 0.795301 0.796 1413 1
das_cmdapi_live_20260708T193719Z,2026-07-08,BTAI,BTAI,2026/07/08-15:02,2026-07-08,2026-07-08T19:02:00Z,2026,7,0.7957,0.7957,0.79545,0.79545,600,,,,1,2026-07-08T19:46:25+00:00,759,SB BTAI MINCHART 2026/07/08-14:45 2026/07/08-15:45 1,candidate_chart_query,$Bar BTAI 2026/07/08-15:02 0.7957 0.79545 0.7957 0.79545 600 1
das_cmdapi_live_20260708T193719Z,2026-07-08,BTAI,BTAI,2026/07/08-15:01,2026-07-08,2026-07-08T19:01:00Z,2026,7,0.7952,0.7974,0.7952,0.7974,514,,,,1,2026-07-08T19:46:25+00:00,760,SB BTAI MINCHART 2026/07/08-14:45 2026/07/08-15:45 1,candidate_chart_query,$Bar BTAI 2026/07/08-15:01 0.7974 0.7952 0.7952 0.7974 514 1
das_cmdapi_live_20260708T193719Z,2026-07-08,BTAI,BTAI,2026/07/08-15:00,2026-07-08,2026-07-08T19:00:00Z,2026,7,0.79495,0.7965,0.79495,0.7958,35865,,,,1,2026-07-08T19:46:25+00:00,761,SB BTAI MINCHART 2026/07/08-14:45 2026/07/08-15:45 1,candidate_chart_query,$Bar BTAI 2026/07/08-15:00 0.7965 0.79495 0.79495 0.7958 35865 1
das_cmdapi_live_20260708T193719Z,2026-07-08,BTAI,BTAI,2026/07/08-14:59,2026-07-08,2026-07-08T18:59:00Z,2026,7,0.795,0.795,0.7949,0.79495,60673,,,,1,2026-07-08T19:46:25+00:00,762,SB BTAI MINCHART 2026/07/08-14:45 2026/07/08-15:45 1,candidate_chart_query,$Bar BTAI 2026/07/08-14:59 0.795 0.7949 0.795 0.79495 60673 1
das_cmdapi_live_20260708T193719Z,2026-07-08,BTAI,BTAI,2026/07/08-14:58,2026-07-08,2026-07-08T18:58:00Z,2026,7,0.80125,0.80125,0.795,0.795,49786,,,,1,2026-07-08T19:46:25+00:00,763,SB BTAI MINCHART 2026/07/08-14:45 2026/07/08-15:45 1,candidate_chart_query,$Bar BTAI 2026/07/08-14:58 0.80125 0.795 0.80125 0.795 49786 1
das_cmdapi_live_20260708T193719Z,2026-07-08,BTAI,BTAI,2026/07/08-14:57,2026-07-08,2026-07-08T18:57:00Z,2026,7,0.8047,0.8047,0.8008,0.8008,45486,,,,1,2026-07-08T19:46:25+00:00,764,SB BTAI MINCHART 2026/07/08-14:45 2026/07/08-15:45 1,candidate_chart_query,$Bar BTAI 2026/07/08-14:57 0.8047 0.8008 0.8047 0.8008 45486 1
das_cmdapi_live_20260708T193719Z,2026-07-08,BTAI,BTAI,2026/07/08-14:56,2026-07-08,2026-07-08T18:56:00Z,2026,7,0.808401,0.8085,0.805,0.805,10761,,,,1,2026-07-08T19:46:25+00:00,765,SB BTAI MINCHART 2026/07/08-14:45 2026/07/08-15:45 1,candidate_chart_query,$Bar BTAI 2026/07/08-14:56 0.8085 0.805 0.808401 0.805 10761 1
das_cmdapi_live_20260708T193719Z,2026-07-08,BTAI,BTAI,2026/07/08-14:55,2026-07-08,2026-07-08T18:55:00Z,2026,7,0.809,0.809,0.80845,0.80845,8277,,,,1,2026-07-08T19:46:25+00:00,766,SB BTAI MINCHART 2026/07/08-14:45 2026/07/08-15:45 1,candidate_chart_query,$Bar BTAI 2026/07/08-14:55 0.809 0.80845 0.809 0.80845 8277 1
das_cmdapi_live_20260708T193719Z,2026-07-08,BTAI,BTAI,2026/07/08-14:54,2026-07-08,2026-07-08T18:54:00Z,2026,7,0.80855,0.809058,0.808501,0.809,40789,,,,1,2026-07-08T19:46:25+00:00,767,SB BTAI MINCHART 2026/07/08-14:45 2026/07/08-15:45 1,candidate_chart_query,$Bar BTAI 2026/07/08-14:54 0.809058 0.808501 0.80855 0.809 40789 1
das_cmdapi_live_20260708T193719Z,2026-07-08,BTAI,BTAI,2026/07/08-14:53,2026-07-08,2026-07-08T18:53:00Z,2026,7,0.8152,0.8152,0.81,0.81,16980,,,,1,2026-07-08T19:46:25+00:00,768,SB BTAI MINCHART 2026/07/08-14:45 2026/07/08-15:45 1,candidate_chart_query,$Bar BTAI 2026/07/08-14:53 0.8152 0.81 0.8152 0.81 16980 1
das_cmdapi_live_20260708T193719Z,2026-07-08,BTAI,BTAI,2026/07/08-14:52,2026-07-08,2026-07-08T18:52:00Z,2026,7,0.8202,0.8203,0.815,0.815,78994,,,,1,2026-07-08T19:46:25+00:00,769,SB BTAI MINCHART 2026/07/08-14:45 2026/07/08-15:45 1,candidate_chart_query,$Bar BTAI 2026/07/08-14:52 0.8203 0.815 0.8202 0.815 78994 1
das_cmdapi_live_20260708T193719Z,2026-07-08,BTAI,BTAI,2026/07/08-14:51,2026-07-08,2026-07-08T18:51:00Z,2026,7,0.81695,0.8182,0.8169,0.8182,2580,,,,1,2026-07-08T19:46:25+00:00,770,SB BTAI MINCHART 2026/07/08-14:45 2026/07/08-15:45 1,candidate_chart_query,$Bar BTAI 2026/07/08-14:51 0.8182 0.8169 0.81695 0.8182 2580 1
das_cmdapi_live_20260708T193719Z,2026-07-08,BTAI,BTAI,2026/07/08-14:50,2026-07-08,2026-07-08T18:50:00Z,2026,7,0.8215,0.8215,0.81695,0.81695,13371,,,,1,2026-07-08T19:46:25+00:00,771,SB BTAI MINCHART 2026/07/08-14:45 2026/07/08-15:45 1,candidate_chart_query,$Bar BTAI 2026/07/08-14:50 0.8215 0.81695 0.8215 0.81695 13371 1
das_cmdapi_live_20260708T193719Z,2026-07-08,BTAI,BTAI,2026/07/08-14:49,2026-07-08,2026-07-08T18:49:00Z,2026,7,0.82155,0.82155,0.82155,0.82155,2100,,,,1,2026-07-08T19:46:25+00:00,772,SB BTAI MINCHART 2026/07/08-14:45 2026/07/08-15:45 1,candidate_chart_query,$Bar BTAI 2026/07/08-14:49 0.82155 0.82155 0.82155 0.82155 2100 1
das_cmdapi_live_20260708T193719Z,2026-07-08,BTAI,BTAI,2026/07/08-14:48,2026-07-08,2026-07-08T18:48:00Z,2026,7,0.8216,0.8216,0.8216,0.8216,101,,,,1,2026-07-08T19:46:25+00:00,773,SB BTAI MINCHART 2026/07/08-14:45 2026/07/08-15:45 1,candidate_chart_query,$Bar BTAI 2026/07/08-14:48 0.8216 0.8216 0.8216 0.8216 101 1
das_cmdapi_live_20260708T193719Z,2026-07-08,BTAI,BTAI,2026/07/08-14:47,2026-07-08,2026-07-08T18:47:00Z,2026,7,0.8216,0.8216,0.8216,0.8216,3100,,,,1,2026-07-08T19:46:25+00:00,774,SB BTAI MINCHART 2026/07/08-14:45 2026/07/08-15:45 1,candidate_chart_query,$Bar BTAI 2026/07/08-14:47 0.8216 0.8216 0.8216 0.8216 3100 1
das_cmdapi_live_20260708T193719Z,2026-07-08,BTAI,BTAI,2026/07/08-14:46,2026-07-08,2026-07-08T18:46:00Z,2026,7,0.8216,0.8216,0.821564,0.8216,3219,,,,1,2026-07-08T19:46:25+00:00,775,SB BTAI MINCHART 2026/07/08-14:45 2026/07/08-15:45 1,candidate_chart_query,$Bar BTAI 2026/07/08-14:46 0.8216 0.821564 0.8216 0.8216 3219 1
das_cmdapi_live_20260708T193719Z,2026-07-08,BTAI,BTAI,2026/07/08-14:45,2026-07-08,2026-07-08T18:45:00Z,2026,7,0.8219,0.8288,0.8219,0.8226,4600,,,,1,2026-07-08T19:46:25+00:00,776,SB BTAI MINCHART 2026/07/08-14:45 2026/07/08-15:45 1,candidate_chart_query,$Bar BTAI 2026/07/08-14:45 0.8288 0.8219 0.8219 0.8226 4600 1
das_cmdapi_live_20260708T193719Z,2026-07-08,VEEE,VEEE,2026/07/08-15:46,2026-07-08,2026-07-08T19:46:00Z,2026,7,4.3999,4.3999,4.3804,4.3804,460,,,,1,2026-07-08T19:47:10+00:00,204,SB VEEE MINCHART 2026/07/08-14:46 2026/07/08-15:46 1,candidate_chart_query,$Bar VEEE 2026/07/08-15:46 4.3999 4.3804 4.3999 4.3804 460 1
das_cmdapi_live_20260708T193719Z,2026-07-08,VEEE,VEEE,2026/07/08-15:45,2026-07-08,2026-07-08T19:45:00Z,2026,7,4.37,4.38,4.367,4.367,850,,,,1,2026-07-08T19:47:10+00:00,205,SB VEEE MINCHART 2026/07/08-14:46 2026/07/08-15:46 1,candidate_chart_query,$Bar VEEE 2026/07/08-15:45 4.38 4.367 4.37 4.367 850 1
das_cmdapi_live_20260708T193719Z,2026-07-08,VEEE,VEEE,2026/07/08-15:44,2026-07-08,2026-07-08T19:44:00Z,2026,7,4.38,4.38,4.38,4.38,447,,,,1,2026-07-08T19:47:10+00:00,206,SB VEEE MINCHART 2026/07/08-14:46 2026/07/08-15:46 1,candidate_chart_query,$Bar VEEE 2026/07/08-15:44 4.38 4.38 4.38 4.38 447 1
das_cmdapi_live_20260708T193719Z,2026-07-08,VEEE,VEEE,2026/07/08-15:43,2026-07-08,2026-07-08T19:43:00Z,2026,7,4.385,4.397,4.36,4.36,482,,,,1,2026-07-08T19:47:10+00:00,207,SB VEEE MINCHART 2026/07/08-14:46 2026/07/08-15:46 1,candidate_chart_query,$Bar VEEE 2026/07/08-15:43 4.397 4.36 4.385 4.36 482 1
das_cmdapi_live_20260708T193719Z,2026-07-08,VEEE,VEEE,2026/07/08-15:42,2026-07-08,2026-07-08T19:42:00Z,2026,7,4.42,4.42,4.4,4.4,983,,,,1,2026-07-08T19:47:10+00:00,208,SB VEEE MINCHART 2026/07/08-14:46 2026/07/08-15:46 1,candidate_chart_query,$Bar VEEE 2026/07/08-15:42 4.42 4.4 4.42 4.4 983 1
das_cmdapi_live_20260708T193719Z,2026-07-08,VEEE,VEEE,2026/07/08-15:41,2026-07-08,2026-07-08T19:41:00Z,2026,7,4.42,4.42,4.4189,4.4189,225,,,,1,2026-07-08T19:47:10+00:00,209,SB VEEE MINCHART 2026/07/08-14:46 2026/07/08-15:46 1,candidate_chart_query,$Bar VEEE 2026/07/08-15:41 4.42 4.4189 4.42 4.4189 225 1
das_cmdapi_live_20260708T193719Z,2026-07-08,VEEE,VEEE,2026/07/08-15:40,2026-07-08,2026-07-08T19:40:00Z,2026,7,4.42,4.42,4.42,4.42,100,,,,1,2026-07-08T19:47:10+00:00,210,SB VEEE MINCHART 2026/07/08-14:46 2026/07/08-15:46 1,candidate_chart_query,$Bar VEEE 2026/07/08-15:40 4.42 4.42 4.42 4.42 100 1
das_cmdapi_live_20260708T193719Z,2026-07-08,VEEE,VEEE,2026/07/08-15:39,2026-07-08,2026-07-08T19:39:00Z,2026,7,4.45,4.45,4.45,4.45,100,,,,1,2026-07-08T19:47:10+00:00,211,SB VEEE MINCHART 2026/07/08-14:46 2026/07/08-15:46 1,candidate_chart_query,$Bar VEEE 2026/07/08-15:39 4.45 4.45 4.45 4.45 100 1
das_cmdapi_live_20260708T193719Z,2026-07-08,VEEE,VEEE,2026/07/08-15:38,2026-07-08,2026-07-08T19:38:00Z,2026,7,4.42,4.45,4.42,4.42,485,,,,1,2026-07-08T19:47:10+00:00,212,SB VEEE MINCHART 2026/07/08-14:46 2026/07/08-15:46 1,candidate_chart_query,$Bar VEEE 2026/07/08-15:38 4.45 4.42 4.42 4.42 485 1
das_cmdapi_live_20260708T193719Z,2026-07-08,VEEE,VEEE,2026/07/08-15:37,2026-07-08,2026-07-08T19:37:00Z,2026,7,4.42,4.42,4.42,4.42,480,,,,1,2026-07-08T19:47:10+00:00,213,SB VEEE MINCHART 2026/07/08-14:46 2026/07/08-15:46 1,candidate_chart_query,$Bar VEEE 2026/07/08-15:37 4.42 4.42 4.42 4.42 480 1
das_cmdapi_live_20260708T193719Z,2026-07-08,VEEE,VEEE,2026/07/08-15:36,2026-07-08,2026-07-08T19:36:00Z,2026,7,4.42,4.42,4.42,4.42,400,,,,1,2026-07-08T19:47:10+00:00,214,SB VEEE MINCHART 2026/07/08-14:46 2026/07/08-15:46 1,candidate_chart_query,$Bar VEEE 2026/07/08-15:36 4.42 4.42 4.42 4.42 400 1
das_cmdapi_live_20260708T193719Z,2026-07-08,VEEE,VEEE,2026/07/08-15:35,2026-07-08,2026-07-08T19:35:00Z,2026,7,4.5,4.5,4.5,4.5,270,,,,1,2026-07-08T19:47:10+00:00,215,SB VEEE MINCHART 2026/07/08-14:46 2026/07/08-15:46 1,candidate_chart_query,$Bar VEEE 2026/07/08-15:35 4.5 4.5 4.5 4.5 270 1
das_cmdapi_live_20260708T193719Z,2026-07-08,VEEE,VEEE,2026/07/08-15:34,2026-07-08,2026-07-08T19:34:00Z,2026,7,4.5325,4.5325,4.5,4.5,2071,,,,1,2026-07-08T19:47:10+00:00,216,SB VEEE MINCHART 2026/07/08-14:46 2026/07/08-15:46 1,candidate_chart_query,$Bar VEEE 2026/07/08-15:34 4.5325 4.5 4.5325 4.5 2071 1
das_cmdapi_live_20260708T193719Z,2026-07-08,VEEE,VEEE,2026/07/08-15:33,2026-07-08,2026-07-08T19:33:00Z,2026,7,4.52,4.52,4.51,4.51,400,,,,1,2026-07-08T19:47:10+00:00,217,SB VEEE MINCHART 2026/07/08-14:46 2026/07/08-15:46 1,candidate_chart_query,$Bar VEEE 2026/07/08-15:33 4.52 4.51 4.52 4.51 400 1
das_cmdapi_live_20260708T193719Z,2026-07-08,VEEE,VEEE,2026/07/08-15:32,2026-07-08,2026-07-08T19:32:00Z,2026,7,4.51,4.535,4.51,4.51,821,,,,1,2026-07-08T19:47:10+00:00,218,SB VEEE MINCHART 2026/07/08-14:46 2026/07/08-15:46 1,candidate_chart_query,$Bar VEEE 2026/07/08-15:32 4.535 4.51 4.51 4.51 821 1
das_cmdapi_live_20260708T193719Z,2026-07-08,VEEE,VEEE,2026/07/08-15:31,2026-07-08,2026-07-08T19:31:00Z,2026,7,4.57,4.57,4.52,4.52,942,,,,1,2026-07-08T19:47:10+00:00,219,SB VEEE MINCHART 2026/07/08-14:46 2026/07/08-15:46 1,candidate_chart_query,$Bar VEEE 2026/07/08-15:31 4.57 4.52 4.57 4.52 942 1
das_cmdapi_live_20260708T193719Z,2026-07-08,VEEE,VEEE,2026/07/08-15:30,2026-07-08,2026-07-08T19:30:00Z,2026,7,4.54,4.55,4.54,4.55,300,,,,1,2026-07-08T19:47:10+00:00,220,SB VEEE MINCHART 2026/07/08-14:46 2026/07/08-15:46 1,candidate_chart_query,$Bar VEEE 2026/07/08-15:30 4.55 4.54 4.54 4.55 300 1
das_cmdapi_live_20260708T193719Z,2026-07-08,VEEE,VEEE,2026/07/08-15:28,2026-07-08,2026-07-08T19:28:00Z,2026,7,4.65,4.65,4.58,4.6,300,,,,1,2026-07-08T19:47:10+00:00,221,SB VEEE MINCHART 2026/07/08-14:46 2026/07/08-15:46 1,candidate_chart_query,$Bar VEEE 2026/07/08-15:28 4.65 4.58 4.65 4.6 300 1
das_cmdapi_live_20260708T193719Z,2026-07-08,VEEE,VEEE,2026/07/08-15:27,2026-07-08,2026-07-08T19:27:00Z,2026,7,4.57,4.59,4.57,4.59,500,,,,1,2026-07-08T19:47:10+00:00,222,SB VEEE MINCHART 2026/07/08-14:46 2026/07/08-15:46 1,candidate_chart_query,$Bar VEEE 2026/07/08-15:27 4.59 4.57 4.57 4.59 500 1
das_cmdapi_live_20260708T193719Z,2026-07-08,VEEE,VEEE,2026/07/08-15:23,2026-07-08,2026-07-08T19:23:00Z,2026,7,4.67,4.67,4.52,4.52,1511,,,,1,2026-07-08T19:47:10+00:00,223,SB VEEE MINCHART 2026/07/08-14:46 2026/07/08-15:46 1,candidate_chart_query,$Bar VEEE 2026/07/08-15:23 4.67 4.52 4.67 4.52 1511 1
das_cmdapi_live_20260708T193719Z,2026-07-08,VEEE,VEEE,2026/07/08-15:21,2026-07-08,2026-07-08T19:21:00Z,2026,7,4.67,4.67,4.67,4.67,100,,,,1,2026-07-08T19:47:10+00:00,224,SB VEEE MINCHART 2026/07/08-14:46 2026/07/08-15:46 1,candidate_chart_query,$Bar VEEE 2026/07/08-15:21 4.67 4.67 4.67 4.67 100 1
das_cmdapi_live_20260708T193719Z,2026-07-08,VEEE,VEEE,2026/07/08-15:20,2026-07-08,2026-07-08T19:20:00Z,2026,7,4.67,4.67,4.67,4.67,100,,,,1,2026-07-08T19:47:10+00:00,225,SB VEEE MINCHART 2026/07/08-14:46 2026/07/08-15:46 1,candidate_chart_query,$Bar VEEE 2026/07/08-15:20 4.67 4.67 4.67 4.67 100 1
das_cmdapi_live_20260708T193719Z,2026-07-08,VEEE,VEEE,2026/07/08-15:19,2026-07-08,2026-07-08T19:19:00Z,2026,7,4.595,4.595,4.595,4.595,100,,,,1,2026-07-08T19:47:10+00:00,226,SB VEEE MINCHART 2026/07/08-14:46 2026/07/08-15:46 1,candidate_chart_query,$Bar VEEE 2026/07/08-15:19 4.595 4.595 4.595 4.595 100 1
das_cmdapi_live_20260708T193719Z,2026-07-08,VEEE,VEEE,2026/07/08-15:18,2026-07-08,2026-07-08T19:18:00Z,2026,7,4.67,4.67,4.67,4.67,100,,,,1,2026-07-08T19:47:10+00:00,227,SB VEEE MINCHART 2026/07/08-14:46 2026/07/08-15:46 1,candidate_chart_query,$Bar VEEE 2026/07/08-15:18 4.67 4.67 4.67 4.67 100 1
das_cmdapi_live_20260708T193719Z,2026-07-08,VEEE,VEEE,2026/07/08-15:17,2026-07-08,2026-07-08T19:17:00Z,2026,7,4.595,4.595,4.595,4.595,100,,,,1,2026-07-08T19:47:10+00:00,228,SB VEEE MINCHART 2026/07/08-14:46 2026/07/08-15:46 1,candidate_chart_query,$Bar VEEE 2026/07/08-15:17 4.595 4.595 4.595 4.595 100 1
das_cmdapi_live_20260708T193719Z,2026-07-08,VEEE,VEEE,2026/07/08-15:16,2026-07-08,2026-07-08T19:16:00Z,2026,7,4.595,4.595,4.52,4.55,961,,,,1,2026-07-08T19:47:10+00:00,229,SB VEEE MINCHART 2026/07/08-14:46 2026/07/08-15:46 1,candidate_chart_query,$Bar VEEE 2026/07/08-15:16 4.595 4.52 4.595 4.55 961 1
das_cmdapi_live_20260708T193719Z,2026-07-08,VEEE,VEEE,2026/07/08-15:15,2026-07-08,2026-07-08T19:15:00Z,2026,7,4.67,4.67,4.67,4.67,100,,,,1,2026-07-08T19:47:10+00:00,230,SB VEEE MINCHART 2026/07/08-14:46 2026/07/08-15:46 1,candidate_chart_query,$Bar VEEE 2026/07/08-15:15 4.67 4.67 4.67 4.67 100 1
das_cmdapi_live_20260708T193719Z,2026-07-08,VEEE,VEEE,2026/07/08-15:14,2026-07-08,2026-07-08T19:14:00Z,2026,7,4.67,4.67,4.67,4.67,100,,,,1,2026-07-08T19:47:10+00:00,231,SB VEEE MINCHART 2026/07/08-14:46 2026/07/08-15:46 1,candidate_chart_query,$Bar VEEE 2026/07/08-15:14 4.67 4.67 4.67 4.67 100 1
das_cmdapi_live_20260708T193719Z,2026-07-08,VEEE,VEEE,2026/07/08-15:13,2026-07-08,2026-07-08T19:13:00Z,2026,7,4.67,4.67,4.67,4.67,100,,,,1,2026-07-08T19:47:10+00:00,232,SB VEEE MINCHART 2026/07/08-14:46 2026/07/08-15:46 1,candidate_chart_query,$Bar VEEE 2026/07/08-15:13 4.67 4.67 4.67 4.67 100 1
das_cmdapi_live_20260708T193719Z,2026-07-08,VEEE,VEEE,2026/07/08-15:09,2026-07-08,2026-07-08T19:09:00Z,2026,7,4.6125,4.68,4.6125,4.68,200,,,,1,2026-07-08T19:47:10+00:00,233,SB VEEE MINCHART 2026/07/08-14:46 2026/07/08-15:46 1,candidate_chart_query,$Bar VEEE 2026/07/08-15:09 4.68 4.6125 4.6125 4.68 200 1
das_cmdapi_live_20260708T193719Z,2026-07-08,VEEE,VEEE,2026/07/08-15:08,2026-07-08,2026-07-08T19:08:00Z,2026,7,4.51,4.51,4.51,4.51,447,,,,1,2026-07-08T19:47:10+00:00,234,SB VEEE MINCHART 2026/07/08-14:46 2026/07/08-15:46 1,candidate_chart_query,$Bar VEEE 2026/07/08-15:08 4.51 4.51 4.51 4.51 447 1
das_cmdapi_live_20260708T193719Z,2026-07-08,VEEE,VEEE,2026/07/08-15:07,2026-07-08,2026-07-08T19:07:00Z,2026,7,4.595,4.595,4.595,4.595,100,,,,1,2026-07-08T19:47:10+00:00,235,SB VEEE MINCHART 2026/07/08-14:46 2026/07/08-15:46 1,candidate_chart_query,$Bar VEEE 2026/07/08-15:07 4.595 4.595 4.595 4.595 100 1
das_cmdapi_live_20260708T193719Z,2026-07-08,VEEE,VEEE,2026/07/08-15:05,2026-07-08,2026-07-08T19:05:00Z,2026,7,4.64,4.64,4.64,4.64,100,,,,1,2026-07-08T19:47:10+00:00,236,SB VEEE MINCHART 2026/07/08-14:46 2026/07/08-15:46 1,candidate_chart_query,$Bar VEEE 2026/07/08-15:05 4.64 4.64 4.64 4.64 100 1
das_cmdapi_live_20260708T193719Z,2026-07-08,VEEE,VEEE,2026/07/08-15:04,2026-07-08,2026-07-08T19:04:00Z,2026,7,4.62,4.67,4.54,4.63,1300,,,,1,2026-07-08T19:47:10+00:00,237,SB VEEE MINCHART 2026/07/08-14:46 2026/07/08-15:46 1,candidate_chart_query,$Bar VEEE 2026/07/08-15:04 4.67 4.54 4.62 4.63 1300 1
das_cmdapi_live_20260708T193719Z,2026-07-08,VEEE,VEEE,2026/07/08-15:03,2026-07-08,2026-07-08T19:03:00Z,2026,7,4.63,4.63,4.63,4.63,100,,,,1,2026-07-08T19:47:10+00:00,238,SB VEEE MINCHART 2026/07/08-14:46 2026/07/08-15:46 1,candidate_chart_query,$Bar VEEE 2026/07/08-15:03 4.63 4.63 4.63 4.63 100 1
das_cmdapi_live_20260708T193719Z,2026-07-08,VEEE,VEEE,2026/07/08-15:02,2026-07-08,2026-07-08T19:02:00Z,2026,7,4.6051,4.63,4.6051,4.63,235,,,,1,2026-07-08T19:47:10+00:00,239,SB VEEE MINCHART 2026/07/08-14:46 2026/07/08-15:46 1,candidate_chart_query,$Bar VEEE 2026/07/08-15:02 4.63 4.6051 4.6051 4.63 235 1
das_cmdapi_live_20260708T193719Z,2026-07-08,VEEE,VEEE,2026/07/08-15:01,2026-07-08,2026-07-08T19:01:00Z,2026,7,4.55,4.55,4.55,4.55,239,,,,1,2026-07-08T19:47:10+00:00,240,SB VEEE MINCHART 2026/07/08-14:46 2026/07/08-15:46 1,candidate_chart_query,$Bar VEEE 2026/07/08-15:01 4.55 4.55 4.55 4.55 239 1
das_cmdapi_live_20260708T193719Z,2026-07-08,VEEE,VEEE,2026/07/08-15:00,2026-07-08,2026-07-08T19:00:00Z,2026,7,4.48,4.49,4.48,4.48,1068,,,,1,2026-07-08T19:47:10+00:00,241,SB VEEE MINCHART 2026/07/08-14:46 2026/07/08-15:46 1,candidate_chart_query,$Bar VEEE 2026/07/08-15:00 4.49 4.48 4.48 4.48 1068 1
das_cmdapi_live_20260708T193719Z,2026-07-08,VEEE,VEEE,2026/07/08-14:59,2026-07-08,2026-07-08T18:59:00Z,2026,7,4.47,4.55,4.45,4.5,1916,,,,1,2026-07-08T19:47:10+00:00,242,SB VEEE MINCHART 2026/07/08-14:46 2026/07/08-15:46 1,candidate_chart_query,$Bar VEEE 2026/07/08-14:59 4.55 4.45 4.47 4.5 1916 1
das_cmdapi_live_20260708T193719Z,2026-07-08,VEEE,VEEE,2026/07/08-14:58,2026-07-08,2026-07-08T18:58:00Z,2026,7,4.5001,4.5001,4.48,4.48,5562,,,,1,2026-07-08T19:47:10+00:00,243,SB VEEE MINCHART 2026/07/08-14:46 2026/07/08-15:46 1,candidate_chart_query,$Bar VEEE 2026/07/08-14:58 4.5001 4.48 4.5001 4.48 5562 1
das_cmdapi_live_20260708T193719Z,2026-07-08,VEEE,VEEE,2026/07/08-14:55,2026-07-08,2026-07-08T18:55:00Z,2026,7,4.54,4.54,4.54,4.54,100,,,,1,2026-07-08T19:47:10+00:00,244,SB VEEE MINCHART 2026/07/08-14:46 2026/07/08-15:46 1,candidate_chart_query,$Bar VEEE 2026/07/08-14:55 4.54 4.54 4.54 4.54 100 1
das_cmdapi_live_20260708T193719Z,2026-07-08,VEEE,VEEE,2026/07/08-14:52,2026-07-08,2026-07-08T18:52:00Z,2026,7,4.5,4.5,4.5,4.5,293,,,,1,2026-07-08T19:47:10+00:00,245,SB VEEE MINCHART 2026/07/08-14:46 2026/07/08-15:46 1,candidate_chart_query,$Bar VEEE 2026/07/08-14:52 4.5 4.5 4.5 4.5 293 1
das_cmdapi_live_20260708T193719Z,2026-07-08,VEEE,VEEE,2026/07/08-14:47,2026-07-08,2026-07-08T18:47:00Z,2026,7,4.55,4.55,4.55,4.55,110,,,,1,2026-07-08T19:47:10+00:00,246,SB VEEE MINCHART 2026/07/08-14:46 2026/07/08-15:46 1,candidate_chart_query,$Bar VEEE 2026/07/08-14:47 4.55 4.55 4.55 4.55 110 1
das_cmdapi_live_20260708T193719Z,2026-07-08,VEEE,VEEE,2026/07/08-14:46,2026-07-08,2026-07-08T18:46:00Z,2026,7,4.545,4.545,4.545,4.545,300,,,,1,2026-07-08T19:47:10+00:00,247,SB VEEE MINCHART 2026/07/08-14:46 2026/07/08-15:46 1,candidate_chart_query,$Bar VEEE 2026/07/08-14:46 4.545 4.545 4.545 4.545 300 1
das_cmdapi_live_20260708T193719Z,2026-07-08,LUCY,LUCY,2026/07/08-15:47,2026-07-08,2026-07-08T19:47:00Z,2026,7,1.0801,1.0883,1.08,1.0801,7419,,,,1,2026-07-08T19:47:49+00:00,82,SB LUCY MINCHART 2026/07/08-14:47 2026/07/08-15:47 1,candidate_chart_query,$Bar LUCY 2026/07/08-15:47 1.0883 1.08 1.0801 1.0801 7419 1
das_cmdapi_live_20260708T193719Z,2026-07-08,LUCY,LUCY,2026/07/08-15:46,2026-07-08,2026-07-08T19:46:00Z,2026,7,1.0801,1.09,1.0801,1.0801,20522,,,,1,2026-07-08T19:47:49+00:00,83,SB LUCY MINCHART 2026/07/08-14:47 2026/07/08-15:47 1,candidate_chart_query,$Bar LUCY 2026/07/08-15:46 1.09 1.0801 1.0801 1.0801 20522 1
das_cmdapi_live_20260708T193719Z,2026-07-08,LUCY,LUCY,2026/07/08-15:45,2026-07-08,2026-07-08T19:45:00Z,2026,7,1.08,1.09,1.08,1.0801,28740,,,,1,2026-07-08T19:47:49+00:00,84,SB LUCY MINCHART 2026/07/08-14:47 2026/07/08-15:47 1,candidate_chart_query,$Bar LUCY 2026/07/08-15:45 1.09 1.08 1.08 1.0801 28740 1
das_cmdapi_live_20260708T193719Z,2026-07-08,LUCY,LUCY,2026/07/08-15:44,2026-07-08,2026-07-08T19:44:00Z,2026,7,1.0859,1.09,1.08,1.0815,13869,,,,1,2026-07-08T19:47:49+00:00,85,SB LUCY MINCHART 2026/07/08-14:47 2026/07/08-15:47 1,candidate_chart_query,$Bar LUCY 2026/07/08-15:44 1.09 1.08 1.0859 1.0815 13869 1
das_cmdapi_live_20260708T193719Z,2026-07-08,LUCY,LUCY,2026/07/08-15:43,2026-07-08,2026-07-08T19:43:00Z,2026,7,1.0801,1.09,1.08,1.085,14006,,,,1,2026-07-08T19:47:49+00:00,86,SB LUCY MINCHART 2026/07/08-14:47 2026/07/08-15:47 1,candidate_chart_query,$Bar LUCY 2026/07/08-15:43 1.09 1.08 1.0801 1.085 14006 1
das_cmdapi_live_20260708T193719Z,2026-07-08,LUCY,LUCY,2026/07/08-15:42,2026-07-08,2026-07-08T19:42:00Z,2026,7,1.0881,1.09,1.08,1.085,33046,,,,1,2026-07-08T19:47:49+00:00,87,SB LUCY MINCHART 2026/07/08-14:47 2026/07/08-15:47 1,candidate_chart_query,$Bar LUCY 2026/07/08-15:42 1.09 1.08 1.0881 1.085 33046 1
das_cmdapi_live_20260708T193719Z,2026-07-08,LUCY,LUCY,2026/07/08-15:41,2026-07-08,2026-07-08T19:41:00Z,2026,7,1.085,1.085,1.08,1.085,18757,,,,1,2026-07-08T19:47:49+00:00,88,SB LUCY MINCHART 2026/07/08-14:47 2026/07/08-15:47 1,candidate_chart_query,$Bar LUCY 2026/07/08-15:41 1.085 1.08 1.085 1.085 18757 1
das_cmdapi_live_20260708T193719Z,2026-07-08,LUCY,LUCY,2026/07/08-15:40,2026-07-08,2026-07-08T19:40:00Z,2026,7,1.085,1.09,1.0801,1.085,13421,,,,1,2026-07-08T19:47:49+00:00,89,SB LUCY MINCHART 2026/07/08-14:47 2026/07/08-15:47 1,candidate_chart_query,$Bar LUCY 2026/07/08-15:40 1.09 1.0801 1.085 1.085 13421 1
das_cmdapi_live_20260708T193719Z,2026-07-08,LUCY,LUCY,2026/07/08-15:39,2026-07-08,2026-07-08T19:39:00Z,2026,7,1.085,1.09,1.08,1.085,6147,,,,1,2026-07-08T19:47:49+00:00,90,SB LUCY MINCHART 2026/07/08-14:47 2026/07/08-15:47 1,candidate_chart_query,$Bar LUCY 2026/07/08-15:39 1.09 1.08 1.085 1.085 6147 1
das_cmdapi_live_20260708T193719Z,2026-07-08,LUCY,LUCY,2026/07/08-15:38,2026-07-08,2026-07-08T19:38:00Z,2026,7,1.065,1.09,1.0601,1.085,16120,,,,1,2026-07-08T19:47:49+00:00,91,SB LUCY MINCHART 2026/07/08-14:47 2026/07/08-15:47 1,candidate_chart_query,$Bar LUCY 2026/07/08-15:38 1.09 1.0601 1.065 1.085 16120 1
das_cmdapi_live_20260708T193719Z,2026-07-08,LUCY,LUCY,2026/07/08-15:37,2026-07-08,2026-07-08T19:37:00Z,2026,7,1.06,1.07,1.0513,1.06,6130,,,,1,2026-07-08T19:47:49+00:00,92,SB LUCY MINCHART 2026/07/08-14:47 2026/07/08-15:47 1,candidate_chart_query,$Bar LUCY 2026/07/08-15:37 1.07 1.0513 1.06 1.06 6130 1
das_cmdapi_live_20260708T193719Z,2026-07-08,LUCY,LUCY,2026/07/08-15:36,2026-07-08,2026-07-08T19:36:00Z,2026,7,1.0503,1.06,1.05,1.055,3404,,,,1,2026-07-08T19:47:49+00:00,93,SB LUCY MINCHART 2026/07/08-14:47 2026/07/08-15:47 1,candidate_chart_query,$Bar LUCY 2026/07/08-15:36 1.06 1.05 1.0503 1.055 3404 1
das_cmdapi_live_20260708T193719Z,2026-07-08,LUCY,LUCY,2026/07/08-15:35,2026-07-08,2026-07-08T19:35:00Z,2026,7,1.055,1.06,1.05,1.0501,6874,,,,1,2026-07-08T19:47:49+00:00,94,SB LUCY MINCHART 2026/07/08-14:47 2026/07/08-15:47 1,candidate_chart_query,$Bar LUCY 2026/07/08-15:35 1.06 1.05 1.055 1.0501 6874 1
das_cmdapi_live_20260708T193719Z,2026-07-08,LUCY,LUCY,2026/07/08-15:34,2026-07-08,2026-07-08T19:34:00Z,2026,7,1.055,1.06,1.05,1.051,13983,,,,1,2026-07-08T19:47:49+00:00,95,SB LUCY MINCHART 2026/07/08-14:47 2026/07/08-15:47 1,candidate_chart_query,$Bar LUCY 2026/07/08-15:34 1.06 1.05 1.055 1.051 13983 1
das_cmdapi_live_20260708T193719Z,2026-07-08,LUCY,LUCY,2026/07/08-15:33,2026-07-08,2026-07-08T19:33:00Z,2026,7,1.085,1.09,1.05,1.055,25739,,,,1,2026-07-08T19:47:49+00:00,96,SB LUCY MINCHART 2026/07/08-14:47 2026/07/08-15:47 1,candidate_chart_query,$Bar LUCY 2026/07/08-15:33 1.09 1.05 1.085 1.055 25739 1
das_cmdapi_live_20260708T193719Z,2026-07-08,LUCY,LUCY,2026/07/08-15:32,2026-07-08,2026-07-08T19:32:00Z,2026,7,1.0802,1.1018,1.08,1.0801,46314,,,,1,2026-07-08T19:47:49+00:00,97,SB LUCY MINCHART 2026/07/08-14:47 2026/07/08-15:47 1,candidate_chart_query,$Bar LUCY 2026/07/08-15:32 1.1018 1.08 1.0802 1.0801 46314 1
das_cmdapi_live_20260708T193719Z,2026-07-08,LUCY,LUCY,2026/07/08-15:31,2026-07-08,2026-07-08T19:31:00Z,2026,7,1.06,1.09,1.02,1.0801,92982,,,,1,2026-07-08T19:47:49+00:00,98,SB LUCY MINCHART 2026/07/08-14:47 2026/07/08-15:47 1,candidate_chart_query,$Bar LUCY 2026/07/08-15:31 1.09 1.02 1.06 1.0801 92982 1
das_cmdapi_live_20260708T193719Z,2026-07-08,LUCY,LUCY,2026/07/08-15:30,2026-07-08,2026-07-08T19:30:00Z,2026,7,1.005,1.07,1.0,1.06,233867,,,,1,2026-07-08T19:47:49+00:00,99,SB LUCY MINCHART 2026/07/08-14:47 2026/07/08-15:47 1,candidate_chart_query,$Bar LUCY 2026/07/08-15:30 1.07 1 1.005 1.06 233867 1
das_cmdapi_live_20260708T193719Z,2026-07-08,LUCY,LUCY,2026/07/08-15:29,2026-07-08,2026-07-08T19:29:00Z,2026,7,1.0019,1.01,1.0,1.009,43176,,,,1,2026-07-08T19:47:49+00:00,100,SB LUCY MINCHART 2026/07/08-14:47 2026/07/08-15:47 1,candidate_chart_query,$Bar LUCY 2026/07/08-15:29 1.01 1 1.0019 1.009 43176 1
das_cmdapi_live_20260708T193719Z,2026-07-08,LUCY,LUCY,2026/07/08-15:28,2026-07-08,2026-07-08T19:28:00Z,2026,7,1.01,1.01,1.0,1.0,58749,,,,1,2026-07-08T19:47:49+00:00,101,SB LUCY MINCHART 2026/07/08-14:47 2026/07/08-15:47 1,candidate_chart_query,$Bar LUCY 2026/07/08-15:28 1.01 1 1.01 1 58749 1
das_cmdapi_live_20260708T193719Z,2026-07-08,LUCY,LUCY,2026/07/08-15:27,2026-07-08,2026-07-08T19:27:00Z,2026,7,1.025,1.0281,1.0,1.0,123120,,,,1,2026-07-08T19:47:49+00:00,102,SB LUCY MINCHART 2026/07/08-14:47 2026/07/08-15:47 1,candidate_chart_query,$Bar LUCY 2026/07/08-15:27 1.0281 1 1.025 1 123120 1
das_cmdapi_live_20260708T193719Z,2026-07-08,LUCY,LUCY,2026/07/08-15:26,2026-07-08,2026-07-08T19:26:00Z,2026,7,1.0201,1.03,1.02,1.025,98438,,,,1,2026-07-08T19:47:49+00:00,103,SB LUCY MINCHART 2026/07/08-14:47 2026/07/08-15:47 1,candidate_chart_query,$Bar LUCY 2026/07/08-15:26 1.03 1.02 1.0201 1.025 98438 1
das_cmdapi_live_20260708T193719Z,2026-07-08,LUCY,LUCY,2026/07/08-15:25,2026-07-08,2026-07-08T19:25:00Z,2026,7,1.025,1.03,1.02,1.025,27829,,,,1,2026-07-08T19:47:49+00:00,104,SB LUCY MINCHART 2026/07/08-14:47 2026/07/08-15:47 1,candidate_chart_query,$Bar LUCY 2026/07/08-15:25 1.03 1.02 1.025 1.025 27829 1
das_cmdapi_live_20260708T193719Z,2026-07-08,LUCY,LUCY,2026/07/08-15:24,2026-07-08,2026-07-08T19:24:00Z,2026,7,1.025,1.03,1.02,1.0201,59474,,,,1,2026-07-08T19:47:49+00:00,105,SB LUCY MINCHART 2026/07/08-14:47 2026/07/08-15:47 1,candidate_chart_query,$Bar LUCY 2026/07/08-15:24 1.03 1.02 1.025 1.0201 59474 1
das_cmdapi_live_20260708T193719Z,2026-07-08,LUCY,LUCY,2026/07/08-15:23,2026-07-08,2026-07-08T19:23:00Z,2026,7,1.03,1.04,1.02,1.0216,60786,,,,1,2026-07-08T19:47:49+00:00,106,SB LUCY MINCHART 2026/07/08-14:47 2026/07/08-15:47 1,candidate_chart_query,$Bar LUCY 2026/07/08-15:23 1.04 1.02 1.03 1.0216 60786 1
das_cmdapi_live_20260708T193719Z,2026-07-08,LUCY,LUCY,2026/07/08-15:22,2026-07-08,2026-07-08T19:22:00Z,2026,7,1.0401,1.05,1.02,1.0371,86823,,,,1,2026-07-08T19:47:49+00:00,107,SB LUCY MINCHART 2026/07/08-14:47 2026/07/08-15:47 1,candidate_chart_query,$Bar LUCY 2026/07/08-15:22 1.05 1.02 1.0401 1.0371 86823 1
das_cmdapi_live_20260708T193719Z,2026-07-08,LUCY,LUCY,2026/07/08-15:21,2026-07-08,2026-07-08T19:21:00Z,2026,7,1.0587,1.06,1.03,1.045,173522,,,,1,2026-07-08T19:47:49+00:00,108,SB LUCY MINCHART 2026/07/08-14:47 2026/07/08-15:47 1,candidate_chart_query,$Bar LUCY 2026/07/08-15:21 1.06 1.03 1.0587 1.045 173522 1
das_cmdapi_live_20260708T193719Z,2026-07-08,LUCY,LUCY,2026/07/08-15:20,2026-07-08,2026-07-08T19:20:00Z,2026,7,1.0799,1.08,1.05,1.05,187298,,,,1,2026-07-08T19:47:49+00:00,109,SB LUCY MINCHART 2026/07/08-14:47 2026/07/08-15:47 1,candidate_chart_query,$Bar LUCY 2026/07/08-15:20 1.08 1.05 1.0799 1.05 187298 1
das_cmdapi_live_20260708T193719Z,2026-07-08,LUCY,LUCY,2026/07/08-15:19,2026-07-08,2026-07-08T19:19:00Z,2026,7,1.09,1.1,1.07,1.08,70276,,,,1,2026-07-08T19:47:49+00:00,110,SB LUCY MINCHART 2026/07/08-14:47 2026/07/08-15:47 1,candidate_chart_query,$Bar LUCY 2026/07/08-15:19 1.1 1.07 1.09 1.08 70276 1
das_cmdapi_live_20260708T193719Z,2026-07-08,LUCY,LUCY,2026/07/08-15:18,2026-07-08,2026-07-08T19:18:00Z,2026,7,1.0901,1.1,1.09,1.095,51194,,,,1,2026-07-08T19:47:49+00:00,111,SB LUCY MINCHART 2026/07/08-14:47 2026/07/08-15:47 1,candidate_chart_query,$Bar LUCY 2026/07/08-15:18 1.1 1.09 1.0901 1.095 51194 1
das_cmdapi_live_20260708T193719Z,2026-07-08,LUCY,LUCY,2026/07/08-15:17,2026-07-08,2026-07-08T19:17:00Z,2026,7,1.12,1.13,1.092,1.095,102728,,,,1,2026-07-08T19:47:49+00:00,112,SB LUCY MINCHART 2026/07/08-14:47 2026/07/08-15:47 1,candidate_chart_query,$Bar LUCY 2026/07/08-15:17 1.13 1.092 1.12 1.095 102728 1
das_cmdapi_live_20260708T193719Z,2026-07-08,LUCY,LUCY,2026/07/08-15:16,2026-07-08,2026-07-08T19:16:00Z,2026,7,1.125,1.13,1.12,1.12,8569,,,,1,2026-07-08T19:47:49+00:00,113,SB LUCY MINCHART 2026/07/08-14:47 2026/07/08-15:47 1,candidate_chart_query,$Bar LUCY 2026/07/08-15:16 1.13 1.12 1.125 1.12 8569 1
das_cmdapi_live_20260708T193719Z,2026-07-08,LUCY,LUCY,2026/07/08-15:15,2026-07-08,2026-07-08T19:15:00Z,2026,7,1.125,1.13,1.12,1.13,18772,,,,1,2026-07-08T19:47:49+00:00,114,SB LUCY MINCHART 2026/07/08-14:47 2026/07/08-15:47 1,candidate_chart_query,$Bar LUCY 2026/07/08-15:15 1.13 1.12 1.125 1.13 18772 1
das_cmdapi_live_20260708T193719Z,2026-07-08,LUCY,LUCY,2026/07/08-15:14,2026-07-08,2026-07-08T19:14:00Z,2026,7,1.13,1.13,1.125,1.13,5381,,,,1,2026-07-08T19:47:49+00:00,115,SB LUCY MINCHART 2026/07/08-14:47 2026/07/08-15:47 1,candidate_chart_query,$Bar LUCY 2026/07/08-15:14 1.13 1.125 1.13 1.13 5381 1
das_cmdapi_live_20260708T193719Z,2026-07-08,LUCY,LUCY,2026/07/08-15:13,2026-07-08,2026-07-08T19:13:00Z,2026,7,1.12,1.13,1.12,1.1201,2116,,,,1,2026-07-08T19:47:49+00:00,116,SB LUCY MINCHART 2026/07/08-14:47 2026/07/08-15:47 1,candidate_chart_query,$Bar LUCY 2026/07/08-15:13 1.13 1.12 1.12 1.1201 2116 1
das_cmdapi_live_20260708T193719Z,2026-07-08,LUCY,LUCY,2026/07/08-15:12,2026-07-08,2026-07-08T19:12:00Z,2026,7,1.13,1.13,1.12,1.12,58476,,,,1,2026-07-08T19:47:49+00:00,117,SB LUCY MINCHART 2026/07/08-14:47 2026/07/08-15:47 1,candidate_chart_query,$Bar LUCY 2026/07/08-15:12 1.13 1.12 1.13 1.12 58476 1
das_cmdapi_live_20260708T193719Z,2026-07-08,LUCY,LUCY,2026/07/08-15:11,2026-07-08,2026-07-08T19:11:00Z,2026,7,1.1216,1.13,1.1201,1.13,36981,,,,1,2026-07-08T19:47:49+00:00,118,SB LUCY MINCHART 2026/07/08-14:47 2026/07/08-15:47 1,candidate_chart_query,$Bar LUCY 2026/07/08-15:11 1.13 1.1201 1.1216 1.13 36981 1
das_cmdapi_live_20260708T193719Z,2026-07-08,LUCY,LUCY,2026/07/08-15:10,2026-07-08,2026-07-08T19:10:00Z,2026,7,1.1279,1.13,1.12,1.125,20023,,,,1,2026-07-08T19:47:49+00:00,119,SB LUCY MINCHART 2026/07/08-14:47 2026/07/08-15:47 1,candidate_chart_query,$Bar LUCY 2026/07/08-15:10 1.13 1.12 1.1279 1.125 20023 1
das_cmdapi_live_20260708T193719Z,2026-07-08,LUCY,LUCY,2026/07/08-15:09,2026-07-08,2026-07-08T19:09:00Z,2026,7,1.1215,1.13,1.1201,1.1215,14429,,,,1,2026-07-08T19:47:49+00:00,120,SB LUCY MINCHART 2026/07/08-14:47 2026/07/08-15:47 1,candidate_chart_query,$Bar LUCY 2026/07/08-15:09 1.13 1.1201 1.1215 1.1215 14429 1
das_cmdapi_live_20260708T193719Z,2026-07-08,LUCY,LUCY,2026/07/08-15:08,2026-07-08,2026-07-08T19:08:00Z,2026,7,1.13,1.13,1.125,1.125,17244,,,,1,2026-07-08T19:47:49+00:00,121,SB LUCY MINCHART 2026/07/08-14:47 2026/07/08-15:47 1,candidate_chart_query,$Bar LUCY 2026/07/08-15:08 1.13 1.125 1.13 1.125 17244 1
das_cmdapi_live_20260708T193719Z,2026-07-08,LUCY,LUCY,2026/07/08-15:07,2026-07-08,2026-07-08T19:07:00Z,2026,7,1.13,1.13,1.12,1.12,14332,,,,1,2026-07-08T19:47:49+00:00,122,SB LUCY MINCHART 2026/07/08-14:47 2026/07/08-15:47 1,candidate_chart_query,$Bar LUCY 2026/07/08-15:07 1.13 1.12 1.13 1.12 14332 1
das_cmdapi_live_20260708T193719Z,2026-07-08,LUCY,LUCY,2026/07/08-15:06,2026-07-08,2026-07-08T19:06:00Z,2026,7,1.1286,1.13,1.12,1.13,11996,,,,1,2026-07-08T19:47:49+00:00,123,SB LUCY MINCHART 2026/07/08-14:47 2026/07/08-15:47 1,candidate_chart_query,$Bar LUCY 2026/07/08-15:06 1.13 1.12 1.1286 1.13 11996 1
das_cmdapi_live_20260708T193719Z,2026-07-08,LUCY,LUCY,2026/07/08-15:05,2026-07-08,2026-07-08T19:05:00Z,2026,7,1.1201,1.13,1.12,1.13,11226,,,,1,2026-07-08T19:47:49+00:00,124,SB LUCY MINCHART 2026/07/08-14:47 2026/07/08-15:47 1,candidate_chart_query,$Bar LUCY 2026/07/08-15:05 1.13 1.12 1.1201 1.13 11226 1
das_cmdapi_live_20260708T193719Z,2026-07-08,LUCY,LUCY,2026/07/08-15:04,2026-07-08,2026-07-08T19:04:00Z,2026,7,1.1299,1.13,1.12,1.125,9922,,,,1,2026-07-08T19:47:49+00:00,125,SB LUCY MINCHART 2026/07/08-14:47 2026/07/08-15:47 1,candidate_chart_query,$Bar LUCY 2026/07/08-15:04 1.13 1.12 1.1299 1.125 9922 1
das_cmdapi_live_20260708T193719Z,2026-07-08,LUCY,LUCY,2026/07/08-15:03,2026-07-08,2026-07-08T19:03:00Z,2026,7,1.13,1.13,1.12,1.129,48681,,,,1,2026-07-08T19:47:49+00:00,126,SB LUCY MINCHART 2026/07/08-14:47 2026/07/08-15:47 1,candidate_chart_query,$Bar LUCY 2026/07/08-15:03 1.13 1.12 1.13 1.129 48681 1
das_cmdapi_live_20260708T193719Z,2026-07-08,LUCY,LUCY,2026/07/08-15:02,2026-07-08,2026-07-08T19:02:00Z,2026,7,1.15,1.15,1.12,1.12,124237,,,,1,2026-07-08T19:47:49+00:00,127,SB LUCY MINCHART 2026/07/08-14:47 2026/07/08-15:47 1,candidate_chart_query,$Bar LUCY 2026/07/08-15:02 1.15 1.12 1.15 1.12 124237 1
das_cmdapi_live_20260708T193719Z,2026-07-08,LUCY,LUCY,2026/07/08-15:01,2026-07-08,2026-07-08T19:01:00Z,2026,7,1.155,1.16,1.15,1.15,2976,,,,1,2026-07-08T19:47:49+00:00,128,SB LUCY MINCHART 2026/07/08-14:47 2026/07/08-15:47 1,candidate_chart_query,$Bar LUCY 2026/07/08-15:01 1.16 1.15 1.155 1.15 2976 1
das_cmdapi_live_20260708T193719Z,2026-07-08,LUCY,LUCY,2026/07/08-15:00,2026-07-08,2026-07-08T19:00:00Z,2026,7,1.16,1.16,1.15,1.15,49350,,,,1,2026-07-08T19:47:49+00:00,129,SB LUCY MINCHART 2026/07/08-14:47 2026/07/08-15:47 1,candidate_chart_query,$Bar LUCY 2026/07/08-15:00 1.16 1.15 1.16 1.15 49350 1
das_cmdapi_live_20260708T193719Z,2026-07-08,LUCY,LUCY,2026/07/08-14:59,2026-07-08,2026-07-08T18:59:00Z,2026,7,1.1589,1.16,1.15,1.155,33067,,,,1,2026-07-08T19:47:49+00:00,130,SB LUCY MINCHART 2026/07/08-14:47 2026/07/08-15:47 1,candidate_chart_query,$Bar LUCY 2026/07/08-14:59 1.16 1.15 1.1589 1.155 33067 1
das_cmdapi_live_20260708T193719Z,2026-07-08,LUCY,LUCY,2026/07/08-14:58,2026-07-08,2026-07-08T18:58:00Z,2026,7,1.16,1.1601,1.15,1.16,69072,,,,1,2026-07-08T19:47:49+00:00,131,SB LUCY MINCHART 2026/07/08-14:47 2026/07/08-15:47 1,candidate_chart_query,$Bar LUCY 2026/07/08-14:58 1.1601 1.15 1.16 1.16 69072 1
das_cmdapi_live_20260708T193719Z,2026-07-08,LUCY,LUCY,2026/07/08-14:57,2026-07-08,2026-07-08T18:57:00Z,2026,7,1.185,1.185,1.16,1.1608,26197,,,,1,2026-07-08T19:47:49+00:00,132,SB LUCY MINCHART 2026/07/08-14:47 2026/07/08-15:47 1,candidate_chart_query,$Bar LUCY 2026/07/08-14:57 1.185 1.16 1.185 1.1608 26197 1
das_cmdapi_live_20260708T193719Z,2026-07-08,LUCY,LUCY,2026/07/08-14:56,2026-07-08,2026-07-08T18:56:00Z,2026,7,1.1801,1.1881,1.18,1.1801,30650,,,,1,2026-07-08T19:47:49+00:00,133,SB LUCY MINCHART 2026/07/08-14:47 2026/07/08-15:47 1,candidate_chart_query,$Bar LUCY 2026/07/08-14:56 1.1881 1.18 1.1801 1.1801 30650 1
das_cmdapi_live_20260708T193719Z,2026-07-08,LUCY,LUCY,2026/07/08-14:55,2026-07-08,2026-07-08T18:55:00Z,2026,7,1.19,1.19,1.18,1.19,4459,,,,1,2026-07-08T19:47:49+00:00,134,SB LUCY MINCHART 2026/07/08-14:47 2026/07/08-15:47 1,candidate_chart_query,$Bar LUCY 2026/07/08-14:55 1.19 1.18 1.19 1.19 4459 1
das_cmdapi_live_20260708T193719Z,2026-07-08,LUCY,LUCY,2026/07/08-14:54,2026-07-08,2026-07-08T18:54:00Z,2026,7,1.1801,1.19,1.18,1.185,15529,,,,1,2026-07-08T19:47:49+00:00,135,SB LUCY MINCHART 2026/07/08-14:47 2026/07/08-15:47 1,candidate_chart_query,$Bar LUCY 2026/07/08-14:54 1.19 1.18 1.1801 1.185 15529 1
das_cmdapi_live_20260708T193719Z,2026-07-08,LUCY,LUCY,2026/07/08-14:53,2026-07-08,2026-07-08T18:53:00Z,2026,7,1.181,1.19,1.18,1.185,9563,,,,1,2026-07-08T19:47:49+00:00,136,SB LUCY MINCHART 2026/07/08-14:47 2026/07/08-15:47 1,candidate_chart_query,$Bar LUCY 2026/07/08-14:53 1.19 1.18 1.181 1.185 9563 1
das_cmdapi_live_20260708T193719Z,2026-07-08,LUCY,LUCY,2026/07/08-14:52,2026-07-08,2026-07-08T18:52:00Z,2026,7,1.1802,1.185,1.1802,1.185,5482,,,,1,2026-07-08T19:47:49+00:00,137,SB LUCY MINCHART 2026/07/08-14:47 2026/07/08-15:47 1,candidate_chart_query,$Bar LUCY 2026/07/08-14:52 1.185 1.1802 1.1802 1.185 5482 1
das_cmdapi_live_20260708T193719Z,2026-07-08,LUCY,LUCY,2026/07/08-14:51,2026-07-08,2026-07-08T18:51:00Z,2026,7,1.1824,1.19,1.1824,1.185,5443,,,,1,2026-07-08T19:47:49+00:00,138,SB LUCY MINCHART 2026/07/08-14:47 2026/07/08-15:47 1,candidate_chart_query,$Bar LUCY 2026/07/08-14:51 1.19 1.1824 1.1824 1.185 5443 1
das_cmdapi_live_20260708T193719Z,2026-07-08,LUCY,LUCY,2026/07/08-14:50,2026-07-08,2026-07-08T18:50:00Z,2026,7,1.19,1.19,1.1801,1.185,2443,,,,1,2026-07-08T19:47:49+00:00,139,SB LUCY MINCHART 2026/07/08-14:47 2026/07/08-15:47 1,candidate_chart_query,$Bar LUCY 2026/07/08-14:50 1.19 1.1801 1.19 1.185 2443 1
das_cmdapi_live_20260708T193719Z,2026-07-08,LUCY,LUCY,2026/07/08-14:49,2026-07-08,2026-07-08T18:49:00Z,2026,7,1.19,1.19,1.1801,1.1801,4950,,,,1,2026-07-08T19:47:49+00:00,140,SB LUCY MINCHART 2026/07/08-14:47 2026/07/08-15:47 1,candidate_chart_query,$Bar LUCY 2026/07/08-14:49 1.19 1.1801 1.19 1.1801 4950 1
das_cmdapi_live_20260708T193719Z,2026-07-08,LUCY,LUCY,2026/07/08-14:48,2026-07-08,2026-07-08T18:48:00Z,2026,7,1.18,1.185,1.18,1.1808,3290,,,,1,2026-07-08T19:47:49+00:00,141,SB LUCY MINCHART 2026/07/08-14:47 2026/07/08-15:47 1,candidate_chart_query,$Bar LUCY 2026/07/08-14:48 1.185 1.18 1.18 1.1808 3290 1
das_cmdapi_live_20260708T193719Z,2026-07-08,LUCY,LUCY,2026/07/08-14:47,2026-07-08,2026-07-08T18:47:00Z,2026,7,1.1889,1.1895,1.18,1.1805,8751,,,,1,2026-07-08T19:47:49+00:00,142,SB LUCY MINCHART 2026/07/08-14:47 2026/07/08-15:47 1,candidate_chart_query,$Bar LUCY 2026/07/08-14:47 1.1895 1.18 1.1889 1.1805 8751 1
das_cmdapi_live_20260708T193719Z,2026-07-08,JEM,JEM,2026/07/08-15:47,2026-07-08,2026-07-08T19:47:00Z,2026,7,1.169,1.17,1.16,1.165,2841,,,,1,2026-07-08T19:48:24+00:00,307,SB JEM MINCHART 2026/07/08-14:47 2026/07/08-15:47 1,candidate_chart_query,$Bar JEM 2026/07/08-15:47 1.17 1.16 1.169 1.165 2841 1
das_cmdapi_live_20260708T193719Z,2026-07-08,JEM,JEM,2026/07/08-15:46,2026-07-08,2026-07-08T19:46:00Z,2026,7,1.17,1.17,1.16,1.165,5794,,,,1,2026-07-08T19:48:24+00:00,308,SB JEM MINCHART 2026/07/08-14:47 2026/07/08-15:47 1,candidate_chart_query,$Bar JEM 2026/07/08-15:46 1.17 1.16 1.17 1.165 5794 1
das_cmdapi_live_20260708T193719Z,2026-07-08,JEM,JEM,2026/07/08-15:45,2026-07-08,2026-07-08T19:45:00Z,2026,7,1.165,1.1697,1.16,1.165,4144,,,,1,2026-07-08T19:48:24+00:00,309,SB JEM MINCHART 2026/07/08-14:47 2026/07/08-15:47 1,candidate_chart_query,$Bar JEM 2026/07/08-15:45 1.1697 1.16 1.165 1.165 4144 1
das_cmdapi_live_20260708T193719Z,2026-07-08,JEM,JEM,2026/07/08-15:44,2026-07-08,2026-07-08T19:44:00Z,2026,7,1.165,1.17,1.16,1.16,6662,,,,1,2026-07-08T19:48:24+00:00,310,SB JEM MINCHART 2026/07/08-14:47 2026/07/08-15:47 1,candidate_chart_query,$Bar JEM 2026/07/08-15:44 1.17 1.16 1.165 1.16 6662 1
das_cmdapi_live_20260708T193719Z,2026-07-08,JEM,JEM,2026/07/08-15:43,2026-07-08,2026-07-08T19:43:00Z,2026,7,1.165,1.175,1.15,1.16,7708,,,,1,2026-07-08T19:48:24+00:00,311,SB JEM MINCHART 2026/07/08-14:47 2026/07/08-15:47 1,candidate_chart_query,$Bar JEM 2026/07/08-15:43 1.175 1.15 1.165 1.16 7708 1
das_cmdapi_live_20260708T193719Z,2026-07-08,JEM,JEM,2026/07/08-15:42,2026-07-08,2026-07-08T19:42:00Z,2026,7,1.15,1.17,1.15,1.16,4847,,,,1,2026-07-08T19:48:24+00:00,312,SB JEM MINCHART 2026/07/08-14:47 2026/07/08-15:47 1,candidate_chart_query,$Bar JEM 2026/07/08-15:42 1.17 1.15 1.15 1.16 4847 1
das_cmdapi_live_20260708T193719Z,2026-07-08,JEM,JEM,2026/07/08-15:41,2026-07-08,2026-07-08T19:41:00Z,2026,7,1.15,1.17,1.14,1.15,9282,,,,1,2026-07-08T19:48:24+00:00,313,SB JEM MINCHART 2026/07/08-14:47 2026/07/08-15:47 1,candidate_chart_query,$Bar JEM 2026/07/08-15:41 1.17 1.14 1.15 1.15 9282 1
das_cmdapi_live_20260708T193719Z,2026-07-08,JEM,JEM,2026/07/08-15:40,2026-07-08,2026-07-08T19:40:00Z,2026,7,1.135,1.16,1.13,1.14,10133,,,,1,2026-07-08T19:48:24+00:00,314,SB JEM MINCHART 2026/07/08-14:47 2026/07/08-15:47 1,candidate_chart_query,$Bar JEM 2026/07/08-15:40 1.16 1.13 1.135 1.14 10133 1
das_cmdapi_live_20260708T193719Z,2026-07-08,JEM,JEM,2026/07/08-15:39,2026-07-08,2026-07-08T19:39:00Z,2026,7,1.135,1.138,1.13,1.135,2347,,,,1,2026-07-08T19:48:24+00:00,315,SB JEM MINCHART 2026/07/08-14:47 2026/07/08-15:47 1,candidate_chart_query,$Bar JEM 2026/07/08-15:39 1.138 1.13 1.135 1.135 2347 1
das_cmdapi_live_20260708T193719Z,2026-07-08,JEM,JEM,2026/07/08-15:38,2026-07-08,2026-07-08T19:38:00Z,2026,7,1.14,1.14,1.13,1.14,2756,,,,1,2026-07-08T19:48:24+00:00,316,SB JEM MINCHART 2026/07/08-14:47 2026/07/08-15:47 1,candidate_chart_query,$Bar JEM 2026/07/08-15:38 1.14 1.13 1.14 1.14 2756 1
das_cmdapi_live_20260708T193719Z,2026-07-08,JEM,JEM,2026/07/08-15:37,2026-07-08,2026-07-08T19:37:00Z,2026,7,1.1401,1.1401,1.13,1.135,3617,,,,1,2026-07-08T19:48:24+00:00,317,SB JEM MINCHART 2026/07/08-14:47 2026/07/08-15:47 1,candidate_chart_query,$Bar JEM 2026/07/08-15:37 1.1401 1.13 1.1401 1.135 3617 1
das_cmdapi_live_20260708T193719Z,2026-07-08,JEM,JEM,2026/07/08-15:36,2026-07-08,2026-07-08T19:36:00Z,2026,7,1.145,1.15,1.143,1.1464,4643,,,,1,2026-07-08T19:48:24+00:00,318,SB JEM MINCHART 2026/07/08-14:47 2026/07/08-15:47 1,candidate_chart_query,$Bar JEM 2026/07/08-15:36 1.15 1.143 1.145 1.1464 4643 1
das_cmdapi_live_20260708T193719Z,2026-07-08,JEM,JEM,2026/07/08-15:35,2026-07-08,2026-07-08T19:35:00Z,2026,7,1.15,1.16,1.13,1.145,6917,,,,1,2026-07-08T19:48:24+00:00,319,SB JEM MINCHART 2026/07/08-14:47 2026/07/08-15:47 1,candidate_chart_query,$Bar JEM 2026/07/08-15:35 1.16 1.13 1.15 1.145 6917 1
das_cmdapi_live_20260708T193719Z,2026-07-08,JEM,JEM,2026/07/08-15:34,2026-07-08,2026-07-08T19:34:00Z,2026,7,1.1399,1.1499,1.13,1.1499,10501,,,,1,2026-07-08T19:48:24+00:00,320,SB JEM MINCHART 2026/07/08-14:47 2026/07/08-15:47 1,candidate_chart_query,$Bar JEM 2026/07/08-15:34 1.1499 1.13 1.1399 1.1499 10501 1
das_cmdapi_live_20260708T193719Z,2026-07-08,JEM,JEM,2026/07/08-15:33,2026-07-08,2026-07-08T19:33:00Z,2026,7,1.145,1.15,1.13,1.14,14066,,,,1,2026-07-08T19:48:24+00:00,321,SB JEM MINCHART 2026/07/08-14:47 2026/07/08-15:47 1,candidate_chart_query,$Bar JEM 2026/07/08-15:33 1.15 1.13 1.145 1.14 14066 1
das_cmdapi_live_20260708T193719Z,2026-07-08,JEM,JEM,2026/07/08-15:32,2026-07-08,2026-07-08T19:32:00Z,2026,7,1.1452,1.15,1.14,1.14,6884,,,,1,2026-07-08T19:48:24+00:00,322,SB JEM MINCHART 2026/07/08-14:47 2026/07/08-15:47 1,candidate_chart_query,$Bar JEM 2026/07/08-15:32 1.15 1.14 1.1452 1.14 6884 1
das_cmdapi_live_20260708T193719Z,2026-07-08,JEM,JEM,2026/07/08-15:31,2026-07-08,2026-07-08T19:31:00Z,2026,7,1.15,1.1503,1.12,1.1303,29601,,,,1,2026-07-08T19:48:24+00:00,323,SB JEM MINCHART 2026/07/08-14:47 2026/07/08-15:47 1,candidate_chart_query,$Bar JEM 2026/07/08-15:31 1.1503 1.12 1.15 1.1303 29601 1
das_cmdapi_live_20260708T193719Z,2026-07-08,JEM,JEM,2026/07/08-15:30,2026-07-08,2026-07-08T19:30:00Z,2026,7,1.17,1.17,1.15,1.15,59719,,,,1,2026-07-08T19:48:24+00:00,324,SB JEM MINCHART 2026/07/08-14:47 2026/07/08-15:47 1,candidate_chart_query,$Bar JEM 2026/07/08-15:30 1.17 1.15 1.17 1.15 59719 1
das_cmdapi_live_20260708T193719Z,2026-07-08,JEM,JEM,2026/07/08-15:29,2026-07-08,2026-07-08T19:29:00Z,2026,7,1.175,1.18,1.17,1.18,8347,,,,1,2026-07-08T19:48:24+00:00,325,SB JEM MINCHART 2026/07/08-14:47 2026/07/08-15:47 1,candidate_chart_query,$Bar JEM 2026/07/08-15:29 1.18 1.17 1.175 1.18 8347 1
das_cmdapi_live_20260708T193719Z,2026-07-08,JEM,JEM,2026/07/08-15:28,2026-07-08,2026-07-08T19:28:00Z,2026,7,1.18,1.18,1.17,1.1732,7973,,,,1,2026-07-08T19:48:24+00:00,326,SB JEM MINCHART 2026/07/08-14:47 2026/07/08-15:47 1,candidate_chart_query,$Bar JEM 2026/07/08-15:28 1.18 1.17 1.18 1.1732 7973 1
das_cmdapi_live_20260708T193719Z,2026-07-08,JEM,JEM,2026/07/08-15:27,2026-07-08,2026-07-08T19:27:00Z,2026,7,1.1601,1.19,1.16,1.17,6599,,,,1,2026-07-08T19:48:24+00:00,327,SB JEM MINCHART 2026/07/08-14:47 2026/07/08-15:47 1,candidate_chart_query,$Bar JEM 2026/07/08-15:27 1.19 1.16 1.1601 1.17 6599 1
das_cmdapi_live_20260708T193719Z,2026-07-08,JEM,JEM,2026/07/08-15:26,2026-07-08,2026-07-08T19:26:00Z,2026,7,1.19,1.2,1.16,1.165,12136,,,,1,2026-07-08T19:48:24+00:00,328,SB JEM MINCHART 2026/07/08-14:47 2026/07/08-15:47 1,candidate_chart_query,$Bar JEM 2026/07/08-15:26 1.2 1.16 1.19 1.165 12136 1
das_cmdapi_live_20260708T193719Z,2026-07-08,JEM,JEM,2026/07/08-15:25,2026-07-08,2026-07-08T19:25:00Z,2026,7,1.2,1.2,1.18,1.19,8812,,,,1,2026-07-08T19:48:24+00:00,329,SB JEM MINCHART 2026/07/08-14:47 2026/07/08-15:47 1,candidate_chart_query,$Bar JEM 2026/07/08-15:25 1.2 1.18 1.2 1.19 8812 1
das_cmdapi_live_20260708T193719Z,2026-07-08,JEM,JEM,2026/07/08-15:24,2026-07-08,2026-07-08T19:24:00Z,2026,7,1.195,1.2068,1.17,1.1901,37439,,,,1,2026-07-08T19:48:24+00:00,330,SB JEM MINCHART 2026/07/08-14:47 2026/07/08-15:47 1,candidate_chart_query,$Bar JEM 2026/07/08-15:24 1.2068 1.17 1.195 1.1901 37439 1
das_cmdapi_live_20260708T193719Z,2026-07-08,JEM,JEM,2026/07/08-15:23,2026-07-08,2026-07-08T19:23:00Z,2026,7,1.2071,1.22,1.195,1.2,11929,,,,1,2026-07-08T19:48:24+00:00,331,SB JEM MINCHART 2026/07/08-14:47 2026/07/08-15:47 1,candidate_chart_query,$Bar JEM 2026/07/08-15:23 1.22 1.195 1.2071 1.2 11929 1
das_cmdapi_live_20260708T193719Z,2026-07-08,JEM,JEM,2026/07/08-15:22,2026-07-08,2026-07-08T19:22:00Z,2026,7,1.2,1.22,1.18,1.22,15829,,,,1,2026-07-08T19:48:24+00:00,332,SB JEM MINCHART 2026/07/08-14:47 2026/07/08-15:47 1,candidate_chart_query,$Bar JEM 2026/07/08-15:22 1.22 1.18 1.2 1.22 15829 1
das_cmdapi_live_20260708T193719Z,2026-07-08,JEM,JEM,2026/07/08-15:21,2026-07-08,2026-07-08T19:21:00Z,2026,7,1.23,1.2331,1.2001,1.21,15195,,,,1,2026-07-08T19:48:24+00:00,333,SB JEM MINCHART 2026/07/08-14:47 2026/07/08-15:47 1,candidate_chart_query,$Bar JEM 2026/07/08-15:21 1.2331 1.2001 1.23 1.21 15195 1
das_cmdapi_live_20260708T193719Z,2026-07-08,JEM,JEM,2026/07/08-15:20,2026-07-08,2026-07-08T19:20:00Z,2026,7,1.2184,1.25,1.19,1.2261,53770,,,,1,2026-07-08T19:48:24+00:00,334,SB JEM MINCHART 2026/07/08-14:47 2026/07/08-15:47 1,candidate_chart_query,$Bar JEM 2026/07/08-15:20 1.25 1.19 1.2184 1.2261 53770 1
das_cmdapi_live_20260708T193719Z,2026-07-08,JEM,JEM,2026/07/08-15:19,2026-07-08,2026-07-08T19:19:00Z,2026,7,1.21,1.26,1.16,1.215,102555,,,,1,2026-07-08T19:48:24+00:00,335,SB JEM MINCHART 2026/07/08-14:47 2026/07/08-15:47 1,candidate_chart_query,$Bar JEM 2026/07/08-15:19 1.26 1.16 1.21 1.215 102555 1
das_cmdapi_live_20260708T193719Z,2026-07-08,JEM,JEM,2026/07/08-15:18,2026-07-08,2026-07-08T19:18:00Z,2026,7,1.27,1.27,1.19,1.2,64417,,,,1,2026-07-08T19:48:24+00:00,336,SB JEM MINCHART 2026/07/08-14:47 2026/07/08-15:47 1,candidate_chart_query,$Bar JEM 2026/07/08-15:18 1.27 1.19 1.27 1.2 64417 1
das_cmdapi_live_20260708T193719Z,2026-07-08,JEM,JEM,2026/07/08-15:17,2026-07-08,2026-07-08T19:17:00Z,2026,7,1.1987,1.2609,1.16,1.2609,141417,,,,1,2026-07-08T19:48:24+00:00,337,SB JEM MINCHART 2026/07/08-14:47 2026/07/08-15:47 1,candidate_chart_query,$Bar JEM 2026/07/08-15:17 1.2609 1.16 1.1987 1.2609 141417 1
das_cmdapi_live_20260708T193719Z,2026-07-08,JEM,JEM,2026/07/08-15:16,2026-07-08,2026-07-08T19:16:00Z,2026,7,1.15,1.23,1.13,1.1999,77869,,,,1,2026-07-08T19:48:24+00:00,338,SB JEM MINCHART 2026/07/08-14:47 2026/07/08-15:47 1,candidate_chart_query,$Bar JEM 2026/07/08-15:16 1.23 1.13 1.15 1.1999 77869 1
das_cmdapi_live_20260708T193719Z,2026-07-08,JEM,JEM,2026/07/08-15:15,2026-07-08,2026-07-08T19:15:00Z,2026,7,1.12,1.15,1.12,1.14,21078,,,,1,2026-07-08T19:48:24+00:00,339,SB JEM MINCHART 2026/07/08-14:47 2026/07/08-15:47 1,candidate_chart_query,$Bar JEM 2026/07/08-15:15 1.15 1.12 1.12 1.14 21078 1
das_cmdapi_live_20260708T193719Z,2026-07-08,JEM,JEM,2026/07/08-15:14,2026-07-08,2026-07-08T19:14:00Z,2026,7,1.1,1.12,1.1,1.115,6812,,,,1,2026-07-08T19:48:24+00:00,340,SB JEM MINCHART 2026/07/08-14:47 2026/07/08-15:47 1,candidate_chart_query,$Bar JEM 2026/07/08-15:14 1.12 1.1 1.1 1.115 6812 1
das_cmdapi_live_20260708T193719Z,2026-07-08,JEM,JEM,2026/07/08-15:13,2026-07-08,2026-07-08T19:13:00Z,2026,7,1.1,1.115,1.1,1.1,9212,,,,1,2026-07-08T19:48:24+00:00,341,SB JEM MINCHART 2026/07/08-14:47 2026/07/08-15:47 1,candidate_chart_query,$Bar JEM 2026/07/08-15:13 1.115 1.1 1.1 1.1 9212 1
das_cmdapi_live_20260708T193719Z,2026-07-08,JEM,JEM,2026/07/08-15:12,2026-07-08,2026-07-08T19:12:00Z,2026,7,1.09,1.12,1.09,1.1,7054,,,,1,2026-07-08T19:48:24+00:00,342,SB JEM MINCHART 2026/07/08-14:47 2026/07/08-15:47 1,candidate_chart_query,$Bar JEM 2026/07/08-15:12 1.12 1.09 1.09 1.1 7054 1
das_cmdapi_live_20260708T193719Z,2026-07-08,JEM,JEM,2026/07/08-15:11,2026-07-08,2026-07-08T19:11:00Z,2026,7,1.09,1.1,1.09,1.09,7126,,,,1,2026-07-08T19:48:24+00:00,343,SB JEM MINCHART 2026/07/08-14:47 2026/07/08-15:47 1,candidate_chart_query,$Bar JEM 2026/07/08-15:11 1.1 1.09 1.09 1.09 7126 1
das_cmdapi_live_20260708T193719Z,2026-07-08,JEM,JEM,2026/07/08-15:10,2026-07-08,2026-07-08T19:10:00Z,2026,7,1.09,1.1,1.09,1.09,3200,,,,1,2026-07-08T19:48:24+00:00,344,SB JEM MINCHART 2026/07/08-14:47 2026/07/08-15:47 1,candidate_chart_query,$Bar JEM 2026/07/08-15:10 1.1 1.09 1.09 1.09 3200 1
das_cmdapi_live_20260708T193719Z,2026-07-08,JEM,JEM,2026/07/08-15:09,2026-07-08,2026-07-08T19:09:00Z,2026,7,1.09,1.09,1.09,1.09,985,,,,1,2026-07-08T19:48:24+00:00,345,SB JEM MINCHART 2026/07/08-14:47 2026/07/08-15:47 1,candidate_chart_query,$Bar JEM 2026/07/08-15:09 1.09 1.09 1.09 1.09 985 1
das_cmdapi_live_20260708T193719Z,2026-07-08,JEM,JEM,2026/07/08-15:08,2026-07-08,2026-07-08T19:08:00Z,2026,7,1.1,1.11,1.09,1.09,25695,,,,1,2026-07-08T19:48:24+00:00,346,SB JEM MINCHART 2026/07/08-14:47 2026/07/08-15:47 1,candidate_chart_query,$Bar JEM 2026/07/08-15:08 1.11 1.09 1.1 1.09 25695 1
das_cmdapi_live_20260708T193719Z,2026-07-08,JEM,JEM,2026/07/08-15:07,2026-07-08,2026-07-08T19:07:00Z,2026,7,1.09,1.1099,1.09,1.1099,5048,,,,1,2026-07-08T19:48:24+00:00,347,SB JEM MINCHART 2026/07/08-14:47 2026/07/08-15:47 1,candidate_chart_query,$Bar JEM 2026/07/08-15:07 1.1099 1.09 1.09 1.1099 5048 1
das_cmdapi_live_20260708T193719Z,2026-07-08,JEM,JEM,2026/07/08-15:06,2026-07-08,2026-07-08T19:06:00Z,2026,7,1.0992,1.0992,1.09,1.09,2912,,,,1,2026-07-08T19:48:24+00:00,348,SB JEM MINCHART 2026/07/08-14:47 2026/07/08-15:47 1,candidate_chart_query,$Bar JEM 2026/07/08-15:06 1.0992 1.09 1.0992 1.09 2912 1
das_cmdapi_live_20260708T193719Z,2026-07-08,JEM,JEM,2026/07/08-15:05,2026-07-08,2026-07-08T19:05:00Z,2026,7,1.07,1.1,1.07,1.09,5290,,,,1,2026-07-08T19:48:24+00:00,349,SB JEM MINCHART 2026/07/08-14:47 2026/07/08-15:47 1,candidate_chart_query,$Bar JEM 2026/07/08-15:05 1.1 1.07 1.07 1.09 5290 1
das_cmdapi_live_20260708T193719Z,2026-07-08,JEM,JEM,2026/07/08-15:04,2026-07-08,2026-07-08T19:04:00Z,2026,7,1.085,1.11,1.07,1.1,11436,,,,1,2026-07-08T19:48:24+00:00,350,SB JEM MINCHART 2026/07/08-14:47 2026/07/08-15:47 1,candidate_chart_query,$Bar JEM 2026/07/08-15:04 1.11 1.07 1.085 1.1 11436 1
das_cmdapi_live_20260708T193719Z,2026-07-08,JEM,JEM,2026/07/08-15:03,2026-07-08,2026-07-08T19:03:00Z,2026,7,1.07,1.11,1.06,1.09,12309,,,,1,2026-07-08T19:48:24+00:00,351,SB JEM MINCHART 2026/07/08-14:47 2026/07/08-15:47 1,candidate_chart_query,$Bar JEM 2026/07/08-15:03 1.11 1.06 1.07 1.09 12309 1
das_cmdapi_live_20260708T193719Z,2026-07-08,JEM,JEM,2026/07/08-15:02,2026-07-08,2026-07-08T19:02:00Z,2026,7,1.07,1.071,1.06,1.07,4798,,,,1,2026-07-08T19:48:24+00:00,352,SB JEM MINCHART 2026/07/08-14:47 2026/07/08-15:47 1,candidate_chart_query,$Bar JEM 2026/07/08-15:02 1.071 1.06 1.07 1.07 4798 1
das_cmdapi_live_20260708T193719Z,2026-07-08,JEM,JEM,2026/07/08-15:01,2026-07-08,2026-07-08T19:01:00Z,2026,7,1.07,1.08,1.07,1.07,2700,,,,1,2026-07-08T19:48:24+00:00,353,SB JEM MINCHART 2026/07/08-14:47 2026/07/08-15:47 1,candidate_chart_query,$Bar JEM 2026/07/08-15:01 1.08 1.07 1.07 1.07 2700 1
das_cmdapi_live_20260708T193719Z,2026-07-08,JEM,JEM,2026/07/08-15:00,2026-07-08,2026-07-08T19:00:00Z,2026,7,1.07,1.08,1.07,1.08,1725,,,,1,2026-07-08T19:48:24+00:00,354,SB JEM MINCHART 2026/07/08-14:47 2026/07/08-15:47 1,candidate_chart_query,$Bar JEM 2026/07/08-15:00 1.08 1.07 1.07 1.08 1725 1
das_cmdapi_live_20260708T193719Z,2026-07-08,JEM,JEM,2026/07/08-14:59,2026-07-08,2026-07-08T18:59:00Z,2026,7,1.07,1.0715,1.07,1.07,1113,,,,1,2026-07-08T19:48:24+00:00,355,SB JEM MINCHART 2026/07/08-14:47 2026/07/08-15:47 1,candidate_chart_query,$Bar JEM 2026/07/08-14:59 1.0715 1.07 1.07 1.07 1113 1
das_cmdapi_live_20260708T193719Z,2026-07-08,JEM,JEM,2026/07/08-14:58,2026-07-08,2026-07-08T18:58:00Z,2026,7,1.07,1.078,1.07,1.07,3165,,,,1,2026-07-08T19:48:24+00:00,356,SB JEM MINCHART 2026/07/08-14:47 2026/07/08-15:47 1,candidate_chart_query,$Bar JEM 2026/07/08-14:58 1.078 1.07 1.07 1.07 3165 1
das_cmdapi_live_20260708T193719Z,2026-07-08,JEM,JEM,2026/07/08-14:57,2026-07-08,2026-07-08T18:57:00Z,2026,7,1.07,1.075,1.07,1.07,1276,,,,1,2026-07-08T19:48:24+00:00,357,SB JEM MINCHART 2026/07/08-14:47 2026/07/08-15:47 1,candidate_chart_query,$Bar JEM 2026/07/08-14:57 1.075 1.07 1.07 1.07 1276 1
das_cmdapi_live_20260708T193719Z,2026-07-08,JEM,JEM,2026/07/08-14:56,2026-07-08,2026-07-08T18:56:00Z,2026,7,1.07,1.0897,1.07,1.07,1432,,,,1,2026-07-08T19:48:24+00:00,358,SB JEM MINCHART 2026/07/08-14:47 2026/07/08-15:47 1,candidate_chart_query,$Bar JEM 2026/07/08-14:56 1.0897 1.07 1.07 1.07 1432 1
das_cmdapi_live_20260708T193719Z,2026-07-08,JEM,JEM,2026/07/08-14:55,2026-07-08,2026-07-08T18:55:00Z,2026,7,1.08,1.08,1.07,1.07,1200,,,,1,2026-07-08T19:48:24+00:00,359,SB JEM MINCHART 2026/07/08-14:47 2026/07/08-15:47 1,candidate_chart_query,$Bar JEM 2026/07/08-14:55 1.08 1.07 1.08 1.07 1200 1
das_cmdapi_live_20260708T193719Z,2026-07-08,JEM,JEM,2026/07/08-14:54,2026-07-08,2026-07-08T18:54:00Z,2026,7,1.08,1.09,1.08,1.08,1200,,,,1,2026-07-08T19:48:24+00:00,360,SB JEM MINCHART 2026/07/08-14:47 2026/07/08-15:47 1,candidate_chart_query,$Bar JEM 2026/07/08-14:54 1.09 1.08 1.08 1.08 1200 1
das_cmdapi_live_20260708T193719Z,2026-07-08,JEM,JEM,2026/07/08-14:53,2026-07-08,2026-07-08T18:53:00Z,2026,7,1.07,1.09,1.07,1.09,1747,,,,1,2026-07-08T19:48:24+00:00,361,SB JEM MINCHART 2026/07/08-14:47 2026/07/08-15:47 1,candidate_chart_query,$Bar JEM 2026/07/08-14:53 1.09 1.07 1.07 1.09 1747 1
das_cmdapi_live_20260708T193719Z,2026-07-08,JEM,JEM,2026/07/08-14:52,2026-07-08,2026-07-08T18:52:00Z,2026,7,1.07,1.07,1.07,1.07,1100,,,,1,2026-07-08T19:48:24+00:00,362,SB JEM MINCHART 2026/07/08-14:47 2026/07/08-15:47 1,candidate_chart_query,$Bar JEM 2026/07/08-14:52 1.07 1.07 1.07 1.07 1100 1
das_cmdapi_live_20260708T193719Z,2026-07-08,JEM,JEM,2026/07/08-14:51,2026-07-08,2026-07-08T18:51:00Z,2026,7,1.08,1.08,1.07,1.07,1000,,,,1,2026-07-08T19:48:24+00:00,363,SB JEM MINCHART 2026/07/08-14:47 2026/07/08-15:47 1,candidate_chart_query,$Bar JEM 2026/07/08-14:51 1.08 1.07 1.08 1.07 1000 1
das_cmdapi_live_20260708T193719Z,2026-07-08,JEM,JEM,2026/07/08-14:50,2026-07-08,2026-07-08T18:50:00Z,2026,7,1.09,1.09,1.07,1.07,1322,,,,1,2026-07-08T19:48:24+00:00,364,SB JEM MINCHART 2026/07/08-14:47 2026/07/08-15:47 1,candidate_chart_query,$Bar JEM 2026/07/08-14:50 1.09 1.07 1.09 1.07 1322 1
das_cmdapi_live_20260708T193719Z,2026-07-08,JEM,JEM,2026/07/08-14:49,2026-07-08,2026-07-08T18:49:00Z,2026,7,1.08,1.1,1.08,1.096,2900,,,,1,2026-07-08T19:48:24+00:00,365,SB JEM MINCHART 2026/07/08-14:47 2026/07/08-15:47 1,candidate_chart_query,$Bar JEM 2026/07/08-14:49 1.1 1.08 1.08 1.096 2900 1
das_cmdapi_live_20260708T193719Z,2026-07-08,JEM,JEM,2026/07/08-14:48,2026-07-08,2026-07-08T18:48:00Z,2026,7,1.08,1.08,1.08,1.08,900,,,,1,2026-07-08T19:48:24+00:00,366,SB JEM MINCHART 2026/07/08-14:47 2026/07/08-15:47 1,candidate_chart_query,$Bar JEM 2026/07/08-14:48 1.08 1.08 1.08 1.08 900 1
das_cmdapi_live_20260708T193719Z,2026-07-08,JEM,JEM,2026/07/08-14:47,2026-07-08,2026-07-08T18:47:00Z,2026,7,1.08,1.1,1.08,1.08,5089,,,,1,2026-07-08T19:48:24+00:00,367,SB JEM MINCHART 2026/07/08-14:47 2026/07/08-15:47 1,candidate_chart_query,$Bar JEM 2026/07/08-14:47 1.1 1.08 1.08 1.08 5089 1
das_cmdapi_live_20260708T193719Z,2026-07-08,BBLG,BBLG,2026/07/08-15:45,2026-07-08,2026-07-08T19:45:00Z,2026,7,1.3099,1.3099,1.3099,1.3099,300,,,,1,2026-07-08T19:49:02+00:00,92,SB BBLG MINCHART 2026/07/08-14:48 2026/07/08-15:48 1,candidate_chart_query,$Bar BBLG 2026/07/08-15:45 1.3099 1.3099 1.3099 1.3099 300 1
das_cmdapi_live_20260708T193719Z,2026-07-08,BBLG,BBLG,2026/07/08-15:43,2026-07-08,2026-07-08T19:43:00Z,2026,7,1.31,1.31,1.31,1.31,600,,,,1,2026-07-08T19:49:02+00:00,93,SB BBLG MINCHART 2026/07/08-14:48 2026/07/08-15:48 1,candidate_chart_query,$Bar BBLG 2026/07/08-15:43 1.31 1.31 1.31 1.31 600 1
das_cmdapi_live_20260708T193719Z,2026-07-08,BBLG,BBLG,2026/07/08-15:42,2026-07-08,2026-07-08T19:42:00Z,2026,7,1.29,1.32,1.29,1.32,3043,,,,1,2026-07-08T19:49:02+00:00,94,SB BBLG MINCHART 2026/07/08-14:48 2026/07/08-15:48 1,candidate_chart_query,$Bar BBLG 2026/07/08-15:42 1.32 1.29 1.29 1.32 3043 1
das_cmdapi_live_20260708T193719Z,2026-07-08,BBLG,BBLG,2026/07/08-15:41,2026-07-08,2026-07-08T19:41:00Z,2026,7,1.27,1.27,1.27,1.27,317,,,,1,2026-07-08T19:49:02+00:00,95,SB BBLG MINCHART 2026/07/08-14:48 2026/07/08-15:48 1,candidate_chart_query,$Bar BBLG 2026/07/08-15:41 1.27 1.27 1.27 1.27 317 1
das_cmdapi_live_20260708T193719Z,2026-07-08,BBLG,BBLG,2026/07/08-15:40,2026-07-08,2026-07-08T19:40:00Z,2026,7,1.2602,1.265,1.2602,1.265,950,,,,1,2026-07-08T19:49:02+00:00,96,SB BBLG MINCHART 2026/07/08-14:48 2026/07/08-15:48 1,candidate_chart_query,$Bar BBLG 2026/07/08-15:40 1.265 1.2602 1.2602 1.265 950 1
das_cmdapi_live_20260708T193719Z,2026-07-08,BBLG,BBLG,2026/07/08-15:30,2026-07-08,2026-07-08T19:30:00Z,2026,7,1.265,1.265,1.265,1.265,360,,,,1,2026-07-08T19:49:02+00:00,97,SB BBLG MINCHART 2026/07/08-14:48 2026/07/08-15:48 1,candidate_chart_query,$Bar BBLG 2026/07/08-15:30 1.265 1.265 1.265 1.265 360 1
das_cmdapi_live_20260708T193719Z,2026-07-08,BBLG,BBLG,2026/07/08-15:20,2026-07-08,2026-07-08T19:20:00Z,2026,7,1.275,1.275,1.275,1.275,277,,,,1,2026-07-08T19:49:02+00:00,98,SB BBLG MINCHART 2026/07/08-14:48 2026/07/08-15:48 1,candidate_chart_query,$Bar BBLG 2026/07/08-15:20 1.275 1.275 1.275 1.275 277 1
das_cmdapi_live_20260708T193719Z,2026-07-08,BBLG,BBLG,2026/07/08-15:18,2026-07-08,2026-07-08T19:18:00Z,2026,7,1.2601,1.2601,1.2601,1.2601,133,,,,1,2026-07-08T19:49:02+00:00,99,SB BBLG MINCHART 2026/07/08-14:48 2026/07/08-15:48 1,candidate_chart_query,$Bar BBLG 2026/07/08-15:18 1.2601 1.2601 1.2601 1.2601 133 1
das_cmdapi_live_20260708T193719Z,2026-07-08,BBLG,BBLG,2026/07/08-15:12,2026-07-08,2026-07-08T19:12:00Z,2026,7,1.27,1.275,1.26,1.2602,2800,,,,1,2026-07-08T19:49:02+00:00,100,SB BBLG MINCHART 2026/07/08-14:48 2026/07/08-15:48 1,candidate_chart_query,$Bar BBLG 2026/07/08-15:12 1.275 1.26 1.27 1.2602 2800 1
das_cmdapi_live_20260708T193719Z,2026-07-08,BBLG,BBLG,2026/07/08-15:11,2026-07-08,2026-07-08T19:11:00Z,2026,7,1.2601,1.2601,1.2601,1.2601,500,,,,1,2026-07-08T19:49:02+00:00,101,SB BBLG MINCHART 2026/07/08-14:48 2026/07/08-15:48 1,candidate_chart_query,$Bar BBLG 2026/07/08-15:11 1.2601 1.2601 1.2601 1.2601 500 1
das_cmdapi_live_20260708T193719Z,2026-07-08,BBLG,BBLG,2026/07/08-15:03,2026-07-08,2026-07-08T19:03:00Z,2026,7,1.29,1.29,1.29,1.29,350,,,,1,2026-07-08T19:49:02+00:00,102,SB BBLG MINCHART 2026/07/08-14:48 2026/07/08-15:48 1,candidate_chart_query,$Bar BBLG 2026/07/08-15:03 1.29 1.29 1.29 1.29 350 1
das_cmdapi_live_20260708T193719Z,2026-07-08,BBLG,BBLG,2026/07/08-15:00,2026-07-08,2026-07-08T19:00:00Z,2026,7,1.275,1.275,1.275,1.275,199,,,,1,2026-07-08T19:49:02+00:00,103,SB BBLG MINCHART 2026/07/08-14:48 2026/07/08-15:48 1,candidate_chart_query,$Bar BBLG 2026/07/08-15:00 1.275 1.275 1.275 1.275 199 1
das_cmdapi_live_20260708T193719Z,2026-07-08,BBLG,BBLG,2026/07/08-14:59,2026-07-08,2026-07-08T18:59:00Z,2026,7,1.29,1.29,1.29,1.29,100,,,,1,2026-07-08T19:49:02+00:00,104,SB BBLG MINCHART 2026/07/08-14:48 2026/07/08-15:48 1,candidate_chart_query,$Bar BBLG 2026/07/08-14:59 1.29 1.29 1.29 1.29 100 1
das_cmdapi_live_20260708T193719Z,2026-07-08,BJDX,BJDX,2026/07/08-15:49,2026-07-08,2026-07-08T19:49:00Z,2026,7,1.29,1.29,1.28,1.29,6918,,,,1,2026-07-08T19:49:41+00:00,229,SB BJDX MINCHART 2026/07/08-14:49 2026/07/08-15:49 1,candidate_chart_query,$Bar BJDX 2026/07/08-15:49 1.29 1.28 1.29 1.29 6918 1
das_cmdapi_live_20260708T193719Z,2026-07-08,BJDX,BJDX,2026/07/08-15:48,2026-07-08,2026-07-08T19:48:00Z,2026,7,1.29,1.29,1.285,1.29,400,,,,1,2026-07-08T19:49:41+00:00,230,SB BJDX MINCHART 2026/07/08-14:49 2026/07/08-15:49 1,candidate_chart_query,$Bar BJDX 2026/07/08-15:48 1.29 1.285 1.29 1.29 400 1
das_cmdapi_live_20260708T193719Z,2026-07-08,BJDX,BJDX,2026/07/08-15:47,2026-07-08,2026-07-08T19:47:00Z,2026,7,1.29,1.29,1.285,1.285,200,,,,1,2026-07-08T19:49:41+00:00,231,SB BJDX MINCHART 2026/07/08-14:49 2026/07/08-15:49 1,candidate_chart_query,$Bar BJDX 2026/07/08-15:47 1.29 1.285 1.29 1.285 200 1
das_cmdapi_live_20260708T193719Z,2026-07-08,BJDX,BJDX,2026/07/08-15:46,2026-07-08,2026-07-08T19:46:00Z,2026,7,1.3,1.3,1.29,1.29,200,,,,1,2026-07-08T19:49:41+00:00,232,SB BJDX MINCHART 2026/07/08-14:49 2026/07/08-15:49 1,candidate_chart_query,$Bar BJDX 2026/07/08-15:46 1.3 1.29 1.3 1.29 200 1
das_cmdapi_live_20260708T193719Z,2026-07-08,BJDX,BJDX,2026/07/08-15:45,2026-07-08,2026-07-08T19:45:00Z,2026,7,1.3092,1.31,1.3092,1.31,279,,,,1,2026-07-08T19:49:41+00:00,233,SB BJDX MINCHART 2026/07/08-14:49 2026/07/08-15:49 1,candidate_chart_query,$Bar BJDX 2026/07/08-15:45 1.31 1.3092 1.3092 1.31 279 1
das_cmdapi_live_20260708T193719Z,2026-07-08,BJDX,BJDX,2026/07/08-15:44,2026-07-08,2026-07-08T19:44:00Z,2026,7,1.3,1.31,1.3,1.31,5700,,,,1,2026-07-08T19:49:41+00:00,234,SB BJDX MINCHART 2026/07/08-14:49 2026/07/08-15:49 1,candidate_chart_query,$Bar BJDX 2026/07/08-15:44 1.31 1.3 1.3 1.31 5700 1
das_cmdapi_live_20260708T193719Z,2026-07-08,BJDX,BJDX,2026/07/08-15:43,2026-07-08,2026-07-08T19:43:00Z,2026,7,1.29,1.3,1.29,1.3,1300,,,,1,2026-07-08T19:49:41+00:00,235,SB BJDX MINCHART 2026/07/08-14:49 2026/07/08-15:49 1,candidate_chart_query,$Bar BJDX 2026/07/08-15:43 1.3 1.29 1.29 1.3 1300 1
das_cmdapi_live_20260708T193719Z,2026-07-08,BJDX,BJDX,2026/07/08-15:42,2026-07-08,2026-07-08T19:42:00Z,2026,7,1.3,1.31,1.2994,1.3,1100,,,,1,2026-07-08T19:49:41+00:00,236,SB BJDX MINCHART 2026/07/08-14:49 2026/07/08-15:49 1,candidate_chart_query,$Bar BJDX 2026/07/08-15:42 1.31 1.2994 1.3 1.3 1100 1
das_cmdapi_live_20260708T193719Z,2026-07-08,BJDX,BJDX,2026/07/08-15:41,2026-07-08,2026-07-08T19:41:00Z,2026,7,1.3,1.3,1.3,1.3,200,,,,1,2026-07-08T19:49:41+00:00,237,SB BJDX MINCHART 2026/07/08-14:49 2026/07/08-15:49 1,candidate_chart_query,$Bar BJDX 2026/07/08-15:41 1.3 1.3 1.3 1.3 200 1
das_cmdapi_live_20260708T193719Z,2026-07-08,BJDX,BJDX,2026/07/08-15:40,2026-07-08,2026-07-08T19:40:00Z,2026,7,1.31,1.31,1.2701,1.284,4128,,,,1,2026-07-08T19:49:41+00:00,238,SB BJDX MINCHART 2026/07/08-14:49 2026/07/08-15:49 1,candidate_chart_query,$Bar BJDX 2026/07/08-15:40 1.31 1.2701 1.31 1.284 4128 1
das_cmdapi_live_20260708T193719Z,2026-07-08,BJDX,BJDX,2026/07/08-15:39,2026-07-08,2026-07-08T19:39:00Z,2026,7,1.31,1.31,1.29,1.2901,1650,,,,1,2026-07-08T19:49:41+00:00,239,SB BJDX MINCHART 2026/07/08-14:49 2026/07/08-15:49 1,candidate_chart_query,$Bar BJDX 2026/07/08-15:39 1.31 1.29 1.31 1.2901 1650 1
das_cmdapi_live_20260708T193719Z,2026-07-08,BJDX,BJDX,2026/07/08-15:38,2026-07-08,2026-07-08T19:38:00Z,2026,7,1.299,1.31,1.299,1.3099,35518,,,,1,2026-07-08T19:49:41+00:00,240,SB BJDX MINCHART 2026/07/08-14:49 2026/07/08-15:49 1,candidate_chart_query,$Bar BJDX 2026/07/08-15:38 1.31 1.299 1.299 1.3099 35518 1
das_cmdapi_live_20260708T193719Z,2026-07-08,BJDX,BJDX,2026/07/08-15:37,2026-07-08,2026-07-08T19:37:00Z,2026,7,1.24,1.28,1.235,1.28,22907,,,,1,2026-07-08T19:49:41+00:00,255,SB BJDX MINCHART 2026/07/08-14:49 2026/07/08-15:49 1,candidate_chart_query,$Bar BJDX 2026/07/08-15:37 1.28 1.235 1.24 1.28 22907 1
das_cmdapi_live_20260708T193719Z,2026-07-08,BJDX,BJDX,2026/07/08-15:36,2026-07-08,2026-07-08T19:36:00Z,2026,7,1.249,1.25,1.249,1.25,559,,,,1,2026-07-08T19:49:41+00:00,268,SB BJDX MINCHART 2026/07/08-14:49 2026/07/08-15:49 1,candidate_chart_query,$Bar BJDX 2026/07/08-15:36 1.25 1.249 1.249 1.25 559 1
das_cmdapi_live_20260708T193719Z,2026-07-08,BJDX,BJDX,2026/07/08-15:35,2026-07-08,2026-07-08T19:35:00Z,2026,7,1.245,1.25,1.245,1.249,2672,,,,1,2026-07-08T19:49:41+00:00,269,SB BJDX MINCHART 2026/07/08-14:49 2026/07/08-15:49 1,candidate_chart_query,$Bar BJDX 2026/07/08-15:35 1.25 1.245 1.245 1.249 2672 1
das_cmdapi_live_20260708T193719Z,2026-07-08,BJDX,BJDX,2026/07/08-15:34,2026-07-08,2026-07-08T19:34:00Z,2026,7,1.26,1.26,1.25,1.26,7410,,,,1,2026-07-08T19:49:41+00:00,270,SB BJDX MINCHART 2026/07/08-14:49 2026/07/08-15:49 1,candidate_chart_query,$Bar BJDX 2026/07/08-15:34 1.26 1.25 1.26 1.26 7410 1
das_cmdapi_live_20260708T193719Z,2026-07-08,BJDX,BJDX,2026/07/08-15:33,2026-07-08,2026-07-08T19:33:00Z,2026,7,1.28,1.28,1.28,1.28,100,,,,1,2026-07-08T19:49:41+00:00,271,SB BJDX MINCHART 2026/07/08-14:49 2026/07/08-15:49 1,candidate_chart_query,$Bar BJDX 2026/07/08-15:33 1.28 1.28 1.28 1.28 100 1
das_cmdapi_live_20260708T193719Z,2026-07-08,BJDX,BJDX,2026/07/08-15:32,2026-07-08,2026-07-08T19:32:00Z,2026,7,1.27,1.27,1.27,1.27,544,,,,1,2026-07-08T19:49:41+00:00,272,SB BJDX MINCHART 2026/07/08-14:49 2026/07/08-15:49 1,candidate_chart_query,$Bar BJDX 2026/07/08-15:32 1.27 1.27 1.27 1.27 544 1
das_cmdapi_live_20260708T193719Z,2026-07-08,BJDX,BJDX,2026/07/08-15:31,2026-07-08,2026-07-08T19:31:00Z,2026,7,1.26,1.2607,1.26,1.2607,2446,,,,1,2026-07-08T19:49:41+00:00,273,SB BJDX MINCHART 2026/07/08-14:49 2026/07/08-15:49 1,candidate_chart_query,$Bar BJDX 2026/07/08-15:31 1.2607 1.26 1.26 1.2607 2446 1
das_cmdapi_live_20260708T193719Z,2026-07-08,BJDX,BJDX,2026/07/08-15:30,2026-07-08,2026-07-08T19:30:00Z,2026,7,1.25,1.2593,1.25,1.2593,1120,,,,1,2026-07-08T19:49:41+00:00,274,SB BJDX MINCHART 2026/07/08-14:49 2026/07/08-15:49 1,candidate_chart_query,$Bar BJDX 2026/07/08-15:30 1.2593 1.25 1.25 1.2593 1120 1
das_cmdapi_live_20260708T193719Z,2026-07-08,BJDX,BJDX,2026/07/08-15:29,2026-07-08,2026-07-08T19:29:00Z,2026,7,1.255,1.255,1.2501,1.255,522,,,,1,2026-07-08T19:49:41+00:00,275,SB BJDX MINCHART 2026/07/08-14:49 2026/07/08-15:49 1,candidate_chart_query,$Bar BJDX 2026/07/08-15:29 1.255 1.2501 1.255 1.255 522 1
das_cmdapi_live_20260708T193719Z,2026-07-08,BJDX,BJDX,2026/07/08-15:28,2026-07-08,2026-07-08T19:28:00Z,2026,7,1.2542,1.255,1.2542,1.255,1477,,,,1,2026-07-08T19:49:41+00:00,276,SB BJDX MINCHART 2026/07/08-14:49 2026/07/08-15:49 1,candidate_chart_query,$Bar BJDX 2026/07/08-15:28 1.255 1.2542 1.2542 1.255 1477 1
das_cmdapi_live_20260708T193719Z,2026-07-08,BJDX,BJDX,2026/07/08-15:27,2026-07-08,2026-07-08T19:27:00Z,2026,7,1.26,1.26,1.2549,1.2599,5724,,,,1,2026-07-08T19:49:41+00:00,277,SB BJDX MINCHART 2026/07/08-14:49 2026/07/08-15:49 1,candidate_chart_query,$Bar BJDX 2026/07/08-15:27 1.26 1.2549 1.26 1.2599 5724 1
das_cmdapi_live_20260708T193719Z,2026-07-08,BJDX,BJDX,2026/07/08-15:26,2026-07-08,2026-07-08T19:26:00Z,2026,7,1.2505,1.26,1.2505,1.256,1989,,,,1,2026-07-08T19:49:41+00:00,278,SB BJDX MINCHART 2026/07/08-14:49 2026/07/08-15:49 1,candidate_chart_query,$Bar BJDX 2026/07/08-15:26 1.26 1.2505 1.2505 1.256 1989 1
das_cmdapi_live_20260708T193719Z,2026-07-08,BJDX,BJDX,2026/07/08-15:25,2026-07-08,2026-07-08T19:25:00Z,2026,7,1.255,1.255,1.255,1.255,985,,,,1,2026-07-08T19:49:41+00:00,279,SB BJDX MINCHART 2026/07/08-14:49 2026/07/08-15:49 1,candidate_chart_query,$Bar BJDX 2026/07/08-15:25 1.255 1.255 1.255 1.255 985 1
das_cmdapi_live_20260708T193719Z,2026-07-08,BJDX,BJDX,2026/07/08-15:24,2026-07-08,2026-07-08T19:24:00Z,2026,7,1.25,1.25,1.25,1.25,702,,,,1,2026-07-08T19:49:41+00:00,280,SB BJDX MINCHART 2026/07/08-14:49 2026/07/08-15:49 1,candidate_chart_query,$Bar BJDX 2026/07/08-15:24 1.25 1.25 1.25 1.25 702 1
das_cmdapi_live_20260708T193719Z,2026-07-08,BJDX,BJDX,2026/07/08-15:23,2026-07-08,2026-07-08T19:23:00Z,2026,7,1.2502,1.251,1.23,1.245,12474,,,,1,2026-07-08T19:49:41+00:00,281,SB BJDX MINCHART 2026/07/08-14:49 2026/07/08-15:49 1,candidate_chart_query,$Bar BJDX 2026/07/08-15:23 1.251 1.23 1.2502 1.245 12474 1
das_cmdapi_live_20260708T193719Z,2026-07-08,BJDX,BJDX,2026/07/08-15:22,2026-07-08,2026-07-08T19:22:00Z,2026,7,1.24,1.2594,1.24,1.2594,581,,,,1,2026-07-08T19:49:41+00:00,282,SB BJDX MINCHART 2026/07/08-14:49 2026/07/08-15:49 1,candidate_chart_query,$Bar BJDX 2026/07/08-15:22 1.2594 1.24 1.24 1.2594 581 1
das_cmdapi_live_20260708T193719Z,2026-07-08,BJDX,BJDX,2026/07/08-15:21,2026-07-08,2026-07-08T19:21:00Z,2026,7,1.252,1.252,1.23,1.245,9900,,,,1,2026-07-08T19:49:41+00:00,283,SB BJDX MINCHART 2026/07/08-14:49 2026/07/08-15:49 1,candidate_chart_query,$Bar BJDX 2026/07/08-15:21 1.252 1.23 1.252 1.245 9900 1
das_cmdapi_live_20260708T193719Z,2026-07-08,BJDX,BJDX,2026/07/08-15:20,2026-07-08,2026-07-08T19:20:00Z,2026,7,1.26,1.26,1.26,1.26,1462,,,,1,2026-07-08T19:49:41+00:00,284,SB BJDX MINCHART 2026/07/08-14:49 2026/07/08-15:49 1,candidate_chart_query,$Bar BJDX 2026/07/08-15:20 1.26 1.26 1.26 1.26 1462 1
das_cmdapi_live_20260708T193719Z,2026-07-08,BJDX,BJDX,2026/07/08-15:19,2026-07-08,2026-07-08T19:19:00Z,2026,7,1.26,1.265,1.26,1.2601,1586,,,,1,2026-07-08T19:49:41+00:00,285,SB BJDX MINCHART 2026/07/08-14:49 2026/07/08-15:49 1,candidate_chart_query,$Bar BJDX 2026/07/08-15:19 1.265 1.26 1.26 1.2601 1586 1
das_cmdapi_live_20260708T193719Z,2026-07-08,BJDX,BJDX,2026/07/08-15:18,2026-07-08,2026-07-08T19:18:00Z,2026,7,1.2601,1.2601,1.26,1.26,1925,,,,1,2026-07-08T19:49:41+00:00,286,SB BJDX MINCHART 2026/07/08-14:49 2026/07/08-15:49 1,candidate_chart_query,$Bar BJDX 2026/07/08-15:18 1.2601 1.26 1.2601 1.26 1925 1
das_cmdapi_live_20260708T193719Z,2026-07-08,BJDX,BJDX,2026/07/08-15:16,2026-07-08,2026-07-08T19:16:00Z,2026,7,1.27,1.27,1.27,1.27,233,,,,1,2026-07-08T19:49:41+00:00,287,SB BJDX MINCHART 2026/07/08-14:49 2026/07/08-15:49 1,candidate_chart_query,$Bar BJDX 2026/07/08-15:16 1.27 1.27 1.27 1.27 233 1
das_cmdapi_live_20260708T193719Z,2026-07-08,BJDX,BJDX,2026/07/08-15:15,2026-07-08,2026-07-08T19:15:00Z,2026,7,1.27,1.27,1.27,1.27,150,,,,1,2026-07-08T19:49:41+00:00,288,SB BJDX MINCHART 2026/07/08-14:49 2026/07/08-15:49 1,candidate_chart_query,$Bar BJDX 2026/07/08-15:15 1.27 1.27 1.27 1.27 150 1
das_cmdapi_live_20260708T193719Z,2026-07-08,BJDX,BJDX,2026/07/08-15:14,2026-07-08,2026-07-08T19:14:00Z,2026,7,1.27,1.27,1.27,1.27,100,,,,1,2026-07-08T19:49:41+00:00,289,SB BJDX MINCHART 2026/07/08-14:49 2026/07/08-15:49 1,candidate_chart_query,$Bar BJDX 2026/07/08-15:14 1.27 1.27 1.27 1.27 100 1
das_cmdapi_live_20260708T193719Z,2026-07-08,BJDX,BJDX,2026/07/08-15:12,2026-07-08,2026-07-08T19:12:00Z,2026,7,1.28,1.28,1.27,1.27,2505,,,,1,2026-07-08T19:49:41+00:00,290,SB BJDX MINCHART 2026/07/08-14:49 2026/07/08-15:49 1,candidate_chart_query,$Bar BJDX 2026/07/08-15:12 1.28 1.27 1.28 1.27 2505 1
das_cmdapi_live_20260708T193719Z,2026-07-08,BJDX,BJDX,2026/07/08-15:11,2026-07-08,2026-07-08T19:11:00Z,2026,7,1.29,1.29,1.285,1.285,2300,,,,1,2026-07-08T19:49:41+00:00,291,SB BJDX MINCHART 2026/07/08-14:49 2026/07/08-15:49 1,candidate_chart_query,$Bar BJDX 2026/07/08-15:11 1.29 1.285 1.29 1.285 2300 1
das_cmdapi_live_20260708T193719Z,2026-07-08,BJDX,BJDX,2026/07/08-15:10,2026-07-08,2026-07-08T19:10:00Z,2026,7,1.285,1.285,1.28,1.28,2903,,,,1,2026-07-08T19:49:41+00:00,292,SB BJDX MINCHART 2026/07/08-14:49 2026/07/08-15:49 1,candidate_chart_query,$Bar BJDX 2026/07/08-15:10 1.285 1.28 1.285 1.28 2903 1
das_cmdapi_live_20260708T193719Z,2026-07-08,BJDX,BJDX,2026/07/08-15:09,2026-07-08,2026-07-08T19:09:00Z,2026,7,1.28,1.29,1.28,1.29,5836,,,,1,2026-07-08T19:49:41+00:00,293,SB BJDX MINCHART 2026/07/08-14:49 2026/07/08-15:49 1,candidate_chart_query,$Bar BJDX 2026/07/08-15:09 1.29 1.28 1.28 1.29 5836 1
das_cmdapi_live_20260708T193719Z,2026-07-08,BJDX,BJDX,2026/07/08-15:06,2026-07-08,2026-07-08T19:06:00Z,2026,7,1.275,1.285,1.275,1.285,2965,,,,1,2026-07-08T19:49:41+00:00,294,SB BJDX MINCHART 2026/07/08-14:49 2026/07/08-15:49 1,candidate_chart_query,$Bar BJDX 2026/07/08-15:06 1.285 1.275 1.275 1.285 2965 1
das_cmdapi_live_20260708T193719Z,2026-07-08,BJDX,BJDX,2026/07/08-15:04,2026-07-08,2026-07-08T19:04:00Z,2026,7,1.29,1.29,1.2796,1.28,1350,,,,1,2026-07-08T19:49:41+00:00,295,SB BJDX MINCHART 2026/07/08-14:49 2026/07/08-15:49 1,candidate_chart_query,$Bar BJDX 2026/07/08-15:04 1.29 1.2796 1.29 1.28 1350 1
das_cmdapi_live_20260708T193719Z,2026-07-08,BJDX,BJDX,2026/07/08-15:03,2026-07-08,2026-07-08T19:03:00Z,2026,7,1.2651,1.28,1.265,1.28,2543,,,,1,2026-07-08T19:49:41+00:00,296,SB BJDX MINCHART 2026/07/08-14:49 2026/07/08-15:49 1,candidate_chart_query,$Bar BJDX 2026/07/08-15:03 1.28 1.265 1.2651 1.28 2543 1
das_cmdapi_live_20260708T193719Z,2026-07-08,BJDX,BJDX,2026/07/08-15:02,2026-07-08,2026-07-08T19:02:00Z,2026,7,1.265,1.265,1.26,1.26,838,,,,1,2026-07-08T19:49:41+00:00,297,SB BJDX MINCHART 2026/07/08-14:49 2026/07/08-15:49 1,candidate_chart_query,$Bar BJDX 2026/07/08-15:02 1.265 1.26 1.265 1.26 838 1
das_cmdapi_live_20260708T193719Z,2026-07-08,BJDX,BJDX,2026/07/08-15:01,2026-07-08,2026-07-08T19:01:00Z,2026,7,1.28,1.28,1.271,1.271,900,,,,1,2026-07-08T19:49:41+00:00,298,SB BJDX MINCHART 2026/07/08-14:49 2026/07/08-15:49 1,candidate_chart_query,$Bar BJDX 2026/07/08-15:01 1.28 1.271 1.28 1.271 900 1
das_cmdapi_live_20260708T193719Z,2026-07-08,BJDX,BJDX,2026/07/08-15:00,2026-07-08,2026-07-08T19:00:00Z,2026,7,1.26,1.26,1.26,1.26,389,,,,1,2026-07-08T19:49:41+00:00,299,SB BJDX MINCHART 2026/07/08-14:49 2026/07/08-15:49 1,candidate_chart_query,$Bar BJDX 2026/07/08-15:00 1.26 1.26 1.26 1.26 389 1
das_cmdapi_live_20260708T193719Z,2026-07-08,BJDX,BJDX,2026/07/08-14:59,2026-07-08,2026-07-08T18:59:00Z,2026,7,1.29,1.29,1.28,1.28,656,,,,1,2026-07-08T19:49:41+00:00,300,SB BJDX MINCHART 2026/07/08-14:49 2026/07/08-15:49 1,candidate_chart_query,$Bar BJDX 2026/07/08-14:59 1.29 1.28 1.29 1.28 656 1
das_cmdapi_live_20260708T193719Z,2026-07-08,BJDX,BJDX,2026/07/08-14:58,2026-07-08,2026-07-08T18:58:00Z,2026,7,1.275,1.275,1.275,1.275,100,,,,1,2026-07-08T19:49:41+00:00,301,SB BJDX MINCHART 2026/07/08-14:49 2026/07/08-15:49 1,candidate_chart_query,$Bar BJDX 2026/07/08-14:58 1.275 1.275 1.275 1.275 100 1
das_cmdapi_live_20260708T193719Z,2026-07-08,BJDX,BJDX,2026/07/08-14:57,2026-07-08,2026-07-08T18:57:00Z,2026,7,1.26,1.26,1.26,1.26,180,,,,1,2026-07-08T19:49:41+00:00,302,SB BJDX MINCHART 2026/07/08-14:49 2026/07/08-15:49 1,candidate_chart_query,$Bar BJDX 2026/07/08-14:57 1.26 1.26 1.26 1.26 180 1
das_cmdapi_live_20260708T193719Z,2026-07-08,BJDX,BJDX,2026/07/08-14:56,2026-07-08,2026-07-08T18:56:00Z,2026,7,1.26,1.26,1.26,1.26,388,,,,1,2026-07-08T19:49:41+00:00,303,SB BJDX MINCHART 2026/07/08-14:49 2026/07/08-15:49 1,candidate_chart_query,$Bar BJDX 2026/07/08-14:56 1.26 1.26 1.26 1.26 388 1
das_cmdapi_live_20260708T193719Z,2026-07-08,BJDX,BJDX,2026/07/08-14:55,2026-07-08,2026-07-08T18:55:00Z,2026,7,1.2652,1.2652,1.2652,1.2652,583,,,,1,2026-07-08T19:49:41+00:00,304,SB BJDX MINCHART 2026/07/08-14:49 2026/07/08-15:49 1,candidate_chart_query,$Bar BJDX 2026/07/08-14:55 1.2652 1.2652 1.2652 1.2652 583 1
das_cmdapi_live_20260708T193719Z,2026-07-08,BJDX,BJDX,2026/07/08-14:54,2026-07-08,2026-07-08T18:54:00Z,2026,7,1.2579,1.27,1.2579,1.27,1062,,,,1,2026-07-08T19:49:41+00:00,305,SB BJDX MINCHART 2026/07/08-14:49 2026/07/08-15:49 1,candidate_chart_query,$Bar BJDX 2026/07/08-14:54 1.27 1.2579 1.2579 1.27 1062 1
das_cmdapi_live_20260708T193719Z,2026-07-08,BJDX,BJDX,2026/07/08-14:53,2026-07-08,2026-07-08T18:53:00Z,2026,7,1.26,1.26,1.26,1.26,194,,,,1,2026-07-08T19:49:41+00:00,306,SB BJDX MINCHART 2026/07/08-14:49 2026/07/08-15:49 1,candidate_chart_query,$Bar BJDX 2026/07/08-14:53 1.26 1.26 1.26 1.26 194 1
das_cmdapi_live_20260708T193719Z,2026-07-08,BJDX,BJDX,2026/07/08-14:52,2026-07-08,2026-07-08T18:52:00Z,2026,7,1.25,1.27,1.25,1.26,3137,,,,1,2026-07-08T19:49:41+00:00,307,SB BJDX MINCHART 2026/07/08-14:49 2026/07/08-15:49 1,candidate_chart_query,$Bar BJDX 2026/07/08-14:52 1.27 1.25 1.25 1.26 3137 1
das_cmdapi_live_20260708T193719Z,2026-07-08,BJDX,BJDX,2026/07/08-14:51,2026-07-08,2026-07-08T18:51:00Z,2026,7,1.2598,1.2598,1.2598,1.2598,947,,,,1,2026-07-08T19:49:41+00:00,308,SB BJDX MINCHART 2026/07/08-14:49 2026/07/08-15:49 1,candidate_chart_query,$Bar BJDX 2026/07/08-14:51 1.2598 1.2598 1.2598 1.2598 947 1
das_cmdapi_live_20260708T193719Z,2026-07-08,BJDX,BJDX,2026/07/08-14:50,2026-07-08,2026-07-08T18:50:00Z,2026,7,1.2602,1.27,1.2501,1.26,5019,,,,1,2026-07-08T19:49:41+00:00,309,SB BJDX MINCHART 2026/07/08-14:49 2026/07/08-15:49 1,candidate_chart_query,$Bar BJDX 2026/07/08-14:50 1.27 1.2501 1.2602 1.26 5019 1
das_cmdapi_live_20260708T193719Z,2026-07-08,VMAR,VMAR,2026/07/08-15:46,2026-07-08,2026-07-08T19:46:00Z,2026,7,1.2,1.2,1.2,1.2,315,,,,1,2026-07-08T19:50:28+00:00,45,SB VMAR MINCHART 2026/07/08-14:49 2026/07/08-15:49 1,candidate_chart_query,$Bar VMAR 2026/07/08-15:46 1.2 1.2 1.2 1.2 315 1
das_cmdapi_live_20260708T193719Z,2026-07-08,VMAR,VMAR,2026/07/08-15:45,2026-07-08,2026-07-08T19:45:00Z,2026,7,1.2099,1.2099,1.2096,1.2096,724,,,,1,2026-07-08T19:50:28+00:00,46,SB VMAR MINCHART 2026/07/08-14:49 2026/07/08-15:49 1,candidate_chart_query,$Bar VMAR 2026/07/08-15:45 1.2099 1.2096 1.2099 1.2096 724 1
das_cmdapi_live_20260708T193719Z,2026-07-08,VMAR,VMAR,2026/07/08-15:42,2026-07-08,2026-07-08T19:42:00Z,2026,7,1.21,1.21,1.2,1.2,1688,,,,1,2026-07-08T19:50:28+00:00,47,SB VMAR MINCHART 2026/07/08-14:49 2026/07/08-15:49 1,candidate_chart_query,$Bar VMAR 2026/07/08-15:42 1.21 1.2 1.21 1.2 1688 1
das_cmdapi_live_20260708T193719Z,2026-07-08,VMAR,VMAR,2026/07/08-15:41,2026-07-08,2026-07-08T19:41:00Z,2026,7,1.21,1.21,1.21,1.21,124,,,,1,2026-07-08T19:50:28+00:00,48,SB VMAR MINCHART 2026/07/08-14:49 2026/07/08-15:49 1,candidate_chart_query,$Bar VMAR 2026/07/08-15:41 1.21 1.21 1.21 1.21 124 1
das_cmdapi_live_20260708T193719Z,2026-07-08,VMAR,VMAR,2026/07/08-15:40,2026-07-08,2026-07-08T19:40:00Z,2026,7,1.2099,1.2099,1.2099,1.2099,100,,,,1,2026-07-08T19:50:28+00:00,49,SB VMAR MINCHART 2026/07/08-14:49 2026/07/08-15:49 1,candidate_chart_query,$Bar VMAR 2026/07/08-15:40 1.2099 1.2099 1.2099 1.2099 100 1
das_cmdapi_live_20260708T193719Z,2026-07-08,VMAR,VMAR,2026/07/08-15:39,2026-07-08,2026-07-08T19:39:00Z,2026,7,1.2,1.2,1.2,1.2,300,,,,1,2026-07-08T19:50:28+00:00,50,SB VMAR MINCHART 2026/07/08-14:49 2026/07/08-15:49 1,candidate_chart_query,$Bar VMAR 2026/07/08-15:39 1.2 1.2 1.2 1.2 300 1
das_cmdapi_live_20260708T193719Z,2026-07-08,VMAR,VMAR,2026/07/08-15:38,2026-07-08,2026-07-08T19:38:00Z,2026,7,1.2,1.2,1.2,1.2,100,,,,1,2026-07-08T19:50:28+00:00,51,SB VMAR MINCHART 2026/07/08-14:49 2026/07/08-15:49 1,candidate_chart_query,$Bar VMAR 2026/07/08-15:38 1.2 1.2 1.2 1.2 100 1
das_cmdapi_live_20260708T193719Z,2026-07-08,VMAR,VMAR,2026/07/08-15:34,2026-07-08,2026-07-08T19:34:00Z,2026,7,1.2199,1.2199,1.2189,1.2189,1200,,,,1,2026-07-08T19:50:28+00:00,52,SB VMAR MINCHART 2026/07/08-14:49 2026/07/08-15:49 1,candidate_chart_query,$Bar VMAR 2026/07/08-15:34 1.2199 1.2189 1.2199 1.2189 1200 1
das_cmdapi_live_20260708T193719Z,2026-07-08,VMAR,VMAR,2026/07/08-15:33,2026-07-08,2026-07-08T19:33:00Z,2026,7,1.2,1.25,1.2,1.22,2279,,,,1,2026-07-08T19:50:28+00:00,53,SB VMAR MINCHART 2026/07/08-14:49 2026/07/08-15:49 1,candidate_chart_query,$Bar VMAR 2026/07/08-15:33 1.25 1.2 1.2 1.22 2279 1
das_cmdapi_live_20260708T193719Z,2026-07-08,VMAR,VMAR,2026/07/08-15:32,2026-07-08,2026-07-08T19:32:00Z,2026,7,1.19,1.19,1.1899,1.1899,1072,,,,1,2026-07-08T19:50:28+00:00,54,SB VMAR MINCHART 2026/07/08-14:49 2026/07/08-15:49 1,candidate_chart_query,$Bar VMAR 2026/07/08-15:32 1.19 1.1899 1.19 1.1899 1072 1
das_cmdapi_live_20260708T193719Z,2026-07-08,VMAR,VMAR,2026/07/08-15:30,2026-07-08,2026-07-08T19:30:00Z,2026,7,1.1893,1.19,1.1893,1.19,400,,,,1,2026-07-08T19:50:28+00:00,55,SB VMAR MINCHART 2026/07/08-14:49 2026/07/08-15:49 1,candidate_chart_query,$Bar VMAR 2026/07/08-15:30 1.19 1.1893 1.1893 1.19 400 1
das_cmdapi_live_20260708T193719Z,2026-07-08,VMAR,VMAR,2026/07/08-15:29,2026-07-08,2026-07-08T19:29:00Z,2026,7,1.19,1.19,1.19,1.19,200,,,,1,2026-07-08T19:50:28+00:00,56,SB VMAR MINCHART 2026/07/08-14:49 2026/07/08-15:49 1,candidate_chart_query,$Bar VMAR 2026/07/08-15:29 1.19 1.19 1.19 1.19 200 1
das_cmdapi_live_20260708T193719Z,2026-07-08,VMAR,VMAR,2026/07/08-15:28,2026-07-08,2026-07-08T19:28:00Z,2026,7,1.19,1.19,1.1801,1.1899,950,,,,1,2026-07-08T19:50:28+00:00,57,SB VMAR MINCHART 2026/07/08-14:49 2026/07/08-15:49 1,candidate_chart_query,$Bar VMAR 2026/07/08-15:28 1.19 1.1801 1.19 1.1899 950 1
das_cmdapi_live_20260708T193719Z,2026-07-08,VMAR,VMAR,2026/07/08-15:27,2026-07-08,2026-07-08T19:27:00Z,2026,7,1.1887,1.1887,1.1887,1.1887,100,,,,1,2026-07-08T19:50:28+00:00,58,SB VMAR MINCHART 2026/07/08-14:49 2026/07/08-15:49 1,candidate_chart_query,$Bar VMAR 2026/07/08-15:27 1.1887 1.1887 1.1887 1.1887 100 1
das_cmdapi_live_20260708T193719Z,2026-07-08,VMAR,VMAR,2026/07/08-15:26,2026-07-08,2026-07-08T19:26:00Z,2026,7,1.1601,1.1601,1.1601,1.1601,500,,,,1,2026-07-08T19:50:28+00:00,59,SB VMAR MINCHART 2026/07/08-14:49 2026/07/08-15:49 1,candidate_chart_query,$Bar VMAR 2026/07/08-15:26 1.1601 1.1601 1.1601 1.1601 500 1
das_cmdapi_live_20260708T193719Z,2026-07-08,VMAR,VMAR,2026/07/08-15:25,2026-07-08,2026-07-08T19:25:00Z,2026,7,1.19,1.19,1.18,1.18,399,,,,1,2026-07-08T19:50:28+00:00,60,SB VMAR MINCHART 2026/07/08-14:49 2026/07/08-15:49 1,candidate_chart_query,$Bar VMAR 2026/07/08-15:25 1.19 1.18 1.19 1.18 399 1
das_cmdapi_live_20260708T193719Z,2026-07-08,VMAR,VMAR,2026/07/08-15:24,2026-07-08,2026-07-08T19:24:00Z,2026,7,1.18,1.19,1.16,1.1898,1930,,,,1,2026-07-08T19:50:28+00:00,61,SB VMAR MINCHART 2026/07/08-14:49 2026/07/08-15:49 1,candidate_chart_query,$Bar VMAR 2026/07/08-15:24 1.19 1.16 1.18 1.1898 1930 1
das_cmdapi_live_20260708T193719Z,2026-07-08,VMAR,VMAR,2026/07/08-15:23,2026-07-08,2026-07-08T19:23:00Z,2026,7,1.17,1.18,1.17,1.18,399,,,,1,2026-07-08T19:50:28+00:00,62,SB VMAR MINCHART 2026/07/08-14:49 2026/07/08-15:49 1,candidate_chart_query,$Bar VMAR 2026/07/08-15:23 1.18 1.17 1.17 1.18 399 1
das_cmdapi_live_20260708T193719Z,2026-07-08,VMAR,VMAR,2026/07/08-15:22,2026-07-08,2026-07-08T19:22:00Z,2026,7,1.17,1.17,1.17,1.17,261,,,,1,2026-07-08T19:50:28+00:00,63,SB VMAR MINCHART 2026/07/08-14:49 2026/07/08-15:49 1,candidate_chart_query,$Bar VMAR 2026/07/08-15:22 1.17 1.17 1.17 1.17 261 1
das_cmdapi_live_20260708T193719Z,2026-07-08,VMAR,VMAR,2026/07/08-15:21,2026-07-08,2026-07-08T19:21:00Z,2026,7,1.17,1.17,1.17,1.17,200,,,,1,2026-07-08T19:50:28+00:00,64,SB VMAR MINCHART 2026/07/08-14:49 2026/07/08-15:49 1,candidate_chart_query,$Bar VMAR 2026/07/08-15:21 1.17 1.17 1.17 1.17 200 1
das_cmdapi_live_20260708T193719Z,2026-07-08,VMAR,VMAR,2026/07/08-15:20,2026-07-08,2026-07-08T19:20:00Z,2026,7,1.17,1.17,1.15,1.15,800,,,,1,2026-07-08T19:50:28+00:00,65,SB VMAR MINCHART 2026/07/08-14:49 2026/07/08-15:49 1,candidate_chart_query,$Bar VMAR 2026/07/08-15:20 1.17 1.15 1.17 1.15 800 1
das_cmdapi_live_20260708T193719Z,2026-07-08,VMAR,VMAR,2026/07/08-15:19,2026-07-08,2026-07-08T19:19:00Z,2026,7,1.18,1.18,1.15,1.17,5148,,,,1,2026-07-08T19:50:28+00:00,66,SB VMAR MINCHART 2026/07/08-14:49 2026/07/08-15:49 1,candidate_chart_query,$Bar VMAR 2026/07/08-15:19 1.18 1.15 1.18 1.17 5148 1
das_cmdapi_live_20260708T193719Z,2026-07-08,VMAR,VMAR,2026/07/08-15:18,2026-07-08,2026-07-08T19:18:00Z,2026,7,1.2,1.2,1.17,1.18,7105,,,,1,2026-07-08T19:50:28+00:00,67,SB VMAR MINCHART 2026/07/08-14:49 2026/07/08-15:49 1,candidate_chart_query,$Bar VMAR 2026/07/08-15:18 1.2 1.17 1.2 1.18 7105 1
das_cmdapi_live_20260708T193719Z,2026-07-08,VMAR,VMAR,2026/07/08-15:17,2026-07-08,2026-07-08T19:17:00Z,2026,7,1.215,1.225,1.2,1.2,3097,,,,1,2026-07-08T19:50:28+00:00,68,SB VMAR MINCHART 2026/07/08-14:49 2026/07/08-15:49 1,candidate_chart_query,$Bar VMAR 2026/07/08-15:17 1.225 1.2 1.215 1.2 3097 1
das_cmdapi_live_20260708T193719Z,2026-07-08,VMAR,VMAR,2026/07/08-15:16,2026-07-08,2026-07-08T19:16:00Z,2026,7,1.235,1.235,1.2,1.23,6005,,,,1,2026-07-08T19:50:28+00:00,69,SB VMAR MINCHART 2026/07/08-14:49 2026/07/08-15:49 1,candidate_chart_query,$Bar VMAR 2026/07/08-15:16 1.235 1.2 1.235 1.23 6005 1
das_cmdapi_live_20260708T193719Z,2026-07-08,VMAR,VMAR,2026/07/08-15:14,2026-07-08,2026-07-08T19:14:00Z,2026,7,1.235,1.235,1.2201,1.2201,498,,,,1,2026-07-08T19:50:28+00:00,70,SB VMAR MINCHART 2026/07/08-14:49 2026/07/08-15:49 1,candidate_chart_query,$Bar VMAR 2026/07/08-15:14 1.235 1.2201 1.235 1.2201 498 1
das_cmdapi_live_20260708T193719Z,2026-07-08,VMAR,VMAR,2026/07/08-15:13,2026-07-08,2026-07-08T19:13:00Z,2026,7,1.235,1.235,1.235,1.235,400,,,,1,2026-07-08T19:50:28+00:00,71,SB VMAR MINCHART 2026/07/08-14:49 2026/07/08-15:49 1,candidate_chart_query,$Bar VMAR 2026/07/08-15:13 1.235 1.235 1.235 1.235 400 1
das_cmdapi_live_20260708T193719Z,2026-07-08,VMAR,VMAR,2026/07/08-15:11,2026-07-08,2026-07-08T19:11:00Z,2026,7,1.23,1.23,1.23,1.23,822,,,,1,2026-07-08T19:50:28+00:00,72,SB VMAR MINCHART 2026/07/08-14:49 2026/07/08-15:49 1,candidate_chart_query,$Bar VMAR 2026/07/08-15:11 1.23 1.23 1.23 1.23 822 1
das_cmdapi_live_20260708T193719Z,2026-07-08,VMAR,VMAR,2026/07/08-15:10,2026-07-08,2026-07-08T19:10:00Z,2026,7,1.248,1.25,1.23,1.23,1017,,,,1,2026-07-08T19:50:28+00:00,73,SB VMAR MINCHART 2026/07/08-14:49 2026/07/08-15:49 1,candidate_chart_query,$Bar VMAR 2026/07/08-15:10 1.25 1.23 1.248 1.23 1017 1
das_cmdapi_live_20260708T193719Z,2026-07-08,VMAR,VMAR,2026/07/08-15:05,2026-07-08,2026-07-08T19:05:00Z,2026,7,1.24,1.24,1.24,1.24,325,,,,1,2026-07-08T19:50:28+00:00,74,SB VMAR MINCHART 2026/07/08-14:49 2026/07/08-15:49 1,candidate_chart_query,$Bar VMAR 2026/07/08-15:05 1.24 1.24 1.24 1.24 325 1
das_cmdapi_live_20260708T193719Z,2026-07-08,VMAR,VMAR,2026/07/08-15:04,2026-07-08,2026-07-08T19:04:00Z,2026,7,1.25,1.25,1.25,1.25,215,,,,1,2026-07-08T19:50:28+00:00,75,SB VMAR MINCHART 2026/07/08-14:49 2026/07/08-15:49 1,candidate_chart_query,$Bar VMAR 2026/07/08-15:04 1.25 1.25 1.25 1.25 215 1
das_cmdapi_live_20260708T193719Z,2026-07-08,VMAR,VMAR,2026/07/08-15:02,2026-07-08,2026-07-08T19:02:00Z,2026,7,1.24,1.24,1.24,1.24,200,,,,1,2026-07-08T19:50:28+00:00,76,SB VMAR MINCHART 2026/07/08-14:49 2026/07/08-15:49 1,candidate_chart_query,$Bar VMAR 2026/07/08-15:02 1.24 1.24 1.24 1.24 200 1
das_cmdapi_live_20260708T193719Z,2026-07-08,VMAR,VMAR,2026/07/08-15:00,2026-07-08,2026-07-08T19:00:00Z,2026,7,1.23,1.23,1.23,1.23,130,,,,1,2026-07-08T19:50:28+00:00,77,SB VMAR MINCHART 2026/07/08-14:49 2026/07/08-15:49 1,candidate_chart_query,$Bar VMAR 2026/07/08-15:00 1.23 1.23 1.23 1.23 130 1
das_cmdapi_live_20260708T193719Z,2026-07-08,VMAR,VMAR,2026/07/08-14:59,2026-07-08,2026-07-08T18:59:00Z,2026,7,1.2385,1.24,1.2385,1.24,699,,,,1,2026-07-08T19:50:28+00:00,78,SB VMAR MINCHART 2026/07/08-14:49 2026/07/08-15:49 1,candidate_chart_query,$Bar VMAR 2026/07/08-14:59 1.24 1.2385 1.2385 1.24 699 1
das_cmdapi_live_20260708T193719Z,2026-07-08,VMAR,VMAR,2026/07/08-14:56,2026-07-08,2026-07-08T18:56:00Z,2026,7,1.24,1.25,1.2399,1.24,2848,,,,1,2026-07-08T19:50:28+00:00,79,SB VMAR MINCHART 2026/07/08-14:49 2026/07/08-15:49 1,candidate_chart_query,$Bar VMAR 2026/07/08-14:56 1.25 1.2399 1.24 1.24 2848 1
das_cmdapi_live_20260708T193719Z,2026-07-08,VMAR,VMAR,2026/07/08-14:55,2026-07-08,2026-07-08T18:55:00Z,2026,7,1.235,1.235,1.235,1.235,214,,,,1,2026-07-08T19:50:28+00:00,80,SB VMAR MINCHART 2026/07/08-14:49 2026/07/08-15:49 1,candidate_chart_query,$Bar VMAR 2026/07/08-14:55 1.235 1.235 1.235 1.235 214 1
das_cmdapi_live_20260708T193719Z,2026-07-08,VMAR,VMAR,2026/07/08-14:50,2026-07-08,2026-07-08T18:50:00Z,2026,7,1.2389,1.24,1.2389,1.24,253,,,,1,2026-07-08T19:50:28+00:00,81,SB VMAR MINCHART 2026/07/08-14:49 2026/07/08-15:49 1,candidate_chart_query,$Bar VMAR 2026/07/08-14:50 1.24 1.2389 1.2389 1.24 253 1
das_cmdapi_live_20260708T193719Z,2026-07-08,VMAR,VMAR,2026/07/08-14:49,2026-07-08,2026-07-08T18:49:00Z,2026,7,1.24,1.24,1.2391,1.2391,303,,,,1,2026-07-08T19:50:28+00:00,82,SB VMAR MINCHART 2026/07/08-14:49 2026/07/08-15:49 1,candidate_chart_query,$Bar VMAR 2026/07/08-14:49 1.24 1.2391 1.24 1.2391 303 1
das_cmdapi_live_20260708T193719Z,2026-07-08,VTAK,VTAK,2026/07/08-15:50,2026-07-08,2026-07-08T19:50:00Z,2026,7,1.39,1.4,1.385,1.395,105294,,,,1,2026-07-08T19:50:58+00:00,31,SB VTAK MINCHART 2026/07/08-14:50 2026/07/08-15:50 1,candidate_chart_query,$Bar VTAK 2026/07/08-15:50 1.4 1.385 1.39 1.395 105294 1
das_cmdapi_live_20260708T193719Z,2026-07-08,VTAK,VTAK,2026/07/08-15:49,2026-07-08,2026-07-08T19:49:00Z,2026,7,1.41,1.41,1.38,1.3801,133104,,,,1,2026-07-08T19:50:58+00:00,32,SB VTAK MINCHART 2026/07/08-14:50 2026/07/08-15:50 1,candidate_chart_query,$Bar VTAK 2026/07/08-15:49 1.41 1.38 1.41 1.3801 133104 1
das_cmdapi_live_20260708T193719Z,2026-07-08,VTAK,VTAK,2026/07/08-15:48,2026-07-08,2026-07-08T19:48:00Z,2026,7,1.35,1.44,1.34,1.41,234300,,,,1,2026-07-08T19:50:58+00:00,33,SB VTAK MINCHART 2026/07/08-14:50 2026/07/08-15:50 1,candidate_chart_query,$Bar VTAK 2026/07/08-15:48 1.44 1.34 1.35 1.41 234300 1
das_cmdapi_live_20260708T193719Z,2026-07-08,VTAK,VTAK,2026/07/08-15:47,2026-07-08,2026-07-08T19:47:00Z,2026,7,1.35,1.36,1.34,1.35,84273,,,,1,2026-07-08T19:50:58+00:00,34,SB VTAK MINCHART 2026/07/08-14:50 2026/07/08-15:50 1,candidate_chart_query,$Bar VTAK 2026/07/08-15:47 1.36 1.34 1.35 1.35 84273 1
das_cmdapi_live_20260708T193719Z,2026-07-08,VTAK,VTAK,2026/07/08-15:46,2026-07-08,2026-07-08T19:46:00Z,2026,7,1.3604,1.38,1.35,1.355,104435,,,,1,2026-07-08T19:50:58+00:00,35,SB VTAK MINCHART 2026/07/08-14:50 2026/07/08-15:50 1,candidate_chart_query,$Bar VTAK 2026/07/08-15:46 1.38 1.35 1.3604 1.355 104435 1
das_cmdapi_live_20260708T193719Z,2026-07-08,VTAK,VTAK,2026/07/08-15:45,2026-07-08,2026-07-08T19:45:00Z,2026,7,1.34,1.37,1.335,1.37,109032,,,,1,2026-07-08T19:50:58+00:00,36,SB VTAK MINCHART 2026/07/08-14:50 2026/07/08-15:50 1,candidate_chart_query,$Bar VTAK 2026/07/08-15:45 1.37 1.335 1.34 1.37 109032 1
das_cmdapi_live_20260708T193719Z,2026-07-08,VTAK,VTAK,2026/07/08-15:44,2026-07-08,2026-07-08T19:44:00Z,2026,7,1.34,1.34,1.33,1.34,27779,,,,1,2026-07-08T19:50:58+00:00,37,SB VTAK MINCHART 2026/07/08-14:50 2026/07/08-15:50 1,candidate_chart_query,$Bar VTAK 2026/07/08-15:44 1.34 1.33 1.34 1.34 27779 1
das_cmdapi_live_20260708T193719Z,2026-07-08,VTAK,VTAK,2026/07/08-15:43,2026-07-08,2026-07-08T19:43:00Z,2026,7,1.34,1.34,1.33,1.34,39843,,,,1,2026-07-08T19:50:58+00:00,38,SB VTAK MINCHART 2026/07/08-14:50 2026/07/08-15:50 1,candidate_chart_query,$Bar VTAK 2026/07/08-15:43 1.34 1.33 1.34 1.34 39843 1
das_cmdapi_live_20260708T193719Z,2026-07-08,VTAK,VTAK,2026/07/08-15:42,2026-07-08,2026-07-08T19:42:00Z,2026,7,1.335,1.34,1.3302,1.34,27887,,,,1,2026-07-08T19:50:58+00:00,39,SB VTAK MINCHART 2026/07/08-14:50 2026/07/08-15:50 1,candidate_chart_query,$Bar VTAK 2026/07/08-15:42 1.34 1.3302 1.335 1.34 27887 1
das_cmdapi_live_20260708T193719Z,2026-07-08,VTAK,VTAK,2026/07/08-15:41,2026-07-08,2026-07-08T19:41:00Z,2026,7,1.34,1.34,1.33,1.335,27965,,,,1,2026-07-08T19:50:58+00:00,40,SB VTAK MINCHART 2026/07/08-14:50 2026/07/08-15:50 1,candidate_chart_query,$Bar VTAK 2026/07/08-15:41 1.34 1.33 1.34 1.335 27965 1
das_cmdapi_live_20260708T193719Z,2026-07-08,VTAK,VTAK,2026/07/08-15:40,2026-07-08,2026-07-08T19:40:00Z,2026,7,1.34,1.34,1.33,1.339,44830,,,,1,2026-07-08T19:50:58+00:00,41,SB VTAK MINCHART 2026/07/08-14:50 2026/07/08-15:50 1,candidate_chart_query,$Bar VTAK 2026/07/08-15:40 1.34 1.33 1.34 1.339 44830 1
das_cmdapi_live_20260708T193719Z,2026-07-08,VTAK,VTAK,2026/07/08-15:39,2026-07-08,2026-07-08T19:39:00Z,2026,7,1.34,1.34,1.33,1.34,43268,,,,1,2026-07-08T19:50:58+00:00,42,SB VTAK MINCHART 2026/07/08-14:50 2026/07/08-15:50 1,candidate_chart_query,$Bar VTAK 2026/07/08-15:39 1.34 1.33 1.34 1.34 43268 1
das_cmdapi_live_20260708T193719Z,2026-07-08,VTAK,VTAK,2026/07/08-15:38,2026-07-08,2026-07-08T19:38:00Z,2026,7,1.34,1.34,1.33,1.34,161012,,,,1,2026-07-08T19:50:58+00:00,43,SB VTAK MINCHART 2026/07/08-14:50 2026/07/08-15:50 1,candidate_chart_query,$Bar VTAK 2026/07/08-15:38 1.34 1.33 1.34 1.34 161012 1
das_cmdapi_live_20260708T193719Z,2026-07-08,VTAK,VTAK,2026/07/08-15:37,2026-07-08,2026-07-08T19:37:00Z,2026,7,1.335,1.34,1.33,1.34,40545,,,,1,2026-07-08T19:50:58+00:00,44,SB VTAK MINCHART 2026/07/08-14:50 2026/07/08-15:50 1,candidate_chart_query,$Bar VTAK 2026/07/08-15:37 1.34 1.33 1.335 1.34 40545 1
das_cmdapi_live_20260708T193719Z,2026-07-08,VTAK,VTAK,2026/07/08-15:36,2026-07-08,2026-07-08T19:36:00Z,2026,7,1.34,1.34,1.33,1.3304,289291,,,,1,2026-07-08T19:50:58+00:00,45,SB VTAK MINCHART 2026/07/08-14:50 2026/07/08-15:50 1,candidate_chart_query,$Bar VTAK 2026/07/08-15:36 1.34 1.33 1.34 1.3304 289291 1
das_cmdapi_live_20260708T193719Z,2026-07-08,VTAK,VTAK,2026/07/08-15:35,2026-07-08,2026-07-08T19:35:00Z,2026,7,1.311,1.34,1.31,1.34,147680,,,,1,2026-07-08T19:50:58+00:00,46,SB VTAK MINCHART 2026/07/08-14:50 2026/07/08-15:50 1,candidate_chart_query,$Bar VTAK 2026/07/08-15:35 1.34 1.31 1.311 1.34 147680 1
das_cmdapi_live_20260708T193719Z,2026-07-08,VTAK,VTAK,2026/07/08-15:34,2026-07-08,2026-07-08T19:34:00Z,2026,7,1.315,1.32,1.31,1.3191,44289,,,,1,2026-07-08T19:50:58+00:00,47,SB VTAK MINCHART 2026/07/08-14:50 2026/07/08-15:50 1,candidate_chart_query,$Bar VTAK 2026/07/08-15:34 1.32 1.31 1.315 1.3191 44289 1
das_cmdapi_live_20260708T193719Z,2026-07-08,VTAK,VTAK,2026/07/08-15:33,2026-07-08,2026-07-08T19:33:00Z,2026,7,1.3199,1.32,1.31,1.315,79852,,,,1,2026-07-08T19:50:58+00:00,48,SB VTAK MINCHART 2026/07/08-14:50 2026/07/08-15:50 1,candidate_chart_query,$Bar VTAK 2026/07/08-15:33 1.32 1.31 1.3199 1.315 79852 1
das_cmdapi_live_20260708T193719Z,2026-07-08,VTAK,VTAK,2026/07/08-15:32,2026-07-08,2026-07-08T19:32:00Z,2026,7,1.3613,1.37,1.31,1.315,89408,,,,1,2026-07-08T19:50:58+00:00,49,SB VTAK MINCHART 2026/07/08-14:50 2026/07/08-15:50 1,candidate_chart_query,$Bar VTAK 2026/07/08-15:32 1.37 1.31 1.3613 1.315 89408 1
das_cmdapi_live_20260708T193719Z,2026-07-08,VTAK,VTAK,2026/07/08-15:31,2026-07-08,2026-07-08T19:31:00Z,2026,7,1.38,1.38,1.36,1.37,87142,,,,1,2026-07-08T19:50:58+00:00,50,SB VTAK MINCHART 2026/07/08-14:50 2026/07/08-15:50 1,candidate_chart_query,$Bar VTAK 2026/07/08-15:31 1.38 1.36 1.38 1.37 87142 1
das_cmdapi_live_20260708T193719Z,2026-07-08,VTAK,VTAK,2026/07/08-15:30,2026-07-08,2026-07-08T19:30:00Z,2026,7,1.37,1.39,1.37,1.375,30894,,,,1,2026-07-08T19:50:58+00:00,51,SB VTAK MINCHART 2026/07/08-14:50 2026/07/08-15:50 1,candidate_chart_query,$Bar VTAK 2026/07/08-15:30 1.39 1.37 1.37 1.375 30894 1
das_cmdapi_live_20260708T193719Z,2026-07-08,VTAK,VTAK,2026/07/08-15:29,2026-07-08,2026-07-08T19:29:00Z,2026,7,1.365,1.38,1.3601,1.38,28852,,,,1,2026-07-08T19:50:58+00:00,52,SB VTAK MINCHART 2026/07/08-14:50 2026/07/08-15:50 1,candidate_chart_query,$Bar VTAK 2026/07/08-15:29 1.38 1.3601 1.365 1.38 28852 1
das_cmdapi_live_20260708T193719Z,2026-07-08,VTAK,VTAK,2026/07/08-15:28,2026-07-08,2026-07-08T19:28:00Z,2026,7,1.3601,1.37,1.36,1.3603,38203,,,,1,2026-07-08T19:50:58+00:00,53,SB VTAK MINCHART 2026/07/08-14:50 2026/07/08-15:50 1,candidate_chart_query,$Bar VTAK 2026/07/08-15:28 1.37 1.36 1.3601 1.3603 38203 1
das_cmdapi_live_20260708T193719Z,2026-07-08,VTAK,VTAK,2026/07/08-15:27,2026-07-08,2026-07-08T19:27:00Z,2026,7,1.385,1.385,1.35,1.3603,49050,,,,1,2026-07-08T19:50:58+00:00,54,SB VTAK MINCHART 2026/07/08-14:50 2026/07/08-15:50 1,candidate_chart_query,$Bar VTAK 2026/07/08-15:27 1.385 1.35 1.385 1.3603 49050 1
das_cmdapi_live_20260708T193719Z,2026-07-08,VTAK,VTAK,2026/07/08-15:26,2026-07-08,2026-07-08T19:26:00Z,2026,7,1.3873,1.39,1.38,1.385,8720,,,,1,2026-07-08T19:50:58+00:00,55,SB VTAK MINCHART 2026/07/08-14:50 2026/07/08-15:50 1,candidate_chart_query,$Bar VTAK 2026/07/08-15:26 1.39 1.38 1.3873 1.385 8720 1
das_cmdapi_live_20260708T193719Z,2026-07-08,VTAK,VTAK,2026/07/08-15:25,2026-07-08,2026-07-08T19:25:00Z,2026,7,1.3607,1.4,1.3601,1.39,58413,,,,1,2026-07-08T19:50:58+00:00,56,SB VTAK MINCHART 2026/07/08-14:50 2026/07/08-15:50 1,candidate_chart_query,$Bar VTAK 2026/07/08-15:25 1.4 1.3601 1.3607 1.39 58413 1
das_cmdapi_live_20260708T193719Z,2026-07-08,VTAK,VTAK,2026/07/08-15:24,2026-07-08,2026-07-08T19:24:00Z,2026,7,1.365,1.37,1.36,1.365,23689,,,,1,2026-07-08T19:50:58+00:00,57,SB VTAK MINCHART 2026/07/08-14:50 2026/07/08-15:50 1,candidate_chart_query,$Bar VTAK 2026/07/08-15:24 1.37 1.36 1.365 1.365 23689 1
das_cmdapi_live_20260708T193719Z,2026-07-08,VTAK,VTAK,2026/07/08-15:23,2026-07-08,2026-07-08T19:23:00Z,2026,7,1.37,1.38,1.36,1.37,22444,,,,1,2026-07-08T19:50:58+00:00,58,SB VTAK MINCHART 2026/07/08-14:50 2026/07/08-15:50 1,candidate_chart_query,$Bar VTAK 2026/07/08-15:23 1.38 1.36 1.37 1.37 22444 1
das_cmdapi_live_20260708T193719Z,2026-07-08,VTAK,VTAK,2026/07/08-15:22,2026-07-08,2026-07-08T19:22:00Z,2026,7,1.38,1.3801,1.37,1.375,52404,,,,1,2026-07-08T19:50:58+00:00,59,SB VTAK MINCHART 2026/07/08-14:50 2026/07/08-15:50 1,candidate_chart_query,$Bar VTAK 2026/07/08-15:22 1.3801 1.37 1.38 1.375 52404 1
das_cmdapi_live_20260708T193719Z,2026-07-08,VTAK,VTAK,2026/07/08-15:21,2026-07-08,2026-07-08T19:21:00Z,2026,7,1.395,1.4,1.3801,1.383,37651,,,,1,2026-07-08T19:50:58+00:00,60,SB VTAK MINCHART 2026/07/08-14:50 2026/07/08-15:50 1,candidate_chart_query,$Bar VTAK 2026/07/08-15:21 1.4 1.3801 1.395 1.383 37651 1
das_cmdapi_live_20260708T193719Z,2026-07-08,VTAK,VTAK,2026/07/08-15:20,2026-07-08,2026-07-08T19:20:00Z,2026,7,1.4,1.4,1.39,1.3999,23240,,,,1,2026-07-08T19:50:58+00:00,61,SB VTAK MINCHART 2026/07/08-14:50 2026/07/08-15:50 1,candidate_chart_query,$Bar VTAK 2026/07/08-15:20 1.4 1.39 1.4 1.3999 23240 1
das_cmdapi_live_20260708T193719Z,2026-07-08,VTAK,VTAK,2026/07/08-15:19,2026-07-08,2026-07-08T19:19:00Z,2026,7,1.3902,1.4,1.39,1.395,34945,,,,1,2026-07-08T19:50:58+00:00,62,SB VTAK MINCHART 2026/07/08-14:50 2026/07/08-15:50 1,candidate_chart_query,$Bar VTAK 2026/07/08-15:19 1.4 1.39 1.3902 1.395 34945 1
das_cmdapi_live_20260708T193719Z,2026-07-08,VTAK,VTAK,2026/07/08-15:18,2026-07-08,2026-07-08T19:18:00Z,2026,7,1.3804,1.4,1.3804,1.4,23587,,,,1,2026-07-08T19:50:58+00:00,63,SB VTAK MINCHART 2026/07/08-14:50 2026/07/08-15:50 1,candidate_chart_query,$Bar VTAK 2026/07/08-15:18 1.4 1.3804 1.3804 1.4 23587 1
das_cmdapi_live_20260708T193719Z,2026-07-08,VTAK,VTAK,2026/07/08-15:17,2026-07-08,2026-07-08T19:17:00Z,2026,7,1.3892,1.395,1.38,1.385,40351,,,,1,2026-07-08T19:50:58+00:00,64,SB VTAK MINCHART 2026/07/08-14:50 2026/07/08-15:50 1,candidate_chart_query,$Bar VTAK 2026/07/08-15:17 1.395 1.38 1.3892 1.385 40351 1
das_cmdapi_live_20260708T193719Z,2026-07-08,VTAK,VTAK,2026/07/08-15:16,2026-07-08,2026-07-08T19:16:00Z,2026,7,1.38,1.39,1.37,1.38,44251,,,,1,2026-07-08T19:50:58+00:00,65,SB VTAK MINCHART 2026/07/08-14:50 2026/07/08-15:50 1,candidate_chart_query,$Bar VTAK 2026/07/08-15:16 1.39 1.37 1.38 1.38 44251 1
das_cmdapi_live_20260708T193719Z,2026-07-08,VTAK,VTAK,2026/07/08-15:15,2026-07-08,2026-07-08T19:15:00Z,2026,7,1.385,1.39,1.38,1.385,59228,,,,1,2026-07-08T19:50:58+00:00,66,SB VTAK MINCHART 2026/07/08-14:50 2026/07/08-15:50 1,candidate_chart_query,$Bar VTAK 2026/07/08-15:15 1.39 1.38 1.385 1.385 59228 1
das_cmdapi_live_20260708T193719Z,2026-07-08,VTAK,VTAK,2026/07/08-15:14,2026-07-08,2026-07-08T19:14:00Z,2026,7,1.395,1.4,1.39,1.39,18505,,,,1,2026-07-08T19:50:58+00:00,67,SB VTAK MINCHART 2026/07/08-14:50 2026/07/08-15:50 1,candidate_chart_query,$Bar VTAK 2026/07/08-15:14 1.4 1.39 1.395 1.39 18505 1
das_cmdapi_live_20260708T193719Z,2026-07-08,VTAK,VTAK,2026/07/08-15:13,2026-07-08,2026-07-08T19:13:00Z,2026,7,1.3901,1.4,1.39,1.3906,30099,,,,1,2026-07-08T19:50:58+00:00,68,SB VTAK MINCHART 2026/07/08-14:50 2026/07/08-15:50 1,candidate_chart_query,$Bar VTAK 2026/07/08-15:13 1.4 1.39 1.3901 1.3906 30099 1
das_cmdapi_live_20260708T193719Z,2026-07-08,VTAK,VTAK,2026/07/08-15:12,2026-07-08,2026-07-08T19:12:00Z,2026,7,1.3901,1.4,1.39,1.3901,26050,,,,1,2026-07-08T19:50:58+00:00,69,SB VTAK MINCHART 2026/07/08-14:50 2026/07/08-15:50 1,candidate_chart_query,$Bar VTAK 2026/07/08-15:12 1.4 1.39 1.3901 1.3901 26050 1
das_cmdapi_live_20260708T193719Z,2026-07-08,VTAK,VTAK,2026/07/08-15:11,2026-07-08,2026-07-08T19:11:00Z,2026,7,1.3597,1.41,1.32,1.39,298645,,,,1,2026-07-08T19:50:58+00:00,70,SB VTAK MINCHART 2026/07/08-14:50 2026/07/08-15:50 1,candidate_chart_query,$Bar VTAK 2026/07/08-15:11 1.41 1.32 1.3597 1.39 298645 1
das_cmdapi_live_20260708T193719Z,2026-07-08,VTAK,VTAK,2026/07/08-15:10,2026-07-08,2026-07-08T19:10:00Z,2026,7,1.3601,1.3697,1.35,1.3599,26486,,,,1,2026-07-08T19:50:58+00:00,71,SB VTAK MINCHART 2026/07/08-14:50 2026/07/08-15:50 1,candidate_chart_query,$Bar VTAK 2026/07/08-15:10 1.3697 1.35 1.3601 1.3599 26486 1
das_cmdapi_live_20260708T193719Z,2026-07-08,VTAK,VTAK,2026/07/08-15:09,2026-07-08,2026-07-08T19:09:00Z,2026,7,1.355,1.37,1.35,1.3682,110192,,,,1,2026-07-08T19:50:58+00:00,72,SB VTAK MINCHART 2026/07/08-14:50 2026/07/08-15:50 1,candidate_chart_query,$Bar VTAK 2026/07/08-15:09 1.37 1.35 1.355 1.3682 110192 1
das_cmdapi_live_20260708T193719Z,2026-07-08,VTAK,VTAK,2026/07/08-15:08,2026-07-08,2026-07-08T19:08:00Z,2026,7,1.3313,1.35,1.33,1.35,77101,,,,1,2026-07-08T19:50:58+00:00,73,SB VTAK MINCHART 2026/07/08-14:50 2026/07/08-15:50 1,candidate_chart_query,$Bar VTAK 2026/07/08-15:08 1.35 1.33 1.3313 1.35 77101 1
das_cmdapi_live_20260708T193719Z,2026-07-08,VTAK,VTAK,2026/07/08-15:07,2026-07-08,2026-07-08T19:07:00Z,2026,7,1.34,1.35,1.33,1.335,53763,,,,1,2026-07-08T19:50:58+00:00,74,SB VTAK MINCHART 2026/07/08-14:50 2026/07/08-15:50 1,candidate_chart_query,$Bar VTAK 2026/07/08-15:07 1.35 1.33 1.34 1.335 53763 1
das_cmdapi_live_20260708T193719Z,2026-07-08,VTAK,VTAK,2026/07/08-15:06,2026-07-08,2026-07-08T19:06:00Z,2026,7,1.3499,1.35,1.34,1.3405,39028,,,,1,2026-07-08T19:50:58+00:00,75,SB VTAK MINCHART 2026/07/08-14:50 2026/07/08-15:50 1,candidate_chart_query,$Bar VTAK 2026/07/08-15:06 1.35 1.34 1.3499 1.3405 39028 1
das_cmdapi_live_20260708T193719Z,2026-07-08,VTAK,VTAK,2026/07/08-15:05,2026-07-08,2026-07-08T19:05:00Z,2026,7,1.365,1.37,1.33,1.345,205534,,,,1,2026-07-08T19:50:58+00:00,76,SB VTAK MINCHART 2026/07/08-14:50 2026/07/08-15:50 1,candidate_chart_query,$Bar VTAK 2026/07/08-15:05 1.37 1.33 1.365 1.345 205534 1
das_cmdapi_live_20260708T193719Z,2026-07-08,VTAK,VTAK,2026/07/08-15:04,2026-07-08,2026-07-08T19:04:00Z,2026,7,1.365,1.37,1.36,1.365,44344,,,,1,2026-07-08T19:50:58+00:00,77,SB VTAK MINCHART 2026/07/08-14:50 2026/07/08-15:50 1,candidate_chart_query,$Bar VTAK 2026/07/08-15:04 1.37 1.36 1.365 1.365 44344 1
das_cmdapi_live_20260708T193719Z,2026-07-08,VTAK,VTAK,2026/07/08-15:03,2026-07-08,2026-07-08T19:03:00Z,2026,7,1.39986,1.39986,1.31,1.365,369050,,,,1,2026-07-08T19:50:58+00:00,78,SB VTAK MINCHART 2026/07/08-14:50 2026/07/08-15:50 1,candidate_chart_query,$Bar VTAK 2026/07/08-15:03 1.39986 1.31 1.39986 1.365 369050 1
das_cmdapi_live_20260708T193719Z,2026-07-08,VTAK,VTAK,2026/07/08-15:02,2026-07-08,2026-07-08T19:02:00Z,2026,7,1.4195,1.4199,1.39,1.395,101421,,,,1,2026-07-08T19:50:58+00:00,79,SB VTAK MINCHART 2026/07/08-14:50 2026/07/08-15:50 1,candidate_chart_query,$Bar VTAK 2026/07/08-15:02 1.4199 1.39 1.4195 1.395 101421 1
das_cmdapi_live_20260708T193719Z,2026-07-08,VTAK,VTAK,2026/07/08-15:01,2026-07-08,2026-07-08T19:01:00Z,2026,7,1.415,1.42,1.4,1.4174,86100,,,,1,2026-07-08T19:50:58+00:00,80,SB VTAK MINCHART 2026/07/08-14:50 2026/07/08-15:50 1,candidate_chart_query,$Bar VTAK 2026/07/08-15:01 1.42 1.4 1.415 1.4174 86100 1
das_cmdapi_live_20260708T193719Z,2026-07-08,VTAK,VTAK,2026/07/08-15:00,2026-07-08,2026-07-08T19:00:00Z,2026,7,1.415,1.43,1.41,1.4197,77123,,,,1,2026-07-08T19:50:58+00:00,81,SB VTAK MINCHART 2026/07/08-14:50 2026/07/08-15:50 1,candidate_chart_query,$Bar VTAK 2026/07/08-15:00 1.43 1.41 1.415 1.4197 77123 1
das_cmdapi_live_20260708T193719Z,2026-07-08,VTAK,VTAK,2026/07/08-14:59,2026-07-08,2026-07-08T18:59:00Z,2026,7,1.4,1.42,1.39,1.42,94649,,,,1,2026-07-08T19:50:58+00:00,82,SB VTAK MINCHART 2026/07/08-14:50 2026/07/08-15:50 1,candidate_chart_query,$Bar VTAK 2026/07/08-14:59 1.42 1.39 1.4 1.42 94649 1
das_cmdapi_live_20260708T193719Z,2026-07-08,VTAK,VTAK,2026/07/08-14:58,2026-07-08,2026-07-08T18:58:00Z,2026,7,1.395,1.4,1.38,1.3901,65290,,,,1,2026-07-08T19:50:58+00:00,83,SB VTAK MINCHART 2026/07/08-14:50 2026/07/08-15:50 1,candidate_chart_query,$Bar VTAK 2026/07/08-14:58 1.4 1.38 1.395 1.3901 65290 1
das_cmdapi_live_20260708T193719Z,2026-07-08,VTAK,VTAK,2026/07/08-14:57,2026-07-08,2026-07-08T18:57:00Z,2026,7,1.4099,1.41,1.39,1.3901,122508,,,,1,2026-07-08T19:50:58+00:00,84,SB VTAK MINCHART 2026/07/08-14:50 2026/07/08-15:50 1,candidate_chart_query,$Bar VTAK 2026/07/08-14:57 1.41 1.39 1.4099 1.3901 122508 1
das_cmdapi_live_20260708T193719Z,2026-07-08,VTAK,VTAK,2026/07/08-14:56,2026-07-08,2026-07-08T18:56:00Z,2026,7,1.4098,1.415,1.4,1.4099,73029,,,,1,2026-07-08T19:50:58+00:00,85,SB VTAK MINCHART 2026/07/08-14:50 2026/07/08-15:50 1,candidate_chart_query,$Bar VTAK 2026/07/08-14:56 1.415 1.4 1.4098 1.4099 73029 1
das_cmdapi_live_20260708T193719Z,2026-07-08,VTAK,VTAK,2026/07/08-14:55,2026-07-08,2026-07-08T18:55:00Z,2026,7,1.39,1.42,1.39,1.4003,245371,,,,1,2026-07-08T19:50:58+00:00,86,SB VTAK MINCHART 2026/07/08-14:50 2026/07/08-15:50 1,candidate_chart_query,$Bar VTAK 2026/07/08-14:55 1.42 1.39 1.39 1.4003 245371 1
das_cmdapi_live_20260708T193719Z,2026-07-08,VTAK,VTAK,2026/07/08-14:54,2026-07-08,2026-07-08T18:54:00Z,2026,7,1.385,1.39,1.38,1.39,83012,,,,1,2026-07-08T19:50:58+00:00,87,SB VTAK MINCHART 2026/07/08-14:50 2026/07/08-15:50 1,candidate_chart_query,$Bar VTAK 2026/07/08-14:54 1.39 1.38 1.385 1.39 83012 1
das_cmdapi_live_20260708T193719Z,2026-07-08,VTAK,VTAK,2026/07/08-14:53,2026-07-08,2026-07-08T18:53:00Z,2026,7,1.39,1.39,1.37,1.3896,255185,,,,1,2026-07-08T19:50:58+00:00,88,SB VTAK MINCHART 2026/07/08-14:50 2026/07/08-15:50 1,candidate_chart_query,$Bar VTAK 2026/07/08-14:53 1.39 1.37 1.39 1.3896 255185 1
das_cmdapi_live_20260708T193719Z,2026-07-08,VTAK,VTAK,2026/07/08-14:52,2026-07-08,2026-07-08T18:52:00Z,2026,7,1.465,1.47,1.38,1.385,495834,,,,1,2026-07-08T19:50:58+00:00,89,SB VTAK MINCHART 2026/07/08-14:50 2026/07/08-15:50 1,candidate_chart_query,$Bar VTAK 2026/07/08-14:52 1.47 1.38 1.465 1.385 495834 1
das_cmdapi_live_20260708T193719Z,2026-07-08,VTAK,VTAK,2026/07/08-14:51,2026-07-08,2026-07-08T18:51:00Z,2026,7,1.4896,1.49,1.46,1.47,79489,,,,1,2026-07-08T19:50:58+00:00,90,SB VTAK MINCHART 2026/07/08-14:50 2026/07/08-15:50 1,candidate_chart_query,$Bar VTAK 2026/07/08-14:51 1.49 1.46 1.4896 1.47 79489 1
das_cmdapi_live_20260708T193719Z,2026-07-08,VTAK,VTAK,2026/07/08-14:50,2026-07-08,2026-07-08T18:50:00Z,2026,7,1.465,1.49,1.46,1.48,85381,,,,1,2026-07-08T19:50:58+00:00,91,SB VTAK MINCHART 2026/07/08-14:50 2026/07/08-15:50 1,candidate_chart_query,$Bar VTAK 2026/07/08-14:50 1.49 1.46 1.465 1.48 85381 1
das_cmdapi_live_20260708T193719Z,2026-07-08,VTAK,VTAK,2026/07/08-15:50,2026-07-08,2026-07-08T19:50:00Z,2026,7,1.39,1.4,1.385,1.4,105888,,,,1,2026-07-08T19:50:58+00:00,119,SB VTAK MINCHART 2026/07/08-14:50 2026/07/08-15:50 1,candidate_chart_query,$Bar VTAK 2026/07/08-15:50 1.4 1.385 1.39 1.4 105888 1
das_cmdapi_live_20260708T193719Z,2026-07-08,VTAK,VTAK,2026/07/08-15:49,2026-07-08,2026-07-08T19:49:00Z,2026,7,1.41,1.41,1.38,1.3801,133104,,,,1,2026-07-08T19:50:58+00:00,120,SB VTAK MINCHART 2026/07/08-14:50 2026/07/08-15:50 1,candidate_chart_query,$Bar VTAK 2026/07/08-15:49 1.41 1.38 1.41 1.3801 133104 1
das_cmdapi_live_20260708T193719Z,2026-07-08,SRXH,SRXH,2026/07/08-15:51,2026-07-08,2026-07-08T19:51:00Z,2026,7,2.04,2.07,2.03,2.065,136816,,,,1,2026-07-08T19:51:31+00:00,75,SB SRXH MINCHART 2026/07/08-14:51 2026/07/08-15:51 1,candidate_chart_query,$Bar SRXH 2026/07/08-15:51 2.07 2.03 2.04 2.065 136816 1
das_cmdapi_live_20260708T193719Z,2026-07-08,SRXH,SRXH,2026/07/08-15:50,2026-07-08,2026-07-08T19:50:00Z,2026,7,2.0781,2.08,1.99,2.035,285670,,,,1,2026-07-08T19:51:31+00:00,76,SB SRXH MINCHART 2026/07/08-14:51 2026/07/08-15:51 1,candidate_chart_query,$Bar SRXH 2026/07/08-15:50 2.08 1.99 2.0781 2.035 285670 1
das_cmdapi_live_20260708T193719Z,2026-07-08,SRXH,SRXH,2026/07/08-15:49,2026-07-08,2026-07-08T19:49:00Z,2026,7,2.0698,2.1,2.06,2.08,435383,,,,1,2026-07-08T19:51:31+00:00,77,SB SRXH MINCHART 2026/07/08-14:51 2026/07/08-15:51 1,candidate_chart_query,$Bar SRXH 2026/07/08-15:49 2.1 2.06 2.0698 2.08 435383 1
das_cmdapi_live_20260708T193719Z,2026-07-08,SRXH,SRXH,2026/07/08-15:48,2026-07-08,2026-07-08T19:48:00Z,2026,7,2.0,2.07,1.98,2.065,318076,,,,1,2026-07-08T19:51:31+00:00,78,SB SRXH MINCHART 2026/07/08-14:51 2026/07/08-15:51 1,candidate_chart_query,$Bar SRXH 2026/07/08-15:48 2.07 1.98 2 2.065 318076 1
das_cmdapi_live_20260708T193719Z,2026-07-08,SRXH,SRXH,2026/07/08-15:47,2026-07-08,2026-07-08T19:47:00Z,2026,7,1.9603,2.01,1.9601,2.005,272254,,,,1,2026-07-08T19:51:31+00:00,79,SB SRXH MINCHART 2026/07/08-14:51 2026/07/08-15:51 1,candidate_chart_query,$Bar SRXH 2026/07/08-15:47 2.01 1.9601 1.9603 2.005 272254 1
das_cmdapi_live_20260708T193719Z,2026-07-08,SRXH,SRXH,2026/07/08-15:46,2026-07-08,2026-07-08T19:46:00Z,2026,7,2.0001,2.01,1.95,1.96,377366,,,,1,2026-07-08T19:51:31+00:00,80,SB SRXH MINCHART 2026/07/08-14:51 2026/07/08-15:51 1,candidate_chart_query,$Bar SRXH 2026/07/08-15:46 2.01 1.95 2.0001 1.96 377366 1
das_cmdapi_live_20260708T193719Z,2026-07-08,SRXH,SRXH,2026/07/08-15:45,2026-07-08,2026-07-08T19:45:00Z,2026,7,2.025,2.03,1.98,2.0082,385179,,,,1,2026-07-08T19:51:31+00:00,81,SB SRXH MINCHART 2026/07/08-14:51 2026/07/08-15:51 1,candidate_chart_query,$Bar SRXH 2026/07/08-15:45 2.03 1.98 2.025 2.0082 385179 1
das_cmdapi_live_20260708T193719Z,2026-07-08,SRXH,SRXH,2026/07/08-15:44,2026-07-08,2026-07-08T19:44:00Z,2026,7,1.99,2.04,1.99,2.026,504208,,,,1,2026-07-08T19:51:31+00:00,82,SB SRXH MINCHART 2026/07/08-14:51 2026/07/08-15:51 1,candidate_chart_query,$Bar SRXH 2026/07/08-15:44 2.04 1.99 1.99 2.026 504208 1
das_cmdapi_live_20260708T193719Z,2026-07-08,SRXH,SRXH,2026/07/08-15:43,2026-07-08,2026-07-08T19:43:00Z,2026,7,2.01,2.04,1.95,1.9997,926943,,,,1,2026-07-08T19:51:31+00:00,83,SB SRXH MINCHART 2026/07/08-14:51 2026/07/08-15:51 1,candidate_chart_query,$Bar SRXH 2026/07/08-15:43 2.04 1.95 2.01 1.9997 926943 1
das_cmdapi_live_20260708T193719Z,2026-07-08,SRXH,SRXH,2026/07/08-15:42,2026-07-08,2026-07-08T19:42:00Z,2026,7,2.205,2.22,2.0,2.0,1170625,,,,1,2026-07-08T19:51:31+00:00,84,SB SRXH MINCHART 2026/07/08-14:51 2026/07/08-15:51 1,candidate_chart_query,$Bar SRXH 2026/07/08-15:42 2.22 2 2.205 2 1170625 1
das_cmdapi_live_20260708T193719Z,2026-07-08,SRXH,SRXH,2026/07/08-15:41,2026-07-08,2026-07-08T19:41:00Z,2026,7,2.25,2.25,2.18,2.2001,335894,,,,1,2026-07-08T19:51:31+00:00,85,SB SRXH MINCHART 2026/07/08-14:51 2026/07/08-15:51 1,candidate_chart_query,$Bar SRXH 2026/07/08-15:41 2.25 2.18 2.25 2.2001 335894 1
das_cmdapi_live_20260708T193719Z,2026-07-08,SRXH,SRXH,2026/07/08-15:40,2026-07-08,2026-07-08T19:40:00Z,2026,7,2.17,2.25,2.17,2.2403,621720,,,,1,2026-07-08T19:51:31+00:00,86,SB SRXH MINCHART 2026/07/08-14:51 2026/07/08-15:51 1,candidate_chart_query,$Bar SRXH 2026/07/08-15:40 2.25 2.17 2.17 2.2403 621720 1
das_cmdapi_live_20260708T193719Z,2026-07-08,SRXH,SRXH,2026/07/08-15:39,2026-07-08,2026-07-08T19:39:00Z,2026,7,2.2201,2.27,2.17,2.175,544436,,,,1,2026-07-08T19:51:31+00:00,87,SB SRXH MINCHART 2026/07/08-14:51 2026/07/08-15:51 1,candidate_chart_query,$Bar SRXH 2026/07/08-15:39 2.27 2.17 2.2201 2.175 544436 1
das_cmdapi_live_20260708T193719Z,2026-07-08,SRXH,SRXH,2026/07/08-15:38,2026-07-08,2026-07-08T19:38:00Z,2026,7,2.2402,2.26,2.19,2.23,887830,,,,1,2026-07-08T19:51:31+00:00,88,SB SRXH MINCHART 2026/07/08-14:51 2026/07/08-15:51 1,candidate_chart_query,$Bar SRXH 2026/07/08-15:38 2.26 2.19 2.2402 2.23 887830 1
das_cmdapi_live_20260708T193719Z,2026-07-08,SRXH,SRXH,2026/07/08-15:37,2026-07-08,2026-07-08T19:37:00Z,2026,7,2.36,2.37,2.21,2.24,1309236,,,,1,2026-07-08T19:51:31+00:00,89,SB SRXH MINCHART 2026/07/08-14:51 2026/07/08-15:51 1,candidate_chart_query,$Bar SRXH 2026/07/08-15:37 2.37 2.21 2.36 2.24 1309236 1
das_cmdapi_live_20260708T193719Z,2026-07-08,SRXH,SRXH,2026/07/08-15:36,2026-07-08,2026-07-08T19:36:00Z,2026,7,2.445,2.46,2.36,2.39,734885,,,,1,2026-07-08T19:51:31+00:00,90,SB SRXH MINCHART 2026/07/08-14:51 2026/07/08-15:51 1,candidate_chart_query,$Bar SRXH 2026/07/08-15:36 2.46 2.36 2.445 2.39 734885 1
das_cmdapi_live_20260708T193719Z,2026-07-08,SRXH,SRXH,2026/07/08-15:35,2026-07-08,2026-07-08T19:35:00Z,2026,7,2.441,2.49,2.42,2.4499,774881,,,,1,2026-07-08T19:51:31+00:00,91,SB SRXH MINCHART 2026/07/08-14:51 2026/07/08-15:51 1,candidate_chart_query,$Bar SRXH 2026/07/08-15:35 2.49 2.42 2.441 2.4499 774881 1
das_cmdapi_live_20260708T193719Z,2026-07-08,SRXH,SRXH,2026/07/08-15:34,2026-07-08,2026-07-08T19:34:00Z,2026,7,2.461,2.5,2.4,2.449,1032855,,,,1,2026-07-08T19:51:31+00:00,92,SB SRXH MINCHART 2026/07/08-14:51 2026/07/08-15:51 1,candidate_chart_query,$Bar SRXH 2026/07/08-15:34 2.5 2.4 2.461 2.449 1032855 1
das_cmdapi_live_20260708T193719Z,2026-07-08,SRXH,SRXH,2026/07/08-15:33,2026-07-08,2026-07-08T19:33:00Z,2026,7,2.3801,2.47,2.37,2.4601,716958,,,,1,2026-07-08T19:51:31+00:00,93,SB SRXH MINCHART 2026/07/08-14:51 2026/07/08-15:51 1,candidate_chart_query,$Bar SRXH 2026/07/08-15:33 2.47 2.37 2.3801 2.4601 716958 1
das_cmdapi_live_20260708T193719Z,2026-07-08,SRXH,SRXH,2026/07/08-15:32,2026-07-08,2026-07-08T19:32:00Z,2026,7,2.405,2.42,2.36,2.38,750341,,,,1,2026-07-08T19:51:31+00:00,94,SB SRXH MINCHART 2026/07/08-14:51 2026/07/08-15:51 1,candidate_chart_query,$Bar SRXH 2026/07/08-15:32 2.42 2.36 2.405 2.38 750341 1
das_cmdapi_live_20260708T193719Z,2026-07-08,SRXH,SRXH,2026/07/08-15:31,2026-07-08,2026-07-08T19:31:00Z,2026,7,2.325,2.42,2.32,2.405,969357,,,,1,2026-07-08T19:51:31+00:00,95,SB SRXH MINCHART 2026/07/08-14:51 2026/07/08-15:51 1,candidate_chart_query,$Bar SRXH 2026/07/08-15:31 2.42 2.32 2.325 2.405 969357 1
das_cmdapi_live_20260708T193719Z,2026-07-08,SRXH,SRXH,2026/07/08-15:30,2026-07-08,2026-07-08T19:30:00Z,2026,7,2.32,2.35,2.29,2.33,672971,,,,1,2026-07-08T19:51:31+00:00,96,SB SRXH MINCHART 2026/07/08-14:51 2026/07/08-15:51 1,candidate_chart_query,$Bar SRXH 2026/07/08-15:30 2.35 2.29 2.32 2.33 672971 1
das_cmdapi_live_20260708T193719Z,2026-07-08,SRXH,SRXH,2026/07/08-15:29,2026-07-08,2026-07-08T19:29:00Z,2026,7,2.255,2.37,2.24,2.315,1160973,,,,1,2026-07-08T19:51:31+00:00,97,SB SRXH MINCHART 2026/07/08-14:51 2026/07/08-15:51 1,candidate_chart_query,$Bar SRXH 2026/07/08-15:29 2.37 2.24 2.255 2.315 1160973 1
das_cmdapi_live_20260708T193719Z,2026-07-08,SRXH,SRXH,2026/07/08-15:28,2026-07-08,2026-07-08T19:28:00Z,2026,7,2.225,2.27,2.18,2.258,554399,,,,1,2026-07-08T19:51:31+00:00,98,SB SRXH MINCHART 2026/07/08-14:51 2026/07/08-15:51 1,candidate_chart_query,$Bar SRXH 2026/07/08-15:28 2.27 2.18 2.225 2.258 554399 1
das_cmdapi_live_20260708T193719Z,2026-07-08,SRXH,SRXH,2026/07/08-15:27,2026-07-08,2026-07-08T19:27:00Z,2026,7,2.22,2.24,2.2,2.2299,456582,,,,1,2026-07-08T19:51:31+00:00,99,SB SRXH MINCHART 2026/07/08-14:51 2026/07/08-15:51 1,candidate_chart_query,$Bar SRXH 2026/07/08-15:27 2.24 2.2 2.22 2.2299 456582 1
das_cmdapi_live_20260708T193719Z,2026-07-08,SRXH,SRXH,2026/07/08-15:26,2026-07-08,2026-07-08T19:26:00Z,2026,7,2.215,2.24,2.18,2.221,654601,,,,1,2026-07-08T19:51:31+00:00,100,SB SRXH MINCHART 2026/07/08-14:51 2026/07/08-15:51 1,candidate_chart_query,$Bar SRXH 2026/07/08-15:26 2.24 2.18 2.215 2.221 654601 1
das_cmdapi_live_20260708T193719Z,2026-07-08,SRXH,SRXH,2026/07/08-15:25,2026-07-08,2026-07-08T19:25:00Z,2026,7,2.0825,2.22,2.08,2.2101,769472,,,,1,2026-07-08T19:51:31+00:00,101,SB SRXH MINCHART 2026/07/08-14:51 2026/07/08-15:51 1,candidate_chart_query,$Bar SRXH 2026/07/08-15:25 2.22 2.08 2.0825 2.2101 769472 1
das_cmdapi_live_20260708T193719Z,2026-07-08,SRXH,SRXH,2026/07/08-15:24,2026-07-08,2026-07-08T19:24:00Z,2026,7,2.105,2.11,2.08,2.089,209030,,,,1,2026-07-08T19:51:31+00:00,102,SB SRXH MINCHART 2026/07/08-14:51 2026/07/08-15:51 1,candidate_chart_query,$Bar SRXH 2026/07/08-15:24 2.11 2.08 2.105 2.089 209030 1
das_cmdapi_live_20260708T193719Z,2026-07-08,SRXH,SRXH,2026/07/08-15:23,2026-07-08,2026-07-08T19:23:00Z,2026,7,2.1001,2.12,2.08,2.11,246664,,,,1,2026-07-08T19:51:31+00:00,103,SB SRXH MINCHART 2026/07/08-14:51 2026/07/08-15:51 1,candidate_chart_query,$Bar SRXH 2026/07/08-15:23 2.12 2.08 2.1001 2.11 246664 1
das_cmdapi_live_20260708T193719Z,2026-07-08,SRXH,SRXH,2026/07/08-15:22,2026-07-08,2026-07-08T19:22:00Z,2026,7,2.135,2.14,2.08,2.1099,340433,,,,1,2026-07-08T19:51:31+00:00,104,SB SRXH MINCHART 2026/07/08-14:51 2026/07/08-15:51 1,candidate_chart_query,$Bar SRXH 2026/07/08-15:22 2.14 2.08 2.135 2.1099 340433 1
das_cmdapi_live_20260708T193719Z,2026-07-08,SRXH,SRXH,2026/07/08-15:21,2026-07-08,2026-07-08T19:21:00Z,2026,7,2.14,2.15,2.11,2.1316,252062,,,,1,2026-07-08T19:51:31+00:00,105,SB SRXH MINCHART 2026/07/08-14:51 2026/07/08-15:51 1,candidate_chart_query,$Bar SRXH 2026/07/08-15:21 2.15 2.11 2.14 2.1316 252062 1
das_cmdapi_live_20260708T193719Z,2026-07-08,SRXH,SRXH,2026/07/08-15:20,2026-07-08,2026-07-08T19:20:00Z,2026,7,2.0901,2.15,2.05,2.14,481944,,,,1,2026-07-08T19:51:31+00:00,106,SB SRXH MINCHART 2026/07/08-14:51 2026/07/08-15:51 1,candidate_chart_query,$Bar SRXH 2026/07/08-15:20 2.15 2.05 2.0901 2.14 481944 1
das_cmdapi_live_20260708T193719Z,2026-07-08,SRXH,SRXH,2026/07/08-15:19,2026-07-08,2026-07-08T19:19:00Z,2026,7,2.1212,2.1397,2.0901,2.095,271829,,,,1,2026-07-08T19:51:31+00:00,107,SB SRXH MINCHART 2026/07/08-14:51 2026/07/08-15:51 1,candidate_chart_query,$Bar SRXH 2026/07/08-15:19 2.1397 2.0901 2.1212 2.095 271829 1
das_cmdapi_live_20260708T193719Z,2026-07-08,SRXH,SRXH,2026/07/08-15:18,2026-07-08,2026-07-08T19:18:00Z,2026,7,2.13,2.18,2.1,2.125,779258,,,,1,2026-07-08T19:51:31+00:00,108,SB SRXH MINCHART 2026/07/08-14:51 2026/07/08-15:51 1,candidate_chart_query,$Bar SRXH 2026/07/08-15:18 2.18 2.1 2.13 2.125 779258 1
das_cmdapi_live_20260708T193719Z,2026-07-08,SRXH,SRXH,2026/07/08-15:17,2026-07-08,2026-07-08T19:17:00Z,2026,7,2.135,2.14,2.1,2.13,389701,,,,1,2026-07-08T19:51:31+00:00,109,SB SRXH MINCHART 2026/07/08-14:51 2026/07/08-15:51 1,candidate_chart_query,$Bar SRXH 2026/07/08-15:17 2.14 2.1 2.135 2.13 389701 1
das_cmdapi_live_20260708T193719Z,2026-07-08,SRXH,SRXH,2026/07/08-15:16,2026-07-08,2026-07-08T19:16:00Z,2026,7,2.09,2.16,2.0801,2.14,960122,,,,1,2026-07-08T19:51:31+00:00,110,SB SRXH MINCHART 2026/07/08-14:51 2026/07/08-15:51 1,candidate_chart_query,$Bar SRXH 2026/07/08-15:16 2.16 2.0801 2.09 2.14 960122 1
das_cmdapi_live_20260708T193719Z,2026-07-08,SRXH,SRXH,2026/07/08-15:15,2026-07-08,2026-07-08T19:15:00Z,2026,7,2.0199,2.1,1.98,2.0901,467525,,,,1,2026-07-08T19:51:31+00:00,111,SB SRXH MINCHART 2026/07/08-14:51 2026/07/08-15:51 1,candidate_chart_query,$Bar SRXH 2026/07/08-15:15 2.1 1.98 2.0199 2.0901 467525 1
das_cmdapi_live_20260708T193719Z,2026-07-08,SRXH,SRXH,2026/07/08-15:14,2026-07-08,2026-07-08T19:14:00Z,2026,7,2.035,2.05,1.96,2.015,727486,,,,1,2026-07-08T19:51:31+00:00,112,SB SRXH MINCHART 2026/07/08-14:51 2026/07/08-15:51 1,candidate_chart_query,$Bar SRXH 2026/07/08-15:14 2.05 1.96 2.035 2.015 727486 1
das_cmdapi_live_20260708T193719Z,2026-07-08,SRXH,SRXH,2026/07/08-15:13,2026-07-08,2026-07-08T19:13:00Z,2026,7,2.07,2.09,2.01,2.0399,548523,,,,1,2026-07-08T19:51:31+00:00,113,SB SRXH MINCHART 2026/07/08-14:51 2026/07/08-15:51 1,candidate_chart_query,$Bar SRXH 2026/07/08-15:13 2.09 2.01 2.07 2.0399 548523 1
das_cmdapi_live_20260708T193719Z,2026-07-08,SRXH,SRXH,2026/07/08-15:12,2026-07-08,2026-07-08T19:12:00Z,2026,7,2.0701,2.1,2.06,2.07,285203,,,,1,2026-07-08T19:51:31+00:00,114,SB SRXH MINCHART 2026/07/08-14:51 2026/07/08-15:51 1,candidate_chart_query,$Bar SRXH 2026/07/08-15:12 2.1 2.06 2.0701 2.07 285203 1
das_cmdapi_live_20260708T193719Z,2026-07-08,SRXH,SRXH,2026/07/08-15:11,2026-07-08,2026-07-08T19:11:00Z,2026,7,2.0913,2.12,2.06,2.075,350441,,,,1,2026-07-08T19:51:31+00:00,115,SB SRXH MINCHART 2026/07/08-14:51 2026/07/08-15:51 1,candidate_chart_query,$Bar SRXH 2026/07/08-15:11 2.12 2.06 2.0913 2.075 350441 1
das_cmdapi_live_20260708T193719Z,2026-07-08,SRXH,SRXH,2026/07/08-15:10,2026-07-08,2026-07-08T19:10:00Z,2026,7,2.055,2.12,2.02,2.09,766716,,,,1,2026-07-08T19:51:31+00:00,116,SB SRXH MINCHART 2026/07/08-14:51 2026/07/08-15:51 1,candidate_chart_query,$Bar SRXH 2026/07/08-15:10 2.12 2.02 2.055 2.09 766716 1
das_cmdapi_live_20260708T193719Z,2026-07-08,SRXH,SRXH,2026/07/08-15:09,2026-07-08,2026-07-08T19:09:00Z,2026,7,2.08,2.11,2.03,2.0588,577427,,,,1,2026-07-08T19:51:31+00:00,117,SB SRXH MINCHART 2026/07/08-14:51 2026/07/08-15:51 1,candidate_chart_query,$Bar SRXH 2026/07/08-15:09 2.11 2.03 2.08 2.0588 577427 1
das_cmdapi_live_20260708T193719Z,2026-07-08,SRXH,SRXH,2026/07/08-15:08,2026-07-08,2026-07-08T19:08:00Z,2026,7,2.1,2.12,2.05,2.08,675582,,,,1,2026-07-08T19:51:31+00:00,118,SB SRXH MINCHART 2026/07/08-14:51 2026/07/08-15:51 1,candidate_chart_query,$Bar SRXH 2026/07/08-15:08 2.12 2.05 2.1 2.08 675582 1
das_cmdapi_live_20260708T193719Z,2026-07-08,SRXH,SRXH,2026/07/08-15:07,2026-07-08,2026-07-08T19:07:00Z,2026,7,2.025,2.14,2.0,2.1,1152941,,,,1,2026-07-08T19:51:31+00:00,119,SB SRXH MINCHART 2026/07/08-14:51 2026/07/08-15:51 1,candidate_chart_query,$Bar SRXH 2026/07/08-15:07 2.14 2 2.025 2.1 1152941 1
das_cmdapi_live_20260708T193719Z,2026-07-08,SRXH,SRXH,2026/07/08-15:06,2026-07-08,2026-07-08T19:06:00Z,2026,7,1.96,2.04,1.95,2.025,845230,,,,1,2026-07-08T19:51:31+00:00,120,SB SRXH MINCHART 2026/07/08-14:51 2026/07/08-15:51 1,candidate_chart_query,$Bar SRXH 2026/07/08-15:06 2.04 1.95 1.96 2.025 845230 1
das_cmdapi_live_20260708T193719Z,2026-07-08,SRXH,SRXH,2026/07/08-15:05,2026-07-08,2026-07-08T19:05:00Z,2026,7,1.901,1.97,1.9,1.9587,789524,,,,1,2026-07-08T19:51:31+00:00,121,SB SRXH MINCHART 2026/07/08-14:51 2026/07/08-15:51 1,candidate_chart_query,$Bar SRXH 2026/07/08-15:05 1.97 1.9 1.901 1.9587 789524 1
das_cmdapi_live_20260708T193719Z,2026-07-08,SRXH,SRXH,2026/07/08-15:04,2026-07-08,2026-07-08T19:04:00Z,2026,7,1.8801,1.91,1.83,1.905,508425,,,,1,2026-07-08T19:51:31+00:00,122,SB SRXH MINCHART 2026/07/08-14:51 2026/07/08-15:51 1,candidate_chart_query,$Bar SRXH 2026/07/08-15:04 1.91 1.83 1.8801 1.905 508425 1
das_cmdapi_live_20260708T193719Z,2026-07-08,SRXH,SRXH,2026/07/08-15:03,2026-07-08,2026-07-08T19:03:00Z,2026,7,1.8899,1.89,1.86,1.89,337353,,,,1,2026-07-08T19:51:31+00:00,123,SB SRXH MINCHART 2026/07/08-14:51 2026/07/08-15:51 1,candidate_chart_query,$Bar SRXH 2026/07/08-15:03 1.89 1.86 1.8899 1.89 337353 1
das_cmdapi_live_20260708T193719Z,2026-07-08,SRXH,SRXH,2026/07/08-15:02,2026-07-08,2026-07-08T19:02:00Z,2026,7,1.89,1.9,1.81,1.885,544633,,,,1,2026-07-08T19:51:31+00:00,124,SB SRXH MINCHART 2026/07/08-14:51 2026/07/08-15:51 1,candidate_chart_query,$Bar SRXH 2026/07/08-15:02 1.9 1.81 1.89 1.885 544633 1
das_cmdapi_live_20260708T193719Z,2026-07-08,SRXH,SRXH,2026/07/08-15:01,2026-07-08,2026-07-08T19:01:00Z,2026,7,1.85,1.95,1.84,1.9,643272,,,,1,2026-07-08T19:51:31+00:00,125,SB SRXH MINCHART 2026/07/08-14:51 2026/07/08-15:51 1,candidate_chart_query,$Bar SRXH 2026/07/08-15:01 1.95 1.84 1.85 1.9 643272 1
das_cmdapi_live_20260708T193719Z,2026-07-08,SRXH,SRXH,2026/07/08-15:00,2026-07-08,2026-07-08T19:00:00Z,2026,7,1.865,1.87,1.82,1.8465,247724,,,,1,2026-07-08T19:51:31+00:00,126,SB SRXH MINCHART 2026/07/08-14:51 2026/07/08-15:51 1,candidate_chart_query,$Bar SRXH 2026/07/08-15:00 1.87 1.82 1.865 1.8465 247724 1
das_cmdapi_live_20260708T193719Z,2026-07-08,SRXH,SRXH,2026/07/08-14:59,2026-07-08,2026-07-08T18:59:00Z,2026,7,1.82,1.88,1.82,1.86,493586,,,,1,2026-07-08T19:51:31+00:00,127,SB SRXH MINCHART 2026/07/08-14:51 2026/07/08-15:51 1,candidate_chart_query,$Bar SRXH 2026/07/08-14:59 1.88 1.82 1.82 1.86 493586 1
das_cmdapi_live_20260708T193719Z,2026-07-08,SRXH,SRXH,2026/07/08-14:58,2026-07-08,2026-07-08T18:58:00Z,2026,7,1.8,1.85,1.77,1.8201,366492,,,,1,2026-07-08T19:51:31+00:00,128,SB SRXH MINCHART 2026/07/08-14:51 2026/07/08-15:51 1,candidate_chart_query,$Bar SRXH 2026/07/08-14:58 1.85 1.77 1.8 1.8201 366492 1
das_cmdapi_live_20260708T193719Z,2026-07-08,SRXH,SRXH,2026/07/08-14:57,2026-07-08,2026-07-08T18:57:00Z,2026,7,1.7801,1.84,1.75,1.795,645719,,,,1,2026-07-08T19:51:31+00:00,129,SB SRXH MINCHART 2026/07/08-14:51 2026/07/08-15:51 1,candidate_chart_query,$Bar SRXH 2026/07/08-14:57 1.84 1.75 1.7801 1.795 645719 1
das_cmdapi_live_20260708T193719Z,2026-07-08,SRXH,SRXH,2026/07/08-14:56,2026-07-08,2026-07-08T18:56:00Z,2026,7,1.73,1.81,1.71,1.7887,622534,,,,1,2026-07-08T19:51:31+00:00,130,SB SRXH MINCHART 2026/07/08-14:51 2026/07/08-15:51 1,candidate_chart_query,$Bar SRXH 2026/07/08-14:56 1.81 1.71 1.73 1.7887 622534 1
das_cmdapi_live_20260708T193719Z,2026-07-08,SRXH,SRXH,2026/07/08-14:55,2026-07-08,2026-07-08T18:55:00Z,2026,7,1.64,1.73,1.64,1.7298,284638,,,,1,2026-07-08T19:51:31+00:00,131,SB SRXH MINCHART 2026/07/08-14:51 2026/07/08-15:51 1,candidate_chart_query,$Bar SRXH 2026/07/08-14:55 1.73 1.64 1.64 1.7298 284638 1
das_cmdapi_live_20260708T193719Z,2026-07-08,SRXH,SRXH,2026/07/08-14:54,2026-07-08,2026-07-08T18:54:00Z,2026,7,1.645,1.65,1.63,1.645,108335,,,,1,2026-07-08T19:51:31+00:00,132,SB SRXH MINCHART 2026/07/08-14:51 2026/07/08-15:51 1,candidate_chart_query,$Bar SRXH 2026/07/08-14:54 1.65 1.63 1.645 1.645 108335 1
das_cmdapi_live_20260708T193719Z,2026-07-08,SRXH,SRXH,2026/07/08-14:53,2026-07-08,2026-07-08T18:53:00Z,2026,7,1.6253,1.649,1.62,1.6401,194431,,,,1,2026-07-08T19:51:31+00:00,133,SB SRXH MINCHART 2026/07/08-14:51 2026/07/08-15:51 1,candidate_chart_query,$Bar SRXH 2026/07/08-14:53 1.649 1.62 1.6253 1.6401 194431 1
das_cmdapi_live_20260708T193719Z,2026-07-08,SRXH,SRXH,2026/07/08-14:52,2026-07-08,2026-07-08T18:52:00Z,2026,7,1.65,1.655,1.62,1.6283,114431,,,,1,2026-07-08T19:51:31+00:00,134,SB SRXH MINCHART 2026/07/08-14:51 2026/07/08-15:51 1,candidate_chart_query,$Bar SRXH 2026/07/08-14:52 1.655 1.62 1.65 1.6283 114431 1
das_cmdapi_live_20260708T193719Z,2026-07-08,SRXH,SRXH,2026/07/08-14:51,2026-07-08,2026-07-08T18:51:00Z,2026,7,1.6413,1.68,1.61,1.651,175751,,,,1,2026-07-08T19:51:31+00:00,135,SB SRXH MINCHART 2026/07/08-14:51 2026/07/08-15:51 1,candidate_chart_query,$Bar SRXH 2026/07/08-14:51 1.68 1.61 1.6413 1.651 175751 1
