status,n_cases,pct_cases
NO_1M_COVERAGE,740,22.188905547226387
NO_POST_COVERAGE,151,4.527736131934033
NO_PRE_COVERAGE,164,4.917541229385307
PASS,2280,68.36581709145428
