ticker,accession_number,form,filing_date,target_cik,document_issuer_cik,document_issuer_name,archive_cik,structured_position_rows,supported_common_equity_rows,interval_family,source_url,source_sha256
ADTX,0001213900-20-017125,3,2020-07-09,0001726711,0001726711,"ADiTx Therapeutics, Inc.",0001726711,2,2,TARGET_CIK_COMMON_EQUITY_CONTINUITY_CANDIDATE,https://www.sec.gov/Archives/edgar/data/1726711/000121390020017125/ownership.xml,0e3fd66c8a0d986262d4bd802f78ef9502d947e1a2702a81a296397e8566d435
ADTX,0001213900-20-017127,3,2020-07-09,0001726711,0001726711,"ADiTx Therapeutics, Inc.",0001726711,1,1,TARGET_CIK_COMMON_EQUITY_CONTINUITY_CANDIDATE,https://www.sec.gov/Archives/edgar/data/1726711/000121390020017127/ownership.xml,30eecbc18304701c3319dbc4a7d3bd7310d92b5c92342367e97a9583cff36a16
ADTX,0001213900-20-017133,3,2020-07-09,0001726711,0001726711,"ADiTx Therapeutics, Inc.",0001726711,1,1,TARGET_CIK_COMMON_EQUITY_CONTINUITY_CANDIDATE,https://www.sec.gov/Archives/edgar/data/1726711/000121390020017133/ownership.xml,785e9dfa8c6a05b02b7f44030432fd9ae6c68ae0b45e625523136096c6188e84
ADTX,0001213900-20-017971,3,2020-07-20,0001726711,0001726711,"ADiTx Therapeutics, Inc.",0001726711,2,2,TARGET_CIK_COMMON_EQUITY_CONTINUITY_CANDIDATE,https://www.sec.gov/Archives/edgar/data/1726711/000121390020017971/ownership.xml,d9bdeed705902a32d7d575e5e3222ae8a7b40a200e44e18a9ab3afa6dbc5f4bf
ADTX,0001213900-20-023119,3/A,2020-08-20,0001726711,0001726711,"ADiTx Therapeutics, Inc.",0001726711,1,1,TARGET_CIK_COMMON_EQUITY_CONTINUITY_CANDIDATE,https://www.sec.gov/Archives/edgar/data/1726711/000121390020023119/ownership.xml,bce3e8add6ba952d8de03ef6fb7c791c037b6bd430ab4a41f58c69a72cbbda74
AGL,0001209191-21-026700,3,2021-04-14,0001831097,0001831097,"agilon health, inc.",0001831097,1,1,TARGET_CIK_COMMON_EQUITY_CONTINUITY_CANDIDATE,https://www.sec.gov/Archives/edgar/data/1831097/000120919121026700/doc3.xml,ea82d3ad6a20bd08b1e0a700698a2f7605fde38a8baa5f6e95606f94a034b1f2
AGL,0001209191-21-026702,3,2021-04-14,0001831097,0001831097,"agilon health, inc.",0001831097,1,1,TARGET_CIK_COMMON_EQUITY_CONTINUITY_CANDIDATE,https://www.sec.gov/Archives/edgar/data/1831097/000120919121026702/doc3.xml,287fe4786f5333b7abef4bc6119aec9829b461a0c6bb756d039e5136b42d9560
AGL,0001209191-21-026705,3,2021-04-14,0001831097,0001831097,"agilon health, inc.",0001831097,1,1,TARGET_CIK_COMMON_EQUITY_CONTINUITY_CANDIDATE,https://www.sec.gov/Archives/edgar/data/1831097/000120919121026705/doc3.xml,cdc0ce972a8b2f7d3c06778fb2b3b22d55628b3de185b1c022987af2a7709e8b
AGL,0001209191-21-026708,3,2021-04-14,0001831097,0001831097,"agilon health, inc.",0001831097,1,1,TARGET_CIK_COMMON_EQUITY_CONTINUITY_CANDIDATE,https://www.sec.gov/Archives/edgar/data/1831097/000120919121026708/doc3.xml,e58c572e6f21f5afec2d2974daf34650e9325044ae87d223ef388a0e43402b12
AGL,0001209191-21-026716,3,2021-04-14,0001831097,0001831097,"agilon health, inc.",0001831097,1,1,TARGET_CIK_COMMON_EQUITY_CONTINUITY_CANDIDATE,https://www.sec.gov/Archives/edgar/data/1831097/000120919121026716/doc3.xml,cd698291e323422bd5748cb4ed8558b890c968a7c6a224e92c96ed8e9dee4faf
AGL,0001209191-21-026721,3,2021-04-14,0001831097,0001831097,"agilon health, inc.",0001831097,1,1,TARGET_CIK_COMMON_EQUITY_CONTINUITY_CANDIDATE,https://www.sec.gov/Archives/edgar/data/1831097/000120919121026721/doc3.xml,84e3b038a7a8f10557f0040996de66cb0868bd71fc77bf4a5945c4b1d3c3c073
AGL,0001209191-21-026723,3,2021-04-14,0001831097,0001831097,"agilon health, inc.",0001831097,1,1,TARGET_CIK_COMMON_EQUITY_CONTINUITY_CANDIDATE,https://www.sec.gov/Archives/edgar/data/1831097/000120919121026723/doc3.xml,a650a4b1fba878e5c18513acccd73aaec5e7a2307d7eab1a7ebb689a93a7c853
AGL,0001209191-21-027042,3,2021-04-16,0001831097,0001831097,"agilon health, inc.",0001831097,2,2,TARGET_CIK_COMMON_EQUITY_CONTINUITY_CANDIDATE,https://www.sec.gov/Archives/edgar/data/1831097/000120919121027042/doc3.xml,e3a62284c5ee91d377e917236ab25b25cef8f64ddd1bef3b95ad843bca781440
AGL,0001209191-23-046529,3,2023-08-18,0001831097,0001831097,"agilon health, inc.",0001831097,1,1,TARGET_CIK_COMMON_EQUITY_CONTINUITY_CANDIDATE,https://www.sec.gov/Archives/edgar/data/1831097/000120919123046529/doc3.xml,587b34ddd134c7f992d1788f51ad3b622104d119af2d549c4b0b7eab1beaaed3
AGL,0001628280-25-014576,3,2025-03-24,0001831097,0001831097,"agilon health, inc.",0001831097,1,1,TARGET_CIK_COMMON_EQUITY_CONTINUITY_CANDIDATE,https://www.sec.gov/Archives/edgar/data/1831097/000162828025014576/wk-form3_1742856587.xml,693f4fc1d874811011394bd4dfb5ce15b3d77270f768dd6b0577271e9f1bc3ea
AGL,0001140361-25-014418,DEF 14A,2025-04-17,0001831097,,"agilon health, inc.",0001831097,19,19,ISSUER_FILED_BASELINE_METADATA_CONTINUITY_CANDIDATE,https://www.sec.gov/Archives/edgar/data/1831097/000114036125014418/ny20042732x1_def14a.htm,d990d061db57b30c2034715f3c71ca19828986ce541bd2752a0a0ddf1774d5b0
AGL,0001140361-26-006007,DEF 14A,2026-02-18,0001831097,,,0001831097,16,16,ISSUER_FILED_BASELINE_METADATA_CONTINUITY_CANDIDATE,https://www.sec.gov/Archives/edgar/data/1831097/000114036126006007/ny20062738x1_def14a.htm,2a3e008b286003483fd0e92c4bfed60cb6fb8ec31832e409383de6891da70c02
AGL,0001628280-26-014064,4,2026-03-03,0001831097,0001831097,"agilon health, inc.",0001831097,1,1,TARGET_CIK_COMMON_EQUITY_CONTINUITY_CANDIDATE,https://www.sec.gov/Archives/edgar/data/1831097/000162828026014064/wk-form4_1772576906.xml,1ce9b8914c90288f297684d28a7666524f7d604d2c3c98f97b7107fdd62364b7
ALR,0001104659-12-062531,3,2012-09-10,0001159281,0001159281,FIVE STAR QUALITY CARE INC,0001159281,1,1,TARGET_CIK_COMMON_EQUITY_CONTINUITY_CANDIDATE,https://www.sec.gov/Archives/edgar/data/1159281/000110465912062531/a3.xml,92a60aefc1bd772b3ff0aa35751c9104b56e2413bc4a2adee6c1f988972f57ef
ALR,0001104659-16-087736,3,2016-01-04,0001159281,0001159281,FIVE STAR QUALITY CARE INC,0001159281,1,1,TARGET_CIK_COMMON_EQUITY_CONTINUITY_CANDIDATE,https://www.sec.gov/Archives/edgar/data/1159281/000110465916087736/a3.xml,e7d4875238f62c04d77645a4d8addb031c9d9e5124b1882b553ad83cb80bd1ea
ALR,0001104659-16-156973,3,2016-11-14,0001159281,0001159281,"FIVE STAR QUALITY CARE, INC.",0001159281,2,2,TARGET_CIK_COMMON_EQUITY_CONTINUITY_CANDIDATE,https://www.sec.gov/Archives/edgar/data/1159281/000110465916156973/a3.xml,0d7b3683a1f4c308ace405ed90b946789578a58925e5aadb7c0937df3c3a8012
ALR,0001104659-16-157012,3,2016-11-14,0001159281,0001159281,"FIVE STAR QUALITY CARE, INC.",0001159281,2,2,TARGET_CIK_COMMON_EQUITY_CONTINUITY_CANDIDATE,https://www.sec.gov/Archives/edgar/data/1159281/000110465916157012/a3.xml,c5b471fb9f5dc557f384569318e8244234a4ba3d795c2d779aad69e039a8b11e
ALR,0001104659-19-033455,3,2019-06-03,0001159281,0001159281,FIVE STAR SENIOR LIVING INC.,0001159281,1,1,TARGET_CIK_COMMON_EQUITY_CONTINUITY_CANDIDATE,https://www.sec.gov/Archives/edgar/data/1159281/000110465919033455/a3.xml,8ade5402b6fe43d88044f39daf4d1be955b45a2868bb9d2ea964d7013a41948b
ALR,0001104659-20-000445,3,2020-01-02,0001159281,0001159281,FIVE STAR SENIOR LIVING INC.,0001159281,1,1,TARGET_CIK_COMMON_EQUITY_CONTINUITY_CANDIDATE,https://www.sec.gov/Archives/edgar/data/1159281/000110465920000445/a3.xml,42a749609303d694b896506857af00eb9ebaf2ab3d49bc130e95b8e5881cabe8
ALR,0001104659-20-026254,3,2020-02-27,0001159281,0001159281,FIVE STAR SENIOR LIVING INC.,0001159281,1,1,TARGET_CIK_COMMON_EQUITY_CONTINUITY_CANDIDATE,https://www.sec.gov/Archives/edgar/data/1159281/000110465920026254/a3.xml,11f70c28b5d2b2802d11d37609ae65b3beabbcc5ca4732f27b5dfe0f59b56970
ALR,0001104659-20-035476,3,2020-03-18,0001159281,0001159281,FIVE STAR SENIOR LIVING INC.,0001159281,1,1,TARGET_CIK_COMMON_EQUITY_CONTINUITY_CANDIDATE,https://www.sec.gov/Archives/edgar/data/1159281/000110465920035476/a3.xml,1df72fb1dfd5c2ac0a57ab74ba9b27d4ab35ff191310a488fb27c8c051825a72
ALR,0001104659-20-041345,3/A,2020-03-31,0001159281,0001159281,FIVE STAR SENIOR LIVING INC.,0001159281,1,1,TARGET_CIK_COMMON_EQUITY_CONTINUITY_CANDIDATE,https://www.sec.gov/Archives/edgar/data/1159281/000110465920041345/a3a.xml,305a2f0a1f0a6d8a80a6c67f43272cd9c81c3721b37d767c23b1b1f98e13ed63
ALR,0001047469-21-000883,DEF 14A,2021-04-07,0001159281,,,0001159281,11,11,ISSUER_FILED_BASELINE_METADATA_CONTINUITY_CANDIDATE,https://www.sec.gov/Archives/edgar/data/1159281/000104746921000883/a2243108zdef14a.htm,2abb8d49841be87219bf998e05f19aa9913212617fbe26e2dd4ddca885003292
ALR,0001104659-22-043199,DEF 14A,2022-04-06,0001159281,,,0001159281,11,11,ISSUER_FILED_BASELINE_METADATA_CONTINUITY_CANDIDATE,https://www.sec.gov/Archives/edgar/data/1159281/000110465922043199/tm223396-1_def14a.htm,f42d63f142e3e498681ac692d88ff15936a0edba44a7f94b1948e7595318eccf
ALR,0001104659-22-069222,4,2022-06-08,0001159281,0001159281,AlerisLife Inc.,0001159281,1,1,TARGET_CIK_COMMON_EQUITY_CONTINUITY_CANDIDATE,https://www.sec.gov/Archives/edgar/data/1159281/000110465922069222/tm2217776-7_4seq1.xml,4f405be0cdd025064780d033b64a93116e73719cc46549148cd50a43f5ae8626
ALR,0001104659-22-069224,4,2022-06-08,0001159281,0001159281,AlerisLife Inc.,0001159281,2,2,TARGET_CIK_COMMON_EQUITY_CONTINUITY_CANDIDATE,https://www.sec.gov/Archives/edgar/data/1159281/000110465922069224/tm2217776-6_4seq1.xml,8838cdae4652d9b18c0c9aacdad47ef3068655d85e96db65a0feb711d222379c
ALR,0001104659-22-069225,4,2022-06-08,0001159281,0001159281,AlerisLife Inc.,0001159281,1,1,TARGET_CIK_COMMON_EQUITY_CONTINUITY_CANDIDATE,https://www.sec.gov/Archives/edgar/data/1159281/000110465922069225/tm2217776-5_4seq1.xml,e4282b125d4dc589ee0a398f503dd23b3ae1042091b3422b3a23ac423b3046e7
ALR,0001104659-22-069226,4,2022-06-08,0001159281,0001159281,AlerisLife Inc.,0001159281,1,1,TARGET_CIK_COMMON_EQUITY_CONTINUITY_CANDIDATE,https://www.sec.gov/Archives/edgar/data/1159281/000110465922069226/tm2217776-4_4seq1.xml,136aef4d3757b19e932e4c6a41bfa5dd1f0ad657ae58587a08fb09075071ad46
ALR,0001104659-22-069228,4,2022-06-08,0001159281,0001159281,AlerisLife Inc.,0001159281,2,2,TARGET_CIK_COMMON_EQUITY_CONTINUITY_CANDIDATE,https://www.sec.gov/Archives/edgar/data/1159281/000110465922069228/tm2217776-3_4seq1.xml,932a03ea930d99f597a901b0d3ad0be464df052b0fab6849eb54648dd460d53a
ALR,0001104659-22-069230,4,2022-06-08,0001159281,0001159281,AlerisLife Inc.,0001159281,1,1,TARGET_CIK_COMMON_EQUITY_CONTINUITY_CANDIDATE,https://www.sec.gov/Archives/edgar/data/1159281/000110465922069230/tm2217776-2_4seq1.xml,6119b6fa2a548b81ab73770563bc517c3f7c796f200a0df4a4a76cca95a778a9
ALR,0001104659-22-069231,4,2022-06-08,0001159281,0001159281,AlerisLife Inc.,0001159281,1,1,TARGET_CIK_COMMON_EQUITY_CONTINUITY_CANDIDATE,https://www.sec.gov/Archives/edgar/data/1159281/000110465922069231/tm2217776-1_4seq1.xml,f5eb07da903f454a44ffc416cc2986fa634a8050deec38c4a2a1bb4b8a8ee2c3
ALR,0001104659-22-126706,4,2022-12-13,0001159281,0001159281,AlerisLife Inc.,0001159281,1,1,TARGET_CIK_COMMON_EQUITY_CONTINUITY_CANDIDATE,https://www.sec.gov/Archives/edgar/data/1159281/000110465922126706/tm2232594-1_4seq1.xml,df82d6a097d0e9ac7daaade5c91fc7e12ab140b6649a6752d016de352a0a2e83
ALR,0001104659-22-126707,4,2022-12-13,0001159281,0001159281,AlerisLife Inc.,0001159281,1,1,TARGET_CIK_COMMON_EQUITY_CONTINUITY_CANDIDATE,https://www.sec.gov/Archives/edgar/data/1159281/000110465922126707/tm2232594-2_4seq1.xml,50891c5a8cdd710952b7bcf435e51649c34ac1177e3bc742c04c9f5808c0ce84
ALR,0001104659-22-126709,4,2022-12-13,0001159281,0001159281,AlerisLife Inc.,0001159281,1,1,TARGET_CIK_COMMON_EQUITY_CONTINUITY_CANDIDATE,https://www.sec.gov/Archives/edgar/data/1159281/000110465922126709/tm2232594-3_4seq1.xml,416e6f1d29f320d1492cd6fd201d6ece45954e52d0653d2ada074a537d7061e6
ALR,0001104659-22-126712,4,2022-12-13,0001159281,0001159281,AlerisLife Inc.,0001159281,1,1,TARGET_CIK_COMMON_EQUITY_CONTINUITY_CANDIDATE,https://www.sec.gov/Archives/edgar/data/1159281/000110465922126712/tm2232594-4_4seq1.xml,26360cb41fcdf29c618f6fc06369667397f82a0b75a6d673dde1ff7953443ac0
ALR,0001104659-22-126713,4,2022-12-13,0001159281,0001159281,AlerisLife Inc.,0001159281,1,1,TARGET_CIK_COMMON_EQUITY_CONTINUITY_CANDIDATE,https://www.sec.gov/Archives/edgar/data/1159281/000110465922126713/tm2232594-5_4seq1.xml,a24d8f3cd2353aae496a3d324ad1965897591f796c55dbb5295b15186c9587f2
ALR,0001104659-22-128681,4,2022-12-20,0001159281,0001159281,AlerisLife Inc.,0001159281,1,1,TARGET_CIK_COMMON_EQUITY_CONTINUITY_CANDIDATE,https://www.sec.gov/Archives/edgar/data/1159281/000110465922128681/tm2233136-3_4seq1.xml,a9276035724f2cbb689c2cfcb0b71cfaab306eeb58e57180e54277f6f38165a9
ALR,0001104659-22-128682,4,2022-12-20,0001159281,0001159281,AlerisLife Inc.,0001159281,1,1,TARGET_CIK_COMMON_EQUITY_CONTINUITY_CANDIDATE,https://www.sec.gov/Archives/edgar/data/1159281/000110465922128682/tm2233136-1_4seq1.xml,ca646783df5b08d714743742ecd9d03aa547ae2673fc38564a17737f40c4a906
ALR,0001104659-22-128683,4,2022-12-20,0001159281,0001159281,AlerisLife Inc.,0001159281,1,1,TARGET_CIK_COMMON_EQUITY_CONTINUITY_CANDIDATE,https://www.sec.gov/Archives/edgar/data/1159281/000110465922128683/tm2233136-5_4seq1.xml,4646c6698d9b72b67b1deca5ca1e54e85d24ffbde61f6cf5ca70338679e6b23b
ALR,0001104659-22-128685,4,2022-12-20,0001159281,0001159281,AlerisLife Inc.,0001159281,1,1,TARGET_CIK_COMMON_EQUITY_CONTINUITY_CANDIDATE,https://www.sec.gov/Archives/edgar/data/1159281/000110465922128685/tm2233136-4_4seq1.xml,b3ef9e8135e2e04d0d4256d166ab079f1bfc0fc2a0e0b80aaa34d1ab3715735f
ALR,0001104659-22-128686,4,2022-12-20,0001159281,0001159281,AlerisLife Inc.,0001159281,1,1,TARGET_CIK_COMMON_EQUITY_CONTINUITY_CANDIDATE,https://www.sec.gov/Archives/edgar/data/1159281/000110465922128686/tm2233136-2_4seq1.xml,37e200a87f365ee27d7d35d1b1d6d8a99f7816953f10ce2c4da45abeb0241b87
ALR,0001415889-23-005157,4,2023-03-20,0001159281,0001159281,AlerisLife Inc.,0001159281,1,1,TARGET_CIK_COMMON_EQUITY_CONTINUITY_CANDIDATE,https://www.sec.gov/Archives/edgar/data/1159281/000141588923005157/form4-03202023_010320.xml,6c9de41e785db12c75c56a8feca469c3bf88f598bc1da5fb13a50bd323630b93
ALR,0001415889-23-005158,4,2023-03-20,0001159281,0001159281,AlerisLife Inc.,0001159281,1,1,TARGET_CIK_COMMON_EQUITY_CONTINUITY_CANDIDATE,https://www.sec.gov/Archives/edgar/data/1159281/000141588923005158/form4-03202023_010317.xml,6c244b2e69424908c1d7d3764e90589ccf9672da7ea27fb9a5dee5d87aa5b00d
ALR,0001415889-23-005159,4,2023-03-20,0001159281,0001159281,AlerisLife Inc.,0001159281,1,1,TARGET_CIK_COMMON_EQUITY_CONTINUITY_CANDIDATE,https://www.sec.gov/Archives/edgar/data/1159281/000141588923005159/form4-03202023_010311.xml,3e43485404a3d4fd17cefe4204f618a83ff0825b6ea81982b671a5687978f7e0
ALR,0001415889-23-005160,4,2023-03-20,0001159281,0001159281,AlerisLife Inc.,0001159281,1,1,TARGET_CIK_COMMON_EQUITY_CONTINUITY_CANDIDATE,https://www.sec.gov/Archives/edgar/data/1159281/000141588923005160/form4-03202023_010319.xml,2c0725312400655e25be8c07ad32082ecadcff686d339f3fc4fa374b2874db88
ALR,0001415889-23-005161,4,2023-03-20,0001159281,0001159281,AlerisLife Inc.,0001159281,2,2,TARGET_CIK_COMMON_EQUITY_CONTINUITY_CANDIDATE,https://www.sec.gov/Archives/edgar/data/1159281/000141588923005161/form4-03202023_010319.xml,ec435aee86fb3609a1ef3d6cc77b05755bc4dbcb372f3f0c1cb0f5002f1de308
ALR,0001415889-23-005162,4,2023-03-20,0001159281,0001159281,AlerisLife Inc.,0001159281,1,1,TARGET_CIK_COMMON_EQUITY_CONTINUITY_CANDIDATE,https://www.sec.gov/Archives/edgar/data/1159281/000141588923005162/form4-03202023_010326.xml,f4ec7fcba45ebbf166389dc338fe7ffc1993365a9aa6cfe581c7709f7c30978b
ALR,0001415889-23-005166,4,2023-03-20,0001159281,0001159281,AlerisLife Inc.,0001159281,1,1,TARGET_CIK_COMMON_EQUITY_CONTINUITY_CANDIDATE,https://www.sec.gov/Archives/edgar/data/1159281/000141588923005166/form4-03202023_010331.xml,95e53310828ec187fd03a2b868895ee974c8e2a0a3d66f5b8e3743ffbec5522d
ALR,0001415889-23-005167,4,2023-03-20,0001159281,0001159281,AlerisLife Inc.,0001159281,1,1,TARGET_CIK_COMMON_EQUITY_CONTINUITY_CANDIDATE,https://www.sec.gov/Archives/edgar/data/1159281/000141588923005167/form4-03202023_010321.xml,6d50e941e5cf4f9934c5cd725dcdc05ff0fb0e0362c0e5be47d166b50166b3bf
ALR,0001415889-23-005168,4,2023-03-20,0001159281,0001159281,AlerisLife Inc.,0001159281,1,1,TARGET_CIK_COMMON_EQUITY_CONTINUITY_CANDIDATE,https://www.sec.gov/Archives/edgar/data/1159281/000141588923005168/form4-03202023_010312.xml,7e593627044b109fe1634fc0ee0f16e1bdc00aec98daa3cc22e34fd532ba17f1
ALR,0001415889-23-005169,4,2023-03-20,0001159281,0001159281,AlerisLife Inc.,0001159281,2,2,TARGET_CIK_COMMON_EQUITY_CONTINUITY_CANDIDATE,https://www.sec.gov/Archives/edgar/data/1159281/000141588923005169/form4-03202023_010349.xml,ab93f3dc4c917b95466a138d4f3d2ff8da822abe6b5f889718152bd8645837b7
AULT,0001214659-23-003750,3,2023-03-10,0000896493,0001437491,"Ecoark Holdings, Inc.",0000896493,1,1,NON_TARGET_ISSUER_DOCUMENT_MUST_BE_REJECTED,https://www.sec.gov/Archives/edgar/data/896493/000121465923003750/marketforms-60776.xml,ebfd1ca886081840b5002d646bb91a188c5b564219b29fedb215f66dcba1951f
AUMN,0001011034-11-000128,3,2011-10-11,0001011509,0001011509,Golden Minerals Co,0001011509,1,1,TARGET_CIK_COMMON_EQUITY_CONTINUITY_CANDIDATE,https://www.sec.gov/Archives/edgar/data/1011509/000101103411000128/primary_doc.xml,f84f2249ec3fd0922df96549c09605a2979f26bacdfb5788ef381dd32af7dfdd
AUMN,0001011034-11-000129,3,2011-10-11,0001011509,0001011509,Golden Minerals Co,0001011509,1,1,TARGET_CIK_COMMON_EQUITY_CONTINUITY_CANDIDATE,https://www.sec.gov/Archives/edgar/data/1011509/000101103411000129/primary_doc.xml,d08a88b09f8cbe7aa18cabfbdc37cfb58a43b2a23be34de895a74420d1d96af5
AUMN,0001140361-12-008605,3,2012-02-15,0001011509,0001011509,Golden Minerals Co,0001011509,1,1,TARGET_CIK_COMMON_EQUITY_CONTINUITY_CANDIDATE,https://www.sec.gov/Archives/edgar/data/1011509/000114036112008605/doc1.xml,21a5f2204a84e7ccd4672229cac94cc535457f15b916681f10726f7ab9870b77
AUMN,0001493152-24-026248,4,2024-07-03,0001011509,0001011509,Golden Minerals Co,0001011509,1,1,TARGET_CIK_COMMON_EQUITY_CONTINUITY_CANDIDATE,https://www.sec.gov/Archives/edgar/data/1011509/000149315224026248/ownership.xml,9b2f8ef43219922bab45020e383f404c0d41199a55a6d9ad0ac904f949c6c99e
AUMN,0001493152-24-035454,4,2024-09-09,0001011509,0001011509,Golden Minerals Co,0001011509,3,3,TARGET_CIK_COMMON_EQUITY_CONTINUITY_CANDIDATE,https://www.sec.gov/Archives/edgar/data/1011509/000149315224035454/ownership.xml,2af4e53ac366d22dc98a694fc2659cabe0a843a3ccfa198940e322cbefa80dbf
BBBY,0001179110-17-001889,3,2017-02-07,0001130713,0001130713,"OVERSTOCK.COM, INC",0001130713,1,1,TARGET_CIK_COMMON_EQUITY_CONTINUITY_CANDIDATE,https://www.sec.gov/Archives/edgar/data/1130713/000117911017001889/edgar.xml,cf48144d5df63f0d1f767e1604a5a987a651f271ffb804018639a550858433eb
BBBY,0001179110-17-001890,3,2017-02-07,0001130713,0001130713,"OVERSTOCK.COM, INC",0001130713,2,2,TARGET_CIK_COMMON_EQUITY_CONTINUITY_CANDIDATE,https://www.sec.gov/Archives/edgar/data/1130713/000117911017001890/edgar.xml,aaa88af4b00f009c158e9dc268d497db8e2a4a36e3af5ee2236e2cf36df44177
BBBY,0001179110-17-007076,3,2017-05-11,0001130713,0001130713,"OVERSTOCK.COM, INC",0001130713,1,1,TARGET_CIK_COMMON_EQUITY_CONTINUITY_CANDIDATE,https://www.sec.gov/Archives/edgar/data/1130713/000117911017007076/edgar.xml,0c7232178f5ff7befb964e3778d1e421402ee94a0c2f732fd8a6dbd545539a62
BBBY,0001104659-18-057236,3,2018-09-17,0001130713,0001130713,"OVERSTOCK.COM, INC",0001130713,1,1,TARGET_CIK_COMMON_EQUITY_CONTINUITY_CANDIDATE,https://www.sec.gov/Archives/edgar/data/1130713/000110465918057236/a3.xml,4ed49b42d1c52edb73cd0aac7d620120477694755885b5093ededb7e54ae5835
BBBY,0001104659-18-057237,3,2018-09-17,0001130713,0001130713,"OVERSTOCK.COM, INC",0001130713,1,1,TARGET_CIK_COMMON_EQUITY_CONTINUITY_CANDIDATE,https://www.sec.gov/Archives/edgar/data/1130713/000110465918057237/a3.xml,e095cca7796f2f61b1d31d4c603d075b951683b09514c078bed4dffdc210b3af
BBBY,0001104659-18-071807,3,2018-12-07,0001130713,0001130713,"OVERSTOCK.COM, INC",0001130713,2,2,TARGET_CIK_COMMON_EQUITY_CONTINUITY_CANDIDATE,https://www.sec.gov/Archives/edgar/data/1130713/000110465918071807/a3.xml,ef3fbb1f8b13d5b8e273574b5d9fde2097afe98de94baffb7e36b8c91c22f2fc
BBBY,0001104659-19-015291,3,2019-03-15,0001130713,0001130713,"OVERSTOCK.COM, INC",0001130713,2,2,TARGET_CIK_COMMON_EQUITY_CONTINUITY_CANDIDATE,https://www.sec.gov/Archives/edgar/data/1130713/000110465919015291/a3.xml,949993064c8329aee8329efe18815d239559130bd277022c00629ad9841bf79e
BBBY,0001179110-19-006300,3,2019-05-17,0001130713,0001130713,"OVERSTOCK.COM, INC",0001130713,1,1,TARGET_CIK_COMMON_EQUITY_CONTINUITY_CANDIDATE,https://www.sec.gov/Archives/edgar/data/1130713/000117911019006300/edgar.xml,ca73a81117bbcec40a1960ad8e37977adabfc2705d7929a7d38e2f578fa7da71
BBBY,0001179110-19-010636,3,2019-09-25,0001130713,0001130713,"OVERSTOCK.COM, INC",0001130713,2,2,TARGET_CIK_COMMON_EQUITY_CONTINUITY_CANDIDATE,https://www.sec.gov/Archives/edgar/data/1130713/000117911019010636/edgar.xml,e006d0a801449cb11a3b55df0e2731a7a352bdc050d9d24208e21a42290047fb
BBBY,0001179110-20-002176,3,2020-02-24,0001130713,0001130713,"OVERSTOCK.COM, INC",0001130713,1,1,TARGET_CIK_COMMON_EQUITY_CONTINUITY_CANDIDATE,https://www.sec.gov/Archives/edgar/data/1130713/000117911020002176/edgar.xml,a664aedab9cfd6d87c52bf16b664bc31dae027d1f537c9249e00ec22d1f7febf
BBBY,0001179110-20-004024,3,2020-03-20,0001130713,0001130713,"OVERSTOCK.COM, INC",0001130713,1,1,TARGET_CIK_COMMON_EQUITY_CONTINUITY_CANDIDATE,https://www.sec.gov/Archives/edgar/data/1130713/000117911020004024/edgar.xml,33ab25a971932af75f2f41af12b88b2bcaeece73b27b4fc8441882ec85eb3c1e
BBBY,0001013594-23-000799,SC 13D,2023-10-16,0001130713,,,0001130713,3,0,TRUE_IDENTITY_EVIDENCE_GAP_OR_UNSUPPORTED_CLASS,https://www.sec.gov/Archives/edgar/data/1130713/000101359423000799/over13d-101320.htm,52e3a987225a5c2147802468f4966404f94d81c43b213e99820821681d50539a
BBBY,0001013594-23-000872,SC 13D/A,2023-11-03,0001130713,,,0001130713,3,0,TRUE_IDENTITY_EVIDENCE_GAP_OR_UNSUPPORTED_CLASS,https://www.sec.gov/Archives/edgar/data/1130713/000101359423000872/jat13da1-110223.htm,6d3f4db0e8ed443aa87e69e44dff427950710a16892e6b92f3a744b25161b3e0
BBBY,0001013594-23-000945,SC 13D/A,2023-11-20,0001130713,,,0001130713,3,0,TRUE_IDENTITY_EVIDENCE_GAP_OR_UNSUPPORTED_CLASS,https://www.sec.gov/Archives/edgar/data/1130713/000101359423000945/jat13da2-11202023.htm,1a6f24973740f25955b708c033f2655fdf07a2557775073481e79dc728ffca2c
BBBY,0001415889-25-008206,3,2025-03-17,0001130713,0001130713,"BEYOND, INC.",0001130713,1,1,TARGET_CIK_COMMON_EQUITY_CONTINUITY_CANDIDATE,https://www.sec.gov/Archives/edgar/data/1130713/000141588925008206/form3-03172025_080300.xml,dde920ceffe615d37c853f85d0d636a6061efba8d8efcc16c9d028f47adb6d1c
BBBY,0001415889-25-008213,3,2025-03-17,0001130713,0001130713,"BEYOND, INC.",0001130713,2,2,TARGET_CIK_COMMON_EQUITY_CONTINUITY_CANDIDATE,https://www.sec.gov/Archives/edgar/data/1130713/000141588925008213/form3-03172025_080346.xml,b33f1ce6e788b17ac67673a60def0fec27a76eff1fb207897995202fa490185c
BTBT,0001213900-25-072656,3,2025-08-06,0001710350,0002042022,"WhiteFiber, Inc.",0001710350,1,1,NON_TARGET_ISSUER_DOCUMENT_MUST_BE_REJECTED,https://www.sec.gov/Archives/edgar/data/1710350/000121390025072656/ownership.xml,1ac2ebee60ded00ae78cf990c30fea7582e499c8a38033217a7d254ab98778c0
CDT,0001493152-24-049097,DEF 14A,2024-12-06,0001896212,,,0001896212,9,9,ISSUER_FILED_BASELINE_METADATA_CONTINUITY_CANDIDATE,https://www.sec.gov/Archives/edgar/data/1896212/000149315224049097/formdef14a.htm,a0597aaa59c8c8bf29201ae1eb79c1411f445775cb6bf86719773e498aa39f5a
CJES,0001104659-15-022136,3,2015-03-24,0001615817,0001615817,C&J Energy Services Ltd.,0001615817,1,1,TARGET_CIK_COMMON_EQUITY_CONTINUITY_CANDIDATE,https://www.sec.gov/Archives/edgar/data/1615817/000110465915022136/a3.xml,d34b6e71d270241a8c747e4a40a664e102a5e97d99e76d1c27f2792e74abc670
CJES,0001209191-15-028878,3,2015-03-24,0001615817,0001615817,C&J Energy Services Ltd.,0001615817,3,3,TARGET_CIK_COMMON_EQUITY_CONTINUITY_CANDIDATE,https://www.sec.gov/Archives/edgar/data/1615817/000120919115028878/doc3.xml,f3685def89abb96e522429954f94af6fd37358d73fca8c9381b35f9017911308
CJES,0001209191-15-028886,3,2015-03-24,0001615817,0001615817,C&J Energy Services Ltd.,0001615817,3,3,TARGET_CIK_COMMON_EQUITY_CONTINUITY_CANDIDATE,https://www.sec.gov/Archives/edgar/data/1615817/000120919115028886/doc3.xml,b863148e0c417bc79b08af8173e9f04da20d5b33b94f2899587990532828f832
CJES,0001209191-15-028893,3,2015-03-24,0001615817,0001615817,C&J Energy Services Ltd.,0001615817,2,2,TARGET_CIK_COMMON_EQUITY_CONTINUITY_CANDIDATE,https://www.sec.gov/Archives/edgar/data/1615817/000120919115028893/doc3.xml,9e138af05a7678623c2f13e724c3a93c9beeadebb95289f36b763251bacc1115
CJES,0001209191-15-028895,3,2015-03-24,0001615817,0001615817,C&J Energy Services Ltd.,0001615817,2,2,TARGET_CIK_COMMON_EQUITY_CONTINUITY_CANDIDATE,https://www.sec.gov/Archives/edgar/data/1615817/000120919115028895/doc3.xml,6790e38a0e6da54e9f3d5c0b8ec6b7a4400dcf879b8a9a7f85f6939f40fe9f56
CJES,0001209191-15-028900,3,2015-03-24,0001615817,0001615817,C&J Energy Services Ltd.,0001615817,2,2,TARGET_CIK_COMMON_EQUITY_CONTINUITY_CANDIDATE,https://www.sec.gov/Archives/edgar/data/1615817/000120919115028900/doc3.xml,460db98bbf065fc8602527a108bd2c354104a301571e8e3ef73a19a66258d97e
CJES,0001209191-15-028918,3,2015-03-24,0001615817,0001615817,C&J Energy Services Ltd.,0001615817,2,2,TARGET_CIK_COMMON_EQUITY_CONTINUITY_CANDIDATE,https://www.sec.gov/Archives/edgar/data/1615817/000120919115028918/doc3.xml,7a907c38202860101aad492a9860deba363849c8e4372f2d562e64a9db9dc5c7
CJES,0001209191-15-028923,3,2015-03-24,0001615817,0001615817,C&J Energy Services Ltd.,0001615817,2,2,TARGET_CIK_COMMON_EQUITY_CONTINUITY_CANDIDATE,https://www.sec.gov/Archives/edgar/data/1615817/000120919115028923/doc3.xml,34278e0056204f68319ae7e9e7f9eddc50ad0c5d3a6d7e691e9188a578864bb0
CJES,0001209191-15-028942,3,2015-03-24,0001615817,0001615817,C&J Energy Services Ltd.,0001615817,2,2,TARGET_CIK_COMMON_EQUITY_CONTINUITY_CANDIDATE,https://www.sec.gov/Archives/edgar/data/1615817/000120919115028942/doc3.xml,5196052dd425df9dab525271d2551c7d3a426fdc06ee31050b30c5eefe464b6c
CJES,0001209191-15-028945,3,2015-03-24,0001615817,0001615817,C&J Energy Services Ltd.,0001615817,1,1,TARGET_CIK_COMMON_EQUITY_CONTINUITY_CANDIDATE,https://www.sec.gov/Archives/edgar/data/1615817/000120919115028945/doc3.xml,a5f2679201910e600c5723b7879fadace0d2ac09b7966c502e8a7a8aa62a8f2d
CJES,0001209191-15-028951,3,2015-03-24,0001615817,0001615817,C&J Energy Services Ltd.,0001615817,1,1,TARGET_CIK_COMMON_EQUITY_CONTINUITY_CANDIDATE,https://www.sec.gov/Archives/edgar/data/1615817/000120919115028951/doc3.xml,74989253b401902733cd883b04956251fef7b9acc85327ba037f12721ad1bcea
CJES,0001193125-15-159831,10-K/A,2015-04-30,0001615817,,,0001615817,11,11,ISSUER_FILED_BASELINE_METADATA_CONTINUITY_CANDIDATE,https://www.sec.gov/Archives/edgar/data/1615817/000119312515159831/d917205d10ka.htm,49a4836405558cdd964fadbedc1eb314d0feb558d92b1d69df14b4702c3efd67
CJES,0001209191-15-051530,3,2015-06-09,0001615817,0001615817,C&J Energy Services Ltd.,0001615817,2,2,TARGET_CIK_COMMON_EQUITY_CONTINUITY_CANDIDATE,https://www.sec.gov/Archives/edgar/data/1615817/000120919115051530/doc3.xml,df32dbe5ffb543b9c5c62ee183f48b355f7970b4a09c84e14ce6abe9e0aeb6cb
CJES,0001193125-15-398579,DEF 14A,2015-12-09,0001615817,,,0001615817,13,13,ISSUER_FILED_BASELINE_METADATA_CONTINUITY_CANDIDATE,https://www.sec.gov/Archives/edgar/data/1615817/000119312515398579/d94250ddef14a.htm,1e24eee3cbf460d49ab913b8ce6bedea356655f84181c6cd79ad7ad7dc5b95d6
CJES,0001193125-16-539949,DEF 14A,2016-04-13,0001615817,,,0001615817,13,13,ISSUER_FILED_BASELINE_METADATA_CONTINUITY_CANDIDATE,https://www.sec.gov/Archives/edgar/data/1615817/000119312516539949/d16361ddef14a.htm,75440da48731baa999bd2e64bd35cd5f6c77caba36305191f1dbb177aeb8d8ce
CJES,0000899243-16-021818,4,2016-06-06,0001615817,0001615817,C&J Energy Services Ltd.,0001615817,1,1,TARGET_CIK_COMMON_EQUITY_CONTINUITY_CANDIDATE,https://www.sec.gov/Archives/edgar/data/1615817/000089924316021818/doc4.xml,0ead5359a30e5c3f89d670f5373dc383b366c30f49fe4c5f55f06edbc0dc1521
CJES,0000899243-16-021819,4,2016-06-06,0001615817,0001615817,C&J Energy Services Ltd.,0001615817,2,2,TARGET_CIK_COMMON_EQUITY_CONTINUITY_CANDIDATE,https://www.sec.gov/Archives/edgar/data/1615817/000089924316021819/doc4.xml,390435e34f263e234c9f3e379726f0c9d03f6814e683e82ec4e4fac904399aba
CJES,0000899243-16-021823,4,2016-06-06,0001615817,0001615817,C&J Energy Services Ltd.,0001615817,1,1,TARGET_CIK_COMMON_EQUITY_CONTINUITY_CANDIDATE,https://www.sec.gov/Archives/edgar/data/1615817/000089924316021823/doc4.xml,8cfac538de8e42a4f609cf3f9fd3ae6a6e1dd6cf8cf178331187e26608e4e6e7
CJES,0000899243-16-021824,4,2016-06-06,0001615817,0001615817,C&J Energy Services Ltd.,0001615817,1,1,TARGET_CIK_COMMON_EQUITY_CONTINUITY_CANDIDATE,https://www.sec.gov/Archives/edgar/data/1615817/000089924316021824/doc4.xml,c5dd932c82641830e4ab1d4b27cc86037d012704a6fd42bdef719947f60c01e3
CJES,0000899243-16-021825,4,2016-06-06,0001615817,0001615817,C&J Energy Services Ltd.,0001615817,1,1,TARGET_CIK_COMMON_EQUITY_CONTINUITY_CANDIDATE,https://www.sec.gov/Archives/edgar/data/1615817/000089924316021825/doc4.xml,02c5678c05dd018ce411d185fb72c6a6e8d202975315d5f48f20a9825f269805
CJES,0000899243-16-021828,4,2016-06-06,0001615817,0001615817,C&J Energy Services Ltd.,0001615817,1,1,TARGET_CIK_COMMON_EQUITY_CONTINUITY_CANDIDATE,https://www.sec.gov/Archives/edgar/data/1615817/000089924316021828/doc4.xml,b3e159fa18fff3dad6da2598e343abba4ee3528302ba992cc91f8a526d1ae0e3
CJES,0000899243-16-021830,4,2016-06-06,0001615817,0001615817,C&J Energy Services Ltd.,0001615817,1,1,TARGET_CIK_COMMON_EQUITY_CONTINUITY_CANDIDATE,https://www.sec.gov/Archives/edgar/data/1615817/000089924316021830/doc4.xml,e01f577d69583712c609dfdc621506c9ce427179741c366af01c48151ce6db0f
CJES,0000899243-16-021831,4,2016-06-06,0001615817,0001615817,C&J Energy Services Ltd.,0001615817,1,1,TARGET_CIK_COMMON_EQUITY_CONTINUITY_CANDIDATE,https://www.sec.gov/Archives/edgar/data/1615817/000089924316021831/doc4.xml,5389036c53fbe64db761769626250d89c9e71c861889e2b7e758f35ba84399d7
CJES,0000899243-16-023490,3,2016-06-23,0001615817,0001615817,C&J Energy Services Ltd.,0001615817,2,2,TARGET_CIK_COMMON_EQUITY_CONTINUITY_CANDIDATE,https://www.sec.gov/Archives/edgar/data/1615817/000089924316023490/doc3.xml,d461dd2526d27ade006563dda8d36105a13d693781f14d4f10f6d15753193de1
CLRB,0001104659-20-080838,3,2020-07-06,0001279704,0001279704,"Cellectar Biosciences, Inc.",0001279704,1,1,TARGET_CIK_COMMON_EQUITY_CONTINUITY_CANDIDATE,https://www.sec.gov/Archives/edgar/data/1279704/000110465920080838/tm2023996d1_3.xml,f5222ab473bc2c5a79c66c82fa210e3c377f1dc91e6f49e8d99aca1beaa9db7d
CLRB,0001104659-22-046521,3/A,2022-04-15,0001279704,0001279704,"Cellectar Biosciences, Inc.",0001279704,1,1,TARGET_CIK_COMMON_EQUITY_CONTINUITY_CANDIDATE,https://www.sec.gov/Archives/edgar/data/1279704/000110465922046521/tm2212832-1_3aseq1.xml,f153625fd42b42e37f0b3e18a442d0ef93629aba6dfe2d12eb3d1a561fd7d0c2
CLRB,0001104659-23-033407,3,2023-03-16,0001279704,0001279704,"Cellectar Biosciences, Inc.",0001279704,1,1,TARGET_CIK_COMMON_EQUITY_CONTINUITY_CANDIDATE,https://www.sec.gov/Archives/edgar/data/1279704/000110465923033407/tm239814d1_3.xml,7b71df7dc89224e23020d81de1cefb68bddb0cf413cfa3e45157ab907a1ab70c
CLRB,0001104659-25-065570,4,2025-07-03,0001279704,0001279704,"Cellectar Biosciences, Inc.",0001279704,2,1,TARGET_CIK_COMMON_EQUITY_CONTINUITY_CANDIDATE,https://www.sec.gov/Archives/edgar/data/1279704/000110465925065570/tm2519819-1_4seq1.xml,90e22b7ac30d5f97f4e0f6c7c19281f577bed9aab099eff30eb388a27c15076f
CLRB,0001104659-25-065572,4,2025-07-03,0001279704,0001279704,"Cellectar Biosciences, Inc.",0001279704,2,1,TARGET_CIK_COMMON_EQUITY_CONTINUITY_CANDIDATE,https://www.sec.gov/Archives/edgar/data/1279704/000110465925065572/tm2519819-2_4seq1.xml,b520bd7c534fc07fe764cfee01a45f54fb844299b4942bd0e5c10f3260735abf
CLRB,0001104659-25-065573,4,2025-07-03,0001279704,0001279704,"Cellectar Biosciences, Inc.",0001279704,2,1,TARGET_CIK_COMMON_EQUITY_CONTINUITY_CANDIDATE,https://www.sec.gov/Archives/edgar/data/1279704/000110465925065573/tm2519819-3_4seq1.xml,f2d34977800bc649842ef1a6ec92a20beb793df71aa0baa95c74952faeda9547
CLRB,0001104659-25-121691,4,2025-12-16,0001279704,0001279704,"Cellectar Biosciences, Inc.",0001279704,1,1,TARGET_CIK_COMMON_EQUITY_CONTINUITY_CANDIDATE,https://www.sec.gov/Archives/edgar/data/1279704/000110465925121691/tm2533642-1_4seq1.xml,2a11d9fc932ae9a3262ec82db5e9b11576ea0cd925c5f5efdaadbc1b5a6e6a4c
DGSE,0001493152-19-019089,4,2019-12-12,0000701719,0000701719,Envela Corp,0000701719,1,1,TARGET_CIK_COMMON_EQUITY_CONTINUITY_CANDIDATE,https://www.sec.gov/Archives/edgar/data/701719/000149315219019089/ownership.xml,5d10cb4a15769cdf09e6f9840513b0a80341f2a9a7fccdabeb37d9fc25a350a3
DGSE,0001493152-19-019270,4,2019-12-16,0000701719,0000701719,Envela Corp,0000701719,2,2,TARGET_CIK_COMMON_EQUITY_CONTINUITY_CANDIDATE,https://www.sec.gov/Archives/edgar/data/701719/000149315219019270/ownership.xml,f7b1c75b33fb9c14084da5453bb96c4bd9c0400c2f2061a68d99471873f0bade
DGSE,0001493152-19-019323,4,2019-12-17,0000701719,0000701719,Envela Corp,0000701719,1,1,TARGET_CIK_COMMON_EQUITY_CONTINUITY_CANDIDATE,https://www.sec.gov/Archives/edgar/data/701719/000149315219019323/ownership.xml,8b3e951185605c951a1b577a25bc0de99499e809a3bcc9023082a36179ad907b
ETAK,0001144204-14-020312,3,2014-04-02,0001084384,0001084384,ELEPHANT TALK COMMUNICATIONS CORP,0001084384,1,1,TARGET_CIK_COMMON_EQUITY_CONTINUITY_CANDIDATE,https://www.sec.gov/Archives/edgar/data/1084384/000114420414020312/v373288_3.xml,d5eed06da9a4f4b091cd0442a3cb0ca868414350c25a227cf5a9f9856ec5fd96
ETAK,0001144204-14-036651,3,2014-06-09,0001084384,0001084384,ELEPHANT TALK COMMUNICATIONS CORP,0001084384,4,4,TARGET_CIK_COMMON_EQUITY_CONTINUITY_CANDIDATE,https://www.sec.gov/Archives/edgar/data/1084384/000114420414036651/v381022_3.xml,5c307d2f0f098bbbf4698f43ada2d3f2364db0356cce8cefef63ed55c61148f4
ETAK,0001144204-15-063266,DEF 14A,2015-11-06,0001084384,,,0001084384,14,14,ISSUER_FILED_BASELINE_METADATA_CONTINUITY_CANDIDATE,https://www.sec.gov/Archives/edgar/data/1084384/000114420415063266/v423948_def14a.htm,130d8b1d231ddc47052c008622104ed6e0d8d45b2de44b7a5abcbc6fe3b08cf1
ETAK,0001144204-16-073979,3,2016-01-05,0001084384,0001084384,ELEPHANT TALK COMMUNICATIONS CORP,0001084384,1,1,TARGET_CIK_COMMON_EQUITY_CONTINUITY_CANDIDATE,https://www.sec.gov/Archives/edgar/data/1084384/000114420416073979/v428320_3.xml,2a4026dc251870025fc04b98dca1d38d468d0b2212da0f1ea283335384cdc795
ETAK,0001615774-16-003929,3,2016-01-19,0001084384,0001084384,ELEPHANT TALK COMMUNICATIONS CORP,0001084384,1,1,TARGET_CIK_COMMON_EQUITY_CONTINUITY_CANDIDATE,https://www.sec.gov/Archives/edgar/data/1084384/000161577416003929/s102509_form3.xml,ae8c6f8982f1c037738add9dac0d28ef888fb97e7036a27853e7eeb811424b80
ETAK,0001144204-16-091642,10-K,2016-03-30,0001084384,,,0001084384,10,0,TRUE_IDENTITY_EVIDENCE_GAP_OR_UNSUPPORTED_CLASS,https://www.sec.gov/Archives/edgar/data/1084384/000114420416091642/v434491_10k.htm,caa40a5fcde2b81e6bab7e57163d91e9d14fec58745bf1dd941fdeddab2404c2
ETAK,0001144204-16-111783,DEF 14A,2016-07-07,0001084384,,,0001084384,11,11,ISSUER_FILED_BASELINE_METADATA_CONTINUITY_CANDIDATE,https://www.sec.gov/Archives/edgar/data/1084384/000114420416111783/v443694_def14a.htm,67f844f82192e01f05011e13eba86110ffc2cf053bb6843b2324693dbefa59e0
ETAK,0001144204-16-125377,4,2016-09-26,0001084384,0001084384,ELEPHANT TALK COMMUNICATIONS CORP,0001084384,1,1,TARGET_CIK_COMMON_EQUITY_CONTINUITY_CANDIDATE,https://www.sec.gov/Archives/edgar/data/1084384/000114420416125377/v449452_form4.xml,730ee775e12efb36d6c3f3119d09a5c8fa7d7092784fc879acb2a9f93b4c9795
IDR,0001313440-05-000001,3,2005-01-11,0001030192,0001030192,NEW JERSEY MINING CO,0001030192,1,1,TARGET_CIK_COMMON_EQUITY_CONTINUITY_CANDIDATE,https://www.sec.gov/Archives/edgar/data/1030192/000131344005000001/primary_doc.xml,a332865dc8e3856d220af8747ccb2ea2adbec83e19beb9bbcfb386af95851e9c
IDR,0001313441-05-000001,3,2005-01-11,0001030192,0001030192,NEW JERSEY MINING CO,0001030192,1,1,TARGET_CIK_COMMON_EQUITY_CONTINUITY_CANDIDATE,https://www.sec.gov/Archives/edgar/data/1030192/000131344105000001/primary_doc.xml,c234415a6d19dfd9ace2c316721a7e48b66dce9c43529fca48ac925f7324dfd2
IDR,0001052918-14-000137,3,2014-05-05,0001030192,0001030192,NEW JERSEY MINING CO,0001030192,2,2,TARGET_CIK_COMMON_EQUITY_CONTINUITY_CANDIDATE,https://www.sec.gov/Archives/edgar/data/1030192/000105291814000137/primary_doc.xml,62a63dbfd3820bbc234bcf5a7f09dad1ff014eebe8d110610b6dacd3564449d2
IDR,0001052918-14-000139,SC 13D,2014-05-06,0001030192,,,0001030192,1,0,TRUE_IDENTITY_EVIDENCE_GAP_OR_UNSUPPORTED_CLASS,https://www.sec.gov/Archives/edgar/data/1030192/000105291814000139/swallowsch13dmay614.htm,f234e1955d56e20ccbd387251ce5d3a49b6de179ff127251b4d974617f37b0da
IDR,0001052918-15-000040,SC 13D/A,2015-02-02,0001030192,,,0001030192,1,0,TRUE_IDENTITY_EVIDENCE_GAP_OR_UNSUPPORTED_CLASS,https://www.sec.gov/Archives/edgar/data/1030192/000105291815000040/swallowsch13djan3015.htm,874ef7539a076d889dc6af0de152061ce65126c54e847978395f5b5848fa19b7
IDR,0001052918-15-000095,3,2015-03-16,0001030192,0001030192,NEW JERSEY MINING CO,0001030192,1,1,TARGET_CIK_COMMON_EQUITY_CONTINUITY_CANDIDATE,https://www.sec.gov/Archives/edgar/data/1030192/000105291815000095/primary_doc.xml,44d0a891cafbcca293790707148368f13b963d4e8d3c228671f5526dc775eae8
IDR,0001052918-16-001416,3,2016-11-29,0001030192,0001030192,NEW JERSEY MINING CO,0001030192,1,1,TARGET_CIK_COMMON_EQUITY_CONTINUITY_CANDIDATE,https://www.sec.gov/Archives/edgar/data/1030192/000105291816001416/primary_doc.xml,c9e496ec6bb347b63e47dfbdc0bb3d87661c131e99a015c84fb8f7eee6d14d0f
IDR,0001052918-17-000043,3,2017-01-19,0001030192,0001030192,NEW JERSEY MINING CO,0001030192,1,1,TARGET_CIK_COMMON_EQUITY_CONTINUITY_CANDIDATE,https://www.sec.gov/Archives/edgar/data/1030192/000105291817000043/primary_doc.xml,26dea02f401b68918a77d4de7d4ce2b597bb5cb848e8761aa28a07960803ed46
IDR,0001052918-17-000044,SC 13D/A,2017-01-19,0001030192,,,0001030192,1,0,TRUE_IDENTITY_EVIDENCE_GAP_OR_UNSUPPORTED_CLASS,https://www.sec.gov/Archives/edgar/data/1030192/000105291817000044/swallosch13dajan1717.htm,5c0bcc73b2bcabe7cf0e4b63e26b67a12eb8ad70c5f9b4f54995c1b81db4f70a
IDR,0001052918-17-000311,SC 13D/A,2017-06-12,0001030192,,,0001030192,1,0,TRUE_IDENTITY_EVIDENCE_GAP_OR_UNSUPPORTED_CLASS,https://www.sec.gov/Archives/edgar/data/1030192/000105291817000311/swallowsch13dajune1217.htm,8a420bdfb8b3a9c30bbc09d07cc6c4ae167e5de6e68d13bf7fca760ccfcc20af
INPX,0001213900-18-011053,3,2018-08-14,0001529113,0001737372,"Sysorex, Inc.",0001529113,1,1,NON_TARGET_ISSUER_DOCUMENT_MUST_BE_REJECTED,https://www.sec.gov/Archives/edgar/data/1529113/000121390018011053/ownership.xml,485d48054ad76eba22a9c5056dd1b8ae9e14c6fc57664e0e513945a93a14615f
IPXX,0000950170-25-028381,3,2025-02-27,0001970622,0001970622,Inflection Point Acquisition Corp. II,0001970622,1,1,TARGET_CIK_COMMON_EQUITY_CONTINUITY_CANDIDATE,https://www.sec.gov/Archives/edgar/data/1970622/000095017025028381/ownership.xml,c908e9ce69f011e18363b63ac85196c7f5f752367815f8a3bc5b3933fa18e90a
LAB,0001181431-11-008836,3,2011-02-09,0001162194,0001162194,FLUIDIGM CORP,0001162194,1,1,TARGET_CIK_COMMON_EQUITY_CONTINUITY_CANDIDATE,https://www.sec.gov/Archives/edgar/data/1162194/000118143111008836/rrd300147.xml,88c9fe6e4cd535047efd2e514a3d8e7e35c34d9d41cf1b36e4529b59b3ee92ab
LAB,0001181431-11-008841,3,2011-02-09,0001162194,0001162194,FLUIDIGM CORP,0001162194,4,0,TRUE_IDENTITY_EVIDENCE_GAP_OR_UNSUPPORTED_CLASS,https://www.sec.gov/Archives/edgar/data/1162194/000118143111008841/rrd300144.xml,cc7907ad6525588a7e32a4bc77ecfa1f91c0c9fffef6a7b016e213e0d117edf0
LAB,0001181431-11-008843,3,2011-02-09,0001162194,0001162194,FLUIDIGM CORP,0001162194,4,0,TRUE_IDENTITY_EVIDENCE_GAP_OR_UNSUPPORTED_CLASS,https://www.sec.gov/Archives/edgar/data/1162194/000118143111008843/rrd300143.xml,b85e102771ce63226cbc397fc0ce99ca40f64ce4afe8a3beb6b7be48b1cb1122
LAB,0001181431-11-008844,3,2011-02-09,0001162194,0001162194,FLUIDIGM CORP,0001162194,1,1,TARGET_CIK_COMMON_EQUITY_CONTINUITY_CANDIDATE,https://www.sec.gov/Archives/edgar/data/1162194/000118143111008844/rrd300149.xml,302b029496fa40565bf32b565c897db77fb4d3cde89fcf85f11eef542cf058dd
LAB,0001181431-11-022105,3,2011-04-04,0001162194,0001162194,FLUIDIGM CORP,0001162194,1,1,TARGET_CIK_COMMON_EQUITY_CONTINUITY_CANDIDATE,https://www.sec.gov/Archives/edgar/data/1162194/000118143111022105/rrd307504.xml,1205c0bd9aa00b294942850ec57ed6c76ec2b69f8657c91f4a8a6bcaa053d354
LAB,0000899243-15-003321,3,2015-08-17,0001162194,0001162194,FLUIDIGM CORP,0001162194,1,1,TARGET_CIK_COMMON_EQUITY_CONTINUITY_CANDIDATE,https://www.sec.gov/Archives/edgar/data/1162194/000089924315003321/doc3.xml,5f22b1ac598826504b865e3489bf9b11267a5d9b7652d0780e9e8e9ec0bca3b2
LAB,0001162194-16-000222,3,2016-08-04,0001162194,0001162194,FLUIDIGM CORP,0001162194,1,1,TARGET_CIK_COMMON_EQUITY_CONTINUITY_CANDIDATE,https://www.sec.gov/Archives/edgar/data/1162194/000116219416000222/wf-form3_147035673668345.xml,0e7c873c9fd2fd7dbdea5b9a6e4180582f21f6205084d2321337a92172d78182
LAB,0000921895-16-005909,3,2016-10-24,0001162194,0001162194,FLUIDIGM CORP,0001162194,3,3,TARGET_CIK_COMMON_EQUITY_CONTINUITY_CANDIDATE,https://www.sec.gov/Archives/edgar/data/1162194/000092189516005909/form310737003_10242016.xml,12775f73d3a43a4dc3b40f36986e0e8cf129b0c1d92cb15eadbc5afaebbb8349
LAB,0000921895-16-005917,3/A,2016-10-26,0001162194,0001162194,FLUIDIGM CORP,0001162194,3,3,TARGET_CIK_COMMON_EQUITY_CONTINUITY_CANDIDATE,https://www.sec.gov/Archives/edgar/data/1162194/000092189516005917/form3a10737003_10252016.xml,2a5c2d71eb8240bfe415e8b27ba1a154b32a1b38e957ec4f7d73ac27ea58875c
LAB,0001162194-17-000033,3,2017-03-27,0001162194,0001162194,FLUIDIGM CORP,0001162194,1,1,TARGET_CIK_COMMON_EQUITY_CONTINUITY_CANDIDATE,https://www.sec.gov/Archives/edgar/data/1162194/000116219417000033/wf-form3_149063570604775.xml,6a4f7500a174efc8892e8379f50018c7a23d4bafa1c2025fd7bbf4bffd823414
LAB,0001766150-19-000006,3,2019-04-10,0001162194,0001162194,FLUIDIGM CORP,0001162194,2,2,TARGET_CIK_COMMON_EQUITY_CONTINUITY_CANDIDATE,https://www.sec.gov/Archives/edgar/data/1162194/000176615019000006/primary_doc.xml,036acdf12e4993ef7df166511806ed2e13ab8df325ed7d7032e6a8817362ae6c
LAB,0001162194-20-000050,3,2020-05-15,0001162194,0001162194,FLUIDIGM CORP,0001162194,1,1,TARGET_CIK_COMMON_EQUITY_CONTINUITY_CANDIDATE,https://www.sec.gov/Archives/edgar/data/1162194/000116219420000050/wf-form3_158958551703398.xml,4f10c30abf407fb1108ceb2d2dc1a952d484d54a52af63e6c2c876520556f9b8
LAB,0000902664-21-002670,3,2021-05-10,0001162194,0001162194,FLUIDIGM CORP,0001162194,1,1,TARGET_CIK_COMMON_EQUITY_CONTINUITY_CANDIDATE,https://www.sec.gov/Archives/edgar/data/1162194/000090266421002670/ownership.xml,dee00b73c2651c60d661ec5814442190abce020c8b4c95f514ee4af6ac567edf
MBI,0001209191-08-020525,3,2008-03-27,0000814585,0000030125,RIVUS BOND FUND,0000814585,1,1,NON_TARGET_ISSUER_DOCUMENT_MUST_BE_REJECTED,https://www.sec.gov/Archives/edgar/data/814585/000120919108020525/doc3.xml,5fd2865a815e62de7d8b523317ac4bd249cbbc5f4108ed2d944483745f80a8c9
MCAC,0001104659-23-047768,10-K,2023-04-20,0001895249,,Monterey Capital Acquisition Corporation,0001895249,5,5,ISSUER_FILED_BASELINE_METADATA_CONTINUITY_CANDIDATE,https://www.sec.gov/Archives/edgar/data/1895249/000110465923047768/mcac-20221231x10k.htm,fea83b984bd4eecb4dcda3cb55866f331e28e3c2d788445d359a955404dc5a60
MCAC,0001140361-23-047697,DEF 14A,2023-10-11,0001895249,,,0001895249,10,10,ISSUER_FILED_BASELINE_METADATA_CONTINUITY_CANDIDATE,https://www.sec.gov/Archives/edgar/data/1895249/000114036123047697/ny20011393x2_def14a.htm,adaa6becd6c487cca9e8ef5add76f3aa2d1fb135d2207fd2853fe95326353ab1
MCAC,0001410578-24-000186,10-K,2024-03-13,0001895249,,Monterey Capital Acquisition Corporation,0001895249,12,12,ISSUER_FILED_BASELINE_METADATA_CONTINUITY_CANDIDATE,https://www.sec.gov/Archives/edgar/data/1895249/000141057824000186/mcac-20231231x10k.htm,29f645ef104c991c3fb5f9d8f892b869c8d616265874b8f94e213b7656523075
MCAC,0001140361-24-019479,DEF 14A,2024-04-12,0001895249,,,0001895249,12,12,ISSUER_FILED_BASELINE_METADATA_CONTINUITY_CANDIDATE,https://www.sec.gov/Archives/edgar/data/1895249/000114036124019479/ny20024729x2_def14a.htm,a3f03e6a235d06b96d0f3d1fde6297c9907fa2c9fb797ba87b061cd867520f9b
OSG,0001316444-05-000001,3,2005-03-10,0000075208,0000075208,OVERSEAS SHIPHOLDING GROUP INC,0000075208,2,2,TARGET_CIK_COMMON_EQUITY_CONTINUITY_CANDIDATE,https://www.sec.gov/Archives/edgar/data/75208/000131644405000001/primary_doc.xml,64414650554fae39cb8b0b406fc4d673c23b4a002f389ab0cd262a5157e94560
OSG,0001320048-05-000001,3,2005-03-10,0000075208,0000075208,OVERSEAS SHIPHOLDING GROUP INC,0000075208,1,1,TARGET_CIK_COMMON_EQUITY_CONTINUITY_CANDIDATE,https://www.sec.gov/Archives/edgar/data/75208/000132004805000001/primary_doc.xml,3497193a4ac386e9c63a3da1361e59c1e2b05d9e104d1f7b202c95f58ff61386
OSG,0001185488-05-000003,3,2005-04-29,0000075208,0000075208,OVERSEAS SHIPHOLDING GROUP INC,0000075208,1,1,TARGET_CIK_COMMON_EQUITY_CONTINUITY_CANDIDATE,https://www.sec.gov/Archives/edgar/data/75208/000118548805000003/primary_doc.xml,73f82c4513d808414dfc1f355f8bff77e97109d73d185e9f93c8267c93fbce7f
OSG,0001337822-05-000001,3,2005-09-08,0000075208,0000075208,OVERSEAS SHIPHOLDING GROUP INC,0000075208,1,1,TARGET_CIK_COMMON_EQUITY_CONTINUITY_CANDIDATE,https://www.sec.gov/Archives/edgar/data/75208/000133782205000001/primary_doc.xml,fa1a2689b12b9241935a87ca6067a134360f0d29061c403a7b69b9ebb364dd2d
OSG,0001337856-05-000001,3,2005-09-08,0000075208,0000075208,OVERSEAS SHIPHOLDING GROUP INC,0000075208,2,2,TARGET_CIK_COMMON_EQUITY_CONTINUITY_CANDIDATE,https://www.sec.gov/Archives/edgar/data/75208/000133785605000001/primary_doc.xml,f0dcb90561b9b7d2707c825cc63f17d738cd7df6b3faf8b7f08805bf98cc8363
OSG,0001349704-06-000001,3,2006-01-25,0000075208,0000075208,OVERSEAS SHIPHOLDING GROUP INC,0000075208,1,1,TARGET_CIK_COMMON_EQUITY_CONTINUITY_CANDIDATE,https://www.sec.gov/Archives/edgar/data/75208/000134970406000001/primary_doc.xml,efd947325a3332810ae79f36bbad46d50bbbf4cd2ab226a75b4a8f52f681a681
OSG,0001349800-06-000001,3,2006-01-25,0000075208,0000075208,OVERSEAS SHIPHOLDING GROUP INC,0000075208,1,1,TARGET_CIK_COMMON_EQUITY_CONTINUITY_CANDIDATE,https://www.sec.gov/Archives/edgar/data/75208/000134980006000001/primary_doc.xml,f155e36c99c4a1d933322ed4978ca664f35376b52875a903297552bd3e14c522
OSG,0001349873-06-000001,3,2006-01-25,0000075208,0000075208,OVERSEAS SHIPHOLDING GROUP INC,0000075208,1,1,TARGET_CIK_COMMON_EQUITY_CONTINUITY_CANDIDATE,https://www.sec.gov/Archives/edgar/data/75208/000134987306000001/primary_doc.xml,fc53631fadcfd8eb85f4e428d57242f62c2e45a7b2a6e0bf29bcf62879f5fe90
OSG,0001361970-06-000001,3,2006-05-09,0000075208,0000075208,OVERSEAS SHIPHOLDING GROUP INC,0000075208,1,1,TARGET_CIK_COMMON_EQUITY_CONTINUITY_CANDIDATE,https://www.sec.gov/Archives/edgar/data/75208/000136197006000001/primary_doc.xml,6753ba6489c44f73388b6b684422956972d77949187eec3acafc20e73090e01b
OSG,0001289715-06-000005,3,2006-12-07,0000075208,0000075208,OVERSEAS SHIPHOLDING GROUP INC,0000075208,1,1,TARGET_CIK_COMMON_EQUITY_CONTINUITY_CANDIDATE,https://www.sec.gov/Archives/edgar/data/75208/000128971506000005/primary_doc.xml,da2ef54c9fb25218b9a2e080166d7216efb189eac0c26a4abf0a858a5d994d8b
OSG,0000075208-07-000064,3,2007-11-07,0000075208,0001409134,OSG America L.P.,0000075208,3,0,NON_TARGET_ISSUER_DOCUMENT_MUST_BE_REJECTED,https://www.sec.gov/Archives/edgar/data/75208/000007520807000064/primary_doc.xml,385879c3a89aaa8caef4ec108cb1de87c91e78f09fc9cd01a5157fe148c0fb53
OSG,0001444441-08-000001,3,2008-09-12,0000075208,0000075208,OVERSEAS SHIPHOLDING GROUP INC,0000075208,1,1,TARGET_CIK_COMMON_EQUITY_CONTINUITY_CANDIDATE,https://www.sec.gov/Archives/edgar/data/75208/000144444108000001/ml91208_ex.xml,2a953616e7c983f01e3f5c06ace06b5b6ec3dbe03869f3a9598f65c05e7f6d70
OSG,0001209191-09-017895,3,2009-03-23,0000075208,0000075208,OVERSEAS SHIPHOLDING GROUP INC,0000075208,2,2,TARGET_CIK_COMMON_EQUITY_CONTINUITY_CANDIDATE,https://www.sec.gov/Archives/edgar/data/75208/000120919109017895/c82975_3x0.xml,93bf719ce0e005558bc75cdb300d9cc7fc3278c5a122b027d83fb51ed9f68369
OSG,0001209191-09-017908,3,2009-03-23,0000075208,0000075208,OVERSEAS SHIPHOLDING GROUP INC,0000075208,2,2,TARGET_CIK_COMMON_EQUITY_CONTINUITY_CANDIDATE,https://www.sec.gov/Archives/edgar/data/75208/000120919109017908/c82976_3x0.xml,83c3fc131b6342f4dffc4906cd223d696c209ec7af67782936239ca5b50dfc3e
OSG,0001209191-09-017915,3,2009-03-23,0000075208,0000075208,OVERSEAS SHIPHOLDING GROUP INC,0000075208,1,1,TARGET_CIK_COMMON_EQUITY_CONTINUITY_CANDIDATE,https://www.sec.gov/Archives/edgar/data/75208/000120919109017915/c82977_3x0.xml,5ab1ab31664d555fc0eba87d40de182d59bb8a4adfbde5f239243bff651f07cc
OSG,0001140361-10-004124,3,2010-02-04,0000075208,0000075208,OVERSEAS SHIPHOLDING GROUP INC,0000075208,2,2,TARGET_CIK_COMMON_EQUITY_CONTINUITY_CANDIDATE,https://www.sec.gov/Archives/edgar/data/75208/000114036110004124/doc1.xml,36979214bf207549a640ee2dd011b84f981073710ebc90fb4bfb0839c7e8d20a
OSG,0001140361-11-006354,3/A,2011-02-04,0000075208,0000075208,OVERSEAS SHIPHOLDING GROUP INC,0000075208,2,2,TARGET_CIK_COMMON_EQUITY_CONTINUITY_CANDIDATE,https://www.sec.gov/Archives/edgar/data/75208/000114036111006354/doc1.xml,c9787a917f456598c808810253953719f34ded3c6a30d944c9caf74008d6a5d8
OSG,0001140361-12-048368,3,2012-11-21,0000075208,0000075208,OVERSEAS SHIPHOLDING GROUP INC,0000075208,1,0,TRUE_IDENTITY_EVIDENCE_GAP_OR_UNSUPPORTED_CLASS,https://www.sec.gov/Archives/edgar/data/75208/000114036112048368/doc1.xml,b7b3934b4dc349e2d2b2fc004386756c44e7ac6373afe683ad86593a9eb1caa3
OSG,0001512590-12-000020,3,2012-12-18,0000075208,0000075208,OVERSEAS SHIPHOLDING GROUP INC,0000075208,1,1,TARGET_CIK_COMMON_EQUITY_CONTINUITY_CANDIDATE,https://www.sec.gov/Archives/edgar/data/75208/000151259012000020/primary_doc.xml,8ca009b566ae63a48e99ead3cb0bcb0ac96f0adf78cf344a5ab4bc3cbe3aa7f2
OSG,0001140361-12-051955,3,2012-12-19,0000075208,0000075208,OVERSEAS SHIPHOLDING GROUP INC,0000075208,1,1,TARGET_CIK_COMMON_EQUITY_CONTINUITY_CANDIDATE,https://www.sec.gov/Archives/edgar/data/75208/000114036112051955/doc1.xml,5b434599d30df3edf1cc3539c8ba42eeb86a2096f2adf1f0e94218b50a535d2d
OSG,0001140361-13-027863,3,2013-07-10,0000075208,0000075208,OVERSEAS SHIPHOLDING GROUP INC,0000075208,2,2,TARGET_CIK_COMMON_EQUITY_CONTINUITY_CANDIDATE,https://www.sec.gov/Archives/edgar/data/75208/000114036113027863/doc1.xml,0f20fb9923e50e4b582d35da770ebf9ca268c003b467e5eac5564b1e01700bd7
OSG,0000950142-14-000927,SC 13D/A,2014-04-21,0000075208,,,0000075208,8,0,TRUE_IDENTITY_EVIDENCE_GAP_OR_UNSUPPORTED_CLASS,https://www.sec.gov/Archives/edgar/data/75208/000095014214000927/eh1400554_13da16-osg.htm,f77a5b83babf7872bbb3509d1caf6713a4db904261c0ce2579b73b1f763e1a93
OSG,0001140361-14-024684,3/A,2014-06-05,0000075208,0000075208,OVERSEAS SHIPHOLDING GROUP INC,0000075208,3,3,TARGET_CIK_COMMON_EQUITY_CONTINUITY_CANDIDATE,https://www.sec.gov/Archives/edgar/data/75208/000114036114024684/doc1.xml,357c4bb262308af4789b1ad59392e794c3ec9f732bff3de943a5a6574ff81918
OSG,0001140361-14-029284,3,2014-07-24,0000075208,0000075208,OVERSEAS SHIPHOLDING GROUP INC,0000075208,1,1,TARGET_CIK_COMMON_EQUITY_CONTINUITY_CANDIDATE,https://www.sec.gov/Archives/edgar/data/75208/000114036114029284/doc1.xml,3bda11839f30bb0924188d8b595f8c2387a565d040df8753f4ccdb486eda1464
OSG,0001140361-14-031982,3,2014-08-12,0000075208,0000075208,OVERSEAS SHIPHOLDING GROUP INC,0000075208,5,5,TARGET_CIK_COMMON_EQUITY_CONTINUITY_CANDIDATE,https://www.sec.gov/Archives/edgar/data/75208/000114036114031982/doc1.xml,59526aefc22198c46c30876c94d9833b50dae5e37d8128659924fcb7dec2da3a
OSG,0000902595-14-000018,3,2014-08-15,0000075208,0000075208,OVERSEAS SHIPHOLDING GROUP INC,0000075208,5,5,TARGET_CIK_COMMON_EQUITY_CONTINUITY_CANDIDATE,https://www.sec.gov/Archives/edgar/data/75208/000090259514000018/te27560_form3.xml,953da3987dcefa1c047beab40d2c9b8b8fc210e352338e39a7aaf2b91e52b23f
OSG,0001014708-14-000004,3,2014-08-15,0000075208,0000075208,OVERSEAS SHIPHOLDING GROUP INC,0000075208,1,1,TARGET_CIK_COMMON_EQUITY_CONTINUITY_CANDIDATE,https://www.sec.gov/Archives/edgar/data/75208/000101470814000004/primary_doc.xml,71771d4b5999d584402d40e978be6169c756e11698d3a22f70f86675bc36db6a
OSG,0001140361-14-033121,3,2014-08-15,0000075208,0000075208,OVERSEAS SHIPHOLDING GROUP INC,0000075208,2,2,TARGET_CIK_COMMON_EQUITY_CONTINUITY_CANDIDATE,https://www.sec.gov/Archives/edgar/data/75208/000114036114033121/doc1.xml,046ff0fac6c7a39d292f0299406fe1be42cdcceb22b3ec9f30cbde436c5434b8
OSG,0001140361-14-033122,3,2014-08-15,0000075208,0000075208,OVERSEAS SHIPHOLDING GROUP INC,0000075208,2,2,TARGET_CIK_COMMON_EQUITY_CONTINUITY_CANDIDATE,https://www.sec.gov/Archives/edgar/data/75208/000114036114033122/doc1.xml,4d0c38f6289a439c21b70478f8737af845750b535e481d89df7a1b7127c7a44e
OSG,0001140361-14-033123,3,2014-08-15,0000075208,0000075208,OVERSEAS SHIPHOLDING GROUP INC,0000075208,2,2,TARGET_CIK_COMMON_EQUITY_CONTINUITY_CANDIDATE,https://www.sec.gov/Archives/edgar/data/75208/000114036114033123/doc1.xml,db2c5f40706b78f07d76cbf74e2fda4844140559270f6ef1b8f3fb6907d709ff
OSG,0001140361-14-033129,3,2014-08-15,0000075208,0000075208,OVERSEAS SHIPHOLDING GROUP INC,0000075208,2,2,TARGET_CIK_COMMON_EQUITY_CONTINUITY_CANDIDATE,https://www.sec.gov/Archives/edgar/data/75208/000114036114033129/doc1.xml,03b6197abd0a4df1ee911827f510d98c5cd2ce4dc72eac028fa4541eecef0d20
OSG,0001140361-14-033131,3,2014-08-15,0000075208,0000075208,OVERSEAS SHIPHOLDING GROUP INC,0000075208,2,2,TARGET_CIK_COMMON_EQUITY_CONTINUITY_CANDIDATE,https://www.sec.gov/Archives/edgar/data/75208/000114036114033131/doc1.xml,12b4172b0884b1a936efb728b95c1f7b397ba19ec9b34f740380de8bae7e5e08
OSG,0001140361-14-033134,3,2014-08-15,0000075208,0000075208,OVERSEAS SHIPHOLDING GROUP INC,0000075208,2,2,TARGET_CIK_COMMON_EQUITY_CONTINUITY_CANDIDATE,https://www.sec.gov/Archives/edgar/data/75208/000114036114033134/doc1.xml,08337c197fc00eefa55c1564ad781f95703f636cc11a9cb6c29a8eb269b672ee
OSG,0001140361-14-033139,3,2014-08-15,0000075208,0000075208,OVERSEAS SHIPHOLDING GROUP INC,0000075208,2,2,TARGET_CIK_COMMON_EQUITY_CONTINUITY_CANDIDATE,https://www.sec.gov/Archives/edgar/data/75208/000114036114033139/doc1.xml,f5ae5609361b694fbc5e23d5f864087f120a58d2e5ccabb0ad30c9ca65ba45db
OSG,0001140361-14-033149,3,2014-08-15,0000075208,0000075208,OVERSEAS SHIPHOLDING GROUP INC,0000075208,2,2,TARGET_CIK_COMMON_EQUITY_CONTINUITY_CANDIDATE,https://www.sec.gov/Archives/edgar/data/75208/000114036114033149/doc1.xml,7a690b5fbc13d8eab991c863ae2d229a1d730bc62007bf609e335b8ae9966740
OSG,0001140361-14-033170,3,2014-08-15,0000075208,0000075208,OVERSEAS SHIPHOLDING GROUP INC,0000075208,1,1,TARGET_CIK_COMMON_EQUITY_CONTINUITY_CANDIDATE,https://www.sec.gov/Archives/edgar/data/75208/000114036114033170/doc1.xml,acb29097e02610e9eac005439209e75ada25597f8138196d44fd04829f17b0c0
OSG,0001209191-14-052556,3,2014-08-15,0000075208,0000075208,OVERSEAS SHIPHOLDING GROUP INC,0000075208,3,3,TARGET_CIK_COMMON_EQUITY_CONTINUITY_CANDIDATE,https://www.sec.gov/Archives/edgar/data/75208/000120919114052556/doc3.xml,9dde521887b239a3bdfaf724831baa94c5142b8d01ab62017723f9c3746cc682
OSG,0001209191-14-053533,3,2014-08-19,0000075208,0000075208,OVERSEAS SHIPHOLDING GROUP INC,0000075208,4,4,TARGET_CIK_COMMON_EQUITY_CONTINUITY_CANDIDATE,https://www.sec.gov/Archives/edgar/data/75208/000120919114053533/doc3.xml,1afbc276028da4ca766929de844d39f3eff66031ebd38238babbd1ccba7f9026
OSG,0001140361-14-034909,3,2014-09-05,0000075208,0000075208,OVERSEAS SHIPHOLDING GROUP INC,0000075208,2,2,TARGET_CIK_COMMON_EQUITY_CONTINUITY_CANDIDATE,https://www.sec.gov/Archives/edgar/data/75208/000114036114034909/doc1.xml,9ca3c6efe28ab2c45ec882f95f206e8a43e78e9b7a0080bd168f40f2d0c24c7f
OSG,0001140361-15-002288,3,2015-01-21,0000075208,0000075208,OVERSEAS SHIPHOLDING GROUP INC,0000075208,2,2,TARGET_CIK_COMMON_EQUITY_CONTINUITY_CANDIDATE,https://www.sec.gov/Archives/edgar/data/75208/000114036115002288/doc1.xml,6279f2446ceb9189e437d26b52ccb16434e61d35d069c4e03c05440719c56ea7
OSG,0001140361-15-011033,3,2015-03-10,0000075208,0000075208,OVERSEAS SHIPHOLDING GROUP INC,0000075208,2,2,TARGET_CIK_COMMON_EQUITY_CONTINUITY_CANDIDATE,https://www.sec.gov/Archives/edgar/data/75208/000114036115011033/doc1.xml,8f289577b15550caf95e947efb35342936b987ef19f024938ecf84bfbb136271
OSG,0001012975-15-000556,3,2015-07-27,0000075208,0000075208,OVERSEAS SHIPHOLDING GROUP INC,0000075208,4,4,TARGET_CIK_COMMON_EQUITY_CONTINUITY_CANDIDATE,https://www.sec.gov/Archives/edgar/data/75208/000101297515000556/edgar.xml,52a463fc7354dd6879ff714a619162113c17acbc68dd8d0b6cc77e11a2ee28eb
OSG,0001140361-15-030181,3,2015-08-06,0000075208,0000075208,OVERSEAS SHIPHOLDING GROUP INC,0000075208,2,2,TARGET_CIK_COMMON_EQUITY_CONTINUITY_CANDIDATE,https://www.sec.gov/Archives/edgar/data/75208/000114036115030181/doc1.xml,17bb12b437e31d7030abd4772a5a8383f9d88aa6fd2b5be132c286b37bc4f4a7
OSG,0001013594-15-000450,SC 13D,2015-08-13,0000075208,,,0000075208,1,0,TRUE_IDENTITY_EVIDENCE_GAP_OR_UNSUPPORTED_CLASS,https://www.sec.gov/Archives/edgar/data/75208/000101359415000450/osgi13d_080315.htm,768e84ec73b9a6e6de0334d52878e1dc7b980b146de05f54a55f22d182e39ad7
OSG,0001013594-16-000923,SC 13D/A,2016-03-21,0000075208,,,0000075208,1,0,TRUE_IDENTITY_EVIDENCE_GAP_OR_UNSUPPORTED_CLASS,https://www.sec.gov/Archives/edgar/data/75208/000101359416000923/osg13da1_031616.htm,08787fe8738b16619f17cbbee4b021d089f5c2e2f72b81e21fea5a3c5bf56661
OSG,0001140361-16-058950,3/A,2016-03-24,0000075208,0000075208,OVERSEAS SHIPHOLDING GROUP INC,0000075208,5,5,TARGET_CIK_COMMON_EQUITY_CONTINUITY_CANDIDATE,https://www.sec.gov/Archives/edgar/data/75208/000114036116058950/doc1.xml,2c447622e6cc74dfeb2f493848385c15987fa52be5f30e9ec4fed6211c601115
OSG,0001013594-16-001119,SC 13D/A,2016-06-29,0000075208,,,0000075208,1,0,TRUE_IDENTITY_EVIDENCE_GAP_OR_UNSUPPORTED_CLASS,https://www.sec.gov/Archives/edgar/data/75208/000101359416001119/osg13da2-062916.htm,595583b0905b3b98de2a6c58f8be07bc37c120a323804561d3bcb66a09070dd6
OSG,0001140361-16-085897,3,2016-11-10,0000075208,0001679049,"International Seaways, Inc.",0000075208,1,1,NON_TARGET_ISSUER_DOCUMENT_MUST_BE_REJECTED,https://www.sec.gov/Archives/edgar/data/75208/000114036116085897/doc1.xml,c0ec177ace5d6050da46ee1edaf1767749a53ad5090396c2acd9b7685e2f2a04
OSG,0001140361-16-090479,3,2016-12-21,0000075208,0000075208,OVERSEAS SHIPHOLDING GROUP INC,0000075208,1,1,TARGET_CIK_COMMON_EQUITY_CONTINUITY_CANDIDATE,https://www.sec.gov/Archives/edgar/data/75208/000114036116090479/doc1.xml,c920f73c454bbc4ac728e97bdd56ae053a2fb90aea6280370d4e744bc2d2fc15
OSG,0001140361-16-090484,3,2016-12-21,0000075208,0000075208,OVERSEAS SHIPHOLDING GROUP INC,0000075208,1,1,TARGET_CIK_COMMON_EQUITY_CONTINUITY_CANDIDATE,https://www.sec.gov/Archives/edgar/data/75208/000114036116090484/doc1.xml,308c862d59de0380af4e6843c44e1bb724d341140de63f3cbe60dc0cd8dd56a4
OSG,0001140361-16-090574,3,2016-12-22,0000075208,0000075208,OVERSEAS SHIPHOLDING GROUP INC,0000075208,1,1,TARGET_CIK_COMMON_EQUITY_CONTINUITY_CANDIDATE,https://www.sec.gov/Archives/edgar/data/75208/000114036116090574/doc1.xml,860c77678ff857cd980c514bdd1597eee7cf1f8bf7ce8ff2badb352b7ce63ebe
OSG,0001140361-16-090894,3,2016-12-28,0000075208,0000075208,OVERSEAS SHIPHOLDING GROUP INC,0000075208,1,1,TARGET_CIK_COMMON_EQUITY_CONTINUITY_CANDIDATE,https://www.sec.gov/Archives/edgar/data/75208/000114036116090894/doc1.xml,2402df0a61a7407f9787de3db515c89e63d365ee63efb0653ef6e602be067d04
OSG,0000075208-17-000011,3,2017-06-08,0000075208,0000075208,OVERSEAS SHIPHOLDING GROUP INC,0000075208,1,1,TARGET_CIK_COMMON_EQUITY_CONTINUITY_CANDIDATE,https://www.sec.gov/Archives/edgar/data/75208/000007520817000011/edgar.xml,55ccc50ec3355cae03b58a58a7c97a0a7ac8baa7bc421524a2af11824e382f92
OSG,0001013594-17-000464,SC 13D/A,2017-07-06,0000075208,,,0000075208,1,0,TRUE_IDENTITY_EVIDENCE_GAP_OR_UNSUPPORTED_CLASS,https://www.sec.gov/Archives/edgar/data/75208/000101359417000464/overseas13da-070617.htm,beb5390a785547097178f36228acb10f1c66aabb3ec637b8175d6f5076f0ac8c
OSG,0000075208-18-000070,3,2018-06-08,0000075208,0000075208,OVERSEAS SHIPHOLDING GROUP INC,0000075208,1,1,TARGET_CIK_COMMON_EQUITY_CONTINUITY_CANDIDATE,https://www.sec.gov/Archives/edgar/data/75208/000007520818000070/wf-form3_152846623875663.xml,5566516c94c420f6db9aeed14cd3fe65258515d918753e709e07a5beb1cbe54c
OSG,0000075208-18-000072,3,2018-06-08,0000075208,0000075208,OVERSEAS SHIPHOLDING GROUP INC,0000075208,1,1,TARGET_CIK_COMMON_EQUITY_CONTINUITY_CANDIDATE,https://www.sec.gov/Archives/edgar/data/75208/000007520818000072/wf-form3_152846633150117.xml,06917afac78a3508f2daa9dd93b11a03a209282a7e721a3d3f028079e01b8869
OSG,0001013594-18-000503,SC 13D/A,2018-08-21,0000075208,,,0000075208,1,0,TRUE_IDENTITY_EVIDENCE_GAP_OR_UNSUPPORTED_CLASS,https://www.sec.gov/Archives/edgar/data/75208/000101359418000503/overseas13da-082118.htm,d5c7666a5045fddb1a412f98b132182fd9914ddba971e2e99a62f589a181b62c
OSG,0000947871-18-000914,SC 13D,2018-11-20,0000075208,,,0000075208,1,0,TRUE_IDENTITY_EVIDENCE_GAP_OR_UNSUPPORTED_CLASS,https://www.sec.gov/Archives/edgar/data/75208/000094787118000914/ss115517_sc13d.htm,5360ed2b2cc7b0af126a0964d53fdb14ff900a3e9771e1c6b50c7eaed79a8c90
OSG,0001193125-19-076676,SC 13D/A,2019-03-15,0000075208,,,0000075208,1,0,TRUE_IDENTITY_EVIDENCE_GAP_OR_UNSUPPORTED_CLASS,https://www.sec.gov/Archives/edgar/data/75208/000119312519076676/d732276dsc13da.htm,b04c861a4c3628c01dc4a2ead4889e7c041f4d12aa446ca3dcc3233a4e5e9bc6
OSG,0000898432-20-000344,3,2020-03-16,0000075208,0000075208,OVERSEAS SHIPHOLDING GROUP INC,0000075208,1,1,TARGET_CIK_COMMON_EQUITY_CONTINUITY_CANDIDATE,https://www.sec.gov/Archives/edgar/data/75208/000089843220000344/form3.xml,58ebea43baa3984b75390e5479bba70caed5eed36ea42c9c00b5f4cfe63d7c97
OSG,0001013594-20-000413,SC 13D/A,2020-04-13,0000075208,,,0000075208,1,0,TRUE_IDENTITY_EVIDENCE_GAP_OR_UNSUPPORTED_CLASS,https://www.sec.gov/Archives/edgar/data/75208/000101359420000413/overseas13da5-041320.htm,9383d4f46105df2a2626c3921c15007dd317cca7e3517ebbf025b17de40834f6
OSG,0000075208-20-000052,3,2020-06-01,0000075208,0000075208,OVERSEAS SHIPHOLDING GROUP INC,0000075208,1,1,TARGET_CIK_COMMON_EQUITY_CONTINUITY_CANDIDATE,https://www.sec.gov/Archives/edgar/data/75208/000007520820000052/wf-form3_159104319470976.xml,53a41e7fff20ca579e182a299b8a6b0471a6f1fcffb02c9ebbac51656a0cf8fc
OSG,0001539497-23-000786,DEF 14A,2023-05-01,0000075208,,"OVERSEAS
    SHIPHOLDING GROUP, INC.",0000075208,14,2,ISSUER_FILED_BASELINE_METADATA_CONTINUITY_CANDIDATE,https://www.sec.gov/Archives/edgar/data/75208/000153949723000786/n3515_x2-def14a.htm,f201c7e29edc6b5fecbefa4d5087ca4cb0e1d9eb7e166859be9696cec76e10ee
OSG,0001209191-23-037464,3,2023-06-15,0000075208,0000075208,OVERSEAS SHIPHOLDING GROUP INC,0000075208,1,1,TARGET_CIK_COMMON_EQUITY_CONTINUITY_CANDIDATE,https://www.sec.gov/Archives/edgar/data/75208/000120919123037464/doc3.xml,30c6af04c62b0b84da98dc35903213299d3f1e30be89ff632f62d0ebb8e86a6d
OSG,0001539497-24-000918,DEF 14A,2024-04-26,0000075208,,"OVERSEAS SHIPHOLDING GROUP, INC",0000075208,13,0,TRUE_IDENTITY_EVIDENCE_GAP_OR_UNSUPPORTED_CLASS,https://www.sec.gov/Archives/edgar/data/75208/000153949724000918/n4158_x2-def14a.htm,c3bc003ede8a74ad319107363e8684e71f6bf08b9836217636f667523ef507d6
OSG,0000950170-24-060621,4,2024-05-15,0000075208,0000075208,OVERSEAS SHIPHOLDING GROUP INC,0000075208,1,1,TARGET_CIK_COMMON_EQUITY_CONTINUITY_CANDIDATE,https://www.sec.gov/Archives/edgar/data/75208/000095017024060621/ownership.xml,4d8906e667282eec8683afb31008622e547ee7f1d781541854489fc7508ff1ed
OSG,0000950170-24-067763,4,2024-06-03,0000075208,0000075208,OVERSEAS SHIPHOLDING GROUP INC,0000075208,2,2,TARGET_CIK_COMMON_EQUITY_CONTINUITY_CANDIDATE,https://www.sec.gov/Archives/edgar/data/75208/000095017024067763/ownership.xml,b7892f3b8f638648df8982b88e11b6515c3cd2cac6b2c56f59ba0b83f1819400
OSG,0000950170-24-070756,4,2024-06-07,0000075208,0000075208,OVERSEAS SHIPHOLDING GROUP INC,0000075208,1,0,TRUE_IDENTITY_EVIDENCE_GAP_OR_UNSUPPORTED_CLASS,https://www.sec.gov/Archives/edgar/data/75208/000095017024070756/ownership.xml,18b317b82fe829a830a49e0b8aa109be3b11849744e72a75366c4a5d9b022626
OSG,0000950170-24-070767,4,2024-06-07,0000075208,0000075208,OVERSEAS SHIPHOLDING GROUP INC,0000075208,1,0,TRUE_IDENTITY_EVIDENCE_GAP_OR_UNSUPPORTED_CLASS,https://www.sec.gov/Archives/edgar/data/75208/000095017024070767/ownership.xml,ae301776d6ec2d05de44aad46cbe9f8783861d987e93806898fb30f05be149d9
OSG,0000950170-24-070782,4,2024-06-07,0000075208,0000075208,OVERSEAS SHIPHOLDING GROUP INC,0000075208,1,0,TRUE_IDENTITY_EVIDENCE_GAP_OR_UNSUPPORTED_CLASS,https://www.sec.gov/Archives/edgar/data/75208/000095017024070782/ownership.xml,5048b556b06c36bf37830c8158984b4e280416f68cf497c61a21efc1bacdac17
OSG,0000950170-24-070796,4,2024-06-07,0000075208,0000075208,OVERSEAS SHIPHOLDING GROUP INC,0000075208,1,0,TRUE_IDENTITY_EVIDENCE_GAP_OR_UNSUPPORTED_CLASS,https://www.sec.gov/Archives/edgar/data/75208/000095017024070796/ownership.xml,de42d959525376c958b8d623ddf1233c272c38e14b609331f7ac8fcfe3f884c9
OSG,0000950170-24-070809,4,2024-06-07,0000075208,0000075208,OVERSEAS SHIPHOLDING GROUP INC,0000075208,1,0,TRUE_IDENTITY_EVIDENCE_GAP_OR_UNSUPPORTED_CLASS,https://www.sec.gov/Archives/edgar/data/75208/000095017024070809/ownership.xml,2371bfad0294fe847b3521c20bca40a818b80a07d949c6308011d6c85563bfef
OSG,0000950170-24-070819,4,2024-06-07,0000075208,0000075208,OVERSEAS SHIPHOLDING GROUP INC,0000075208,1,0,TRUE_IDENTITY_EVIDENCE_GAP_OR_UNSUPPORTED_CLASS,https://www.sec.gov/Archives/edgar/data/75208/000095017024070819/ownership.xml,4d82746d822c62cad2d80bcc920a154d6751315256e1986fdde194978e83d286
OSG,0000950170-24-070826,4,2024-06-07,0000075208,0000075208,OVERSEAS SHIPHOLDING GROUP INC,0000075208,1,0,TRUE_IDENTITY_EVIDENCE_GAP_OR_UNSUPPORTED_CLASS,https://www.sec.gov/Archives/edgar/data/75208/000095017024070826/ownership.xml,385ce2d5874a0f1ba9befa52a25c7d9efbed4e4f1a4c17f2da149f29b319ba4c
OSG,0000950170-24-074394,4,2024-06-17,0000075208,0000075208,OVERSEAS SHIPHOLDING GROUP INC,0000075208,2,1,TARGET_CIK_COMMON_EQUITY_CONTINUITY_CANDIDATE,https://www.sec.gov/Archives/edgar/data/75208/000095017024074394/ownership.xml,ca6e77cdcc165a9b06299d85188c739ccab4227e5cb972c8344e1f8c3edef49c
OSG,0000950170-24-074398,4,2024-06-17,0000075208,0000075208,OVERSEAS SHIPHOLDING GROUP INC,0000075208,2,1,TARGET_CIK_COMMON_EQUITY_CONTINUITY_CANDIDATE,https://www.sec.gov/Archives/edgar/data/75208/000095017024074398/ownership.xml,7961fe4da01f1d4cb768ea42794979167971d7f356f9a29f3e0d3a35227f2f2a
OSG,0000950170-24-074402,4,2024-06-17,0000075208,0000075208,OVERSEAS SHIPHOLDING GROUP INC,0000075208,2,1,TARGET_CIK_COMMON_EQUITY_CONTINUITY_CANDIDATE,https://www.sec.gov/Archives/edgar/data/75208/000095017024074402/ownership.xml,2da557d919f0904f1bf5bc370e34b5251679a6e8e4c1961b30c652ea110665f6
OSG,0000950170-24-074406,4,2024-06-17,0000075208,0000075208,OVERSEAS SHIPHOLDING GROUP INC,0000075208,2,1,TARGET_CIK_COMMON_EQUITY_CONTINUITY_CANDIDATE,https://www.sec.gov/Archives/edgar/data/75208/000095017024074406/ownership.xml,c43922784493eff850131933b3d07b187040132dd95f62b87f6bbb2344a52cd2
OSG,0000950170-24-074420,4,2024-06-17,0000075208,0000075208,OVERSEAS SHIPHOLDING GROUP INC,0000075208,2,1,TARGET_CIK_COMMON_EQUITY_CONTINUITY_CANDIDATE,https://www.sec.gov/Archives/edgar/data/75208/000095017024074420/ownership.xml,c214a426927b86bc6be0cafedc2723d9814662dbdc75c0195ef32a33b9fb2326
OSG,0000950170-24-074422,4,2024-06-17,0000075208,0000075208,OVERSEAS SHIPHOLDING GROUP INC,0000075208,2,1,TARGET_CIK_COMMON_EQUITY_CONTINUITY_CANDIDATE,https://www.sec.gov/Archives/edgar/data/75208/000095017024074422/ownership.xml,57429f34bf54b590c79c6b809da1d249aceeff0cf66ed0ea155b1037f4162712
OSG,0000950170-24-074425,4,2024-06-17,0000075208,0000075208,OVERSEAS SHIPHOLDING GROUP INC,0000075208,2,1,TARGET_CIK_COMMON_EQUITY_CONTINUITY_CANDIDATE,https://www.sec.gov/Archives/edgar/data/75208/000095017024074425/ownership.xml,95e6ac4980f54e51f7a8763dbe827844a864f844d2d4075617b3f2f807367af1
OSG,0000950170-24-079342,4,2024-07-01,0000075208,0000075208,OVERSEAS SHIPHOLDING GROUP INC,0000075208,1,1,TARGET_CIK_COMMON_EQUITY_CONTINUITY_CANDIDATE,https://www.sec.gov/Archives/edgar/data/75208/000095017024079342/ownership.xml,8d1e6024a9bd0aff5a8ed1279089bbfc192469652435ae345af8de5b61e46011
OSG,0000950170-24-081286,4,2024-07-03,0000075208,0000075208,OVERSEAS SHIPHOLDING GROUP INC,0000075208,2,2,TARGET_CIK_COMMON_EQUITY_CONTINUITY_CANDIDATE,https://www.sec.gov/Archives/edgar/data/75208/000095017024081286/ownership.xml,7d59d370c144cdcb696d99a4a8ec61cfe5f7fd849a2ad768f3811bd3fe20c770
OSG,0001493152-24-026987,4,2024-07-11,0000075208,0000075208,OVERSEAS SHIPHOLDING GROUP INC,0000075208,12,1,TARGET_CIK_COMMON_EQUITY_CONTINUITY_CANDIDATE,https://www.sec.gov/Archives/edgar/data/75208/000149315224026987/ownership.xml,386f58765953b82470aa99ec9b32004ab77db075e7eb49216043c8e4741f16c1
OSG,0001493152-24-026988,4,2024-07-11,0000075208,0000075208,OVERSEAS SHIPHOLDING GROUP INC,0000075208,2,1,TARGET_CIK_COMMON_EQUITY_CONTINUITY_CANDIDATE,https://www.sec.gov/Archives/edgar/data/75208/000149315224026988/ownership.xml,64852fed4ae4dc77f032397a751e4f3368a8ef9517bd3609012a76c75238f107
OSG,0001493152-24-026989,4,2024-07-11,0000075208,0000075208,OVERSEAS SHIPHOLDING GROUP INC,0000075208,3,2,TARGET_CIK_COMMON_EQUITY_CONTINUITY_CANDIDATE,https://www.sec.gov/Archives/edgar/data/75208/000149315224026989/ownership.xml,5ad3801f3c934d97d310a07622046216a1cb0cfec306ec4b590098ecbca7f5dd
OSG,0001493152-24-026990,4,2024-07-11,0000075208,0000075208,OVERSEAS SHIPHOLDING GROUP INC,0000075208,2,1,TARGET_CIK_COMMON_EQUITY_CONTINUITY_CANDIDATE,https://www.sec.gov/Archives/edgar/data/75208/000149315224026990/ownership.xml,583e1167c355aab3b41d9a37dc9205498b93f27f11b81b5ed245e1e431ee3644
OSG,0001493152-24-026991,4,2024-07-11,0000075208,0000075208,OVERSEAS SHIPHOLDING GROUP INC,0000075208,12,1,TARGET_CIK_COMMON_EQUITY_CONTINUITY_CANDIDATE,https://www.sec.gov/Archives/edgar/data/75208/000149315224026991/ownership.xml,10b2d24159c340d2f31ae642e5c2990af3b8a44808d200f400aace65bee983ea
OSG,0001493152-24-026992,4,2024-07-11,0000075208,0000075208,OVERSEAS SHIPHOLDING GROUP INC,0000075208,15,1,TARGET_CIK_COMMON_EQUITY_CONTINUITY_CANDIDATE,https://www.sec.gov/Archives/edgar/data/75208/000149315224026992/ownership.xml,d774a839c0a08130e1fb3dcc39883e9d0885b81929fe9d4a48a41b1869d68832
OSG,0001493152-24-026993,4,2024-07-11,0000075208,0000075208,OVERSEAS SHIPHOLDING GROUP INC,0000075208,13,2,TARGET_CIK_COMMON_EQUITY_CONTINUITY_CANDIDATE,https://www.sec.gov/Archives/edgar/data/75208/000149315224026993/ownership.xml,086998ccc590dd1682366b502f3d361e8f25199149ae2d1c10432596127ec1ec
OSG,0001493152-24-026994,4,2024-07-11,0000075208,0000075208,OVERSEAS SHIPHOLDING GROUP INC,0000075208,2,1,TARGET_CIK_COMMON_EQUITY_CONTINUITY_CANDIDATE,https://www.sec.gov/Archives/edgar/data/75208/000149315224026994/ownership.xml,819b48516097bdad2a89fb13ddda4c585e8eb11b02941b0cec3a50e781f08d0b
OSG,0001493152-24-026995,4,2024-07-11,0000075208,0000075208,OVERSEAS SHIPHOLDING GROUP INC,0000075208,2,1,TARGET_CIK_COMMON_EQUITY_CONTINUITY_CANDIDATE,https://www.sec.gov/Archives/edgar/data/75208/000149315224026995/ownership.xml,e357f9dd9100c5b4130fcb193e726e0b6ca381acac52e842668529dd2205db0a
OSG,0001493152-24-026996,4,2024-07-11,0000075208,0000075208,OVERSEAS SHIPHOLDING GROUP INC,0000075208,2,1,TARGET_CIK_COMMON_EQUITY_CONTINUITY_CANDIDATE,https://www.sec.gov/Archives/edgar/data/75208/000149315224026996/ownership.xml,1d3edb13412062244f5cec6cef9e97b5113c9ae7aacd06583dba14c10b81a0e8
OSG,0001493152-24-026997,4,2024-07-11,0000075208,0000075208,OVERSEAS SHIPHOLDING GROUP INC,0000075208,11,1,TARGET_CIK_COMMON_EQUITY_CONTINUITY_CANDIDATE,https://www.sec.gov/Archives/edgar/data/75208/000149315224026997/ownership.xml,39f4520bc2018a02761bee29728a8d6a99906fb5c12855e17819c0ee2d51cf79
OSG,0001493152-24-026998,4,2024-07-11,0000075208,0000075208,OVERSEAS SHIPHOLDING GROUP INC,0000075208,2,1,TARGET_CIK_COMMON_EQUITY_CONTINUITY_CANDIDATE,https://www.sec.gov/Archives/edgar/data/75208/000149315224026998/ownership.xml,446ac6b20f70050db8e3010666509cb58a62dcac557324513e18690a71ee1bb1
OSG,0001076809-24-000098,SC 13G,2024-07-12,0000075208,,,0000075208,2,0,TRUE_IDENTITY_EVIDENCE_GAP_OR_UNSUPPORTED_CLASS,https://www.sec.gov/Archives/edgar/data/75208/000107680924000098/osg20240702.htm,77c406532aad4c7e7e204e24f774d32a6ac94cd85a0848148735adbf405c09fc
SLE,0001415889-19-000288,3,2019-03-07,0001621672,0001621672,"Super League Gaming, Inc.",0001621672,1,1,TARGET_CIK_COMMON_EQUITY_CONTINUITY_CANDIDATE,https://www.sec.gov/Archives/edgar/data/1621672/000141588919000288/form3-03072019_040336.xml,949279ea744adcaa87e863f5e58c50af3adb7fa7d9adc08ac13512dccd416840
SLE,0001415889-19-000289,3,2019-03-07,0001621672,0001621672,"Super League Gaming, Inc.",0001621672,3,3,TARGET_CIK_COMMON_EQUITY_CONTINUITY_CANDIDATE,https://www.sec.gov/Archives/edgar/data/1621672/000141588919000289/form3-03072019_040339.xml,2455a04ccff72919d18d355dff3c69ea82987b8b1e432c8c0130ce5f817044d0
SLE,0001415889-19-000290,3,2019-03-07,0001621672,0001621672,"Super League Gaming, Inc.",0001621672,3,3,TARGET_CIK_COMMON_EQUITY_CONTINUITY_CANDIDATE,https://www.sec.gov/Archives/edgar/data/1621672/000141588919000290/form3-03072019_040342.xml,951bda3e3ad870e34fb41d240202b50b3b8d1decaa511fe119b511f83147abb2
SLE,0001415889-19-000292,3,2019-03-07,0001621672,0001621672,"Super League Gaming, Inc.",0001621672,1,1,TARGET_CIK_COMMON_EQUITY_CONTINUITY_CANDIDATE,https://www.sec.gov/Archives/edgar/data/1621672/000141588919000292/form3-03072019_040334.xml,dce38ded0999ef820db2b75f3a22f524c7d584156436f2289ef13e26def6635c
SLE,0001415889-19-000293,3,2019-03-07,0001621672,0001621672,"Super League Gaming, Inc.",0001621672,1,1,TARGET_CIK_COMMON_EQUITY_CONTINUITY_CANDIDATE,https://www.sec.gov/Archives/edgar/data/1621672/000141588919000293/form3-03072019_040332.xml,faa79498731810f3d1efb774f6190cbc4efa896e3b2906ac29d57e9fc5455275
SLE,0001415889-19-000295,3,2019-03-07,0001621672,0001621672,"Super League Gaming, Inc.",0001621672,1,1,TARGET_CIK_COMMON_EQUITY_CONTINUITY_CANDIDATE,https://www.sec.gov/Archives/edgar/data/1621672/000141588919000295/form3-03072019_040326.xml,3dc99303efda0951eb347ce961b642af955c6e9ad5318fd0598d7abafe97b622
SLE,0001013594-21-000328,SC 13D,2021-04-01,0001621672,,,0001621672,5,0,TRUE_IDENTITY_EVIDENCE_GAP_OR_UNSUPPORTED_CLASS,https://www.sec.gov/Archives/edgar/data/1621672/000101359421000328/sgli13d-032221.htm,32af9181aff2f5481d2dac80692a67d9183f9c10f80f4407dfd211f3f8005c92
SLE,0001387131-23-007147,3,2023-06-01,0001621672,0001621672,"Super League Gaming, Inc.",0001621672,1,1,TARGET_CIK_COMMON_EQUITY_CONTINUITY_CANDIDATE,https://www.sec.gov/Archives/edgar/data/1621672/000138713123007147/ownership.xml,9d20ca4603571832e3b2d94264867416aac1550d3056e86c6409775f21d59cda
SNMP,0000905148-19-000194,SC 13D/A,2019-02-04,0001362705,,,0001362705,9,0,TRUE_IDENTITY_EVIDENCE_GAP_OR_UNSUPPORTED_CLASS,https://www.sec.gov/Archives/edgar/data/1362705/000090514819000194/efc19-153_sc13da.htm,a662ead794082fb24dd364d4555638bbaf2482ebc59b2e7ebea27500d6235b34
SNMP,0000905148-19-000766,SC 13D/A,2019-08-06,0001362705,,,0001362705,9,0,TRUE_IDENTITY_EVIDENCE_GAP_OR_UNSUPPORTED_CLASS,https://www.sec.gov/Archives/edgar/data/1362705/000090514819000766/efc19-542_sc13da.htm,72865c33e6c853b15ba54e22d898f3ef51c1047e0e158cdae8a0fd4817f465a6
SNMP,0001558370-20-002679,10-K,2020-03-13,0001362705,,,0001362705,13,13,ISSUER_FILED_BASELINE_METADATA_CONTINUITY_CANDIDATE,https://www.sec.gov/Archives/edgar/data/1362705/000155837020002679/snmp-20191231x10k.htm,e135b7b39799f4d9fc5654fe51b9130a8831b77552756704b915c84a0adcf9fc
SNMP,0001140361-20-019832,SC 13D/A,2020-09-04,0001362705,,,0001362705,9,0,TRUE_IDENTITY_EVIDENCE_GAP_OR_UNSUPPORTED_CLASS,https://www.sec.gov/Archives/edgar/data/1362705/000114036120019832/efc20-715_sc13da.htm,2c2d83da742b151ee8292455a523b01326dc1e9e3e37b6c0599a62eb52eac7f0
SNMP,0000905148-20-001004,SC 13D/A,2020-09-09,0001362705,,,0001362705,9,0,TRUE_IDENTITY_EVIDENCE_GAP_OR_UNSUPPORTED_CLASS,https://www.sec.gov/Archives/edgar/data/1362705/000090514820001004/efc20-718_sc13da.htm,8a3bb68d2b2eb20cad91f305c13bd14759ac5da9bd55fa87c3246d2fb857f3e1
SNMP,0001104659-20-106243,3/A,2020-09-17,0001362705,0001362705,Sanchez Midstream Partners LP,0001362705,1,1,TARGET_CIK_COMMON_EQUITY_CONTINUITY_CANDIDATE,https://www.sec.gov/Archives/edgar/data/1362705/000110465920106243/a3a.xml,bb904045af0a2440e99ad7bc06622c19d43f363f07b010409ba513a91272495f
SNMP,0001824033-20-000001,3,2020-09-17,0001362705,0001362705,Sanchez Midstream Partners LP,0001362705,1,1,TARGET_CIK_COMMON_EQUITY_CONTINUITY_CANDIDATE,https://www.sec.gov/Archives/edgar/data/1362705/000182403320000001/primary_doc.xml,c7281b4792986bfc0bd851749a63ed5dac48be487a0794a9a7a988cbeac89ff3
SNMP,0000905148-20-001089,SC 13D/A,2020-10-06,0001362705,,,0001362705,10,0,TRUE_IDENTITY_EVIDENCE_GAP_OR_UNSUPPORTED_CLASS,https://www.sec.gov/Archives/edgar/data/1362705/000090514820001089/efc20-752_sc13da.htm,4b87aac6b8d4ab896bac83a6fce7fcb30b9f71739365e78b7db54dadb7cd0e7a
SNMP,0000905148-20-001219,SC 13D/A,2020-11-18,0001362705,,,0001362705,12,0,TRUE_IDENTITY_EVIDENCE_GAP_OR_UNSUPPORTED_CLASS,https://www.sec.gov/Archives/edgar/data/1362705/000090514820001219/efc20-879_sc13da.htm,bd1eaefb2d82c38569988ac80a1618c5063c4355c77c76e956698e81cb926aa4
SNMP,0000905148-20-001235,3,2020-11-27,0001362705,0001362705,Sanchez Midstream Partners LP,0001362705,3,2,TARGET_CIK_COMMON_EQUITY_CONTINUITY_CANDIDATE,https://www.sec.gov/Archives/edgar/data/1362705/000090514820001235/form3.xml,39347f1c480dd13ac65fc709d46912c9e11c399824025ae08ec61eaa9194f446
SNMP,0000905148-21-000104,SC 13D/A,2021-02-01,0001362705,,,0001362705,10,0,TRUE_IDENTITY_EVIDENCE_GAP_OR_UNSUPPORTED_CLASS,https://www.sec.gov/Archives/edgar/data/1362705/000090514821000104/efc21-076_sc13da.htm,8cdec02aca7f98e8d5e34322915c5f309309c075ca6f7ce5a525a8e5bc14ea1c
SPI,0001372276-06-000003,3,2006-08-18,0001210618,0001210618,WELUND FUND INC,0001210618,1,1,TARGET_CIK_COMMON_EQUITY_CONTINUITY_CANDIDATE,https://www.sec.gov/Archives/edgar/data/1210618/000137227606000003/primary_doc.xml,05e56cd21b1a4fabc3a037ccc8df69633bde6f5acd228a51614fa7e7e8343eda
SPI,0001372276-06-000004,3,2006-08-18,0001210618,0001210618,WELUND FUND INC,0001210618,1,1,TARGET_CIK_COMMON_EQUITY_CONTINUITY_CANDIDATE,https://www.sec.gov/Archives/edgar/data/1210618/000137227606000004/primary_doc.xml,4612bc9ce3fcc491601b0af2473618179d81df2f1f9d405179d729a43aa65b01
SPI,0001374102-06-000001,3,2006-08-30,0001210618,0001210618,WELUND FUND INC,0001210618,2,2,TARGET_CIK_COMMON_EQUITY_CONTINUITY_CANDIDATE,https://www.sec.gov/Archives/edgar/data/1210618/000137410206000001/primary_doc.xml,04faaa3b4cf98a360d384666124062e55506c24a431864f5a576ca00a449247f
SPI,0001372276-06-000005,3/A,2006-09-21,0001210618,0001210618,WELUND FUND INC,0001210618,1,1,TARGET_CIK_COMMON_EQUITY_CONTINUITY_CANDIDATE,https://www.sec.gov/Archives/edgar/data/1210618/000137227606000005/primary_doc.xml,50b4197130ec4fdd6102bf2abd1948836a43fc072b21fed18dbc285b16e1267a
SPI,0001144204-06-040126,3,2006-09-28,0001210618,0001210618,WELUND FUND INC,0001210618,1,1,TARGET_CIK_COMMON_EQUITY_CONTINUITY_CANDIDATE,https://www.sec.gov/Archives/edgar/data/1210618/000114420406040126/v053775_ex.xml,3fd9c9a161b44e7d6467875608cc253e9827a453faa2e9a75e4b13a7c76f0bf3
SPI,0001144204-06-040128,3,2006-09-28,0001210618,0001210618,WELUND FUND INC,0001210618,1,1,TARGET_CIK_COMMON_EQUITY_CONTINUITY_CANDIDATE,https://www.sec.gov/Archives/edgar/data/1210618/000114420406040128/v053765_ex.xml,8e16f88432947a0fa5c3ee08585ad386bc3e5861753a0189e5ab0bf3c98946c9
SPI,0001001277-07-000021,3,2007-01-04,0001210618,0001210618,"Solar Power, Inc.",0001210618,1,1,TARGET_CIK_COMMON_EQUITY_CONTINUITY_CANDIDATE,https://www.sec.gov/Archives/edgar/data/1210618/000100127707000021/for122906_ex.xml,3fcaae947fe27b726c3ce995adb9355e7aacb103750e84fbe1633810fe8039e1
SPI,0001001277-07-000023,3,2007-01-04,0001210618,0001210618,"Solar Power, Inc.",0001210618,1,1,TARGET_CIK_COMMON_EQUITY_CONTINUITY_CANDIDATE,https://www.sec.gov/Archives/edgar/data/1210618/000100127707000023/for122906_ex.xml,45aded646a28959f66efdbb28d95690dd316f4ec89ebd03ee65b8135bb4e5101
SPI,0001001277-07-000026,3,2007-01-04,0001210618,0001210618,"Solar Power, Inc.",0001210618,1,1,TARGET_CIK_COMMON_EQUITY_CONTINUITY_CANDIDATE,https://www.sec.gov/Archives/edgar/data/1210618/000100127707000026/for122906_ex.xml,5a68f7f643cf11a8e901bba751c503b94b8e20c1e6bfbde3d69f6a6dff23121f
SPI,0001001277-07-000028,3,2007-01-04,0001210618,0001210618,"Solar Power, Inc.",0001210618,1,0,TRUE_IDENTITY_EVIDENCE_GAP_OR_UNSUPPORTED_CLASS,https://www.sec.gov/Archives/edgar/data/1210618/000100127707000028/for122906_ex.xml,6479b557c23a3553f82a519fa073b9ea8cb8412e40caae452d4438458bad4266
SPI,0001001277-07-000030,3,2007-01-04,0001210618,0001210618,"Solar Power, Inc.",0001210618,1,0,TRUE_IDENTITY_EVIDENCE_GAP_OR_UNSUPPORTED_CLASS,https://www.sec.gov/Archives/edgar/data/1210618/000100127707000030/for122906_ex.xml,55715dd69dbb93b2f244846d4ef56bfa58cd4f009cb6c70b2dfabad054e1782b
SPI,0001001277-07-000032,3,2007-01-04,0001210618,0001210618,"Solar Power, Inc.",0001210618,1,1,TARGET_CIK_COMMON_EQUITY_CONTINUITY_CANDIDATE,https://www.sec.gov/Archives/edgar/data/1210618/000100127707000032/for122906_ex.xml,fcf9b265870722f913ce8bd44f8c8677af4b4bf8d0690006cabc6a476d3fbeab
SPI,0001001277-07-000034,3,2007-01-04,0001210618,0001210618,"Solar Power, Inc.",0001210618,1,1,TARGET_CIK_COMMON_EQUITY_CONTINUITY_CANDIDATE,https://www.sec.gov/Archives/edgar/data/1210618/000100127707000034/for122906_ex.xml,2cb0fce902f8ff7a650d52e79b4f6afc7c6139e858dc383b18881f77d7a7bb27
SPI,0001001277-07-000036,3,2007-01-04,0001210618,0001210618,"Solar Power, Inc.",0001210618,1,0,TRUE_IDENTITY_EVIDENCE_GAP_OR_UNSUPPORTED_CLASS,https://www.sec.gov/Archives/edgar/data/1210618/000100127707000036/for122906_ex.xml,3818e956b9c323943773a5c6098d5bfa2d5edd96e03f621054ec4f61babd5de7
SPI,0001096906-07-000926,3,2007-06-18,0001210618,0001210618,"Solar Power, Inc.",0001210618,1,1,TARGET_CIK_COMMON_EQUITY_CONTINUITY_CANDIDATE,https://www.sec.gov/Archives/edgar/data/1210618/000109690607000926/primary_doc.xml,79c23fb210c7c656a4bb8c6f5a78c94298425eafce805a82a56d159748fa26e8
SPI,0001096906-07-000927,3,2007-06-18,0001210618,0001210618,"Solar Power, Inc.",0001210618,1,1,TARGET_CIK_COMMON_EQUITY_CONTINUITY_CANDIDATE,https://www.sec.gov/Archives/edgar/data/1210618/000109690607000927/primary_doc.xml,1797ce780c48be8f2e481d6f6535acf13ff6363c77008ee0d12d83bfa2026b9b
SPI,0001096906-08-000180,3,2008-02-05,0001210618,0001210618,"Solar Power, Inc.",0001210618,1,1,TARGET_CIK_COMMON_EQUITY_CONTINUITY_CANDIDATE,https://www.sec.gov/Archives/edgar/data/1210618/000109690608000180/primary_doc.xml,879f8fe77090164f3b57a0ec7690ca65238a81dcb6f47ce88c16f8b76e72ff78
SPI,0001096906-09-001493,3,2009-12-17,0001210618,0001210618,"Solar Power, Inc.",0001210618,1,1,TARGET_CIK_COMMON_EQUITY_CONTINUITY_CANDIDATE,https://www.sec.gov/Archives/edgar/data/1210618/000109690609001493/primary_doc.xml,2ef0235b5db29b36d19489bc98a6add49c40560f4e51cdf78d9f83f9277789ec
SPI,0001096906-10-001217,3,2010-09-24,0001210618,0001210618,"Solar Power, Inc.",0001210618,1,1,TARGET_CIK_COMMON_EQUITY_CONTINUITY_CANDIDATE,https://www.sec.gov/Archives/edgar/data/1210618/000109690610001217/primary_doc.xml,e3f9d174f3ee7c780b0ee69b32f478c39914f53786456ceec971b7218ebe77eb
SPI,0001209191-11-002730,3,2011-01-11,0001210618,0001210618,"Solar Power, Inc.",0001210618,1,1,TARGET_CIK_COMMON_EQUITY_CONTINUITY_CANDIDATE,https://www.sec.gov/Archives/edgar/data/1210618/000120919111002730/c10765_3x0.xml,f9ed65d2851df94f4e3023115547d8e90a37fe1376ebb7b21c49dfa4fcea527a
SPI,0000899243-15-001301,3,2015-07-16,0001210618,0001140310,ZBB ENERGY CORP,0001210618,1,1,NON_TARGET_ISSUER_DOCUMENT_MUST_BE_REJECTED,https://www.sec.gov/Archives/edgar/data/1210618/000089924315001301/doc3.xml,5213dcaa7df2f7d73dac9a343e7280bc24fd8f4c9e862beb370ef8a7b56ffb0d
STAF,0001571049-17-001063,3,2017-02-06,0001499717,0001499717,"Staffing 360 Solutions, Inc.",0001499717,1,1,TARGET_CIK_COMMON_EQUITY_CONTINUITY_CANDIDATE,https://www.sec.gov/Archives/edgar/data/1499717/000157104917001063/t1700079_jacksonstaf0126.xml,b5de5f9d3dd948ee05ddf429a4c49a4cf4a973dc107293044338ef1593b2b73b
STAF,0001571049-17-001423,3/A,2017-02-16,0001499717,0001499717,"Staffing 360 Solutions, Inc.",0001499717,1,1,TARGET_CIK_COMMON_EQUITY_CONTINUITY_CANDIDATE,https://www.sec.gov/Archives/edgar/data/1499717/000157104917001423/t1700119_jacksonstaf0126-f3a.xml,3511dd2e1831da140f122539bc0b82a31e2d7e15a62e248eb471fb73b3856398
STAF,0001209191-20-002987,3,2020-01-10,0001499717,0001499717,"Staffing 360 Solutions, Inc.",0001499717,1,1,TARGET_CIK_COMMON_EQUITY_CONTINUITY_CANDIDATE,https://www.sec.gov/Archives/edgar/data/1499717/000120919120002987/doc3.xml,f20cedf6fe10ab388eb10b12dc7db029d981776b122aa548b8b5499194848d46
STAF,0001209191-21-003869,3,2021-01-15,0001499717,0001499717,"Staffing 360 Solutions, Inc.",0001499717,1,1,TARGET_CIK_COMMON_EQUITY_CONTINUITY_CANDIDATE,https://www.sec.gov/Archives/edgar/data/1499717/000120919121003869/doc3.xml,31961447d0b9856028e3233f2ccf9cd0627e19496a07d952a2b38910e77f9baf
STAF,0001104659-23-089712,SC 13D,2023-08-10,0001499717,,,0001499717,3,0,TRUE_IDENTITY_EVIDENCE_GAP_OR_UNSUPPORTED_CLASS,https://www.sec.gov/Archives/edgar/data/1499717/000110465923089712/tm2323426d1_sc13d.htm,4728ad1341ce474c2f40d04cf7c6c72e08d7d6c92ff455e4dbdfed4667c408fe
STAF,0001104659-23-093548,SC 13D/A,2023-08-18,0001499717,,,0001499717,3,0,TRUE_IDENTITY_EVIDENCE_GAP_OR_UNSUPPORTED_CLASS,https://www.sec.gov/Archives/edgar/data/1499717/000110465923093548/tm2324157d1_sc13da.htm,a31c05dcaaf43d2448658aab10b3287ff9a08a7515eae520d75cfcf2765f0ad9
STAF,0001104659-23-095336,3,2023-08-25,0001499717,0001499717,"Staffing 360 Solutions, Inc.",0001499717,1,1,TARGET_CIK_COMMON_EQUITY_CONTINUITY_CANDIDATE,https://www.sec.gov/Archives/edgar/data/1499717/000110465923095336/tm2324610d1_3.xml,269989fb52fc99eab539929d9dc0049d0443d4f525edeaa36437b6ad8b6adc1f
STAF,0001104659-23-095957,SC 13D/A,2023-08-28,0001499717,,,0001499717,3,0,TRUE_IDENTITY_EVIDENCE_GAP_OR_UNSUPPORTED_CLASS,https://www.sec.gov/Archives/edgar/data/1499717/000110465923095957/tm2324985d1_sc13da.htm,ec67ba76054e05832072aa49a9f1b2e464755d7bcd2908a915d8089487574fd9
STAF,0001104659-23-102892,SC 13D/A,2023-09-22,0001499717,,,0001499717,3,0,TRUE_IDENTITY_EVIDENCE_GAP_OR_UNSUPPORTED_CLASS,https://www.sec.gov/Archives/edgar/data/1499717/000110465923102892/tm2326699d1_sc13da.htm,06ae9463c5120b0abb2e23408e028440f9c750c10ef3220499c9efae1dca8f71
STAF,0001493152-23-033676,DEF 14A,2023-09-26,0001499717,,,0001499717,9,0,TRUE_IDENTITY_EVIDENCE_GAP_OR_UNSUPPORTED_CLASS,https://www.sec.gov/Archives/edgar/data/1499717/000149315223033676/formdef14a.htm,ea7f878abcd7e1870426978d13d021558363455164892b9ab5ee0722a88b84a7
STAF,0001493152-23-044385,DEF 14A,2023-12-11,0001499717,,,0001499717,14,1,ISSUER_FILED_BASELINE_METADATA_CONTINUITY_CANDIDATE,https://www.sec.gov/Archives/edgar/data/1499717/000149315223044385/formdef14a.htm,f18e84610489f3b6dcf8f04b5fbb2361bbc1d4181005b9bf743f8bb9ba668a69
STAF,0001493152-24-023534,10-K,2024-06-12,0001499717,,"STAFFING
360 SOLUTIONS, INC.",0001499717,14,14,ISSUER_FILED_BASELINE_METADATA_CONTINUITY_CANDIDATE,https://www.sec.gov/Archives/edgar/data/1499717/000149315224023534/form10-k.htm,82dc9d1b93a194a95140dbf55cffdd8ffcc429d60fe73b42d50cda1f8effdb72
STAF,0001140361-24-047158,DEF 14A,2024-11-18,0001499717,,,0001499717,13,13,ISSUER_FILED_BASELINE_METADATA_CONTINUITY_CANDIDATE,https://www.sec.gov/Archives/edgar/data/1499717/000114036124047158/ny20038496x1_def14a.htm,7df1feb147e7920340500c6560f67956b6888109cfdecfe55518f61dbeb8c714
STAF,0001493152-25-001520,4,2025-01-10,0001499717,0001499717,"Staffing 360 Solutions, Inc.",0001499717,1,1,TARGET_CIK_COMMON_EQUITY_CONTINUITY_CANDIDATE,https://www.sec.gov/Archives/edgar/data/1499717/000149315225001520/ownership.xml,1205dbc1cd3317c29941f28a6f1c1d992c358788a3da3b01d077e896e5701f8f
STAF,0001493152-25-001524,4,2025-01-10,0001499717,0001499717,"Staffing 360 Solutions, Inc.",0001499717,1,1,TARGET_CIK_COMMON_EQUITY_CONTINUITY_CANDIDATE,https://www.sec.gov/Archives/edgar/data/1499717/000149315225001524/ownership.xml,325c4b9ca34c6e05cf0e88114af8fa35358fc4d90aefd290446c977d7bf763b6
VELO,0000899243-21-039206,3,2021-10-05,0001825079,0001825079,"Velo3D, Inc.",0001825079,3,3,TARGET_CIK_COMMON_EQUITY_CONTINUITY_CANDIDATE,https://www.sec.gov/Archives/edgar/data/1825079/000089924321039206/doc3.xml,cf8910af977a96b685e86e9d131eb1beebc5bdebc0e26084b2c21a684a1ff006
VELO,0000899243-21-039885,3,2021-10-12,0001825079,0001825079,"Velo3D, Inc.",0001825079,1,1,TARGET_CIK_COMMON_EQUITY_CONTINUITY_CANDIDATE,https://www.sec.gov/Archives/edgar/data/1825079/000089924321039885/doc3.xml,485763ec1368d3d98bb6ea532118b418ed03a4fb9cc784a6471a055f8a4e3f10
VELO,0000899243-21-039889,3,2021-10-12,0001825079,0001825079,"Velo3D, Inc.",0001825079,1,1,TARGET_CIK_COMMON_EQUITY_CONTINUITY_CANDIDATE,https://www.sec.gov/Archives/edgar/data/1825079/000089924321039889/doc3.xml,258da171511a6d5bdef281326a3dc763f52dfeb1a14d6f41fe5c2417573fd9a5
VELO,0001209191-21-060275,3,2021-10-12,0001825079,0001825079,"Velo3D, Inc.",0001825079,1,1,TARGET_CIK_COMMON_EQUITY_CONTINUITY_CANDIDATE,https://www.sec.gov/Archives/edgar/data/1825079/000120919121060275/doc3.xml,0111bce6f792ee1ccd653828227993d04945991a9e4c3a9b5b6667b2aa473d8a
VELO,0001209191-21-060278,3,2021-10-12,0001825079,0001825079,"Velo3D, Inc.",0001825079,1,1,TARGET_CIK_COMMON_EQUITY_CONTINUITY_CANDIDATE,https://www.sec.gov/Archives/edgar/data/1825079/000120919121060278/doc3.xml,0e90fe97f3fd0dfd10746b386f52a04f2f9eb064cd8fd4fb9edbf480e02bba4d
VELO,0001209191-23-059292,3,2023-12-19,0001825079,0001825079,"Velo3D, Inc.",0001825079,1,1,TARGET_CIK_COMMON_EQUITY_CONTINUITY_CANDIDATE,https://www.sec.gov/Archives/edgar/data/1825079/000120919123059292/doc3.xml,ea760c91f93ca8910d469fe79138b01c53bd63c3ef052de436347d8dff0d748f
VELO,0001415889-24-004409,3/A,2024-02-20,0001825079,0001825079,"Velo3D, Inc.",0001825079,1,1,TARGET_CIK_COMMON_EQUITY_CONTINUITY_CANDIDATE,https://www.sec.gov/Archives/edgar/data/1825079/000141588924004409/form3a-02202024_100212.xml,d83877fefcddb7e3ddad5a21c08550dc4a6378b91ad636efa85d93d069757e80
VELO,0001825079-24-000013,DEF 14A,2024-04-19,0001825079,,,0001825079,17,17,ISSUER_FILED_BASELINE_METADATA_CONTINUITY_CANDIDATE,https://www.sec.gov/Archives/edgar/data/1825079/000182507924000013/velo3d-2024prelimproxy.htm,fc623d71bbad72b8de7289bc9ca4fc2b0dfca0c9dc84679523aeff6822d76d8c
VELO,0001493152-25-000298,3,2025-01-03,0001825079,0001825079,"Velo3D, Inc.",0001825079,1,1,TARGET_CIK_COMMON_EQUITY_CONTINUITY_CANDIDATE,https://www.sec.gov/Archives/edgar/data/1825079/000149315225000298/ownership.xml,b64c84f9a25d3927d13c9b3c3e0854103aa25911b3aa12737698c974e94ff107
VELO,0000950170-25-060611,DEF 14A,2025-04-30,0001825079,,"VELO3D, INC.",0001825079,8,8,ISSUER_FILED_BASELINE_METADATA_CONTINUITY_CANDIDATE,https://www.sec.gov/Archives/edgar/data/1825079/000095017025060611/vldx-20250430.htm,228431d9b36ea81984a38b4d6552a3930e06a3afa5d042bf21e04e924c28054d
VELO,0000950170-25-069012,4,2025-05-12,0001825079,0001825079,"Velo3D, Inc.",0001825079,1,0,TRUE_IDENTITY_EVIDENCE_GAP_OR_UNSUPPORTED_CLASS,https://www.sec.gov/Archives/edgar/data/1825079/000095017025069012/ownership.xml,039bea98c75b2aa84d8d05e0efb62981fccea4acb3b8bd9bb5b98bca8a08ccd0
VELO,0000950170-25-073875,4,2025-05-16,0001825079,0001825079,"Velo3D, Inc.",0001825079,8,5,TARGET_CIK_COMMON_EQUITY_CONTINUITY_CANDIDATE,https://www.sec.gov/Archives/edgar/data/1825079/000095017025073875/ownership.xml,c8f3c9ced951cb020972e9a3148e1713aea2d63748d15a858cc1bac2f9fba7ad
VELO,0000950170-25-073878,4,2025-05-16,0001825079,0001825079,"Velo3D, Inc.",0001825079,9,6,TARGET_CIK_COMMON_EQUITY_CONTINUITY_CANDIDATE,https://www.sec.gov/Archives/edgar/data/1825079/000095017025073878/ownership.xml,49a0937f713ec7e29c9ab9a884f72c4e12a84e084cf82296ebaf1d7f51aec90b
VELO,0000950170-25-082237,4,2025-06-05,0001825079,0001825079,"Velo3D, Inc.",0001825079,1,0,TRUE_IDENTITY_EVIDENCE_GAP_OR_UNSUPPORTED_CLASS,https://www.sec.gov/Archives/edgar/data/1825079/000095017025082237/ownership.xml,08e25bd11a088efc57799339641a5713128e0b85eecfaf332750584387dd0fb7
VELO,0000950170-25-084467,4,2025-06-10,0001825079,0001825079,"Velo3D, Inc.",0001825079,2,1,TARGET_CIK_COMMON_EQUITY_CONTINUITY_CANDIDATE,https://www.sec.gov/Archives/edgar/data/1825079/000095017025084467/ownership.xml,0d23867616932da4186989c8695b8a1776a55da57a2ed245683e5c73c9946b67
VELO,0000950170-25-084479,4,2025-06-10,0001825079,0001825079,"Velo3D, Inc.",0001825079,2,1,TARGET_CIK_COMMON_EQUITY_CONTINUITY_CANDIDATE,https://www.sec.gov/Archives/edgar/data/1825079/000095017025084479/ownership.xml,b4ebd7a3fa6e69b3097ebbf5b0417ed90ba782f97bed8663396954a0775cc0ef
VELO,0000950170-25-088050,4,2025-06-18,0001825079,0001825079,"Velo3D, Inc.",0001825079,1,0,TRUE_IDENTITY_EVIDENCE_GAP_OR_UNSUPPORTED_CLASS,https://www.sec.gov/Archives/edgar/data/1825079/000095017025088050/ownership.xml,11405230f01345cee5ecb5878ada9f4b4f578900c9e9162730f4fb57d84f15f6
VELO,0001193125-25-213742,4,2025-09-23,0001825079,0001825079,"Velo3D, Inc.",0001825079,1,0,TRUE_IDENTITY_EVIDENCE_GAP_OR_UNSUPPORTED_CLASS,https://www.sec.gov/Archives/edgar/data/1825079/000119312525213742/ownership.xml,d51fc9dfc9e188496b546f4304f1f2b1dbf6d9057f0cbb26c50c3b5d6356f1f1
VELO,0001193125-25-213745,4,2025-09-23,0001825079,0001825079,"Velo3D, Inc.",0001825079,1,0,TRUE_IDENTITY_EVIDENCE_GAP_OR_UNSUPPORTED_CLASS,https://www.sec.gov/Archives/edgar/data/1825079/000119312525213745/ownership.xml,f6e94f98382288e320b2f0dba68b8696069b53a9ec303eacf48c75d10008bdbd
VELO,0001193125-25-213752,4,2025-09-23,0001825079,0001825079,"Velo3D, Inc.",0001825079,1,0,TRUE_IDENTITY_EVIDENCE_GAP_OR_UNSUPPORTED_CLASS,https://www.sec.gov/Archives/edgar/data/1825079/000119312525213752/ownership.xml,bdd6da64b584e35cb7f0bba6121ec3db1a2d8cbbd9f402cb64b964a653776ed9
VELO,0001193125-25-213756,4,2025-09-23,0001825079,0001825079,"Velo3D, Inc.",0001825079,1,0,TRUE_IDENTITY_EVIDENCE_GAP_OR_UNSUPPORTED_CLASS,https://www.sec.gov/Archives/edgar/data/1825079/000119312525213756/ownership.xml,67a8e8934e7447c7a2c4a470b15ff358537fbc1549ecad152e0a5be6397000ce
VELO,0001193125-25-215469,4,2025-09-24,0001825079,0001825079,"Velo3D, Inc.",0001825079,6,0,TRUE_IDENTITY_EVIDENCE_GAP_OR_UNSUPPORTED_CLASS,https://www.sec.gov/Archives/edgar/data/1825079/000119312525215469/ownership.xml,f9b2f65c7ada88b1677276095cbef9a6a01c58d468ac8b12a71df22c50a9d0bd
VELO,0001193125-25-226656,4,2025-10-01,0001825079,0001825079,"Velo3D, Inc.",0001825079,2,1,TARGET_CIK_COMMON_EQUITY_CONTINUITY_CANDIDATE,https://www.sec.gov/Archives/edgar/data/1825079/000119312525226656/ownership.xml,aaecbcfbac3cec8102c81edea1540deae0721f33e97c7f4e8c8e031b401fb56d
VELO,0001193125-25-226659,4,2025-10-01,0001825079,0001825079,"Velo3D, Inc.",0001825079,2,1,TARGET_CIK_COMMON_EQUITY_CONTINUITY_CANDIDATE,https://www.sec.gov/Archives/edgar/data/1825079/000119312525226659/ownership.xml,120ded3f4973dd24c4f5a1c1ca7cbf4d3d359fa1ed2394f1ca01132917599abd
VELO,0001193125-25-226661,4,2025-10-01,0001825079,0001825079,"Velo3D, Inc.",0001825079,2,1,TARGET_CIK_COMMON_EQUITY_CONTINUITY_CANDIDATE,https://www.sec.gov/Archives/edgar/data/1825079/000119312525226661/ownership.xml,02441ebca40afa64080a6711e963cb5f412928c664551ad143ca0f09d32d8bb2
VELO,0001193125-25-226662,4,2025-10-01,0001825079,0001825079,"Velo3D, Inc.",0001825079,2,1,TARGET_CIK_COMMON_EQUITY_CONTINUITY_CANDIDATE,https://www.sec.gov/Archives/edgar/data/1825079/000119312525226662/ownership.xml,a991fa6401ef9fb4f4ffb70aa99d48a295711910f3424b4ced2d130bea821e62
VELO,0001193125-25-226667,4,2025-10-01,0001825079,0001825079,"Velo3D, Inc.",0001825079,6,4,TARGET_CIK_COMMON_EQUITY_CONTINUITY_CANDIDATE,https://www.sec.gov/Archives/edgar/data/1825079/000119312525226667/ownership.xml,f2e1889069f11bab34f86795a02806313407e347b3ae537ba0cc76aad361c406
VELO,0001193125-25-289619,4,2025-11-20,0001825079,0001825079,"Velo3D, Inc.",0001825079,6,4,TARGET_CIK_COMMON_EQUITY_CONTINUITY_CANDIDATE,https://www.sec.gov/Archives/edgar/data/1825079/000119312525289619/ownership.xml,bc892076d80f1b3c2a62e8be936d963c942f9e1d1642f1595b101ac5f4f7cbc3
VELO,0001193125-25-337354,4,2025-12-30,0001825079,0001825079,"Velo3D, Inc.",0001825079,2,1,TARGET_CIK_COMMON_EQUITY_CONTINUITY_CANDIDATE,https://www.sec.gov/Archives/edgar/data/1825079/000119312525337354/ownership.xml,c7384622ade622c0c2bcdb854d066fbb04a8b871960d2835d2f77d773c223443
VELO,0001193125-25-337356,4,2025-12-30,0001825079,0001825079,"Velo3D, Inc.",0001825079,2,1,TARGET_CIK_COMMON_EQUITY_CONTINUITY_CANDIDATE,https://www.sec.gov/Archives/edgar/data/1825079/000119312525337356/ownership.xml,eb5bfebe70d80e31581fa241a28188605374e4de57f6be6d4b7f896cff1e44b1
VELO,0001193125-25-337357,4,2025-12-30,0001825079,0001825079,"Velo3D, Inc.",0001825079,2,1,TARGET_CIK_COMMON_EQUITY_CONTINUITY_CANDIDATE,https://www.sec.gov/Archives/edgar/data/1825079/000119312525337357/ownership.xml,9e9bf7fa9d2fca8ba41b3735198cee7185f30251db1daedae834d3baaa39e3a0
VELO,0001193125-25-337359,4,2025-12-30,0001825079,0001825079,"Velo3D, Inc.",0001825079,2,1,TARGET_CIK_COMMON_EQUITY_CONTINUITY_CANDIDATE,https://www.sec.gov/Archives/edgar/data/1825079/000119312525337359/ownership.xml,a848d242a1398b1b78c511068e60e8faf189d41768febb7d45d688f30a205911
VELO,0001193125-26-002557,4,2026-01-05,0001825079,0001825079,"Velo3D, Inc.",0001825079,4,2,TARGET_CIK_COMMON_EQUITY_CONTINUITY_CANDIDATE,https://www.sec.gov/Archives/edgar/data/1825079/000119312526002557/ownership.xml,10cb6503209ad6df02851d8bd417f68929e7fbbecf930b8036fa1648b7aeb261
VELO,0001193125-26-057028,4,2026-02-18,0001825079,0001825079,"Velo3D, Inc.",0001825079,2,1,TARGET_CIK_COMMON_EQUITY_CONTINUITY_CANDIDATE,https://www.sec.gov/Archives/edgar/data/1825079/000119312526057028/ownership.xml,3a8ad438efa2fd9911d3e1a9e5e5c1a06237ed42a22e9eb521a0ec07c6c08d17
VELO,0001193125-26-057038,4,2026-02-18,0001825079,0001825079,"Velo3D, Inc.",0001825079,2,2,TARGET_CIK_COMMON_EQUITY_CONTINUITY_CANDIDATE,https://www.sec.gov/Archives/edgar/data/1825079/000119312526057038/ownership.xml,059aa990ccfba72a07be50d4c0d3496d1ef9ad377a429d83d27327658bd29899
VELO,0001193125-26-096464,4,2026-03-06,0001825079,0001825079,"Velo3D, Inc.",0001825079,1,0,TRUE_IDENTITY_EVIDENCE_GAP_OR_UNSUPPORTED_CLASS,https://www.sec.gov/Archives/edgar/data/1825079/000119312526096464/ownership.xml,99c10643eb8d08a6307b4e9ce47c97f25611f6f7e15576ffc3478e423fb8aa93
VELO,0001193125-26-096473,4,2026-03-06,0001825079,0001825079,"Velo3D, Inc.",0001825079,3,2,TARGET_CIK_COMMON_EQUITY_CONTINUITY_CANDIDATE,https://www.sec.gov/Archives/edgar/data/1825079/000119312526096473/ownership.xml,91e1aedd1b79f924714a77f514ce791dd069e3fc9fb81f218939cd28c67dba6d
VELO,0001193125-26-096480,4,2026-03-06,0001825079,0001825079,"Velo3D, Inc.",0001825079,4,2,TARGET_CIK_COMMON_EQUITY_CONTINUITY_CANDIDATE,https://www.sec.gov/Archives/edgar/data/1825079/000119312526096480/ownership.xml,3e3e3ba02c737a75014c3c5c915d0b58719920c5f6695c177220b5bcc2433290
VIVE,0001437749-18-017010,3,2018-09-13,0000879682,0000879682,"VIVEVE MEDICAL, INC.",0000879682,2,2,TARGET_CIK_COMMON_EQUITY_CONTINUITY_CANDIDATE,https://www.sec.gov/Archives/edgar/data/879682/000143774918017010/rdgdoc.xml,83fdb9ebbe10adf6c79791ed5521aa3e4e70b2fe09addd4097538adad3d2e9e6
VIVE,0001144204-19-023624,3,2019-05-03,0000879682,0000879682,"VIVEVE MEDICAL, INC.",0000879682,1,1,TARGET_CIK_COMMON_EQUITY_CONTINUITY_CANDIDATE,https://www.sec.gov/Archives/edgar/data/879682/000114420419023624/tv520627_3.xml,dcdd3983e97574cc257f6d9b75cf08deeb9793d9e1cc13059f73e6d6b5ff684d
VIVE,0001144204-19-024214,3/A,2019-05-07,0000879682,0000879682,"VIVEVE MEDICAL, INC.",0000879682,1,1,TARGET_CIK_COMMON_EQUITY_CONTINUITY_CANDIDATE,https://www.sec.gov/Archives/edgar/data/879682/000114420419024214/tv520902_3a.xml,2f5d799c7474a12bf69323086f6a9d0f0e1a94a36394c7c8cbec218b88e8fca6
VIVE,0000769993-19-000511,3,2019-09-30,0000879682,0000879682,"VIVEVE MEDICAL, INC.",0000879682,1,1,TARGET_CIK_COMMON_EQUITY_CONTINUITY_CANDIDATE,https://www.sec.gov/Archives/edgar/data/879682/000076999319000511/ownershipdoc09302019115417.xml,329690f8f40243c91160813484574010c4e489f5e303799690e6fdb8420af325
VIVE,0000769993-20-000184,3/A,2020-02-18,0000879682,0000879682,"VIVEVE MEDICAL, INC.",0000879682,1,1,TARGET_CIK_COMMON_EQUITY_CONTINUITY_CANDIDATE,https://www.sec.gov/Archives/edgar/data/879682/000076999320000184/ownershipdoc02152020085841.xml,88e8b638f99eebb790438a95b4e2927e1c57e6b670bfd44cd1af751769df3b88
VIVE,0001437749-21-006480,10-K,2021-03-18,0000879682,,,0000879682,9,9,ISSUER_FILED_BASELINE_METADATA_CONTINUITY_CANDIDATE,https://www.sec.gov/Archives/edgar/data/879682/000143774921006480/vive20201231_10k.htm,663bfb683c0d42b5d4d0b6401b1d3442c6acaae8bac5de04c6cc329b7c3a07da
VIVE,0001437749-21-007843,DEF 14A,2021-03-31,0000879682,,,0000879682,8,8,ISSUER_FILED_BASELINE_METADATA_CONTINUITY_CANDIDATE,https://www.sec.gov/Archives/edgar/data/879682/000143774921007843/vive20210329_def14a.htm,2fdbc7d637709b9db86a3e06833a1072eae01044508f64640bc7ba511bf79a95
VIVE,0001437749-22-006581,DEF 14A,2022-03-17,0000879682,,,0000879682,7,7,ISSUER_FILED_BASELINE_METADATA_CONTINUITY_CANDIDATE,https://www.sec.gov/Archives/edgar/data/879682/000143774922006581/vive20220314_def14a.htm,8f96535e7adf70aa31ad436281f540b9cd307a1b629a8d35115c39849681283b
VIVE,0001437749-23-000478,4,2023-01-05,0000879682,0000879682,"VIVEVE MEDICAL, INC.",0000879682,1,0,TRUE_IDENTITY_EVIDENCE_GAP_OR_UNSUPPORTED_CLASS,https://www.sec.gov/Archives/edgar/data/879682/000143774923000478/rdgdoc.xml,5aa7f569dcc8f4b8b4bf2f2d4c1818327ec2e0590a6c6b17affb9d97e5b316d3
VIVE,0001437749-23-000480,4,2023-01-05,0000879682,0000879682,"VIVEVE MEDICAL, INC.",0000879682,1,0,TRUE_IDENTITY_EVIDENCE_GAP_OR_UNSUPPORTED_CLASS,https://www.sec.gov/Archives/edgar/data/879682/000143774923000480/rdgdoc.xml,54ee54425173a28cc40d2b9fe0147b0fc9ecfb04d664b9a4d6a88ef2c1b1e977
VIVE,0001437749-23-000482,4,2023-01-05,0000879682,0000879682,"VIVEVE MEDICAL, INC.",0000879682,1,0,TRUE_IDENTITY_EVIDENCE_GAP_OR_UNSUPPORTED_CLASS,https://www.sec.gov/Archives/edgar/data/879682/000143774923000482/rdgdoc.xml,0b167abb1078ee1a2c83d6820d3b40ec3ebcf0ccd93a02a5113d53ff6039efc4
VIVE,0001437749-23-000483,4,2023-01-05,0000879682,0000879682,"VIVEVE MEDICAL, INC.",0000879682,1,0,TRUE_IDENTITY_EVIDENCE_GAP_OR_UNSUPPORTED_CLASS,https://www.sec.gov/Archives/edgar/data/879682/000143774923000483/rdgdoc.xml,0b2fe6cd48acb22b2755670ab63e2923c2a3bcc03ad71c7273176c431e64ffc9
VIVE,0001437749-23-000484,4,2023-01-05,0000879682,0000879682,"VIVEVE MEDICAL, INC.",0000879682,1,0,TRUE_IDENTITY_EVIDENCE_GAP_OR_UNSUPPORTED_CLASS,https://www.sec.gov/Archives/edgar/data/879682/000143774923000484/rdgdoc.xml,9623b3322a8172d2c05b15e4e46e8ac1e42867cc7b386499c223924830c6f6b2
VIVE,0001437749-23-000485,4,2023-01-05,0000879682,0000879682,"VIVEVE MEDICAL, INC.",0000879682,1,0,TRUE_IDENTITY_EVIDENCE_GAP_OR_UNSUPPORTED_CLASS,https://www.sec.gov/Archives/edgar/data/879682/000143774923000485/rdgdoc.xml,81575e572e380b3ebd14cafefc9279600d0c5a9d54640cd7c6500950ca066a52
