position,candidate_export_dir,three_day_overview_image_path,event_day_premarket_detail_image_path,event_day_detail_until_1600_ny_image_path,daily_context_image_path,candidate_id,ticker,session_date,visible_maxpush_pct,pm_open_to_first_push_high_pct,pm_open_to_momentum_trigger_pct,prior_close_to_momentum_trigger_pct,pm_open_to_scanner_pct,prior_close_to_scanner_pct,pm_open_to_premarket_extension_high_pct,prior_close_to_premarket_extension_high_pct,pm_open_to_max_high_after_trigger_pct,scanner_to_max_high_pct,max_push_pct_after_trigger,das_state,first_dip_depth_pct,first_rebreak_type,first_rebreak_ts_et,first_green_wick_dip_ts_et,first_green_wick_dip_depth_pct,first_green_wick_dip_type
1,C:\TSIS_Data\00_CTO\13_TRADING_SYSTEMS\03_STRATEGY_LIBRARY\LONG\DAS\runs\das_scanner_appearance_20260628T114046Z\chart_exports\event_day_details_grouped\0001_SYRA_2024-02-08_push543.33_rebreak,C:\TSIS_Data\00_CTO\13_TRADING_SYSTEMS\03_STRATEGY_LIBRARY\LONG\DAS\runs\das_scanner_appearance_20260628T114046Z\chart_exports\event_day_details_grouped\0001_SYRA_2024-02-08_push543.33_rebreak\02_three_day_overview.png,C:\TSIS_Data\00_CTO\13_TRADING_SYSTEMS\03_STRATEGY_LIBRARY\LONG\DAS\runs\das_scanner_appearance_20260628T114046Z\chart_exports\event_day_details_grouped\0001_SYRA_2024-02-08_push543.33_rebreak\03_event_day_premarket_detail.png,C:\TSIS_Data\00_CTO\13_TRADING_SYSTEMS\03_STRATEGY_LIBRARY\LONG\DAS\runs\das_scanner_appearance_20260628T114046Z\chart_exports\event_day_details_grouped\0001_SYRA_2024-02-08_push543.33_rebreak\04_event_day_detail_until_1600_ny.png,C:\TSIS_Data\00_CTO\13_TRADING_SYSTEMS\03_STRATEGY_LIBRARY\LONG\DAS\runs\das_scanner_appearance_20260628T114046Z\chart_exports\event_day_details_grouped\0001_SYRA_2024-02-08_push543.33_rebreak\05_daily_context.png,das_scanner_appearance:SYRA:2024-02-08T14:03:00+00:00,SYRA,2024-02-08,543.3333,543.3333,66.66666666666667,80.03420649923486,337.5,372.5897920604915,716.6666666666667,782.1676118462508,716.6667,86.6667,86.6667,rebreak_confirmed,19.0415,ascending_flag_break,2024-02-08 09:09:00 EST,2024-02-08 09:20:00 EST,8.046,green_wick_dip_new_high
2,C:\TSIS_Data\00_CTO\13_TRADING_SYSTEMS\03_STRATEGY_LIBRARY\LONG\DAS\runs\das_scanner_appearance_20260628T114046Z\chart_exports\event_day_details_grouped\0002_SRXH_2025-12-16_push525.88_rebreak,C:\TSIS_Data\00_CTO\13_TRADING_SYSTEMS\03_STRATEGY_LIBRARY\LONG\DAS\runs\das_scanner_appearance_20260628T114046Z\chart_exports\event_day_details_grouped\0002_SRXH_2025-12-16_push525.88_rebreak\02_three_day_overview.png,C:\TSIS_Data\00_CTO\13_TRADING_SYSTEMS\03_STRATEGY_LIBRARY\LONG\DAS\runs\das_scanner_appearance_20260628T114046Z\chart_exports\event_day_details_grouped\0002_SRXH_2025-12-16_push525.88_rebreak\03_event_day_premarket_detail.png,C:\TSIS_Data\00_CTO\13_TRADING_SYSTEMS\03_STRATEGY_LIBRARY\LONG\DAS\runs\das_scanner_appearance_20260628T114046Z\chart_exports\event_day_details_grouped\0002_SRXH_2025-12-16_push525.88_rebreak\04_event_day_detail_until_1600_ny.png,C:\TSIS_Data\00_CTO\13_TRADING_SYSTEMS\03_STRATEGY_LIBRARY\LONG\DAS\runs\das_scanner_appearance_20260628T114046Z\chart_exports\event_day_details_grouped\0002_SRXH_2025-12-16_push525.88_rebreak\05_daily_context.png,das_scanner_appearance:SRXH:2025-12-16T13:30:00+00:00,SRXH,2025-12-16,525.884,525.884,525.884016973126,496.5621840242669,180.7284,167.57667677789013,525.884016973126,496.5621840242669,525.884,122.95,122.95,rebreak_confirmed,60.452,vwap_reclaim_rebreak,2025-12-16 08:38:00 EST,2025-12-16 08:39:00 EST,6.6667,green_wick_dip_new_high
3,C:\TSIS_Data\00_CTO\13_TRADING_SYSTEMS\03_STRATEGY_LIBRARY\LONG\DAS\runs\das_scanner_appearance_20260628T114046Z\chart_exports\event_day_details_grouped\0003_SONN_2025-07-14_push476.62_rebreak,C:\TSIS_Data\00_CTO\13_TRADING_SYSTEMS\03_STRATEGY_LIBRARY\LONG\DAS\runs\das_scanner_appearance_20260628T114046Z\chart_exports\event_day_details_grouped\0003_SONN_2025-07-14_push476.62_rebreak\02_three_day_overview.png,C:\TSIS_Data\00_CTO\13_TRADING_SYSTEMS\03_STRATEGY_LIBRARY\LONG\DAS\runs\das_scanner_appearance_20260628T114046Z\chart_exports\event_day_details_grouped\0003_SONN_2025-07-14_push476.62_rebreak\03_event_day_premarket_detail.png,C:\TSIS_Data\00_CTO\13_TRADING_SYSTEMS\03_STRATEGY_LIBRARY\LONG\DAS\runs\das_scanner_appearance_20260628T114046Z\chart_exports\event_day_details_grouped\0003_SONN_2025-07-14_push476.62_rebreak\04_event_day_detail_until_1600_ny.png,C:\TSIS_Data\00_CTO\13_TRADING_SYSTEMS\03_STRATEGY_LIBRARY\LONG\DAS\runs\das_scanner_appearance_20260628T114046Z\chart_exports\event_day_details_grouped\0003_SONN_2025-07-14_push476.62_rebreak\05_daily_context.png,das_scanner_appearance:SONN:2025-07-14T10:02:00+00:00,SONN,2025-07-14,476.616,476.616,69.20152091254754,80.16194331983804,135.7414,151.01214574898785,476.6159695817491,513.9676113360323,476.616,144.5968,144.5968,rebreak_confirmed,44.0158,last_red_high_break,2025-07-14 06:06:00 EDT,2025-07-14 06:07:00 EDT,1.799,green_wick_dip_new_high
4,C:\TSIS_Data\00_CTO\13_TRADING_SYSTEMS\03_STRATEGY_LIBRARY\LONG\DAS\runs\das_scanner_appearance_20260628T114046Z\chart_exports\event_day_details_grouped\0004_MSS_2025-09-29_push464.70_rebreak,C:\TSIS_Data\00_CTO\13_TRADING_SYSTEMS\03_STRATEGY_LIBRARY\LONG\DAS\runs\das_scanner_appearance_20260628T114046Z\chart_exports\event_day_details_grouped\0004_MSS_2025-09-29_push464.70_rebreak\02_three_day_overview.png,C:\TSIS_Data\00_CTO\13_TRADING_SYSTEMS\03_STRATEGY_LIBRARY\LONG\DAS\runs\das_scanner_appearance_20260628T114046Z\chart_exports\event_day_details_grouped\0004_MSS_2025-09-29_push464.70_rebreak\03_event_day_premarket_detail.png,C:\TSIS_Data\00_CTO\13_TRADING_SYSTEMS\03_STRATEGY_LIBRARY\LONG\DAS\runs\das_scanner_appearance_20260628T114046Z\chart_exports\event_day_details_grouped\0004_MSS_2025-09-29_push464.70_rebreak\04_event_day_detail_until_1600_ny.png,C:\TSIS_Data\00_CTO\13_TRADING_SYSTEMS\03_STRATEGY_LIBRARY\LONG\DAS\runs\das_scanner_appearance_20260628T114046Z\chart_exports\event_day_details_grouped\0004_MSS_2025-09-29_push464.70_rebreak\05_daily_context.png,das_scanner_appearance:MSS:2025-09-29T12:30:00+00:00,MSS,2025-09-29,464.7034,464.7034,239.87755963690103,242.48032333546058,193.4347,195.68176983620504,583.9772007599746,589.2150606253989,583.9772,133.0935,133.0935,rebreak_confirmed,27.6636,vwap_reclaim_rebreak,2025-09-29 08:40:00 EDT,2025-09-29 08:41:00 EDT,1.31,green_wick_dip_new_high
5,C:\TSIS_Data\00_CTO\13_TRADING_SYSTEMS\03_STRATEGY_LIBRARY\LONG\DAS\runs\das_scanner_appearance_20260628T114046Z\chart_exports\event_day_details_grouped\0005_MWYN_2025-09-10_push430.50_rebreak,C:\TSIS_Data\00_CTO\13_TRADING_SYSTEMS\03_STRATEGY_LIBRARY\LONG\DAS\runs\das_scanner_appearance_20260628T114046Z\chart_exports\event_day_details_grouped\0005_MWYN_2025-09-10_push430.50_rebreak\02_three_day_overview.png,C:\TSIS_Data\00_CTO\13_TRADING_SYSTEMS\03_STRATEGY_LIBRARY\LONG\DAS\runs\das_scanner_appearance_20260628T114046Z\chart_exports\event_day_details_grouped\0005_MWYN_2025-09-10_push430.50_rebreak\03_event_day_premarket_detail.png,C:\TSIS_Data\00_CTO\13_TRADING_SYSTEMS\03_STRATEGY_LIBRARY\LONG\DAS\runs\das_scanner_appearance_20260628T114046Z\chart_exports\event_day_details_grouped\0005_MWYN_2025-09-10_push430.50_rebreak\04_event_day_detail_until_1600_ny.png,C:\TSIS_Data\00_CTO\13_TRADING_SYSTEMS\03_STRATEGY_LIBRARY\LONG\DAS\runs\das_scanner_appearance_20260628T114046Z\chart_exports\event_day_details_grouped\0005_MWYN_2025-09-10_push430.50_rebreak\05_daily_context.png,das_scanner_appearance:MWYN:2025-09-10T08:14:00+00:00,MWYN,2025-09-10,430.504,430.504,65.78249336870026,74.43888824281893,58.046,66.29840679148738,480.238726790451,510.5361088498663,480.2387,267.1329,267.1329,rebreak_confirmed,56.25,vwap_reclaim_rebreak,2025-09-10 04:47:00 EDT,2025-09-10 04:49:00 EDT,10.101,green_wick_dip_reactivation
6,C:\TSIS_Data\00_CTO\13_TRADING_SYSTEMS\03_STRATEGY_LIBRARY\LONG\DAS\runs\das_scanner_appearance_20260628T114046Z\chart_exports\event_day_details_grouped\0006_CAMP_2025-09-10_push304.37_rebreak,C:\TSIS_Data\00_CTO\13_TRADING_SYSTEMS\03_STRATEGY_LIBRARY\LONG\DAS\runs\das_scanner_appearance_20260628T114046Z\chart_exports\event_day_details_grouped\0006_CAMP_2025-09-10_push304.37_rebreak\02_three_day_overview.png,C:\TSIS_Data\00_CTO\13_TRADING_SYSTEMS\03_STRATEGY_LIBRARY\LONG\DAS\runs\das_scanner_appearance_20260628T114046Z\chart_exports\event_day_details_grouped\0006_CAMP_2025-09-10_push304.37_rebreak\03_event_day_premarket_detail.png,C:\TSIS_Data\00_CTO\13_TRADING_SYSTEMS\03_STRATEGY_LIBRARY\LONG\DAS\runs\das_scanner_appearance_20260628T114046Z\chart_exports\event_day_details_grouped\0006_CAMP_2025-09-10_push304.37_rebreak\04_event_day_detail_until_1600_ny.png,C:\TSIS_Data\00_CTO\13_TRADING_SYSTEMS\03_STRATEGY_LIBRARY\LONG\DAS\runs\das_scanner_appearance_20260628T114046Z\chart_exports\event_day_details_grouped\0006_CAMP_2025-09-10_push304.37_rebreak\05_daily_context.png,das_scanner_appearance:CAMP:2025-09-10T11:01:00+00:00,CAMP,2025-09-10,304.3716,304.3716,169.94535519125685,150.761421319797,226.2295,203.0456852791878,304.37158469945354,275.6345177664975,304.3716,23.9531,23.9531,rebreak_confirmed,45.0,vwap_reclaim_rebreak,2025-09-10 07:05:00 EDT,2025-09-10 07:06:00 EDT,10.3715,green_wick_dip_new_high
7,C:\TSIS_Data\00_CTO\13_TRADING_SYSTEMS\03_STRATEGY_LIBRARY\LONG\DAS\runs\das_scanner_appearance_20260628T114046Z\chart_exports\event_day_details_grouped\0007_INM_2024-08-20_push231.75_rebreak,C:\TSIS_Data\00_CTO\13_TRADING_SYSTEMS\03_STRATEGY_LIBRARY\LONG\DAS\runs\das_scanner_appearance_20260628T114046Z\chart_exports\event_day_details_grouped\0007_INM_2024-08-20_push231.75_rebreak\02_three_day_overview.png,C:\TSIS_Data\00_CTO\13_TRADING_SYSTEMS\03_STRATEGY_LIBRARY\LONG\DAS\runs\das_scanner_appearance_20260628T114046Z\chart_exports\event_day_details_grouped\0007_INM_2024-08-20_push231.75_rebreak\03_event_day_premarket_detail.png,C:\TSIS_Data\00_CTO\13_TRADING_SYSTEMS\03_STRATEGY_LIBRARY\LONG\DAS\runs\das_scanner_appearance_20260628T114046Z\chart_exports\event_day_details_grouped\0007_INM_2024-08-20_push231.75_rebreak\04_event_day_detail_until_1600_ny.png,C:\TSIS_Data\00_CTO\13_TRADING_SYSTEMS\03_STRATEGY_LIBRARY\LONG\DAS\runs\das_scanner_appearance_20260628T114046Z\chart_exports\event_day_details_grouped\0007_INM_2024-08-20_push231.75_rebreak\05_daily_context.png,das_scanner_appearance:INM:2024-08-20T11:38:00+00:00,INM,2024-08-20,231.7536,231.7536,76.37102234258631,76.01351351351352,208.6662,208.04054054054055,541.8415707515234,540.5405405405405,541.8416,107.9403,107.9403,rebreak_confirmed,20.2041,ascending_flag_break,2024-08-20 07:44:00 EDT,2024-08-20 07:45:00 EDT,6.0188,green_wick_dip_new_high
8,C:\TSIS_Data\00_CTO\13_TRADING_SYSTEMS\03_STRATEGY_LIBRARY\LONG\DAS\runs\das_scanner_appearance_20260628T114046Z\chart_exports\event_day_details_grouped\0008_HTOO_2025-07-22_push229.27_rebreak,C:\TSIS_Data\00_CTO\13_TRADING_SYSTEMS\03_STRATEGY_LIBRARY\LONG\DAS\runs\das_scanner_appearance_20260628T114046Z\chart_exports\event_day_details_grouped\0008_HTOO_2025-07-22_push229.27_rebreak\02_three_day_overview.png,C:\TSIS_Data\00_CTO\13_TRADING_SYSTEMS\03_STRATEGY_LIBRARY\LONG\DAS\runs\das_scanner_appearance_20260628T114046Z\chart_exports\event_day_details_grouped\0008_HTOO_2025-07-22_push229.27_rebreak\03_event_day_premarket_detail.png,C:\TSIS_Data\00_CTO\13_TRADING_SYSTEMS\03_STRATEGY_LIBRARY\LONG\DAS\runs\das_scanner_appearance_20260628T114046Z\chart_exports\event_day_details_grouped\0008_HTOO_2025-07-22_push229.27_rebreak\04_event_day_detail_until_1600_ny.png,C:\TSIS_Data\00_CTO\13_TRADING_SYSTEMS\03_STRATEGY_LIBRARY\LONG\DAS\runs\das_scanner_appearance_20260628T114046Z\chart_exports\event_day_details_grouped\0008_HTOO_2025-07-22_push229.27_rebreak\05_daily_context.png,das_scanner_appearance:HTOO:2025-07-22T12:02:00+00:00,HTOO,2025-07-22,229.2725,229.2725,76.57657657657656,84.25381903642773,198.2005,211.16568742655696,242.56756756756755,257.4618096357227,242.5676,14.8783,14.8783,rebreak_confirmed,31.5991,vwap_reclaim_rebreak,2025-07-22 08:28:00 EDT,2025-07-22 08:30:00 EDT,2.842,green_wick_dip_new_high
9,C:\TSIS_Data\00_CTO\13_TRADING_SYSTEMS\03_STRATEGY_LIBRARY\LONG\DAS\runs\das_scanner_appearance_20260628T114046Z\chart_exports\event_day_details_grouped\0009_DALN_2025-07-10_push213.21_rebreak,C:\TSIS_Data\00_CTO\13_TRADING_SYSTEMS\03_STRATEGY_LIBRARY\LONG\DAS\runs\das_scanner_appearance_20260628T114046Z\chart_exports\event_day_details_grouped\0009_DALN_2025-07-10_push213.21_rebreak\02_three_day_overview.png,C:\TSIS_Data\00_CTO\13_TRADING_SYSTEMS\03_STRATEGY_LIBRARY\LONG\DAS\runs\das_scanner_appearance_20260628T114046Z\chart_exports\event_day_details_grouped\0009_DALN_2025-07-10_push213.21_rebreak\03_event_day_premarket_detail.png,C:\TSIS_Data\00_CTO\13_TRADING_SYSTEMS\03_STRATEGY_LIBRARY\LONG\DAS\runs\das_scanner_appearance_20260628T114046Z\chart_exports\event_day_details_grouped\0009_DALN_2025-07-10_push213.21_rebreak\04_event_day_detail_until_1600_ny.png,C:\TSIS_Data\00_CTO\13_TRADING_SYSTEMS\03_STRATEGY_LIBRARY\LONG\DAS\runs\das_scanner_appearance_20260628T114046Z\chart_exports\event_day_details_grouped\0009_DALN_2025-07-10_push213.21_rebreak\05_daily_context.png,das_scanner_appearance:DALN:2025-07-10T12:02:00+00:00,DALN,2025-07-10,213.205,213.205,212.75626423690207,212.75626423690207,194.3052,194.30523917995447,213.20501138952164,213.20501138952164,213.205,6.4218,6.4218,rebreak_confirmed,8.3616,ascending_flag_break,2025-07-10 08:06:00 EDT,2025-07-10 08:08:00 EDT,0.6002,green_wick_dip_reactivation
10,C:\TSIS_Data\00_CTO\13_TRADING_SYSTEMS\03_STRATEGY_LIBRARY\LONG\DAS\runs\das_scanner_appearance_20260628T114046Z\chart_exports\event_day_details_grouped\0010_CJMB_2026-01-15_push209.48_rebreak,C:\TSIS_Data\00_CTO\13_TRADING_SYSTEMS\03_STRATEGY_LIBRARY\LONG\DAS\runs\das_scanner_appearance_20260628T114046Z\chart_exports\event_day_details_grouped\0010_CJMB_2026-01-15_push209.48_rebreak\02_three_day_overview.png,C:\TSIS_Data\00_CTO\13_TRADING_SYSTEMS\03_STRATEGY_LIBRARY\LONG\DAS\runs\das_scanner_appearance_20260628T114046Z\chart_exports\event_day_details_grouped\0010_CJMB_2026-01-15_push209.48_rebreak\03_event_day_premarket_detail.png,C:\TSIS_Data\00_CTO\13_TRADING_SYSTEMS\03_STRATEGY_LIBRARY\LONG\DAS\runs\das_scanner_appearance_20260628T114046Z\chart_exports\event_day_details_grouped\0010_CJMB_2026-01-15_push209.48_rebreak\04_event_day_detail_until_1600_ny.png,C:\TSIS_Data\00_CTO\13_TRADING_SYSTEMS\03_STRATEGY_LIBRARY\LONG\DAS\runs\das_scanner_appearance_20260628T114046Z\chart_exports\event_day_details_grouped\0010_CJMB_2026-01-15_push209.48_rebreak\05_daily_context.png,das_scanner_appearance:CJMB:2026-01-15T13:46:00+00:00,CJMB,2026-01-15,209.4794,209.4794,95.0144141088689,105.33880903490756,169.6286,183.9032229265244,293.4203832457181,314.2487277921614,293.4204,45.9119,45.9119,rebreak_confirmed,21.3699,single_candle_rebreak,2026-01-15 08:48:00 EST,2026-01-15 08:55:00 EST,1.0067,green_wick_dip_new_high
11,C:\TSIS_Data\00_CTO\13_TRADING_SYSTEMS\03_STRATEGY_LIBRARY\LONG\DAS\runs\das_scanner_appearance_20260628T114046Z\chart_exports\event_day_details_grouped\0011_KAVL_2024-06-14_push207.35_rebreak,C:\TSIS_Data\00_CTO\13_TRADING_SYSTEMS\03_STRATEGY_LIBRARY\LONG\DAS\runs\das_scanner_appearance_20260628T114046Z\chart_exports\event_day_details_grouped\0011_KAVL_2024-06-14_push207.35_rebreak\02_three_day_overview.png,C:\TSIS_Data\00_CTO\13_TRADING_SYSTEMS\03_STRATEGY_LIBRARY\LONG\DAS\runs\das_scanner_appearance_20260628T114046Z\chart_exports\event_day_details_grouped\0011_KAVL_2024-06-14_push207.35_rebreak\03_event_day_premarket_detail.png,C:\TSIS_Data\00_CTO\13_TRADING_SYSTEMS\03_STRATEGY_LIBRARY\LONG\DAS\runs\das_scanner_appearance_20260628T114046Z\chart_exports\event_day_details_grouped\0011_KAVL_2024-06-14_push207.35_rebreak\04_event_day_detail_until_1600_ny.png,C:\TSIS_Data\00_CTO\13_TRADING_SYSTEMS\03_STRATEGY_LIBRARY\LONG\DAS\runs\das_scanner_appearance_20260628T114046Z\chart_exports\event_day_details_grouped\0011_KAVL_2024-06-14_push207.35_rebreak\05_daily_context.png,das_scanner_appearance:KAVL:2024-06-14T13:15:00+00:00,KAVL,2024-06-14,207.3529,207.3529,92.6470588235294,94.07407407407406,26.4706,27.407407407407398,244.8235294117647,247.3777777777778,244.8235,172.6512,172.6512,rebreak_confirmed,14.8325,single_candle_rebreak,2024-06-14 09:20:00 EDT,2024-06-14 09:27:00 EDT,0.7979,green_wick_dip_new_high
12,C:\TSIS_Data\00_CTO\13_TRADING_SYSTEMS\03_STRATEGY_LIBRARY\LONG\DAS\runs\das_scanner_appearance_20260628T114046Z\chart_exports\event_day_details_grouped\0012_ALBT_2025-07-14_push197.01_rebreak,C:\TSIS_Data\00_CTO\13_TRADING_SYSTEMS\03_STRATEGY_LIBRARY\LONG\DAS\runs\das_scanner_appearance_20260628T114046Z\chart_exports\event_day_details_grouped\0012_ALBT_2025-07-14_push197.01_rebreak\02_three_day_overview.png,C:\TSIS_Data\00_CTO\13_TRADING_SYSTEMS\03_STRATEGY_LIBRARY\LONG\DAS\runs\das_scanner_appearance_20260628T114046Z\chart_exports\event_day_details_grouped\0012_ALBT_2025-07-14_push197.01_rebreak\03_event_day_premarket_detail.png,C:\TSIS_Data\00_CTO\13_TRADING_SYSTEMS\03_STRATEGY_LIBRARY\LONG\DAS\runs\das_scanner_appearance_20260628T114046Z\chart_exports\event_day_details_grouped\0012_ALBT_2025-07-14_push197.01_rebreak\04_event_day_detail_until_1600_ny.png,C:\TSIS_Data\00_CTO\13_TRADING_SYSTEMS\03_STRATEGY_LIBRARY\LONG\DAS\runs\das_scanner_appearance_20260628T114046Z\chart_exports\event_day_details_grouped\0012_ALBT_2025-07-14_push197.01_rebreak\05_daily_context.png,das_scanner_appearance:ALBT:2025-07-14T12:02:00+00:00,ALBT,2025-07-14,197.0149,197.0149,130.5970149253731,142.35294117647058,154.1045,167.05882352941177,197.0149253731343,212.15686274509804,197.0149,16.8869,16.8869,rebreak_confirmed,27.2613,single_candle_rebreak,2025-07-14 08:04:00 EDT,2025-07-14 08:08:00 EDT,14.9718,green_wick_dip_reactivation
13,C:\TSIS_Data\00_CTO\13_TRADING_SYSTEMS\03_STRATEGY_LIBRARY\LONG\DAS\runs\das_scanner_appearance_20260628T114046Z\chart_exports\event_day_details_grouped\0013_SGN_2025-05-28_push181.69_rebreak,C:\TSIS_Data\00_CTO\13_TRADING_SYSTEMS\03_STRATEGY_LIBRARY\LONG\DAS\runs\das_scanner_appearance_20260628T114046Z\chart_exports\event_day_details_grouped\0013_SGN_2025-05-28_push181.69_rebreak\02_three_day_overview.png,C:\TSIS_Data\00_CTO\13_TRADING_SYSTEMS\03_STRATEGY_LIBRARY\LONG\DAS\runs\das_scanner_appearance_20260628T114046Z\chart_exports\event_day_details_grouped\0013_SGN_2025-05-28_push181.69_rebreak\03_event_day_premarket_detail.png,C:\TSIS_Data\00_CTO\13_TRADING_SYSTEMS\03_STRATEGY_LIBRARY\LONG\DAS\runs\das_scanner_appearance_20260628T114046Z\chart_exports\event_day_details_grouped\0013_SGN_2025-05-28_push181.69_rebreak\04_event_day_detail_until_1600_ny.png,C:\TSIS_Data\00_CTO\13_TRADING_SYSTEMS\03_STRATEGY_LIBRARY\LONG\DAS\runs\das_scanner_appearance_20260628T114046Z\chart_exports\event_day_details_grouped\0013_SGN_2025-05-28_push181.69_rebreak\05_daily_context.png,das_scanner_appearance:SGN:2025-05-28T12:45:00+00:00,SGN,2025-05-28,181.6901,181.6901,65.70008285004143,67.58439071103662,39.6615,41.24970074215943,376.87300272221563,382.29590615274117,376.873,241.4492,241.4492,rebreak_confirmed,17.6471,single_candle_rebreak,2025-05-28 08:51:00 EDT,2025-05-28 08:52:00 EDT,0.7547,green_wick_dip_new_high
14,C:\TSIS_Data\00_CTO\13_TRADING_SYSTEMS\03_STRATEGY_LIBRARY\LONG\DAS\runs\das_scanner_appearance_20260628T114046Z\chart_exports\event_day_details_grouped\0014_PRFX_2026-02-11_push170.65_rebreak,C:\TSIS_Data\00_CTO\13_TRADING_SYSTEMS\03_STRATEGY_LIBRARY\LONG\DAS\runs\das_scanner_appearance_20260628T114046Z\chart_exports\event_day_details_grouped\0014_PRFX_2026-02-11_push170.65_rebreak\02_three_day_overview.png,C:\TSIS_Data\00_CTO\13_TRADING_SYSTEMS\03_STRATEGY_LIBRARY\LONG\DAS\runs\das_scanner_appearance_20260628T114046Z\chart_exports\event_day_details_grouped\0014_PRFX_2026-02-11_push170.65_rebreak\03_event_day_premarket_detail.png,C:\TSIS_Data\00_CTO\13_TRADING_SYSTEMS\03_STRATEGY_LIBRARY\LONG\DAS\runs\das_scanner_appearance_20260628T114046Z\chart_exports\event_day_details_grouped\0014_PRFX_2026-02-11_push170.65_rebreak\04_event_day_detail_until_1600_ny.png,C:\TSIS_Data\00_CTO\13_TRADING_SYSTEMS\03_STRATEGY_LIBRARY\LONG\DAS\runs\das_scanner_appearance_20260628T114046Z\chart_exports\event_day_details_grouped\0014_PRFX_2026-02-11_push170.65_rebreak\05_daily_context.png,das_scanner_appearance:PRFX:2026-02-11T13:31:00+00:00,PRFX,2026-02-11,170.6485,170.6485,94.53924914675767,93.87755102040816,48.8055,48.299319727891174,170.64846416382252,169.7278911564626,170.6485,81.8807,81.8807,rebreak_confirmed,46.1538,single_candle_rebreak,2026-02-11 08:33:00 EST,2026-02-11 08:36:00 EST,1.0654,green_wick_dip_new_high
15,C:\TSIS_Data\00_CTO\13_TRADING_SYSTEMS\03_STRATEGY_LIBRARY\LONG\DAS\runs\das_scanner_appearance_20260628T114046Z\chart_exports\event_day_details_grouped\0015_RANI_2025-10-17_push167.57_rebreak,C:\TSIS_Data\00_CTO\13_TRADING_SYSTEMS\03_STRATEGY_LIBRARY\LONG\DAS\runs\das_scanner_appearance_20260628T114046Z\chart_exports\event_day_details_grouped\0015_RANI_2025-10-17_push167.57_rebreak\02_three_day_overview.png,C:\TSIS_Data\00_CTO\13_TRADING_SYSTEMS\03_STRATEGY_LIBRARY\LONG\DAS\runs\das_scanner_appearance_20260628T114046Z\chart_exports\event_day_details_grouped\0015_RANI_2025-10-17_push167.57_rebreak\03_event_day_premarket_detail.png,C:\TSIS_Data\00_CTO\13_TRADING_SYSTEMS\03_STRATEGY_LIBRARY\LONG\DAS\runs\das_scanner_appearance_20260628T114046Z\chart_exports\event_day_details_grouped\0015_RANI_2025-10-17_push167.57_rebreak\04_event_day_detail_until_1600_ny.png,C:\TSIS_Data\00_CTO\13_TRADING_SYSTEMS\03_STRATEGY_LIBRARY\LONG\DAS\runs\das_scanner_appearance_20260628T114046Z\chart_exports\event_day_details_grouped\0015_RANI_2025-10-17_push167.57_rebreak\05_daily_context.png,das_scanner_appearance:RANI:2025-10-17T11:30:00+00:00,RANI,2025-10-17,167.5727,167.5727,167.57273306434487,167.515923566879,105.9885,105.9447983014862,229.15693353153537,229.08704883227182,229.1569,59.7938,59.7938,rebreak_confirmed,27.3571,single_candle_rebreak,2025-10-17 07:32:00 EDT,2025-10-17 07:34:00 EDT,15.7727,green_wick_dip_reactivation
16,C:\TSIS_Data\00_CTO\13_TRADING_SYSTEMS\03_STRATEGY_LIBRARY\LONG\DAS\runs\das_scanner_appearance_20260628T114046Z\chart_exports\event_day_details_grouped\0016_OSRH_2025-03-26_push166.27_rebreak,C:\TSIS_Data\00_CTO\13_TRADING_SYSTEMS\03_STRATEGY_LIBRARY\LONG\DAS\runs\das_scanner_appearance_20260628T114046Z\chart_exports\event_day_details_grouped\0016_OSRH_2025-03-26_push166.27_rebreak\02_three_day_overview.png,C:\TSIS_Data\00_CTO\13_TRADING_SYSTEMS\03_STRATEGY_LIBRARY\LONG\DAS\runs\das_scanner_appearance_20260628T114046Z\chart_exports\event_day_details_grouped\0016_OSRH_2025-03-26_push166.27_rebreak\03_event_day_premarket_detail.png,C:\TSIS_Data\00_CTO\13_TRADING_SYSTEMS\03_STRATEGY_LIBRARY\LONG\DAS\runs\das_scanner_appearance_20260628T114046Z\chart_exports\event_day_details_grouped\0016_OSRH_2025-03-26_push166.27_rebreak\04_event_day_detail_until_1600_ny.png,C:\TSIS_Data\00_CTO\13_TRADING_SYSTEMS\03_STRATEGY_LIBRARY\LONG\DAS\runs\das_scanner_appearance_20260628T114046Z\chart_exports\event_day_details_grouped\0016_OSRH_2025-03-26_push166.27_rebreak\05_daily_context.png,das_scanner_appearance:OSRH:2025-03-26T11:21:00+00:00,OSRH,2025-03-26,166.2722,166.2722,68.0473372781065,78.61635220125784,71.0059,81.76100628930818,177.51479289940832,194.96855345911953,177.5148,62.2837,62.2837,rebreak_confirmed,20.8889,vwap_reclaim_rebreak,2025-03-26 07:31:00 EDT,2025-03-26 07:33:00 EDT,3.5354,green_wick_dip_reactivation
17,C:\TSIS_Data\00_CTO\13_TRADING_SYSTEMS\03_STRATEGY_LIBRARY\LONG\DAS\runs\das_scanner_appearance_20260628T114046Z\chart_exports\event_day_details_grouped\0017_ROLR_2026-01-14_push165.17_rebreak,C:\TSIS_Data\00_CTO\13_TRADING_SYSTEMS\03_STRATEGY_LIBRARY\LONG\DAS\runs\das_scanner_appearance_20260628T114046Z\chart_exports\event_day_details_grouped\0017_ROLR_2026-01-14_push165.17_rebreak\02_three_day_overview.png,C:\TSIS_Data\00_CTO\13_TRADING_SYSTEMS\03_STRATEGY_LIBRARY\LONG\DAS\runs\das_scanner_appearance_20260628T114046Z\chart_exports\event_day_details_grouped\0017_ROLR_2026-01-14_push165.17_rebreak\03_event_day_premarket_detail.png,C:\TSIS_Data\00_CTO\13_TRADING_SYSTEMS\03_STRATEGY_LIBRARY\LONG\DAS\runs\das_scanner_appearance_20260628T114046Z\chart_exports\event_day_details_grouped\0017_ROLR_2026-01-14_push165.17_rebreak\04_event_day_detail_until_1600_ny.png,C:\TSIS_Data\00_CTO\13_TRADING_SYSTEMS\03_STRATEGY_LIBRARY\LONG\DAS\runs\das_scanner_appearance_20260628T114046Z\chart_exports\event_day_details_grouped\0017_ROLR_2026-01-14_push165.17_rebreak\05_daily_context.png,das_scanner_appearance:ROLR:2026-01-14T13:19:00+00:00,ROLR,2026-01-14,165.1685,165.1685,65.44943820224718,67.32954545454545,115.5084,117.9573863636364,485.3932584269663,492.04545454545456,485.3933,171.6336,171.6336,rebreak_confirmed,24.7881,vwap_reclaim_rebreak,2026-01-14 08:23:00 EST,2026-01-14 08:25:00 EST,2.2754,green_wick_dip_reactivation
18,C:\TSIS_Data\00_CTO\13_TRADING_SYSTEMS\03_STRATEGY_LIBRARY\LONG\DAS\runs\das_scanner_appearance_20260628T114046Z\chart_exports\event_day_details_grouped\0018_SPRO_2025-05-28_push160.00_rebreak,C:\TSIS_Data\00_CTO\13_TRADING_SYSTEMS\03_STRATEGY_LIBRARY\LONG\DAS\runs\das_scanner_appearance_20260628T114046Z\chart_exports\event_day_details_grouped\0018_SPRO_2025-05-28_push160.00_rebreak\02_three_day_overview.png,C:\TSIS_Data\00_CTO\13_TRADING_SYSTEMS\03_STRATEGY_LIBRARY\LONG\DAS\runs\das_scanner_appearance_20260628T114046Z\chart_exports\event_day_details_grouped\0018_SPRO_2025-05-28_push160.00_rebreak\03_event_day_premarket_detail.png,C:\TSIS_Data\00_CTO\13_TRADING_SYSTEMS\03_STRATEGY_LIBRARY\LONG\DAS\runs\das_scanner_appearance_20260628T114046Z\chart_exports\event_day_details_grouped\0018_SPRO_2025-05-28_push160.00_rebreak\04_event_day_detail_until_1600_ny.png,C:\TSIS_Data\00_CTO\13_TRADING_SYSTEMS\03_STRATEGY_LIBRARY\LONG\DAS\runs\das_scanner_appearance_20260628T114046Z\chart_exports\event_day_details_grouped\0018_SPRO_2025-05-28_push160.00_rebreak\05_daily_context.png,das_scanner_appearance:SPRO:2025-05-28T11:01:00+00:00,SPRO,2025-05-28,160.0,160.0,71.42857142857143,73.91304347826087,47.1429,49.27536231884059,318.5714285714286,324.63768115942037,318.5714,184.466,184.466,rebreak_confirmed,17.5824,last_red_high_break,2025-05-28 07:06:00 EDT,2025-05-28 07:07:00 EDT,6.5574,green_wick_dip_new_high
19,C:\TSIS_Data\00_CTO\13_TRADING_SYSTEMS\03_STRATEGY_LIBRARY\LONG\DAS\runs\das_scanner_appearance_20260628T114046Z\chart_exports\event_day_details_grouped\0019_NERV_2025-10-21_push157.25_rebreak,C:\TSIS_Data\00_CTO\13_TRADING_SYSTEMS\03_STRATEGY_LIBRARY\LONG\DAS\runs\das_scanner_appearance_20260628T114046Z\chart_exports\event_day_details_grouped\0019_NERV_2025-10-21_push157.25_rebreak\02_three_day_overview.png,C:\TSIS_Data\00_CTO\13_TRADING_SYSTEMS\03_STRATEGY_LIBRARY\LONG\DAS\runs\das_scanner_appearance_20260628T114046Z\chart_exports\event_day_details_grouped\0019_NERV_2025-10-21_push157.25_rebreak\03_event_day_premarket_detail.png,C:\TSIS_Data\00_CTO\13_TRADING_SYSTEMS\03_STRATEGY_LIBRARY\LONG\DAS\runs\das_scanner_appearance_20260628T114046Z\chart_exports\event_day_details_grouped\0019_NERV_2025-10-21_push157.25_rebreak\04_event_day_detail_until_1600_ny.png,C:\TSIS_Data\00_CTO\13_TRADING_SYSTEMS\03_STRATEGY_LIBRARY\LONG\DAS\runs\das_scanner_appearance_20260628T114046Z\chart_exports\event_day_details_grouped\0019_NERV_2025-10-21_push157.25_rebreak\05_daily_context.png,das_scanner_appearance:NERV:2025-10-21T12:00:00+00:00,NERV,2025-10-21,157.2491,157.2491,79.92565055762083,81.27340823970037,74.3494,75.6554307116105,183.271375464684,185.3932584269663,183.2714,62.4733,62.4733,rebreak_confirmed,14.5939,vwap_reclaim_rebreak,2025-10-21 08:15:00 EDT,2025-10-21 08:17:00 EDT,1.21,green_wick_dip_new_high
20,C:\TSIS_Data\00_CTO\13_TRADING_SYSTEMS\03_STRATEGY_LIBRARY\LONG\DAS\runs\das_scanner_appearance_20260628T114046Z\chart_exports\event_day_details_grouped\0020_TWG_2026-01-20_push155.17_rebreak,C:\TSIS_Data\00_CTO\13_TRADING_SYSTEMS\03_STRATEGY_LIBRARY\LONG\DAS\runs\das_scanner_appearance_20260628T114046Z\chart_exports\event_day_details_grouped\0020_TWG_2026-01-20_push155.17_rebreak\02_three_day_overview.png,C:\TSIS_Data\00_CTO\13_TRADING_SYSTEMS\03_STRATEGY_LIBRARY\LONG\DAS\runs\das_scanner_appearance_20260628T114046Z\chart_exports\event_day_details_grouped\0020_TWG_2026-01-20_push155.17_rebreak\03_event_day_premarket_detail.png,C:\TSIS_Data\00_CTO\13_TRADING_SYSTEMS\03_STRATEGY_LIBRARY\LONG\DAS\runs\das_scanner_appearance_20260628T114046Z\chart_exports\event_day_details_grouped\0020_TWG_2026-01-20_push155.17_rebreak\04_event_day_detail_until_1600_ny.png,C:\TSIS_Data\00_CTO\13_TRADING_SYSTEMS\03_STRATEGY_LIBRARY\LONG\DAS\runs\das_scanner_appearance_20260628T114046Z\chart_exports\event_day_details_grouped\0020_TWG_2026-01-20_push155.17_rebreak\05_daily_context.png,das_scanner_appearance:TWG:2026-01-20T11:51:00+00:00,TWG,2026-01-20,155.1724,155.1724,99.71264367816093,96.88385269121814,126.7241,123.5127478753541,225.0,220.3966005665723,225.0,43.346,43.346,rebreak_confirmed,19.482,vwap_reclaim_rebreak,2026-01-20 07:23:00 EST,2026-01-20 07:24:00 EST,6.383,green_wick_dip_new_high
21,C:\TSIS_Data\00_CTO\13_TRADING_SYSTEMS\03_STRATEGY_LIBRARY\LONG\DAS\runs\das_scanner_appearance_20260628T114046Z\chart_exports\event_day_details_grouped\0021_LIDR_2025-07-24_push153.10_rebreak,C:\TSIS_Data\00_CTO\13_TRADING_SYSTEMS\03_STRATEGY_LIBRARY\LONG\DAS\runs\das_scanner_appearance_20260628T114046Z\chart_exports\event_day_details_grouped\0021_LIDR_2025-07-24_push153.10_rebreak\02_three_day_overview.png,C:\TSIS_Data\00_CTO\13_TRADING_SYSTEMS\03_STRATEGY_LIBRARY\LONG\DAS\runs\das_scanner_appearance_20260628T114046Z\chart_exports\event_day_details_grouped\0021_LIDR_2025-07-24_push153.10_rebreak\03_event_day_premarket_detail.png,C:\TSIS_Data\00_CTO\13_TRADING_SYSTEMS\03_STRATEGY_LIBRARY\LONG\DAS\runs\das_scanner_appearance_20260628T114046Z\chart_exports\event_day_details_grouped\0021_LIDR_2025-07-24_push153.10_rebreak\04_event_day_detail_until_1600_ny.png,C:\TSIS_Data\00_CTO\13_TRADING_SYSTEMS\03_STRATEGY_LIBRARY\LONG\DAS\runs\das_scanner_appearance_20260628T114046Z\chart_exports\event_day_details_grouped\0021_LIDR_2025-07-24_push153.10_rebreak\05_daily_context.png,das_scanner_appearance:LIDR:2025-07-24T12:01:00+00:00,LIDR,2025-07-24,153.0973,153.0973,61.94690265486727,61.233480176211465,60.177,59.47136563876653,304.42477876106204,302.6431718061674,304.4248,152.4862,152.4862,rebreak_confirmed,8.042,single_candle_rebreak,2025-07-24 08:10:00 EDT,2025-07-24 08:12:00 EDT,3.1802,green_wick_dip_reactivation
22,C:\TSIS_Data\00_CTO\13_TRADING_SYSTEMS\03_STRATEGY_LIBRARY\LONG\DAS\runs\das_scanner_appearance_20260628T114046Z\chart_exports\event_day_details_grouped\0022_GLTO_2025-11-10_push146.03_rebreak,C:\TSIS_Data\00_CTO\13_TRADING_SYSTEMS\03_STRATEGY_LIBRARY\LONG\DAS\runs\das_scanner_appearance_20260628T114046Z\chart_exports\event_day_details_grouped\0022_GLTO_2025-11-10_push146.03_rebreak\02_three_day_overview.png,C:\TSIS_Data\00_CTO\13_TRADING_SYSTEMS\03_STRATEGY_LIBRARY\LONG\DAS\runs\das_scanner_appearance_20260628T114046Z\chart_exports\event_day_details_grouped\0022_GLTO_2025-11-10_push146.03_rebreak\03_event_day_premarket_detail.png,C:\TSIS_Data\00_CTO\13_TRADING_SYSTEMS\03_STRATEGY_LIBRARY\LONG\DAS\runs\das_scanner_appearance_20260628T114046Z\chart_exports\event_day_details_grouped\0022_GLTO_2025-11-10_push146.03_rebreak\04_event_day_detail_until_1600_ny.png,C:\TSIS_Data\00_CTO\13_TRADING_SYSTEMS\03_STRATEGY_LIBRARY\LONG\DAS\runs\das_scanner_appearance_20260628T114046Z\chart_exports\event_day_details_grouped\0022_GLTO_2025-11-10_push146.03_rebreak\05_daily_context.png,das_scanner_appearance:GLTO:2025-11-10T12:03:00+00:00,GLTO,2025-11-10,146.0348,146.0348,73.88781431334624,73.71980676328504,121.47,121.25603864734298,410.25145067698264,409.7584541062802,410.2515,130.393,130.393,rebreak_confirmed,13.6006,single_candle_rebreak,2025-11-10 07:06:00 EST,2025-11-10 07:08:00 EST,0.0781,green_wick_dip_new_high
23,C:\TSIS_Data\00_CTO\13_TRADING_SYSTEMS\03_STRATEGY_LIBRARY\LONG\DAS\runs\das_scanner_appearance_20260628T114046Z\chart_exports\event_day_details_grouped\0023_STAF_2024-08-22_push145.90_rebreak,C:\TSIS_Data\00_CTO\13_TRADING_SYSTEMS\03_STRATEGY_LIBRARY\LONG\DAS\runs\das_scanner_appearance_20260628T114046Z\chart_exports\event_day_details_grouped\0023_STAF_2024-08-22_push145.90_rebreak\02_three_day_overview.png,C:\TSIS_Data\00_CTO\13_TRADING_SYSTEMS\03_STRATEGY_LIBRARY\LONG\DAS\runs\das_scanner_appearance_20260628T114046Z\chart_exports\event_day_details_grouped\0023_STAF_2024-08-22_push145.90_rebreak\03_event_day_premarket_detail.png,C:\TSIS_Data\00_CTO\13_TRADING_SYSTEMS\03_STRATEGY_LIBRARY\LONG\DAS\runs\das_scanner_appearance_20260628T114046Z\chart_exports\event_day_details_grouped\0023_STAF_2024-08-22_push145.90_rebreak\04_event_day_detail_until_1600_ny.png,C:\TSIS_Data\00_CTO\13_TRADING_SYSTEMS\03_STRATEGY_LIBRARY\LONG\DAS\runs\das_scanner_appearance_20260628T114046Z\chart_exports\event_day_details_grouped\0023_STAF_2024-08-22_push145.90_rebreak\05_daily_context.png,das_scanner_appearance:STAF:2024-08-22T08:09:00+00:00,STAF,2024-08-22,145.9016,145.9016,104.91803278688525,108.33333333333334,121.3115,125.00000000000003,207.3770491803279,212.5,207.377,38.8889,38.8889,rebreak_confirmed,19.0,vwap_reclaim_rebreak,2024-08-22 04:12:00 EDT,2024-08-22 04:13:00 EDT,8.8146,green_wick_dip_new_high
24,C:\TSIS_Data\00_CTO\13_TRADING_SYSTEMS\03_STRATEGY_LIBRARY\LONG\DAS\runs\das_scanner_appearance_20260628T114046Z\chart_exports\event_day_details_grouped\0024_BBLG_2025-06-27_push144.00_rebreak,C:\TSIS_Data\00_CTO\13_TRADING_SYSTEMS\03_STRATEGY_LIBRARY\LONG\DAS\runs\das_scanner_appearance_20260628T114046Z\chart_exports\event_day_details_grouped\0024_BBLG_2025-06-27_push144.00_rebreak\02_three_day_overview.png,C:\TSIS_Data\00_CTO\13_TRADING_SYSTEMS\03_STRATEGY_LIBRARY\LONG\DAS\runs\das_scanner_appearance_20260628T114046Z\chart_exports\event_day_details_grouped\0024_BBLG_2025-06-27_push144.00_rebreak\03_event_day_premarket_detail.png,C:\TSIS_Data\00_CTO\13_TRADING_SYSTEMS\03_STRATEGY_LIBRARY\LONG\DAS\runs\das_scanner_appearance_20260628T114046Z\chart_exports\event_day_details_grouped\0024_BBLG_2025-06-27_push144.00_rebreak\04_event_day_detail_until_1600_ny.png,C:\TSIS_Data\00_CTO\13_TRADING_SYSTEMS\03_STRATEGY_LIBRARY\LONG\DAS\runs\das_scanner_appearance_20260628T114046Z\chart_exports\event_day_details_grouped\0024_BBLG_2025-06-27_push144.00_rebreak\05_daily_context.png,das_scanner_appearance:BBLG:2025-06-27T11:02:00+00:00,BBLG,2025-06-27,144.0,144.0,87.25,81.79611650485437,118.0,111.65048543689322,193.00000000000003,184.46601941747574,193.0,34.4037,34.4037,rebreak_confirmed,16.7008,vwap_reclaim_rebreak,2025-06-27 07:08:00 EDT,2025-06-27 07:11:00 EDT,3.2882,green_wick_dip_reactivation
25,C:\TSIS_Data\00_CTO\13_TRADING_SYSTEMS\03_STRATEGY_LIBRARY\LONG\DAS\runs\das_scanner_appearance_20260628T114046Z\chart_exports\event_day_details_grouped\0025_SELX_2025-11-10_push141.28_rebreak,C:\TSIS_Data\00_CTO\13_TRADING_SYSTEMS\03_STRATEGY_LIBRARY\LONG\DAS\runs\das_scanner_appearance_20260628T114046Z\chart_exports\event_day_details_grouped\0025_SELX_2025-11-10_push141.28_rebreak\02_three_day_overview.png,C:\TSIS_Data\00_CTO\13_TRADING_SYSTEMS\03_STRATEGY_LIBRARY\LONG\DAS\runs\das_scanner_appearance_20260628T114046Z\chart_exports\event_day_details_grouped\0025_SELX_2025-11-10_push141.28_rebreak\03_event_day_premarket_detail.png,C:\TSIS_Data\00_CTO\13_TRADING_SYSTEMS\03_STRATEGY_LIBRARY\LONG\DAS\runs\das_scanner_appearance_20260628T114046Z\chart_exports\event_day_details_grouped\0025_SELX_2025-11-10_push141.28_rebreak\04_event_day_detail_until_1600_ny.png,C:\TSIS_Data\00_CTO\13_TRADING_SYSTEMS\03_STRATEGY_LIBRARY\LONG\DAS\runs\das_scanner_appearance_20260628T114046Z\chart_exports\event_day_details_grouped\0025_SELX_2025-11-10_push141.28_rebreak\05_daily_context.png,das_scanner_appearance:SELX:2025-11-10T10:18:00+00:00,SELX,2025-11-10,141.2795,141.2795,70.96373914242383,117.92618629173992,88.8874,140.77328646748686,217.11016131256034,304.2179261862918,217.1102,67.8832,67.8832,rebreak_confirmed,26.5714,single_candle_rebreak,2025-11-10 05:20:00 EST,2025-11-10 05:23:00 EST,8.6093,green_wick_dip_new_high
26,C:\TSIS_Data\00_CTO\13_TRADING_SYSTEMS\03_STRATEGY_LIBRARY\LONG\DAS\runs\das_scanner_appearance_20260628T114046Z\chart_exports\event_day_details_grouped\0026_XAGE_2025-04-14_push140.58_rebreak,C:\TSIS_Data\00_CTO\13_TRADING_SYSTEMS\03_STRATEGY_LIBRARY\LONG\DAS\runs\das_scanner_appearance_20260628T114046Z\chart_exports\event_day_details_grouped\0026_XAGE_2025-04-14_push140.58_rebreak\02_three_day_overview.png,C:\TSIS_Data\00_CTO\13_TRADING_SYSTEMS\03_STRATEGY_LIBRARY\LONG\DAS\runs\das_scanner_appearance_20260628T114046Z\chart_exports\event_day_details_grouped\0026_XAGE_2025-04-14_push140.58_rebreak\03_event_day_premarket_detail.png,C:\TSIS_Data\00_CTO\13_TRADING_SYSTEMS\03_STRATEGY_LIBRARY\LONG\DAS\runs\das_scanner_appearance_20260628T114046Z\chart_exports\event_day_details_grouped\0026_XAGE_2025-04-14_push140.58_rebreak\04_event_day_detail_until_1600_ny.png,C:\TSIS_Data\00_CTO\13_TRADING_SYSTEMS\03_STRATEGY_LIBRARY\LONG\DAS\runs\das_scanner_appearance_20260628T114046Z\chart_exports\event_day_details_grouped\0026_XAGE_2025-04-14_push140.58_rebreak\05_daily_context.png,das_scanner_appearance:XAGE:2025-04-14T12:10:00+00:00,XAGE,2025-04-14,140.5774,140.5774,52.36567762630313,52.48796147672553,121.4916,121.669341894061,160.22453889334403,160.43338683788122,160.2245,17.4873,17.4873,rebreak_confirmed,11.5333,multi_candle_flag_break,2025-04-14 08:14:00 EDT,2025-04-14 08:16:00 EDT,0.2952,green_wick_dip_reactivation
27,C:\TSIS_Data\00_CTO\13_TRADING_SYSTEMS\03_STRATEGY_LIBRARY\LONG\DAS\runs\das_scanner_appearance_20260628T114046Z\chart_exports\event_day_details_grouped\0027_GELS_2025-04-22_push135.03_rebreak,C:\TSIS_Data\00_CTO\13_TRADING_SYSTEMS\03_STRATEGY_LIBRARY\LONG\DAS\runs\das_scanner_appearance_20260628T114046Z\chart_exports\event_day_details_grouped\0027_GELS_2025-04-22_push135.03_rebreak\02_three_day_overview.png,C:\TSIS_Data\00_CTO\13_TRADING_SYSTEMS\03_STRATEGY_LIBRARY\LONG\DAS\runs\das_scanner_appearance_20260628T114046Z\chart_exports\event_day_details_grouped\0027_GELS_2025-04-22_push135.03_rebreak\03_event_day_premarket_detail.png,C:\TSIS_Data\00_CTO\13_TRADING_SYSTEMS\03_STRATEGY_LIBRARY\LONG\DAS\runs\das_scanner_appearance_20260628T114046Z\chart_exports\event_day_details_grouped\0027_GELS_2025-04-22_push135.03_rebreak\04_event_day_detail_until_1600_ny.png,C:\TSIS_Data\00_CTO\13_TRADING_SYSTEMS\03_STRATEGY_LIBRARY\LONG\DAS\runs\das_scanner_appearance_20260628T114046Z\chart_exports\event_day_details_grouped\0027_GELS_2025-04-22_push135.03_rebreak\05_daily_context.png,das_scanner_appearance:GELS:2025-04-22T08:01:00+00:00,GELS,2025-04-22,135.0318,135.0318,59.23566878980891,177.7777777777778,110.828,267.7777777777778,291.08280254777065,582.2222222222221,291.0828,85.4985,85.4985,rebreak_confirmed,18.1572,last_red_high_break,2025-04-22 04:04:00 EDT,2025-04-22 04:05:00 EDT,2.1739,green_wick_dip_new_high
28,C:\TSIS_Data\00_CTO\13_TRADING_SYSTEMS\03_STRATEGY_LIBRARY\LONG\DAS\runs\das_scanner_appearance_20260628T114046Z\chart_exports\event_day_details_grouped\0028_STAF_2024-11-04_push132.78_rebreak,C:\TSIS_Data\00_CTO\13_TRADING_SYSTEMS\03_STRATEGY_LIBRARY\LONG\DAS\runs\das_scanner_appearance_20260628T114046Z\chart_exports\event_day_details_grouped\0028_STAF_2024-11-04_push132.78_rebreak\02_three_day_overview.png,C:\TSIS_Data\00_CTO\13_TRADING_SYSTEMS\03_STRATEGY_LIBRARY\LONG\DAS\runs\das_scanner_appearance_20260628T114046Z\chart_exports\event_day_details_grouped\0028_STAF_2024-11-04_push132.78_rebreak\03_event_day_premarket_detail.png,C:\TSIS_Data\00_CTO\13_TRADING_SYSTEMS\03_STRATEGY_LIBRARY\LONG\DAS\runs\das_scanner_appearance_20260628T114046Z\chart_exports\event_day_details_grouped\0028_STAF_2024-11-04_push132.78_rebreak\04_event_day_detail_until_1600_ny.png,C:\TSIS_Data\00_CTO\13_TRADING_SYSTEMS\03_STRATEGY_LIBRARY\LONG\DAS\runs\das_scanner_appearance_20260628T114046Z\chart_exports\event_day_details_grouped\0028_STAF_2024-11-04_push132.78_rebreak\05_daily_context.png,das_scanner_appearance:STAF:2024-11-04T12:31:00+00:00,STAF,2024-11-04,132.7778,132.7778,86.11111111111111,97.05882352941177,88.3333,99.41176470588236,141.66666666666666,155.88235294117646,141.6667,28.3186,28.3186,rebreak_confirmed,17.4224,multi_candle_flag_break,2024-11-04 07:37:00 EST,2024-11-04 07:51:00 EST,0.551,green_wick_dip_new_high
29,C:\TSIS_Data\00_CTO\13_TRADING_SYSTEMS\03_STRATEGY_LIBRARY\LONG\DAS\runs\das_scanner_appearance_20260628T114046Z\chart_exports\event_day_details_grouped\0029_QNTM_2025-02-04_push132.08_rebreak,C:\TSIS_Data\00_CTO\13_TRADING_SYSTEMS\03_STRATEGY_LIBRARY\LONG\DAS\runs\das_scanner_appearance_20260628T114046Z\chart_exports\event_day_details_grouped\0029_QNTM_2025-02-04_push132.08_rebreak\02_three_day_overview.png,C:\TSIS_Data\00_CTO\13_TRADING_SYSTEMS\03_STRATEGY_LIBRARY\LONG\DAS\runs\das_scanner_appearance_20260628T114046Z\chart_exports\event_day_details_grouped\0029_QNTM_2025-02-04_push132.08_rebreak\03_event_day_premarket_detail.png,C:\TSIS_Data\00_CTO\13_TRADING_SYSTEMS\03_STRATEGY_LIBRARY\LONG\DAS\runs\das_scanner_appearance_20260628T114046Z\chart_exports\event_day_details_grouped\0029_QNTM_2025-02-04_push132.08_rebreak\04_event_day_detail_until_1600_ny.png,C:\TSIS_Data\00_CTO\13_TRADING_SYSTEMS\03_STRATEGY_LIBRARY\LONG\DAS\runs\das_scanner_appearance_20260628T114046Z\chart_exports\event_day_details_grouped\0029_QNTM_2025-02-04_push132.08_rebreak\05_daily_context.png,das_scanner_appearance:QNTM:2025-02-04T12:05:00+00:00,QNTM,2025-02-04,132.0755,132.0755,87.1069182389937,91.31832797427654,119.4969,124.43729903536979,132.70440251572327,137.94212218649523,132.7044,6.0172,6.0172,rebreak_confirmed,14.4986,single_candle_rebreak,2025-02-04 07:07:00 EST,2025-02-04 07:10:00 EST,0.4918,green_wick_dip_new_high
30,C:\TSIS_Data\00_CTO\13_TRADING_SYSTEMS\03_STRATEGY_LIBRARY\LONG\DAS\runs\das_scanner_appearance_20260628T114046Z\chart_exports\event_day_details_grouped\0030_CADL_2024-12-11_push126.65_rebreak,C:\TSIS_Data\00_CTO\13_TRADING_SYSTEMS\03_STRATEGY_LIBRARY\LONG\DAS\runs\das_scanner_appearance_20260628T114046Z\chart_exports\event_day_details_grouped\0030_CADL_2024-12-11_push126.65_rebreak\02_three_day_overview.png,C:\TSIS_Data\00_CTO\13_TRADING_SYSTEMS\03_STRATEGY_LIBRARY\LONG\DAS\runs\das_scanner_appearance_20260628T114046Z\chart_exports\event_day_details_grouped\0030_CADL_2024-12-11_push126.65_rebreak\03_event_day_premarket_detail.png,C:\TSIS_Data\00_CTO\13_TRADING_SYSTEMS\03_STRATEGY_LIBRARY\LONG\DAS\runs\das_scanner_appearance_20260628T114046Z\chart_exports\event_day_details_grouped\0030_CADL_2024-12-11_push126.65_rebreak\04_event_day_detail_until_1600_ny.png,C:\TSIS_Data\00_CTO\13_TRADING_SYSTEMS\03_STRATEGY_LIBRARY\LONG\DAS\runs\das_scanner_appearance_20260628T114046Z\chart_exports\event_day_details_grouped\0030_CADL_2024-12-11_push126.65_rebreak\05_daily_context.png,das_scanner_appearance:CADL:2024-12-11T12:05:00+00:00,CADL,2024-12-11,126.6533,126.6533,59.31863727454909,72.2643553629469,43.487,55.146262188515706,181.7635270541082,204.65872156013,181.7635,96.3687,96.3687,rebreak_confirmed,11.229,multi_candle_flag_break,2024-12-11 07:18:00 EST,2024-12-11 07:19:00 EST,1.371,green_wick_dip_reactivation
31,C:\TSIS_Data\00_CTO\13_TRADING_SYSTEMS\03_STRATEGY_LIBRARY\LONG\DAS\runs\das_scanner_appearance_20260628T114046Z\chart_exports\event_day_details_grouped\0031_HIND_2026-01-27_push121.79_rebreak,C:\TSIS_Data\00_CTO\13_TRADING_SYSTEMS\03_STRATEGY_LIBRARY\LONG\DAS\runs\das_scanner_appearance_20260628T114046Z\chart_exports\event_day_details_grouped\0031_HIND_2026-01-27_push121.79_rebreak\02_three_day_overview.png,C:\TSIS_Data\00_CTO\13_TRADING_SYSTEMS\03_STRATEGY_LIBRARY\LONG\DAS\runs\das_scanner_appearance_20260628T114046Z\chart_exports\event_day_details_grouped\0031_HIND_2026-01-27_push121.79_rebreak\03_event_day_premarket_detail.png,C:\TSIS_Data\00_CTO\13_TRADING_SYSTEMS\03_STRATEGY_LIBRARY\LONG\DAS\runs\das_scanner_appearance_20260628T114046Z\chart_exports\event_day_details_grouped\0031_HIND_2026-01-27_push121.79_rebreak\04_event_day_detail_until_1600_ny.png,C:\TSIS_Data\00_CTO\13_TRADING_SYSTEMS\03_STRATEGY_LIBRARY\LONG\DAS\runs\das_scanner_appearance_20260628T114046Z\chart_exports\event_day_details_grouped\0031_HIND_2026-01-27_push121.79_rebreak\05_daily_context.png,das_scanner_appearance:HIND:2026-01-27T13:02:00+00:00,HIND,2026-01-27,121.791,121.791,87.31940298507462,101.7749196141479,64.1791,76.84887459807075,125.96716417910446,143.40514469453373,125.9672,37.6345,37.6345,rebreak_confirmed,36.3392,vwap_reclaim_rebreak,2026-01-27 08:10:00 EST,2026-01-27 08:11:00 EST,5.2698,green_wick_dip_new_high
32,C:\TSIS_Data\00_CTO\13_TRADING_SYSTEMS\03_STRATEGY_LIBRARY\LONG\DAS\runs\das_scanner_appearance_20260628T114046Z\chart_exports\event_day_details_grouped\0032_TMDE_2025-06-13_push120.61_rebreak,C:\TSIS_Data\00_CTO\13_TRADING_SYSTEMS\03_STRATEGY_LIBRARY\LONG\DAS\runs\das_scanner_appearance_20260628T114046Z\chart_exports\event_day_details_grouped\0032_TMDE_2025-06-13_push120.61_rebreak\02_three_day_overview.png,C:\TSIS_Data\00_CTO\13_TRADING_SYSTEMS\03_STRATEGY_LIBRARY\LONG\DAS\runs\das_scanner_appearance_20260628T114046Z\chart_exports\event_day_details_grouped\0032_TMDE_2025-06-13_push120.61_rebreak\03_event_day_premarket_detail.png,C:\TSIS_Data\00_CTO\13_TRADING_SYSTEMS\03_STRATEGY_LIBRARY\LONG\DAS\runs\das_scanner_appearance_20260628T114046Z\chart_exports\event_day_details_grouped\0032_TMDE_2025-06-13_push120.61_rebreak\04_event_day_detail_until_1600_ny.png,C:\TSIS_Data\00_CTO\13_TRADING_SYSTEMS\03_STRATEGY_LIBRARY\LONG\DAS\runs\das_scanner_appearance_20260628T114046Z\chart_exports\event_day_details_grouped\0032_TMDE_2025-06-13_push120.61_rebreak\05_daily_context.png,das_scanner_appearance:TMDE:2025-06-13T10:48:00+00:00,TMDE,2025-06-13,120.6073,120.6073,55.72281339216195,60.0,92.0581,97.33333333333333,167.32416298987803,174.66666666666669,167.3242,39.1892,39.1892,rebreak_confirmed,29.4118,vwap_reclaim_rebreak,2025-06-13 07:10:00 EDT,2025-06-13 07:11:00 EDT,5.2308,green_wick_dip_reactivation
33,C:\TSIS_Data\00_CTO\13_TRADING_SYSTEMS\03_STRATEGY_LIBRARY\LONG\DAS\runs\das_scanner_appearance_20260628T114046Z\chart_exports\event_day_details_grouped\0033_PTIX_2025-05-19_push119.81_rebreak,C:\TSIS_Data\00_CTO\13_TRADING_SYSTEMS\03_STRATEGY_LIBRARY\LONG\DAS\runs\das_scanner_appearance_20260628T114046Z\chart_exports\event_day_details_grouped\0033_PTIX_2025-05-19_push119.81_rebreak\02_three_day_overview.png,C:\TSIS_Data\00_CTO\13_TRADING_SYSTEMS\03_STRATEGY_LIBRARY\LONG\DAS\runs\das_scanner_appearance_20260628T114046Z\chart_exports\event_day_details_grouped\0033_PTIX_2025-05-19_push119.81_rebreak\03_event_day_premarket_detail.png,C:\TSIS_Data\00_CTO\13_TRADING_SYSTEMS\03_STRATEGY_LIBRARY\LONG\DAS\runs\das_scanner_appearance_20260628T114046Z\chart_exports\event_day_details_grouped\0033_PTIX_2025-05-19_push119.81_rebreak\04_event_day_detail_until_1600_ny.png,C:\TSIS_Data\00_CTO\13_TRADING_SYSTEMS\03_STRATEGY_LIBRARY\LONG\DAS\runs\das_scanner_appearance_20260628T114046Z\chart_exports\event_day_details_grouped\0033_PTIX_2025-05-19_push119.81_rebreak\05_daily_context.png,das_scanner_appearance:PTIX:2025-05-19T11:46:00+00:00,PTIX,2025-05-19,119.8142,119.8142,116.71826625386996,131.02310231023105,86.6873,99.00990099009903,200.30959752321976,220.13201320132018,200.3096,60.8624,60.8624,rebreak_confirmed,27.8873,single_candle_rebreak,2025-05-19 07:48:00 EDT,2025-05-19 07:49:00 EDT,6.3704,green_wick_dip_new_high
34,C:\TSIS_Data\00_CTO\13_TRADING_SYSTEMS\03_STRATEGY_LIBRARY\LONG\DAS\runs\das_scanner_appearance_20260628T114046Z\chart_exports\event_day_details_grouped\0034_RKDA_2024-12-05_push119.72_rebreak,C:\TSIS_Data\00_CTO\13_TRADING_SYSTEMS\03_STRATEGY_LIBRARY\LONG\DAS\runs\das_scanner_appearance_20260628T114046Z\chart_exports\event_day_details_grouped\0034_RKDA_2024-12-05_push119.72_rebreak\02_three_day_overview.png,C:\TSIS_Data\00_CTO\13_TRADING_SYSTEMS\03_STRATEGY_LIBRARY\LONG\DAS\runs\das_scanner_appearance_20260628T114046Z\chart_exports\event_day_details_grouped\0034_RKDA_2024-12-05_push119.72_rebreak\03_event_day_premarket_detail.png,C:\TSIS_Data\00_CTO\13_TRADING_SYSTEMS\03_STRATEGY_LIBRARY\LONG\DAS\runs\das_scanner_appearance_20260628T114046Z\chart_exports\event_day_details_grouped\0034_RKDA_2024-12-05_push119.72_rebreak\04_event_day_detail_until_1600_ny.png,C:\TSIS_Data\00_CTO\13_TRADING_SYSTEMS\03_STRATEGY_LIBRARY\LONG\DAS\runs\das_scanner_appearance_20260628T114046Z\chart_exports\event_day_details_grouped\0034_RKDA_2024-12-05_push119.72_rebreak\05_daily_context.png,das_scanner_appearance:RKDA:2024-12-05T13:04:00+00:00,RKDA,2024-12-05,119.7183,119.7183,70.77464788732394,79.82944011865033,92.2535,102.44716351501668,229.22535211267606,246.68149796069704,229.2254,71.2454,71.2454,rebreak_confirmed,19.7115,vwap_reclaim_rebreak,2024-12-05 08:11:00 EST,2024-12-05 08:12:00 EST,0.1575,green_wick_dip_new_high
35,C:\TSIS_Data\00_CTO\13_TRADING_SYSTEMS\03_STRATEGY_LIBRARY\LONG\DAS\runs\das_scanner_appearance_20260628T114046Z\chart_exports\event_day_details_grouped\0035_MIRA_2024-07-15_push118.72_rebreak,C:\TSIS_Data\00_CTO\13_TRADING_SYSTEMS\03_STRATEGY_LIBRARY\LONG\DAS\runs\das_scanner_appearance_20260628T114046Z\chart_exports\event_day_details_grouped\0035_MIRA_2024-07-15_push118.72_rebreak\02_three_day_overview.png,C:\TSIS_Data\00_CTO\13_TRADING_SYSTEMS\03_STRATEGY_LIBRARY\LONG\DAS\runs\das_scanner_appearance_20260628T114046Z\chart_exports\event_day_details_grouped\0035_MIRA_2024-07-15_push118.72_rebreak\03_event_day_premarket_detail.png,C:\TSIS_Data\00_CTO\13_TRADING_SYSTEMS\03_STRATEGY_LIBRARY\LONG\DAS\runs\das_scanner_appearance_20260628T114046Z\chart_exports\event_day_details_grouped\0035_MIRA_2024-07-15_push118.72_rebreak\04_event_day_detail_until_1600_ny.png,C:\TSIS_Data\00_CTO\13_TRADING_SYSTEMS\03_STRATEGY_LIBRARY\LONG\DAS\runs\das_scanner_appearance_20260628T114046Z\chart_exports\event_day_details_grouped\0035_MIRA_2024-07-15_push118.72_rebreak\05_daily_context.png,das_scanner_appearance:MIRA:2024-07-15T11:20:00+00:00,MIRA,2024-07-15,118.7227,118.7227,61.27734033245843,56.43245078071962,74.9781,69.72165648336728,118.72265966754156,112.15207060420911,118.7227,25.0,25.0,rebreak_confirmed,30.792,ascending_flag_break,2024-07-15 07:25:00 EDT,2024-07-15 07:30:00 EDT,1.0494,green_wick_dip_new_high
36,C:\TSIS_Data\00_CTO\13_TRADING_SYSTEMS\03_STRATEGY_LIBRARY\LONG\DAS\runs\das_scanner_appearance_20260628T114046Z\chart_exports\event_day_details_grouped\0036_MNPR_2024-09-12_push118.15_rebreak,C:\TSIS_Data\00_CTO\13_TRADING_SYSTEMS\03_STRATEGY_LIBRARY\LONG\DAS\runs\das_scanner_appearance_20260628T114046Z\chart_exports\event_day_details_grouped\0036_MNPR_2024-09-12_push118.15_rebreak\02_three_day_overview.png,C:\TSIS_Data\00_CTO\13_TRADING_SYSTEMS\03_STRATEGY_LIBRARY\LONG\DAS\runs\das_scanner_appearance_20260628T114046Z\chart_exports\event_day_details_grouped\0036_MNPR_2024-09-12_push118.15_rebreak\03_event_day_premarket_detail.png,C:\TSIS_Data\00_CTO\13_TRADING_SYSTEMS\03_STRATEGY_LIBRARY\LONG\DAS\runs\das_scanner_appearance_20260628T114046Z\chart_exports\event_day_details_grouped\0036_MNPR_2024-09-12_push118.15_rebreak\04_event_day_detail_until_1600_ny.png,C:\TSIS_Data\00_CTO\13_TRADING_SYSTEMS\03_STRATEGY_LIBRARY\LONG\DAS\runs\das_scanner_appearance_20260628T114046Z\chart_exports\event_day_details_grouped\0036_MNPR_2024-09-12_push118.15_rebreak\05_daily_context.png,das_scanner_appearance:MNPR:2024-09-12T12:02:00+00:00,MNPR,2024-09-12,118.1452,118.1452,85.08064516129032,91.25,89.9194,96.25,129.83870967741936,137.50000000000003,129.8387,21.0191,21.0191,rebreak_confirmed,12.3845,vwap_reclaim_rebreak,2024-09-12 08:21:00 EDT,2024-09-12 08:23:00 EDT,0.367,green_wick_dip_reactivation
37,C:\TSIS_Data\00_CTO\13_TRADING_SYSTEMS\03_STRATEGY_LIBRARY\LONG\DAS\runs\das_scanner_appearance_20260628T114046Z\chart_exports\event_day_details_grouped\0037_DM_2025-03-25_push117.26_rebreak,C:\TSIS_Data\00_CTO\13_TRADING_SYSTEMS\03_STRATEGY_LIBRARY\LONG\DAS\runs\das_scanner_appearance_20260628T114046Z\chart_exports\event_day_details_grouped\0037_DM_2025-03-25_push117.26_rebreak\02_three_day_overview.png,C:\TSIS_Data\00_CTO\13_TRADING_SYSTEMS\03_STRATEGY_LIBRARY\LONG\DAS\runs\das_scanner_appearance_20260628T114046Z\chart_exports\event_day_details_grouped\0037_DM_2025-03-25_push117.26_rebreak\03_event_day_premarket_detail.png,C:\TSIS_Data\00_CTO\13_TRADING_SYSTEMS\03_STRATEGY_LIBRARY\LONG\DAS\runs\das_scanner_appearance_20260628T114046Z\chart_exports\event_day_details_grouped\0037_DM_2025-03-25_push117.26_rebreak\04_event_day_detail_until_1600_ny.png,C:\TSIS_Data\00_CTO\13_TRADING_SYSTEMS\03_STRATEGY_LIBRARY\LONG\DAS\runs\das_scanner_appearance_20260628T114046Z\chart_exports\event_day_details_grouped\0037_DM_2025-03-25_push117.26_rebreak\05_daily_context.png,das_scanner_appearance:DM:2025-03-25T13:05:00+00:00,DM,2025-03-25,117.2566,117.2566,50.44247787610621,48.79649890590808,73.0088,71.1159737417943,117.25663716814161,114.87964989059081,117.2566,25.5754,25.5754,rebreak_confirmed,8.3503,single_candle_rebreak,2025-03-25 09:12:00 EDT,2025-03-25 09:17:00 EDT,1.1628,green_wick_dip_reactivation
38,C:\TSIS_Data\00_CTO\13_TRADING_SYSTEMS\03_STRATEGY_LIBRARY\LONG\DAS\runs\das_scanner_appearance_20260628T114046Z\chart_exports\event_day_details_grouped\0038_CYCN_2024-12-04_push116.11_rebreak,C:\TSIS_Data\00_CTO\13_TRADING_SYSTEMS\03_STRATEGY_LIBRARY\LONG\DAS\runs\das_scanner_appearance_20260628T114046Z\chart_exports\event_day_details_grouped\0038_CYCN_2024-12-04_push116.11_rebreak\02_three_day_overview.png,C:\TSIS_Data\00_CTO\13_TRADING_SYSTEMS\03_STRATEGY_LIBRARY\LONG\DAS\runs\das_scanner_appearance_20260628T114046Z\chart_exports\event_day_details_grouped\0038_CYCN_2024-12-04_push116.11_rebreak\03_event_day_premarket_detail.png,C:\TSIS_Data\00_CTO\13_TRADING_SYSTEMS\03_STRATEGY_LIBRARY\LONG\DAS\runs\das_scanner_appearance_20260628T114046Z\chart_exports\event_day_details_grouped\0038_CYCN_2024-12-04_push116.11_rebreak\04_event_day_detail_until_1600_ny.png,C:\TSIS_Data\00_CTO\13_TRADING_SYSTEMS\03_STRATEGY_LIBRARY\LONG\DAS\runs\das_scanner_appearance_20260628T114046Z\chart_exports\event_day_details_grouped\0038_CYCN_2024-12-04_push116.11_rebreak\05_daily_context.png,das_scanner_appearance:CYCN:2024-12-04T12:25:00+00:00,CYCN,2024-12-04,116.1111,116.1111,78.33333333333331,99.37888198757763,88.8889,111.18012422360246,294.4444444444444,340.9937888198757,294.4444,108.8235,108.8235,rebreak_confirmed,20.8226,vwap_reclaim_rebreak,2024-12-04 07:38:00 EST,2024-12-04 07:39:00 EST,0.2532,green_wick_dip_new_high
39,C:\TSIS_Data\00_CTO\13_TRADING_SYSTEMS\03_STRATEGY_LIBRARY\LONG\DAS\runs\das_scanner_appearance_20260628T114046Z\chart_exports\event_day_details_grouped\0039_HOTH_2025-01-07_push114.74_rebreak,C:\TSIS_Data\00_CTO\13_TRADING_SYSTEMS\03_STRATEGY_LIBRARY\LONG\DAS\runs\das_scanner_appearance_20260628T114046Z\chart_exports\event_day_details_grouped\0039_HOTH_2025-01-07_push114.74_rebreak\02_three_day_overview.png,C:\TSIS_Data\00_CTO\13_TRADING_SYSTEMS\03_STRATEGY_LIBRARY\LONG\DAS\runs\das_scanner_appearance_20260628T114046Z\chart_exports\event_day_details_grouped\0039_HOTH_2025-01-07_push114.74_rebreak\03_event_day_premarket_detail.png,C:\TSIS_Data\00_CTO\13_TRADING_SYSTEMS\03_STRATEGY_LIBRARY\LONG\DAS\runs\das_scanner_appearance_20260628T114046Z\chart_exports\event_day_details_grouped\0039_HOTH_2025-01-07_push114.74_rebreak\04_event_day_detail_until_1600_ny.png,C:\TSIS_Data\00_CTO\13_TRADING_SYSTEMS\03_STRATEGY_LIBRARY\LONG\DAS\runs\das_scanner_appearance_20260628T114046Z\chart_exports\event_day_details_grouped\0039_HOTH_2025-01-07_push114.74_rebreak\05_daily_context.png,das_scanner_appearance:HOTH:2025-01-07T13:29:00+00:00,HOTH,2025-01-07,114.7389,114.7389,65.93460224499758,65.93460224499758,63.4944,63.494387506100544,156.22254758418742,156.22254758418742,156.2225,56.7164,56.7164,rebreak_confirmed,10.2273,single_candle_rebreak,2025-01-07 08:34:00 EST,2025-01-07 08:36:00 EST,5.8824,green_wick_dip_reactivation
40,C:\TSIS_Data\00_CTO\13_TRADING_SYSTEMS\03_STRATEGY_LIBRARY\LONG\DAS\runs\das_scanner_appearance_20260628T114046Z\chart_exports\event_day_details_grouped\0040_OP_2025-06-23_push111.11_rebreak,C:\TSIS_Data\00_CTO\13_TRADING_SYSTEMS\03_STRATEGY_LIBRARY\LONG\DAS\runs\das_scanner_appearance_20260628T114046Z\chart_exports\event_day_details_grouped\0040_OP_2025-06-23_push111.11_rebreak\02_three_day_overview.png,C:\TSIS_Data\00_CTO\13_TRADING_SYSTEMS\03_STRATEGY_LIBRARY\LONG\DAS\runs\das_scanner_appearance_20260628T114046Z\chart_exports\event_day_details_grouped\0040_OP_2025-06-23_push111.11_rebreak\03_event_day_premarket_detail.png,C:\TSIS_Data\00_CTO\13_TRADING_SYSTEMS\03_STRATEGY_LIBRARY\LONG\DAS\runs\das_scanner_appearance_20260628T114046Z\chart_exports\event_day_details_grouped\0040_OP_2025-06-23_push111.11_rebreak\04_event_day_detail_until_1600_ny.png,C:\TSIS_Data\00_CTO\13_TRADING_SYSTEMS\03_STRATEGY_LIBRARY\LONG\DAS\runs\das_scanner_appearance_20260628T114046Z\chart_exports\event_day_details_grouped\0040_OP_2025-06-23_push111.11_rebreak\05_daily_context.png,das_scanner_appearance:OP:2025-06-23T08:03:00+00:00,OP,2025-06-23,111.1111,111.1111,88.8888888888889,117.5084175084175,61.9883,86.53198653198652,111.11111111111111,143.09764309764307,111.1111,30.3249,30.3249,rebreak_confirmed,29.9169,vwap_reclaim_rebreak,2025-06-23 04:13:00 EDT,2025-06-23 04:14:00 EDT,2.1776,green_wick_dip_new_high
41,C:\TSIS_Data\00_CTO\13_TRADING_SYSTEMS\03_STRATEGY_LIBRARY\LONG\DAS\runs\das_scanner_appearance_20260628T114046Z\chart_exports\event_day_details_grouped\0041_AMOD_2025-01-30_push108.92_rebreak,C:\TSIS_Data\00_CTO\13_TRADING_SYSTEMS\03_STRATEGY_LIBRARY\LONG\DAS\runs\das_scanner_appearance_20260628T114046Z\chart_exports\event_day_details_grouped\0041_AMOD_2025-01-30_push108.92_rebreak\02_three_day_overview.png,C:\TSIS_Data\00_CTO\13_TRADING_SYSTEMS\03_STRATEGY_LIBRARY\LONG\DAS\runs\das_scanner_appearance_20260628T114046Z\chart_exports\event_day_details_grouped\0041_AMOD_2025-01-30_push108.92_rebreak\03_event_day_premarket_detail.png,C:\TSIS_Data\00_CTO\13_TRADING_SYSTEMS\03_STRATEGY_LIBRARY\LONG\DAS\runs\das_scanner_appearance_20260628T114046Z\chart_exports\event_day_details_grouped\0041_AMOD_2025-01-30_push108.92_rebreak\04_event_day_detail_until_1600_ny.png,C:\TSIS_Data\00_CTO\13_TRADING_SYSTEMS\03_STRATEGY_LIBRARY\LONG\DAS\runs\das_scanner_appearance_20260628T114046Z\chart_exports\event_day_details_grouped\0041_AMOD_2025-01-30_push108.92_rebreak\05_daily_context.png,das_scanner_appearance:AMOD:2025-01-30T13:17:00+00:00,AMOD,2025-01-30,108.9172,108.9172,108.91719745222927,117.2185430463576,75.1783,82.13907284768213,119.7452229299363,128.476821192053,119.7452,25.4409,25.4409,rebreak_confirmed,20.4268,vwap_reclaim_rebreak,2025-01-30 08:23:00 EST,2025-01-30 08:25:00 EST,2.7658,green_wick_dip_new_high
42,C:\TSIS_Data\00_CTO\13_TRADING_SYSTEMS\03_STRATEGY_LIBRARY\LONG\DAS\runs\das_scanner_appearance_20260628T114046Z\chart_exports\event_day_details_grouped\0042_OP_2025-07-14_push106.78_rebreak,C:\TSIS_Data\00_CTO\13_TRADING_SYSTEMS\03_STRATEGY_LIBRARY\LONG\DAS\runs\das_scanner_appearance_20260628T114046Z\chart_exports\event_day_details_grouped\0042_OP_2025-07-14_push106.78_rebreak\02_three_day_overview.png,C:\TSIS_Data\00_CTO\13_TRADING_SYSTEMS\03_STRATEGY_LIBRARY\LONG\DAS\runs\das_scanner_appearance_20260628T114046Z\chart_exports\event_day_details_grouped\0042_OP_2025-07-14_push106.78_rebreak\03_event_day_premarket_detail.png,C:\TSIS_Data\00_CTO\13_TRADING_SYSTEMS\03_STRATEGY_LIBRARY\LONG\DAS\runs\das_scanner_appearance_20260628T114046Z\chart_exports\event_day_details_grouped\0042_OP_2025-07-14_push106.78_rebreak\04_event_day_detail_until_1600_ny.png,C:\TSIS_Data\00_CTO\13_TRADING_SYSTEMS\03_STRATEGY_LIBRARY\LONG\DAS\runs\das_scanner_appearance_20260628T114046Z\chart_exports\event_day_details_grouped\0042_OP_2025-07-14_push106.78_rebreak\05_daily_context.png,das_scanner_appearance:OP:2025-07-14T08:02:00+00:00,OP,2025-07-14,106.7797,106.7797,99.43502824858756,161.48148148148144,97.1751,158.51851851851853,115.2542372881356,182.2222222222222,115.2542,9.1691,9.1691,rebreak_confirmed,22.9508,vwap_reclaim_rebreak,2025-07-14 04:06:00 EDT,2025-07-14 04:07:00 EDT,7.9452,green_wick_dip_new_high
43,C:\TSIS_Data\00_CTO\13_TRADING_SYSTEMS\03_STRATEGY_LIBRARY\LONG\DAS\runs\das_scanner_appearance_20260628T114046Z\chart_exports\event_day_details_grouped\0043_SMFL_2024-08-21_push106.42_rebreak,C:\TSIS_Data\00_CTO\13_TRADING_SYSTEMS\03_STRATEGY_LIBRARY\LONG\DAS\runs\das_scanner_appearance_20260628T114046Z\chart_exports\event_day_details_grouped\0043_SMFL_2024-08-21_push106.42_rebreak\02_three_day_overview.png,C:\TSIS_Data\00_CTO\13_TRADING_SYSTEMS\03_STRATEGY_LIBRARY\LONG\DAS\runs\das_scanner_appearance_20260628T114046Z\chart_exports\event_day_details_grouped\0043_SMFL_2024-08-21_push106.42_rebreak\03_event_day_premarket_detail.png,C:\TSIS_Data\00_CTO\13_TRADING_SYSTEMS\03_STRATEGY_LIBRARY\LONG\DAS\runs\das_scanner_appearance_20260628T114046Z\chart_exports\event_day_details_grouped\0043_SMFL_2024-08-21_push106.42_rebreak\04_event_day_detail_until_1600_ny.png,C:\TSIS_Data\00_CTO\13_TRADING_SYSTEMS\03_STRATEGY_LIBRARY\LONG\DAS\runs\das_scanner_appearance_20260628T114046Z\chart_exports\event_day_details_grouped\0043_SMFL_2024-08-21_push106.42_rebreak\05_daily_context.png,das_scanner_appearance:SMFL:2024-08-21T12:02:00+00:00,SMFL,2024-08-21,106.422,106.422,53.211009174311904,80.73593073593072,49.5413,76.40692640692639,156.8807339449541,203.03030303030303,156.8807,71.7791,71.7791,rebreak_confirmed,14.6667,vwap_reclaim_rebreak,2024-08-21 08:26:00 EDT,2024-08-21 08:28:00 EDT,2.4691,green_wick_dip_reactivation
44,C:\TSIS_Data\00_CTO\13_TRADING_SYSTEMS\03_STRATEGY_LIBRARY\LONG\DAS\runs\das_scanner_appearance_20260628T114046Z\chart_exports\event_day_details_grouped\0044_STSS_2025-06-04_push104.27_rebreak,C:\TSIS_Data\00_CTO\13_TRADING_SYSTEMS\03_STRATEGY_LIBRARY\LONG\DAS\runs\das_scanner_appearance_20260628T114046Z\chart_exports\event_day_details_grouped\0044_STSS_2025-06-04_push104.27_rebreak\02_three_day_overview.png,C:\TSIS_Data\00_CTO\13_TRADING_SYSTEMS\03_STRATEGY_LIBRARY\LONG\DAS\runs\das_scanner_appearance_20260628T114046Z\chart_exports\event_day_details_grouped\0044_STSS_2025-06-04_push104.27_rebreak\03_event_day_premarket_detail.png,C:\TSIS_Data\00_CTO\13_TRADING_SYSTEMS\03_STRATEGY_LIBRARY\LONG\DAS\runs\das_scanner_appearance_20260628T114046Z\chart_exports\event_day_details_grouped\0044_STSS_2025-06-04_push104.27_rebreak\04_event_day_detail_until_1600_ny.png,C:\TSIS_Data\00_CTO\13_TRADING_SYSTEMS\03_STRATEGY_LIBRARY\LONG\DAS\runs\das_scanner_appearance_20260628T114046Z\chart_exports\event_day_details_grouped\0044_STSS_2025-06-04_push104.27_rebreak\05_daily_context.png,das_scanner_appearance:STSS:2025-06-04T11:15:00+00:00,STSS,2025-06-04,104.2667,104.2667,104.26666666666667,107.02702702702702,82.0,84.45945945945945,110.66666666666667,113.51351351351352,110.6667,15.7509,15.7509,rebreak_confirmed,21.671,vwap_reclaim_rebreak,2025-06-04 07:35:00 EDT,2025-06-04 07:36:00 EDT,0.2706,green_wick_dip_new_high
45,C:\TSIS_Data\00_CTO\13_TRADING_SYSTEMS\03_STRATEGY_LIBRARY\LONG\DAS\runs\das_scanner_appearance_20260628T114046Z\chart_exports\event_day_details_grouped\0045_MNY_2024-02-20_push104.26_rebreak,C:\TSIS_Data\00_CTO\13_TRADING_SYSTEMS\03_STRATEGY_LIBRARY\LONG\DAS\runs\das_scanner_appearance_20260628T114046Z\chart_exports\event_day_details_grouped\0045_MNY_2024-02-20_push104.26_rebreak\02_three_day_overview.png,C:\TSIS_Data\00_CTO\13_TRADING_SYSTEMS\03_STRATEGY_LIBRARY\LONG\DAS\runs\das_scanner_appearance_20260628T114046Z\chart_exports\event_day_details_grouped\0045_MNY_2024-02-20_push104.26_rebreak\03_event_day_premarket_detail.png,C:\TSIS_Data\00_CTO\13_TRADING_SYSTEMS\03_STRATEGY_LIBRARY\LONG\DAS\runs\das_scanner_appearance_20260628T114046Z\chart_exports\event_day_details_grouped\0045_MNY_2024-02-20_push104.26_rebreak\04_event_day_detail_until_1600_ny.png,C:\TSIS_Data\00_CTO\13_TRADING_SYSTEMS\03_STRATEGY_LIBRARY\LONG\DAS\runs\das_scanner_appearance_20260628T114046Z\chart_exports\event_day_details_grouped\0045_MNY_2024-02-20_push104.26_rebreak\05_daily_context.png,das_scanner_appearance:MNY:2024-02-20T13:27:00+00:00,MNY,2024-02-20,104.2553,104.2553,104.25531914893615,129.66507177033492,63.8298,84.2105263157895,106.38297872340424,132.05741626794259,106.383,25.974,25.974,rebreak_confirmed,25.8333,vwap_reclaim_rebreak,2024-02-20 08:30:00 EST,2024-02-20 08:35:00 EST,0.9346,green_wick_dip_reactivation
46,C:\TSIS_Data\00_CTO\13_TRADING_SYSTEMS\03_STRATEGY_LIBRARY\LONG\DAS\runs\das_scanner_appearance_20260628T114046Z\chart_exports\event_day_details_grouped\0046_YYGH_2025-09-11_push104.25_rebreak,C:\TSIS_Data\00_CTO\13_TRADING_SYSTEMS\03_STRATEGY_LIBRARY\LONG\DAS\runs\das_scanner_appearance_20260628T114046Z\chart_exports\event_day_details_grouped\0046_YYGH_2025-09-11_push104.25_rebreak\02_three_day_overview.png,C:\TSIS_Data\00_CTO\13_TRADING_SYSTEMS\03_STRATEGY_LIBRARY\LONG\DAS\runs\das_scanner_appearance_20260628T114046Z\chart_exports\event_day_details_grouped\0046_YYGH_2025-09-11_push104.25_rebreak\03_event_day_premarket_detail.png,C:\TSIS_Data\00_CTO\13_TRADING_SYSTEMS\03_STRATEGY_LIBRARY\LONG\DAS\runs\das_scanner_appearance_20260628T114046Z\chart_exports\event_day_details_grouped\0046_YYGH_2025-09-11_push104.25_rebreak\04_event_day_detail_until_1600_ny.png,C:\TSIS_Data\00_CTO\13_TRADING_SYSTEMS\03_STRATEGY_LIBRARY\LONG\DAS\runs\das_scanner_appearance_20260628T114046Z\chart_exports\event_day_details_grouped\0046_YYGH_2025-09-11_push104.25_rebreak\05_daily_context.png,das_scanner_appearance:YYGH:2025-09-11T08:07:00+00:00,YYGH,2025-09-11,104.2462,104.2462,62.989949748743726,86.46162690428287,60.4774,83.58723771198622,161.30653266331657,198.93647599885028,161.3065,62.8307,62.8307,rebreak_confirmed,31.2093,vwap_reclaim_rebreak,2025-09-11 04:20:00 EDT,2025-09-11 04:22:00 EDT,0.9528,green_wick_dip_reactivation
47,C:\TSIS_Data\00_CTO\13_TRADING_SYSTEMS\03_STRATEGY_LIBRARY\LONG\DAS\runs\das_scanner_appearance_20260628T114046Z\chart_exports\event_day_details_grouped\0047_GLMD_2025-04-28_push103.70_rebreak,C:\TSIS_Data\00_CTO\13_TRADING_SYSTEMS\03_STRATEGY_LIBRARY\LONG\DAS\runs\das_scanner_appearance_20260628T114046Z\chart_exports\event_day_details_grouped\0047_GLMD_2025-04-28_push103.70_rebreak\02_three_day_overview.png,C:\TSIS_Data\00_CTO\13_TRADING_SYSTEMS\03_STRATEGY_LIBRARY\LONG\DAS\runs\das_scanner_appearance_20260628T114046Z\chart_exports\event_day_details_grouped\0047_GLMD_2025-04-28_push103.70_rebreak\03_event_day_premarket_detail.png,C:\TSIS_Data\00_CTO\13_TRADING_SYSTEMS\03_STRATEGY_LIBRARY\LONG\DAS\runs\das_scanner_appearance_20260628T114046Z\chart_exports\event_day_details_grouped\0047_GLMD_2025-04-28_push103.70_rebreak\04_event_day_detail_until_1600_ny.png,C:\TSIS_Data\00_CTO\13_TRADING_SYSTEMS\03_STRATEGY_LIBRARY\LONG\DAS\runs\das_scanner_appearance_20260628T114046Z\chart_exports\event_day_details_grouped\0047_GLMD_2025-04-28_push103.70_rebreak\05_daily_context.png,das_scanner_appearance:GLMD:2025-04-28T12:01:00+00:00,GLMD,2025-04-28,103.7037,103.7037,103.70370370370368,110.19108280254774,65.4321,70.70063694267516,103.70370370370368,110.19108280254774,103.7037,23.1343,23.1343,rebreak_confirmed,27.5758,vwap_reclaim_rebreak,2025-04-28 08:04:00 EDT,2025-04-28 08:05:00 EDT,5.1724,green_wick_dip_new_high
48,C:\TSIS_Data\00_CTO\13_TRADING_SYSTEMS\03_STRATEGY_LIBRARY\LONG\DAS\runs\das_scanner_appearance_20260628T114046Z\chart_exports\event_day_details_grouped\0048_LGCB_2025-10-16_push103.05_rebreak,C:\TSIS_Data\00_CTO\13_TRADING_SYSTEMS\03_STRATEGY_LIBRARY\LONG\DAS\runs\das_scanner_appearance_20260628T114046Z\chart_exports\event_day_details_grouped\0048_LGCB_2025-10-16_push103.05_rebreak\02_three_day_overview.png,C:\TSIS_Data\00_CTO\13_TRADING_SYSTEMS\03_STRATEGY_LIBRARY\LONG\DAS\runs\das_scanner_appearance_20260628T114046Z\chart_exports\event_day_details_grouped\0048_LGCB_2025-10-16_push103.05_rebreak\03_event_day_premarket_detail.png,C:\TSIS_Data\00_CTO\13_TRADING_SYSTEMS\03_STRATEGY_LIBRARY\LONG\DAS\runs\das_scanner_appearance_20260628T114046Z\chart_exports\event_day_details_grouped\0048_LGCB_2025-10-16_push103.05_rebreak\04_event_day_detail_until_1600_ny.png,C:\TSIS_Data\00_CTO\13_TRADING_SYSTEMS\03_STRATEGY_LIBRARY\LONG\DAS\runs\das_scanner_appearance_20260628T114046Z\chart_exports\event_day_details_grouped\0048_LGCB_2025-10-16_push103.05_rebreak\05_daily_context.png,das_scanner_appearance:LGCB:2025-10-16T08:13:00+00:00,LGCB,2025-10-16,103.0457,103.0457,86.29441624365482,122.42424242424244,69.0355,101.81818181818183,196.95431472081216,254.5454545454545,196.9543,75.6757,75.6757,rebreak_confirmed,16.5,single_candle_rebreak,2025-10-16 04:17:00 EDT,2025-10-16 04:20:00 EDT,4.8913,green_wick_dip_new_high
49,C:\TSIS_Data\00_CTO\13_TRADING_SYSTEMS\03_STRATEGY_LIBRARY\LONG\DAS\runs\das_scanner_appearance_20260628T114046Z\chart_exports\event_day_details_grouped\0049_MYSZ_2024-12-27_push103.01_rebreak,C:\TSIS_Data\00_CTO\13_TRADING_SYSTEMS\03_STRATEGY_LIBRARY\LONG\DAS\runs\das_scanner_appearance_20260628T114046Z\chart_exports\event_day_details_grouped\0049_MYSZ_2024-12-27_push103.01_rebreak\02_three_day_overview.png,C:\TSIS_Data\00_CTO\13_TRADING_SYSTEMS\03_STRATEGY_LIBRARY\LONG\DAS\runs\das_scanner_appearance_20260628T114046Z\chart_exports\event_day_details_grouped\0049_MYSZ_2024-12-27_push103.01_rebreak\03_event_day_premarket_detail.png,C:\TSIS_Data\00_CTO\13_TRADING_SYSTEMS\03_STRATEGY_LIBRARY\LONG\DAS\runs\das_scanner_appearance_20260628T114046Z\chart_exports\event_day_details_grouped\0049_MYSZ_2024-12-27_push103.01_rebreak\04_event_day_detail_until_1600_ny.png,C:\TSIS_Data\00_CTO\13_TRADING_SYSTEMS\03_STRATEGY_LIBRARY\LONG\DAS\runs\das_scanner_appearance_20260628T114046Z\chart_exports\event_day_details_grouped\0049_MYSZ_2024-12-27_push103.01_rebreak\05_daily_context.png,das_scanner_appearance:MYSZ:2024-12-27T13:04:00+00:00,MYSZ,2024-12-27,103.0108,103.0108,74.83870967741936,91.74528301886792,73.972,90.79481132075472,131.82795698924727,154.2452830188679,131.828,33.2559,33.2559,rebreak_confirmed,12.0763,single_candle_rebreak,2024-12-27 08:07:00 EST,2024-12-27 08:10:00 EST,1.9837,green_wick_dip_new_high
50,C:\TSIS_Data\00_CTO\13_TRADING_SYSTEMS\03_STRATEGY_LIBRARY\LONG\DAS\runs\das_scanner_appearance_20260628T114046Z\chart_exports\event_day_details_grouped\0050_ENSC_2025-04-23_push102.04_rebreak,C:\TSIS_Data\00_CTO\13_TRADING_SYSTEMS\03_STRATEGY_LIBRARY\LONG\DAS\runs\das_scanner_appearance_20260628T114046Z\chart_exports\event_day_details_grouped\0050_ENSC_2025-04-23_push102.04_rebreak\02_three_day_overview.png,C:\TSIS_Data\00_CTO\13_TRADING_SYSTEMS\03_STRATEGY_LIBRARY\LONG\DAS\runs\das_scanner_appearance_20260628T114046Z\chart_exports\event_day_details_grouped\0050_ENSC_2025-04-23_push102.04_rebreak\03_event_day_premarket_detail.png,C:\TSIS_Data\00_CTO\13_TRADING_SYSTEMS\03_STRATEGY_LIBRARY\LONG\DAS\runs\das_scanner_appearance_20260628T114046Z\chart_exports\event_day_details_grouped\0050_ENSC_2025-04-23_push102.04_rebreak\04_event_day_detail_until_1600_ny.png,C:\TSIS_Data\00_CTO\13_TRADING_SYSTEMS\03_STRATEGY_LIBRARY\LONG\DAS\runs\das_scanner_appearance_20260628T114046Z\chart_exports\event_day_details_grouped\0050_ENSC_2025-04-23_push102.04_rebreak\05_daily_context.png,das_scanner_appearance:ENSC:2025-04-23T12:04:00+00:00,ENSC,2025-04-23,102.0408,102.0408,75.51020408163265,84.94623655913978,71.9388,81.18279569892472,164.79591836734699,179.03225806451613,164.7959,54.0059,54.0059,rebreak_confirmed,11.3636,ascending_flag_break,2025-04-23 08:12:00 EDT,2025-04-23 08:14:00 EDT,1.1682,green_wick_dip_new_high
51,C:\TSIS_Data\00_CTO\13_TRADING_SYSTEMS\03_STRATEGY_LIBRARY\LONG\DAS\runs\das_scanner_appearance_20260628T114046Z\chart_exports\event_day_details_grouped\0051_FRGT_2025-09-15_push101.40_rebreak,C:\TSIS_Data\00_CTO\13_TRADING_SYSTEMS\03_STRATEGY_LIBRARY\LONG\DAS\runs\das_scanner_appearance_20260628T114046Z\chart_exports\event_day_details_grouped\0051_FRGT_2025-09-15_push101.40_rebreak\02_three_day_overview.png,C:\TSIS_Data\00_CTO\13_TRADING_SYSTEMS\03_STRATEGY_LIBRARY\LONG\DAS\runs\das_scanner_appearance_20260628T114046Z\chart_exports\event_day_details_grouped\0051_FRGT_2025-09-15_push101.40_rebreak\03_event_day_premarket_detail.png,C:\TSIS_Data\00_CTO\13_TRADING_SYSTEMS\03_STRATEGY_LIBRARY\LONG\DAS\runs\das_scanner_appearance_20260628T114046Z\chart_exports\event_day_details_grouped\0051_FRGT_2025-09-15_push101.40_rebreak\04_event_day_detail_until_1600_ny.png,C:\TSIS_Data\00_CTO\13_TRADING_SYSTEMS\03_STRATEGY_LIBRARY\LONG\DAS\runs\das_scanner_appearance_20260628T114046Z\chart_exports\event_day_details_grouped\0051_FRGT_2025-09-15_push101.40_rebreak\05_daily_context.png,das_scanner_appearance:FRGT:2025-09-15T13:02:00+00:00,FRGT,2025-09-15,101.3986,101.3986,53.84615384615385,54.929577464788736,76.2168,77.45774647887326,120.62937062937063,122.18309859154932,120.6294,25.2034,25.2034,rebreak_confirmed,13.8889,single_candle_rebreak,2025-09-15 09:05:00 EDT,2025-09-15 09:08:00 EDT,0.3759,green_wick_dip_reactivation
52,C:\TSIS_Data\00_CTO\13_TRADING_SYSTEMS\03_STRATEGY_LIBRARY\LONG\DAS\runs\das_scanner_appearance_20260628T114046Z\chart_exports\event_day_details_grouped\0052_VYNE_2025-12-17_push100.55_rebreak,C:\TSIS_Data\00_CTO\13_TRADING_SYSTEMS\03_STRATEGY_LIBRARY\LONG\DAS\runs\das_scanner_appearance_20260628T114046Z\chart_exports\event_day_details_grouped\0052_VYNE_2025-12-17_push100.55_rebreak\02_three_day_overview.png,C:\TSIS_Data\00_CTO\13_TRADING_SYSTEMS\03_STRATEGY_LIBRARY\LONG\DAS\runs\das_scanner_appearance_20260628T114046Z\chart_exports\event_day_details_grouped\0052_VYNE_2025-12-17_push100.55_rebreak\03_event_day_premarket_detail.png,C:\TSIS_Data\00_CTO\13_TRADING_SYSTEMS\03_STRATEGY_LIBRARY\LONG\DAS\runs\das_scanner_appearance_20260628T114046Z\chart_exports\event_day_details_grouped\0052_VYNE_2025-12-17_push100.55_rebreak\04_event_day_detail_until_1600_ny.png,C:\TSIS_Data\00_CTO\13_TRADING_SYSTEMS\03_STRATEGY_LIBRARY\LONG\DAS\runs\das_scanner_appearance_20260628T114046Z\chart_exports\event_day_details_grouped\0052_VYNE_2025-12-17_push100.55_rebreak\05_daily_context.png,das_scanner_appearance:VYNE:2025-12-17T13:30:00+00:00,VYNE,2025-12-17,100.5495,100.5495,86.81318681318683,69.87259555333502,78.5714,62.37821633774669,119.7802197802198,99.85011241568826,119.7802,23.0769,23.0769,rebreak_confirmed,10.9589,vwap_reclaim_rebreak,2025-12-17 08:42:00 EST,2025-12-17 08:43:00 EST,1.0176,green_wick_dip_new_high
53,C:\TSIS_Data\00_CTO\13_TRADING_SYSTEMS\03_STRATEGY_LIBRARY\LONG\DAS\runs\das_scanner_appearance_20260628T114046Z\chart_exports\event_day_details_grouped\0053_BSLK_2025-05-30_push100.00_rebreak,C:\TSIS_Data\00_CTO\13_TRADING_SYSTEMS\03_STRATEGY_LIBRARY\LONG\DAS\runs\das_scanner_appearance_20260628T114046Z\chart_exports\event_day_details_grouped\0053_BSLK_2025-05-30_push100.00_rebreak\02_three_day_overview.png,C:\TSIS_Data\00_CTO\13_TRADING_SYSTEMS\03_STRATEGY_LIBRARY\LONG\DAS\runs\das_scanner_appearance_20260628T114046Z\chart_exports\event_day_details_grouped\0053_BSLK_2025-05-30_push100.00_rebreak\03_event_day_premarket_detail.png,C:\TSIS_Data\00_CTO\13_TRADING_SYSTEMS\03_STRATEGY_LIBRARY\LONG\DAS\runs\das_scanner_appearance_20260628T114046Z\chart_exports\event_day_details_grouped\0053_BSLK_2025-05-30_push100.00_rebreak\04_event_day_detail_until_1600_ny.png,C:\TSIS_Data\00_CTO\13_TRADING_SYSTEMS\03_STRATEGY_LIBRARY\LONG\DAS\runs\das_scanner_appearance_20260628T114046Z\chart_exports\event_day_details_grouped\0053_BSLK_2025-05-30_push100.00_rebreak\05_daily_context.png,das_scanner_appearance:BSLK:2025-05-30T08:13:00+00:00,BSLK,2025-05-30,100.0,100.0,58.87850467289718,88.88888888888889,85.0467,120.0,124.29906542056072,166.66666666666666,124.2991,21.2121,21.2121,rebreak_confirmed,12.3832,single_candle_rebreak,2025-05-30 04:16:00 EDT,2025-05-30 04:17:00 EDT,2.6829,green_wick_dip_new_high
54,C:\TSIS_Data\00_CTO\13_TRADING_SYSTEMS\03_STRATEGY_LIBRARY\LONG\DAS\runs\das_scanner_appearance_20260628T114046Z\chart_exports\event_day_details_grouped\0054_AIFF_2025-01-14_push100.00_rebreak,C:\TSIS_Data\00_CTO\13_TRADING_SYSTEMS\03_STRATEGY_LIBRARY\LONG\DAS\runs\das_scanner_appearance_20260628T114046Z\chart_exports\event_day_details_grouped\0054_AIFF_2025-01-14_push100.00_rebreak\02_three_day_overview.png,C:\TSIS_Data\00_CTO\13_TRADING_SYSTEMS\03_STRATEGY_LIBRARY\LONG\DAS\runs\das_scanner_appearance_20260628T114046Z\chart_exports\event_day_details_grouped\0054_AIFF_2025-01-14_push100.00_rebreak\03_event_day_premarket_detail.png,C:\TSIS_Data\00_CTO\13_TRADING_SYSTEMS\03_STRATEGY_LIBRARY\LONG\DAS\runs\das_scanner_appearance_20260628T114046Z\chart_exports\event_day_details_grouped\0054_AIFF_2025-01-14_push100.00_rebreak\04_event_day_detail_until_1600_ny.png,C:\TSIS_Data\00_CTO\13_TRADING_SYSTEMS\03_STRATEGY_LIBRARY\LONG\DAS\runs\das_scanner_appearance_20260628T114046Z\chart_exports\event_day_details_grouped\0054_AIFF_2025-01-14_push100.00_rebreak\05_daily_context.png,das_scanner_appearance:AIFF:2025-01-14T12:47:00+00:00,AIFF,2025-01-14,100.0,100.0,67.89473684210526,68.55119940822149,84.2105,84.9307830497728,140.52631578947373,141.46676529641763,140.5263,30.5714,30.5714,rebreak_confirmed,13.9474,vwap_reclaim_rebreak,2025-01-14 08:17:00 EST,2025-01-14 08:19:00 EST,1.0554,green_wick_dip_reactivation
55,C:\TSIS_Data\00_CTO\13_TRADING_SYSTEMS\03_STRATEGY_LIBRARY\LONG\DAS\runs\das_scanner_appearance_20260628T114046Z\chart_exports\event_day_details_grouped\0055_PRZO_2024-11-29_push98.36_rebreak,C:\TSIS_Data\00_CTO\13_TRADING_SYSTEMS\03_STRATEGY_LIBRARY\LONG\DAS\runs\das_scanner_appearance_20260628T114046Z\chart_exports\event_day_details_grouped\0055_PRZO_2024-11-29_push98.36_rebreak\02_three_day_overview.png,C:\TSIS_Data\00_CTO\13_TRADING_SYSTEMS\03_STRATEGY_LIBRARY\LONG\DAS\runs\das_scanner_appearance_20260628T114046Z\chart_exports\event_day_details_grouped\0055_PRZO_2024-11-29_push98.36_rebreak\03_event_day_premarket_detail.png,C:\TSIS_Data\00_CTO\13_TRADING_SYSTEMS\03_STRATEGY_LIBRARY\LONG\DAS\runs\das_scanner_appearance_20260628T114046Z\chart_exports\event_day_details_grouped\0055_PRZO_2024-11-29_push98.36_rebreak\04_event_day_detail_until_1600_ny.png,C:\TSIS_Data\00_CTO\13_TRADING_SYSTEMS\03_STRATEGY_LIBRARY\LONG\DAS\runs\das_scanner_appearance_20260628T114046Z\chart_exports\event_day_details_grouped\0055_PRZO_2024-11-29_push98.36_rebreak\05_daily_context.png,das_scanner_appearance:PRZO:2024-11-29T12:07:00+00:00,PRZO,2024-11-29,98.3607,98.3607,58.721311475409834,51.281249999999986,55.0656,47.796874999999986,103.27868852459017,93.75,103.2787,31.0921,31.0921,rebreak_confirmed,10.7438,vwap_reclaim_rebreak,2024-11-29 07:17:00 EST,2024-11-29 07:20:00 EST,1.9048,green_wick_dip_reactivation
56,C:\TSIS_Data\00_CTO\13_TRADING_SYSTEMS\03_STRATEGY_LIBRARY\LONG\DAS\runs\das_scanner_appearance_20260628T114046Z\chart_exports\event_day_details_grouped\0056_ATXG_2025-07-02_push97.37_rebreak,C:\TSIS_Data\00_CTO\13_TRADING_SYSTEMS\03_STRATEGY_LIBRARY\LONG\DAS\runs\das_scanner_appearance_20260628T114046Z\chart_exports\event_day_details_grouped\0056_ATXG_2025-07-02_push97.37_rebreak\02_three_day_overview.png,C:\TSIS_Data\00_CTO\13_TRADING_SYSTEMS\03_STRATEGY_LIBRARY\LONG\DAS\runs\das_scanner_appearance_20260628T114046Z\chart_exports\event_day_details_grouped\0056_ATXG_2025-07-02_push97.37_rebreak\03_event_day_premarket_detail.png,C:\TSIS_Data\00_CTO\13_TRADING_SYSTEMS\03_STRATEGY_LIBRARY\LONG\DAS\runs\das_scanner_appearance_20260628T114046Z\chart_exports\event_day_details_grouped\0056_ATXG_2025-07-02_push97.37_rebreak\04_event_day_detail_until_1600_ny.png,C:\TSIS_Data\00_CTO\13_TRADING_SYSTEMS\03_STRATEGY_LIBRARY\LONG\DAS\runs\das_scanner_appearance_20260628T114046Z\chart_exports\event_day_details_grouped\0056_ATXG_2025-07-02_push97.37_rebreak\05_daily_context.png,das_scanner_appearance:ATXG:2025-07-02T13:20:00+00:00,ATXG,2025-07-02,97.3684,97.3684,97.36842105263158,93.60390076007458,87.1199,83.55083895023662,144.1520467836257,139.4951957550552,144.152,30.4789,30.4789,rebreak_confirmed,24.4444,single_candle_rebreak,2025-07-02 09:22:00 EDT,2025-07-02 09:23:00 EDT,9.8592,green_wick_dip_reactivation
57,C:\TSIS_Data\00_CTO\13_TRADING_SYSTEMS\03_STRATEGY_LIBRARY\LONG\DAS\runs\das_scanner_appearance_20260628T114046Z\chart_exports\event_day_details_grouped\0057_JTAI_2025-02-14_push95.09_rebreak,C:\TSIS_Data\00_CTO\13_TRADING_SYSTEMS\03_STRATEGY_LIBRARY\LONG\DAS\runs\das_scanner_appearance_20260628T114046Z\chart_exports\event_day_details_grouped\0057_JTAI_2025-02-14_push95.09_rebreak\02_three_day_overview.png,C:\TSIS_Data\00_CTO\13_TRADING_SYSTEMS\03_STRATEGY_LIBRARY\LONG\DAS\runs\das_scanner_appearance_20260628T114046Z\chart_exports\event_day_details_grouped\0057_JTAI_2025-02-14_push95.09_rebreak\03_event_day_premarket_detail.png,C:\TSIS_Data\00_CTO\13_TRADING_SYSTEMS\03_STRATEGY_LIBRARY\LONG\DAS\runs\das_scanner_appearance_20260628T114046Z\chart_exports\event_day_details_grouped\0057_JTAI_2025-02-14_push95.09_rebreak\04_event_day_detail_until_1600_ny.png,C:\TSIS_Data\00_CTO\13_TRADING_SYSTEMS\03_STRATEGY_LIBRARY\LONG\DAS\runs\das_scanner_appearance_20260628T114046Z\chart_exports\event_day_details_grouped\0057_JTAI_2025-02-14_push95.09_rebreak\05_daily_context.png,das_scanner_appearance:JTAI:2025-02-14T14:01:00+00:00,JTAI,2025-02-14,95.0943,95.0943,73.20754716981132,77.90697674418604,79.2453,84.10852713178294,153.9622641509434,160.8527131782946,153.9623,41.6842,41.6842,rebreak_confirmed,8.5106,single_candle_rebreak,2025-02-14 09:05:00 EST,2025-02-14 09:07:00 EST,3.6513,green_wick_dip_new_high
58,C:\TSIS_Data\00_CTO\13_TRADING_SYSTEMS\03_STRATEGY_LIBRARY\LONG\DAS\runs\das_scanner_appearance_20260628T114046Z\chart_exports\event_day_details_grouped\0058_MOGO_2025-07-02_push94.02_rebreak,C:\TSIS_Data\00_CTO\13_TRADING_SYSTEMS\03_STRATEGY_LIBRARY\LONG\DAS\runs\das_scanner_appearance_20260628T114046Z\chart_exports\event_day_details_grouped\0058_MOGO_2025-07-02_push94.02_rebreak\02_three_day_overview.png,C:\TSIS_Data\00_CTO\13_TRADING_SYSTEMS\03_STRATEGY_LIBRARY\LONG\DAS\runs\das_scanner_appearance_20260628T114046Z\chart_exports\event_day_details_grouped\0058_MOGO_2025-07-02_push94.02_rebreak\03_event_day_premarket_detail.png,C:\TSIS_Data\00_CTO\13_TRADING_SYSTEMS\03_STRATEGY_LIBRARY\LONG\DAS\runs\das_scanner_appearance_20260628T114046Z\chart_exports\event_day_details_grouped\0058_MOGO_2025-07-02_push94.02_rebreak\04_event_day_detail_until_1600_ny.png,C:\TSIS_Data\00_CTO\13_TRADING_SYSTEMS\03_STRATEGY_LIBRARY\LONG\DAS\runs\das_scanner_appearance_20260628T114046Z\chart_exports\event_day_details_grouped\0058_MOGO_2025-07-02_push94.02_rebreak\05_daily_context.png,das_scanner_appearance:MOGO:2025-07-02T12:05:00+00:00,MOGO,2025-07-02,94.0171,94.0171,57.26495726495728,53.32055662028166,40.1709,36.655278726772764,241.88034188034192,233.3055578701775,241.8803,143.9024,143.9024,rebreak_confirmed,23.348,vwap_reclaim_rebreak,2025-07-02 08:11:00 EDT,2025-07-02 08:12:00 EDT,1.5152,green_wick_dip_new_high
59,C:\TSIS_Data\00_CTO\13_TRADING_SYSTEMS\03_STRATEGY_LIBRARY\LONG\DAS\runs\das_scanner_appearance_20260628T114046Z\chart_exports\event_day_details_grouped\0059_GXAI_2024-03-13_push93.17_rebreak,C:\TSIS_Data\00_CTO\13_TRADING_SYSTEMS\03_STRATEGY_LIBRARY\LONG\DAS\runs\das_scanner_appearance_20260628T114046Z\chart_exports\event_day_details_grouped\0059_GXAI_2024-03-13_push93.17_rebreak\02_three_day_overview.png,C:\TSIS_Data\00_CTO\13_TRADING_SYSTEMS\03_STRATEGY_LIBRARY\LONG\DAS\runs\das_scanner_appearance_20260628T114046Z\chart_exports\event_day_details_grouped\0059_GXAI_2024-03-13_push93.17_rebreak\03_event_day_premarket_detail.png,C:\TSIS_Data\00_CTO\13_TRADING_SYSTEMS\03_STRATEGY_LIBRARY\LONG\DAS\runs\das_scanner_appearance_20260628T114046Z\chart_exports\event_day_details_grouped\0059_GXAI_2024-03-13_push93.17_rebreak\04_event_day_detail_until_1600_ny.png,C:\TSIS_Data\00_CTO\13_TRADING_SYSTEMS\03_STRATEGY_LIBRARY\LONG\DAS\runs\das_scanner_appearance_20260628T114046Z\chart_exports\event_day_details_grouped\0059_GXAI_2024-03-13_push93.17_rebreak\05_daily_context.png,das_scanner_appearance:GXAI:2024-03-13T12:34:00+00:00,GXAI,2024-03-13,93.1689,93.1689,57.3055028462998,55.827067669172905,84.63,82.89473684210526,118.21631878557876,116.16541353383458,118.2163,18.1912,18.1912,rebreak_confirmed,7.7603,single_candle_rebreak,2024-03-13 08:37:00 EDT,2024-03-13 08:42:00 EDT,4.1584,green_wick_dip_reactivation
60,C:\TSIS_Data\00_CTO\13_TRADING_SYSTEMS\03_STRATEGY_LIBRARY\LONG\DAS\runs\das_scanner_appearance_20260628T114046Z\chart_exports\event_day_details_grouped\0060_ONMD_2025-06-24_push91.18_rebreak,C:\TSIS_Data\00_CTO\13_TRADING_SYSTEMS\03_STRATEGY_LIBRARY\LONG\DAS\runs\das_scanner_appearance_20260628T114046Z\chart_exports\event_day_details_grouped\0060_ONMD_2025-06-24_push91.18_rebreak\02_three_day_overview.png,C:\TSIS_Data\00_CTO\13_TRADING_SYSTEMS\03_STRATEGY_LIBRARY\LONG\DAS\runs\das_scanner_appearance_20260628T114046Z\chart_exports\event_day_details_grouped\0060_ONMD_2025-06-24_push91.18_rebreak\03_event_day_premarket_detail.png,C:\TSIS_Data\00_CTO\13_TRADING_SYSTEMS\03_STRATEGY_LIBRARY\LONG\DAS\runs\das_scanner_appearance_20260628T114046Z\chart_exports\event_day_details_grouped\0060_ONMD_2025-06-24_push91.18_rebreak\04_event_day_detail_until_1600_ny.png,C:\TSIS_Data\00_CTO\13_TRADING_SYSTEMS\03_STRATEGY_LIBRARY\LONG\DAS\runs\das_scanner_appearance_20260628T114046Z\chart_exports\event_day_details_grouped\0060_ONMD_2025-06-24_push91.18_rebreak\05_daily_context.png,das_scanner_appearance:ONMD:2025-06-24T12:22:00+00:00,ONMD,2025-06-24,91.1765,91.1765,49.99999999999999,47.78325123152709,71.1471,68.61779194436394,117.58823529411764,114.37264560996812,117.5882,27.1352,27.1352,rebreak_confirmed,18.0308,vwap_reclaim_rebreak,2025-06-24 08:30:00 EDT,2025-06-24 08:31:00 EDT,0.4244,green_wick_dip_new_high
61,C:\TSIS_Data\00_CTO\13_TRADING_SYSTEMS\03_STRATEGY_LIBRARY\LONG\DAS\runs\das_scanner_appearance_20260628T114046Z\chart_exports\event_day_details_grouped\0061_VVOS_2025-07-01_push90.85_rebreak,C:\TSIS_Data\00_CTO\13_TRADING_SYSTEMS\03_STRATEGY_LIBRARY\LONG\DAS\runs\das_scanner_appearance_20260628T114046Z\chart_exports\event_day_details_grouped\0061_VVOS_2025-07-01_push90.85_rebreak\02_three_day_overview.png,C:\TSIS_Data\00_CTO\13_TRADING_SYSTEMS\03_STRATEGY_LIBRARY\LONG\DAS\runs\das_scanner_appearance_20260628T114046Z\chart_exports\event_day_details_grouped\0061_VVOS_2025-07-01_push90.85_rebreak\03_event_day_premarket_detail.png,C:\TSIS_Data\00_CTO\13_TRADING_SYSTEMS\03_STRATEGY_LIBRARY\LONG\DAS\runs\das_scanner_appearance_20260628T114046Z\chart_exports\event_day_details_grouped\0061_VVOS_2025-07-01_push90.85_rebreak\04_event_day_detail_until_1600_ny.png,C:\TSIS_Data\00_CTO\13_TRADING_SYSTEMS\03_STRATEGY_LIBRARY\LONG\DAS\runs\das_scanner_appearance_20260628T114046Z\chart_exports\event_day_details_grouped\0061_VVOS_2025-07-01_push90.85_rebreak\05_daily_context.png,das_scanner_appearance:VVOS:2025-07-01T12:31:00+00:00,VVOS,2025-07-01,90.8517,90.8517,57.728706624605685,58.9825119236884,72.5552,73.92686804451509,109.77917981072555,111.44674085850556,109.7792,21.5722,21.5722,rebreak_confirmed,17.1901,vwap_reclaim_rebreak,2025-07-01 08:40:00 EDT,2025-07-01 08:43:00 EDT,0.1709,green_wick_dip_reactivation
62,C:\TSIS_Data\00_CTO\13_TRADING_SYSTEMS\03_STRATEGY_LIBRARY\LONG\DAS\runs\das_scanner_appearance_20260628T114046Z\chart_exports\event_day_details_grouped\0062_RXT_2026-02-18_push90.45_rebreak,C:\TSIS_Data\00_CTO\13_TRADING_SYSTEMS\03_STRATEGY_LIBRARY\LONG\DAS\runs\das_scanner_appearance_20260628T114046Z\chart_exports\event_day_details_grouped\0062_RXT_2026-02-18_push90.45_rebreak\02_three_day_overview.png,C:\TSIS_Data\00_CTO\13_TRADING_SYSTEMS\03_STRATEGY_LIBRARY\LONG\DAS\runs\das_scanner_appearance_20260628T114046Z\chart_exports\event_day_details_grouped\0062_RXT_2026-02-18_push90.45_rebreak\03_event_day_premarket_detail.png,C:\TSIS_Data\00_CTO\13_TRADING_SYSTEMS\03_STRATEGY_LIBRARY\LONG\DAS\runs\das_scanner_appearance_20260628T114046Z\chart_exports\event_day_details_grouped\0062_RXT_2026-02-18_push90.45_rebreak\04_event_day_detail_until_1600_ny.png,C:\TSIS_Data\00_CTO\13_TRADING_SYSTEMS\03_STRATEGY_LIBRARY\LONG\DAS\runs\das_scanner_appearance_20260628T114046Z\chart_exports\event_day_details_grouped\0062_RXT_2026-02-18_push90.45_rebreak\05_daily_context.png,das_scanner_appearance:RXT:2026-02-18T13:15:00+00:00,RXT,2026-02-18,90.4524,90.4524,90.45238095238098,90.90692124105014,51.2143,51.57517899761337,171.42857142857142,172.07637231503577,171.4286,79.4993,79.4993,rebreak_confirmed,23.4904,last_red_high_break,2026-02-18 08:18:00 EST,2026-02-18 08:19:00 EST,3.0365,green_wick_dip_new_high
63,C:\TSIS_Data\00_CTO\13_TRADING_SYSTEMS\03_STRATEGY_LIBRARY\LONG\DAS\runs\das_scanner_appearance_20260628T114046Z\chart_exports\event_day_details_grouped\0063_CGTX_2024-12-18_push89.80_rebreak,C:\TSIS_Data\00_CTO\13_TRADING_SYSTEMS\03_STRATEGY_LIBRARY\LONG\DAS\runs\das_scanner_appearance_20260628T114046Z\chart_exports\event_day_details_grouped\0063_CGTX_2024-12-18_push89.80_rebreak\02_three_day_overview.png,C:\TSIS_Data\00_CTO\13_TRADING_SYSTEMS\03_STRATEGY_LIBRARY\LONG\DAS\runs\das_scanner_appearance_20260628T114046Z\chart_exports\event_day_details_grouped\0063_CGTX_2024-12-18_push89.80_rebreak\03_event_day_premarket_detail.png,C:\TSIS_Data\00_CTO\13_TRADING_SYSTEMS\03_STRATEGY_LIBRARY\LONG\DAS\runs\das_scanner_appearance_20260628T114046Z\chart_exports\event_day_details_grouped\0063_CGTX_2024-12-18_push89.80_rebreak\04_event_day_detail_until_1600_ny.png,C:\TSIS_Data\00_CTO\13_TRADING_SYSTEMS\03_STRATEGY_LIBRARY\LONG\DAS\runs\das_scanner_appearance_20260628T114046Z\chart_exports\event_day_details_grouped\0063_CGTX_2024-12-18_push89.80_rebreak\05_daily_context.png,das_scanner_appearance:CGTX:2024-12-18T12:24:00+00:00,CGTX,2024-12-18,89.8,89.8,58.86666666666665,58.86666666666665,39.0667,39.06666666666666,197.7777777777778,197.7777777777778,197.7778,114.1259,114.1259,rebreak_confirmed,21.3207,single_candle_rebreak,2024-12-18 07:29:00 EST,2024-12-18 07:34:00 EST,0.0154,green_wick_dip_new_high
64,C:\TSIS_Data\00_CTO\13_TRADING_SYSTEMS\03_STRATEGY_LIBRARY\LONG\DAS\runs\das_scanner_appearance_20260628T114046Z\chart_exports\event_day_details_grouped\0064_AMIX_2024-12-30_push88.30_rebreak,C:\TSIS_Data\00_CTO\13_TRADING_SYSTEMS\03_STRATEGY_LIBRARY\LONG\DAS\runs\das_scanner_appearance_20260628T114046Z\chart_exports\event_day_details_grouped\0064_AMIX_2024-12-30_push88.30_rebreak\02_three_day_overview.png,C:\TSIS_Data\00_CTO\13_TRADING_SYSTEMS\03_STRATEGY_LIBRARY\LONG\DAS\runs\das_scanner_appearance_20260628T114046Z\chart_exports\event_day_details_grouped\0064_AMIX_2024-12-30_push88.30_rebreak\03_event_day_premarket_detail.png,C:\TSIS_Data\00_CTO\13_TRADING_SYSTEMS\03_STRATEGY_LIBRARY\LONG\DAS\runs\das_scanner_appearance_20260628T114046Z\chart_exports\event_day_details_grouped\0064_AMIX_2024-12-30_push88.30_rebreak\04_event_day_detail_until_1600_ny.png,C:\TSIS_Data\00_CTO\13_TRADING_SYSTEMS\03_STRATEGY_LIBRARY\LONG\DAS\runs\das_scanner_appearance_20260628T114046Z\chart_exports\event_day_details_grouped\0064_AMIX_2024-12-30_push88.30_rebreak\05_daily_context.png,das_scanner_appearance:AMIX:2024-12-30T13:32:00+00:00,AMIX,2024-12-30,88.3041,88.3041,66.66666666666667,72.72727272727273,68.7105,74.84545454545454,101.75438596491229,109.09090909090911,101.7544,19.5861,19.5861,rebreak_confirmed,7.764,single_candle_rebreak,2024-12-30 08:38:00 EST,2024-12-30 08:41:00 EST,0.4894,green_wick_dip_reactivation
65,C:\TSIS_Data\00_CTO\13_TRADING_SYSTEMS\03_STRATEGY_LIBRARY\LONG\DAS\runs\das_scanner_appearance_20260628T114046Z\chart_exports\event_day_details_grouped\0065_LOBO_2025-05-15_push88.00_rebreak,C:\TSIS_Data\00_CTO\13_TRADING_SYSTEMS\03_STRATEGY_LIBRARY\LONG\DAS\runs\das_scanner_appearance_20260628T114046Z\chart_exports\event_day_details_grouped\0065_LOBO_2025-05-15_push88.00_rebreak\02_three_day_overview.png,C:\TSIS_Data\00_CTO\13_TRADING_SYSTEMS\03_STRATEGY_LIBRARY\LONG\DAS\runs\das_scanner_appearance_20260628T114046Z\chart_exports\event_day_details_grouped\0065_LOBO_2025-05-15_push88.00_rebreak\03_event_day_premarket_detail.png,C:\TSIS_Data\00_CTO\13_TRADING_SYSTEMS\03_STRATEGY_LIBRARY\LONG\DAS\runs\das_scanner_appearance_20260628T114046Z\chart_exports\event_day_details_grouped\0065_LOBO_2025-05-15_push88.00_rebreak\04_event_day_detail_until_1600_ny.png,C:\TSIS_Data\00_CTO\13_TRADING_SYSTEMS\03_STRATEGY_LIBRARY\LONG\DAS\runs\das_scanner_appearance_20260628T114046Z\chart_exports\event_day_details_grouped\0065_LOBO_2025-05-15_push88.00_rebreak\05_daily_context.png,das_scanner_appearance:LOBO:2025-05-15T13:00:00+00:00,LOBO,2025-05-15,88.0046,88.0046,55.709342560553644,57.01325889741802,51.0957,52.36101418934636,101.84544405997693,103.53570597813444,101.8454,33.5878,33.5878,rebreak_confirmed,9.816,multi_candle_flag_break,2025-05-15 09:06:00 EDT,2025-05-15 09:08:00 EDT,6.3444,green_wick_dip_new_high
66,C:\TSIS_Data\00_CTO\13_TRADING_SYSTEMS\03_STRATEGY_LIBRARY\LONG\DAS\runs\das_scanner_appearance_20260628T114046Z\chart_exports\event_day_details_grouped\0066_JDZG_2025-10-14_push87.70_rebreak,C:\TSIS_Data\00_CTO\13_TRADING_SYSTEMS\03_STRATEGY_LIBRARY\LONG\DAS\runs\das_scanner_appearance_20260628T114046Z\chart_exports\event_day_details_grouped\0066_JDZG_2025-10-14_push87.70_rebreak\02_three_day_overview.png,C:\TSIS_Data\00_CTO\13_TRADING_SYSTEMS\03_STRATEGY_LIBRARY\LONG\DAS\runs\das_scanner_appearance_20260628T114046Z\chart_exports\event_day_details_grouped\0066_JDZG_2025-10-14_push87.70_rebreak\03_event_day_premarket_detail.png,C:\TSIS_Data\00_CTO\13_TRADING_SYSTEMS\03_STRATEGY_LIBRARY\LONG\DAS\runs\das_scanner_appearance_20260628T114046Z\chart_exports\event_day_details_grouped\0066_JDZG_2025-10-14_push87.70_rebreak\04_event_day_detail_until_1600_ny.png,C:\TSIS_Data\00_CTO\13_TRADING_SYSTEMS\03_STRATEGY_LIBRARY\LONG\DAS\runs\das_scanner_appearance_20260628T114046Z\chart_exports\event_day_details_grouped\0066_JDZG_2025-10-14_push87.70_rebreak\05_daily_context.png,das_scanner_appearance:JDZG:2025-10-14T11:06:00+00:00,JDZG,2025-10-14,87.7005,87.7005,60.96256684491976,64.48087431693988,69.5187,73.22404371584699,100.53475935828875,104.91803278688523,100.5348,18.2965,18.2965,rebreak_confirmed,14.5299,vwap_reclaim_rebreak,2025-10-14 07:15:00 EDT,2025-10-14 07:16:00 EDT,2.8329,green_wick_dip_new_high
67,C:\TSIS_Data\00_CTO\13_TRADING_SYSTEMS\03_STRATEGY_LIBRARY\LONG\DAS\runs\das_scanner_appearance_20260628T114046Z\chart_exports\event_day_details_grouped\0067_BKYI_2025-01-15_push87.12_rebreak,C:\TSIS_Data\00_CTO\13_TRADING_SYSTEMS\03_STRATEGY_LIBRARY\LONG\DAS\runs\das_scanner_appearance_20260628T114046Z\chart_exports\event_day_details_grouped\0067_BKYI_2025-01-15_push87.12_rebreak\02_three_day_overview.png,C:\TSIS_Data\00_CTO\13_TRADING_SYSTEMS\03_STRATEGY_LIBRARY\LONG\DAS\runs\das_scanner_appearance_20260628T114046Z\chart_exports\event_day_details_grouped\0067_BKYI_2025-01-15_push87.12_rebreak\03_event_day_premarket_detail.png,C:\TSIS_Data\00_CTO\13_TRADING_SYSTEMS\03_STRATEGY_LIBRARY\LONG\DAS\runs\das_scanner_appearance_20260628T114046Z\chart_exports\event_day_details_grouped\0067_BKYI_2025-01-15_push87.12_rebreak\04_event_day_detail_until_1600_ny.png,C:\TSIS_Data\00_CTO\13_TRADING_SYSTEMS\03_STRATEGY_LIBRARY\LONG\DAS\runs\das_scanner_appearance_20260628T114046Z\chart_exports\event_day_details_grouped\0067_BKYI_2025-01-15_push87.12_rebreak\05_daily_context.png,das_scanner_appearance:BKYI:2025-01-15T13:07:00+00:00,BKYI,2025-01-15,87.1212,87.1212,74.24242424242422,67.88321167883208,61.3636,55.4744525547445,96.96969696969697,89.7810218978102,96.9697,22.0657,22.0657,rebreak_confirmed,12.9555,vwap_reclaim_rebreak,2025-01-15 08:13:00 EST,2025-01-15 08:25:00 EST,0.4651,green_wick_dip_new_high
68,C:\TSIS_Data\00_CTO\13_TRADING_SYSTEMS\03_STRATEGY_LIBRARY\LONG\DAS\runs\das_scanner_appearance_20260628T114046Z\chart_exports\event_day_details_grouped\0068_MYSZ_2024-12-20_push86.57_rebreak,C:\TSIS_Data\00_CTO\13_TRADING_SYSTEMS\03_STRATEGY_LIBRARY\LONG\DAS\runs\das_scanner_appearance_20260628T114046Z\chart_exports\event_day_details_grouped\0068_MYSZ_2024-12-20_push86.57_rebreak\02_three_day_overview.png,C:\TSIS_Data\00_CTO\13_TRADING_SYSTEMS\03_STRATEGY_LIBRARY\LONG\DAS\runs\das_scanner_appearance_20260628T114046Z\chart_exports\event_day_details_grouped\0068_MYSZ_2024-12-20_push86.57_rebreak\03_event_day_premarket_detail.png,C:\TSIS_Data\00_CTO\13_TRADING_SYSTEMS\03_STRATEGY_LIBRARY\LONG\DAS\runs\das_scanner_appearance_20260628T114046Z\chart_exports\event_day_details_grouped\0068_MYSZ_2024-12-20_push86.57_rebreak\04_event_day_detail_until_1600_ny.png,C:\TSIS_Data\00_CTO\13_TRADING_SYSTEMS\03_STRATEGY_LIBRARY\LONG\DAS\runs\das_scanner_appearance_20260628T114046Z\chart_exports\event_day_details_grouped\0068_MYSZ_2024-12-20_push86.57_rebreak\05_daily_context.png,das_scanner_appearance:MYSZ:2024-12-20T10:58:00+00:00,MYSZ,2024-12-20,86.5672,86.5672,64.17910447761194,62.96296296296296,48.5075,47.4074074074074,423.1343283582089,419.25925925925924,423.1343,252.2613,252.2613,rebreak_confirmed,32.4,last_red_high_break,2024-12-20 06:02:00 EST,2024-12-20 06:03:00 EST,0.4444,green_wick_dip_new_high
69,C:\TSIS_Data\00_CTO\13_TRADING_SYSTEMS\03_STRATEGY_LIBRARY\LONG\DAS\runs\das_scanner_appearance_20260628T114046Z\chart_exports\event_day_details_grouped\0069_EVTV_2026-01-26_push86.47_rebreak,C:\TSIS_Data\00_CTO\13_TRADING_SYSTEMS\03_STRATEGY_LIBRARY\LONG\DAS\runs\das_scanner_appearance_20260628T114046Z\chart_exports\event_day_details_grouped\0069_EVTV_2026-01-26_push86.47_rebreak\02_three_day_overview.png,C:\TSIS_Data\00_CTO\13_TRADING_SYSTEMS\03_STRATEGY_LIBRARY\LONG\DAS\runs\das_scanner_appearance_20260628T114046Z\chart_exports\event_day_details_grouped\0069_EVTV_2026-01-26_push86.47_rebreak\03_event_day_premarket_detail.png,C:\TSIS_Data\00_CTO\13_TRADING_SYSTEMS\03_STRATEGY_LIBRARY\LONG\DAS\runs\das_scanner_appearance_20260628T114046Z\chart_exports\event_day_details_grouped\0069_EVTV_2026-01-26_push86.47_rebreak\04_event_day_detail_until_1600_ny.png,C:\TSIS_Data\00_CTO\13_TRADING_SYSTEMS\03_STRATEGY_LIBRARY\LONG\DAS\runs\das_scanner_appearance_20260628T114046Z\chart_exports\event_day_details_grouped\0069_EVTV_2026-01-26_push86.47_rebreak\05_daily_context.png,das_scanner_appearance:EVTV:2026-01-26T13:16:00+00:00,EVTV,2026-01-26,86.4706,86.4706,60.00000000000002,38.07106598984773,24.1176,7.106598984771568,102.94117647058825,75.12690355329951,102.9412,63.5071,63.5071,rebreak_confirmed,11.3565,vwap_reclaim_rebreak,2026-01-26 08:39:00 EST,2026-01-26 08:40:00 EST,1.2945,green_wick_dip_new_high
70,C:\TSIS_Data\00_CTO\13_TRADING_SYSTEMS\03_STRATEGY_LIBRARY\LONG\DAS\runs\das_scanner_appearance_20260628T114046Z\chart_exports\event_day_details_grouped\0070_TIRX_2026-01-28_push86.38_rebreak,C:\TSIS_Data\00_CTO\13_TRADING_SYSTEMS\03_STRATEGY_LIBRARY\LONG\DAS\runs\das_scanner_appearance_20260628T114046Z\chart_exports\event_day_details_grouped\0070_TIRX_2026-01-28_push86.38_rebreak\02_three_day_overview.png,C:\TSIS_Data\00_CTO\13_TRADING_SYSTEMS\03_STRATEGY_LIBRARY\LONG\DAS\runs\das_scanner_appearance_20260628T114046Z\chart_exports\event_day_details_grouped\0070_TIRX_2026-01-28_push86.38_rebreak\03_event_day_premarket_detail.png,C:\TSIS_Data\00_CTO\13_TRADING_SYSTEMS\03_STRATEGY_LIBRARY\LONG\DAS\runs\das_scanner_appearance_20260628T114046Z\chart_exports\event_day_details_grouped\0070_TIRX_2026-01-28_push86.38_rebreak\04_event_day_detail_until_1600_ny.png,C:\TSIS_Data\00_CTO\13_TRADING_SYSTEMS\03_STRATEGY_LIBRARY\LONG\DAS\runs\das_scanner_appearance_20260628T114046Z\chart_exports\event_day_details_grouped\0070_TIRX_2026-01-28_push86.38_rebreak\05_daily_context.png,das_scanner_appearance:TIRX:2026-01-28T12:16:00+00:00,TIRX,2026-01-28,86.3814,86.3814,68.72551973485993,61.943319838056695,74.1488,67.14864083285134,186.1705332931606,174.66743782533257,186.1705,64.3253,64.3253,rebreak_confirmed,20.7889,vwap_reclaim_rebreak,2026-01-28 07:37:00 EST,2026-01-28 07:40:00 EST,0.3754,green_wick_dip_new_high
71,C:\TSIS_Data\00_CTO\13_TRADING_SYSTEMS\03_STRATEGY_LIBRARY\LONG\DAS\runs\das_scanner_appearance_20260628T114046Z\chart_exports\event_day_details_grouped\0071_RVYL_2026-01-23_push86.34_rebreak,C:\TSIS_Data\00_CTO\13_TRADING_SYSTEMS\03_STRATEGY_LIBRARY\LONG\DAS\runs\das_scanner_appearance_20260628T114046Z\chart_exports\event_day_details_grouped\0071_RVYL_2026-01-23_push86.34_rebreak\02_three_day_overview.png,C:\TSIS_Data\00_CTO\13_TRADING_SYSTEMS\03_STRATEGY_LIBRARY\LONG\DAS\runs\das_scanner_appearance_20260628T114046Z\chart_exports\event_day_details_grouped\0071_RVYL_2026-01-23_push86.34_rebreak\03_event_day_premarket_detail.png,C:\TSIS_Data\00_CTO\13_TRADING_SYSTEMS\03_STRATEGY_LIBRARY\LONG\DAS\runs\das_scanner_appearance_20260628T114046Z\chart_exports\event_day_details_grouped\0071_RVYL_2026-01-23_push86.34_rebreak\04_event_day_detail_until_1600_ny.png,C:\TSIS_Data\00_CTO\13_TRADING_SYSTEMS\03_STRATEGY_LIBRARY\LONG\DAS\runs\das_scanner_appearance_20260628T114046Z\chart_exports\event_day_details_grouped\0071_RVYL_2026-01-23_push86.34_rebreak\05_daily_context.png,das_scanner_appearance:RVYL:2026-01-23T09:04:00+00:00,RVYL,2026-01-23,86.3429,86.3429,53.414264036418814,91.11531190926276,83.0046,127.9773156899811,94.23368740515934,141.96597353497165,94.2337,6.136,6.136,rebreak_confirmed,13.2736,single_candle_rebreak,2026-01-23 04:07:00 EST,2026-01-23 04:08:00 EST,5.2936,green_wick_dip_reactivation
72,C:\TSIS_Data\00_CTO\13_TRADING_SYSTEMS\03_STRATEGY_LIBRARY\LONG\DAS\runs\das_scanner_appearance_20260628T114046Z\chart_exports\event_day_details_grouped\0072_BON_2025-05-16_push86.04_rebreak,C:\TSIS_Data\00_CTO\13_TRADING_SYSTEMS\03_STRATEGY_LIBRARY\LONG\DAS\runs\das_scanner_appearance_20260628T114046Z\chart_exports\event_day_details_grouped\0072_BON_2025-05-16_push86.04_rebreak\02_three_day_overview.png,C:\TSIS_Data\00_CTO\13_TRADING_SYSTEMS\03_STRATEGY_LIBRARY\LONG\DAS\runs\das_scanner_appearance_20260628T114046Z\chart_exports\event_day_details_grouped\0072_BON_2025-05-16_push86.04_rebreak\03_event_day_premarket_detail.png,C:\TSIS_Data\00_CTO\13_TRADING_SYSTEMS\03_STRATEGY_LIBRARY\LONG\DAS\runs\das_scanner_appearance_20260628T114046Z\chart_exports\event_day_details_grouped\0072_BON_2025-05-16_push86.04_rebreak\04_event_day_detail_until_1600_ny.png,C:\TSIS_Data\00_CTO\13_TRADING_SYSTEMS\03_STRATEGY_LIBRARY\LONG\DAS\runs\das_scanner_appearance_20260628T114046Z\chart_exports\event_day_details_grouped\0072_BON_2025-05-16_push86.04_rebreak\05_daily_context.png,das_scanner_appearance:BON:2025-05-16T13:02:00+00:00,BON,2025-05-16,86.0417,86.0417,67.70833333333336,54.510556621881015,63.3333,50.479846449136275,99.58333333333334,83.87715930902112,99.5833,22.1939,22.1939,rebreak_confirmed,16.0134,single_candle_rebreak,2025-05-16 09:07:00 EDT,2025-05-16 09:10:00 EDT,5.3981,green_wick_dip_reactivation
73,C:\TSIS_Data\00_CTO\13_TRADING_SYSTEMS\03_STRATEGY_LIBRARY\LONG\DAS\runs\das_scanner_appearance_20260628T114046Z\chart_exports\event_day_details_grouped\0073_QTTB_2025-12-01_push85.85_rebreak,C:\TSIS_Data\00_CTO\13_TRADING_SYSTEMS\03_STRATEGY_LIBRARY\LONG\DAS\runs\das_scanner_appearance_20260628T114046Z\chart_exports\event_day_details_grouped\0073_QTTB_2025-12-01_push85.85_rebreak\02_three_day_overview.png,C:\TSIS_Data\00_CTO\13_TRADING_SYSTEMS\03_STRATEGY_LIBRARY\LONG\DAS\runs\das_scanner_appearance_20260628T114046Z\chart_exports\event_day_details_grouped\0073_QTTB_2025-12-01_push85.85_rebreak\03_event_day_premarket_detail.png,C:\TSIS_Data\00_CTO\13_TRADING_SYSTEMS\03_STRATEGY_LIBRARY\LONG\DAS\runs\das_scanner_appearance_20260628T114046Z\chart_exports\event_day_details_grouped\0073_QTTB_2025-12-01_push85.85_rebreak\04_event_day_detail_until_1600_ny.png,C:\TSIS_Data\00_CTO\13_TRADING_SYSTEMS\03_STRATEGY_LIBRARY\LONG\DAS\runs\das_scanner_appearance_20260628T114046Z\chart_exports\event_day_details_grouped\0073_QTTB_2025-12-01_push85.85_rebreak\05_daily_context.png,das_scanner_appearance:QTTB:2025-12-01T12:15:00+00:00,QTTB,2025-12-01,85.8491,85.8491,74.0566037735849,68.4931506849315,75.9434,70.31963470319636,137.26415094339623,129.68036529680367,137.2642,34.8525,34.8525,rebreak_confirmed,8.6294,flat_shelf_break,2025-12-01 07:21:00 EST,2025-12-01 07:22:00 EST,1.0417,green_wick_dip_reactivation
74,C:\TSIS_Data\00_CTO\13_TRADING_SYSTEMS\03_STRATEGY_LIBRARY\LONG\DAS\runs\das_scanner_appearance_20260628T114046Z\chart_exports\event_day_details_grouped\0074_PMAX_2025-10-13_push85.81_rebreak,C:\TSIS_Data\00_CTO\13_TRADING_SYSTEMS\03_STRATEGY_LIBRARY\LONG\DAS\runs\das_scanner_appearance_20260628T114046Z\chart_exports\event_day_details_grouped\0074_PMAX_2025-10-13_push85.81_rebreak\02_three_day_overview.png,C:\TSIS_Data\00_CTO\13_TRADING_SYSTEMS\03_STRATEGY_LIBRARY\LONG\DAS\runs\das_scanner_appearance_20260628T114046Z\chart_exports\event_day_details_grouped\0074_PMAX_2025-10-13_push85.81_rebreak\03_event_day_premarket_detail.png,C:\TSIS_Data\00_CTO\13_TRADING_SYSTEMS\03_STRATEGY_LIBRARY\LONG\DAS\runs\das_scanner_appearance_20260628T114046Z\chart_exports\event_day_details_grouped\0074_PMAX_2025-10-13_push85.81_rebreak\04_event_day_detail_until_1600_ny.png,C:\TSIS_Data\00_CTO\13_TRADING_SYSTEMS\03_STRATEGY_LIBRARY\LONG\DAS\runs\das_scanner_appearance_20260628T114046Z\chart_exports\event_day_details_grouped\0074_PMAX_2025-10-13_push85.81_rebreak\05_daily_context.png,das_scanner_appearance:PMAX:2025-10-13T08:07:00+00:00,PMAX,2025-10-13,85.8086,85.8086,51.155115511551166,76.83397683397685,34.6535,57.528957528957534,240.92409240924098,298.84169884169887,240.9241,153.1863,153.1863,rebreak_confirmed,27.8863,last_red_high_break,2025-10-13 04:10:00 EDT,2025-10-13 04:11:00 EDT,0.5929,green_wick_dip_reactivation
75,C:\TSIS_Data\00_CTO\13_TRADING_SYSTEMS\03_STRATEGY_LIBRARY\LONG\DAS\runs\das_scanner_appearance_20260628T114046Z\chart_exports\event_day_details_grouped\0075_CING_2024-08-15_push85.43_rebreak,C:\TSIS_Data\00_CTO\13_TRADING_SYSTEMS\03_STRATEGY_LIBRARY\LONG\DAS\runs\das_scanner_appearance_20260628T114046Z\chart_exports\event_day_details_grouped\0075_CING_2024-08-15_push85.43_rebreak\02_three_day_overview.png,C:\TSIS_Data\00_CTO\13_TRADING_SYSTEMS\03_STRATEGY_LIBRARY\LONG\DAS\runs\das_scanner_appearance_20260628T114046Z\chart_exports\event_day_details_grouped\0075_CING_2024-08-15_push85.43_rebreak\03_event_day_premarket_detail.png,C:\TSIS_Data\00_CTO\13_TRADING_SYSTEMS\03_STRATEGY_LIBRARY\LONG\DAS\runs\das_scanner_appearance_20260628T114046Z\chart_exports\event_day_details_grouped\0075_CING_2024-08-15_push85.43_rebreak\04_event_day_detail_until_1600_ny.png,C:\TSIS_Data\00_CTO\13_TRADING_SYSTEMS\03_STRATEGY_LIBRARY\LONG\DAS\runs\das_scanner_appearance_20260628T114046Z\chart_exports\event_day_details_grouped\0075_CING_2024-08-15_push85.43_rebreak\05_daily_context.png,das_scanner_appearance:CING:2024-08-15T11:51:00+00:00,CING,2024-08-15,85.4271,85.4271,53.26633165829144,65.31165311653115,58.2915,70.73170731707317,179.39698492462307,201.3550135501355,179.397,76.5079,76.5079,rebreak_confirmed,17.8862,vwap_reclaim_rebreak,2024-08-15 07:54:00 EDT,2024-08-15 07:55:00 EDT,4.1783,green_wick_dip_new_high
76,C:\TSIS_Data\00_CTO\13_TRADING_SYSTEMS\03_STRATEGY_LIBRARY\LONG\DAS\runs\das_scanner_appearance_20260628T114046Z\chart_exports\event_day_details_grouped\0076_PRSO_2024-02-20_push84.77_rebreak,C:\TSIS_Data\00_CTO\13_TRADING_SYSTEMS\03_STRATEGY_LIBRARY\LONG\DAS\runs\das_scanner_appearance_20260628T114046Z\chart_exports\event_day_details_grouped\0076_PRSO_2024-02-20_push84.77_rebreak\02_three_day_overview.png,C:\TSIS_Data\00_CTO\13_TRADING_SYSTEMS\03_STRATEGY_LIBRARY\LONG\DAS\runs\das_scanner_appearance_20260628T114046Z\chart_exports\event_day_details_grouped\0076_PRSO_2024-02-20_push84.77_rebreak\03_event_day_premarket_detail.png,C:\TSIS_Data\00_CTO\13_TRADING_SYSTEMS\03_STRATEGY_LIBRARY\LONG\DAS\runs\das_scanner_appearance_20260628T114046Z\chart_exports\event_day_details_grouped\0076_PRSO_2024-02-20_push84.77_rebreak\04_event_day_detail_until_1600_ny.png,C:\TSIS_Data\00_CTO\13_TRADING_SYSTEMS\03_STRATEGY_LIBRARY\LONG\DAS\runs\das_scanner_appearance_20260628T114046Z\chart_exports\event_day_details_grouped\0076_PRSO_2024-02-20_push84.77_rebreak\05_daily_context.png,das_scanner_appearance:PRSO:2024-02-20T13:14:00+00:00,PRSO,2024-02-20,84.7682,84.7682,60.264900662251655,58.16993464052287,66.5563,64.37908496732027,108.6092715231788,105.88235294117648,108.6093,25.2485,25.2485,rebreak_confirmed,22.5806,vwap_reclaim_rebreak,2024-02-20 08:20:00 EST,2024-02-20 08:22:00 EST,2.8571,green_wick_dip_new_high
77,C:\TSIS_Data\00_CTO\13_TRADING_SYSTEMS\03_STRATEGY_LIBRARY\LONG\DAS\runs\das_scanner_appearance_20260628T114046Z\chart_exports\event_day_details_grouped\0077_XHLD_2026-01-29_push84.62_rebreak,C:\TSIS_Data\00_CTO\13_TRADING_SYSTEMS\03_STRATEGY_LIBRARY\LONG\DAS\runs\das_scanner_appearance_20260628T114046Z\chart_exports\event_day_details_grouped\0077_XHLD_2026-01-29_push84.62_rebreak\02_three_day_overview.png,C:\TSIS_Data\00_CTO\13_TRADING_SYSTEMS\03_STRATEGY_LIBRARY\LONG\DAS\runs\das_scanner_appearance_20260628T114046Z\chart_exports\event_day_details_grouped\0077_XHLD_2026-01-29_push84.62_rebreak\03_event_day_premarket_detail.png,C:\TSIS_Data\00_CTO\13_TRADING_SYSTEMS\03_STRATEGY_LIBRARY\LONG\DAS\runs\das_scanner_appearance_20260628T114046Z\chart_exports\event_day_details_grouped\0077_XHLD_2026-01-29_push84.62_rebreak\04_event_day_detail_until_1600_ny.png,C:\TSIS_Data\00_CTO\13_TRADING_SYSTEMS\03_STRATEGY_LIBRARY\LONG\DAS\runs\das_scanner_appearance_20260628T114046Z\chart_exports\event_day_details_grouped\0077_XHLD_2026-01-29_push84.62_rebreak\05_daily_context.png,das_scanner_appearance:XHLD:2026-01-29T13:30:00+00:00,XHLD,2026-01-29,84.6154,84.6154,74.23076923076923,79.05138339920951,68.4615,73.12252964426878,86.15384615384615,91.30434782608697,86.1538,10.5023,10.5023,rebreak_confirmed,17.7083,multi_candle_flag_break,2026-01-29 08:35:00 EST,2026-01-29 08:40:00 EST,0.7595,green_wick_dip_reactivation
78,C:\TSIS_Data\00_CTO\13_TRADING_SYSTEMS\03_STRATEGY_LIBRARY\LONG\DAS\runs\das_scanner_appearance_20260628T114046Z\chart_exports\event_day_details_grouped\0078_LDTC_2024-12-09_push84.37_rebreak,C:\TSIS_Data\00_CTO\13_TRADING_SYSTEMS\03_STRATEGY_LIBRARY\LONG\DAS\runs\das_scanner_appearance_20260628T114046Z\chart_exports\event_day_details_grouped\0078_LDTC_2024-12-09_push84.37_rebreak\02_three_day_overview.png,C:\TSIS_Data\00_CTO\13_TRADING_SYSTEMS\03_STRATEGY_LIBRARY\LONG\DAS\runs\das_scanner_appearance_20260628T114046Z\chart_exports\event_day_details_grouped\0078_LDTC_2024-12-09_push84.37_rebreak\03_event_day_premarket_detail.png,C:\TSIS_Data\00_CTO\13_TRADING_SYSTEMS\03_STRATEGY_LIBRARY\LONG\DAS\runs\das_scanner_appearance_20260628T114046Z\chart_exports\event_day_details_grouped\0078_LDTC_2024-12-09_push84.37_rebreak\04_event_day_detail_until_1600_ny.png,C:\TSIS_Data\00_CTO\13_TRADING_SYSTEMS\03_STRATEGY_LIBRARY\LONG\DAS\runs\das_scanner_appearance_20260628T114046Z\chart_exports\event_day_details_grouped\0078_LDTC_2024-12-09_push84.37_rebreak\05_daily_context.png,das_scanner_appearance:LDTC:2024-12-09T12:31:00+00:00,LDTC,2024-12-09,84.3701,84.3701,68.86527039699905,74.1457124435848,65.7706,70.95422308188267,506.43951234760857,525.4029658284978,506.4395,265.8307,265.8307,rebreak_confirmed,10.2577,vwap_reclaim_rebreak,2024-12-09 07:44:00 EST,2024-12-09 07:45:00 EST,5.6935,green_wick_dip_new_high
79,C:\TSIS_Data\00_CTO\13_TRADING_SYSTEMS\03_STRATEGY_LIBRARY\LONG\DAS\runs\das_scanner_appearance_20260628T114046Z\chart_exports\event_day_details_grouped\0079_SHPH_2026-01-20_push84.21_rebreak,C:\TSIS_Data\00_CTO\13_TRADING_SYSTEMS\03_STRATEGY_LIBRARY\LONG\DAS\runs\das_scanner_appearance_20260628T114046Z\chart_exports\event_day_details_grouped\0079_SHPH_2026-01-20_push84.21_rebreak\02_three_day_overview.png,C:\TSIS_Data\00_CTO\13_TRADING_SYSTEMS\03_STRATEGY_LIBRARY\LONG\DAS\runs\das_scanner_appearance_20260628T114046Z\chart_exports\event_day_details_grouped\0079_SHPH_2026-01-20_push84.21_rebreak\03_event_day_premarket_detail.png,C:\TSIS_Data\00_CTO\13_TRADING_SYSTEMS\03_STRATEGY_LIBRARY\LONG\DAS\runs\das_scanner_appearance_20260628T114046Z\chart_exports\event_day_details_grouped\0079_SHPH_2026-01-20_push84.21_rebreak\04_event_day_detail_until_1600_ny.png,C:\TSIS_Data\00_CTO\13_TRADING_SYSTEMS\03_STRATEGY_LIBRARY\LONG\DAS\runs\das_scanner_appearance_20260628T114046Z\chart_exports\event_day_details_grouped\0079_SHPH_2026-01-20_push84.21_rebreak\05_daily_context.png,das_scanner_appearance:SHPH:2026-01-20T12:58:00+00:00,SHPH,2026-01-20,84.2105,84.2105,84.21052631578948,114.7239263803681,65.7895,93.25153374233129,163.15789473684214,206.74846625766872,163.1579,58.7302,58.7302,rebreak_confirmed,21.0,vwap_reclaim_rebreak,2026-01-20 08:05:00 EST,2026-01-20 08:08:00 EST,26.1029,green_wick_dip_reactivation
80,C:\TSIS_Data\00_CTO\13_TRADING_SYSTEMS\03_STRATEGY_LIBRARY\LONG\DAS\runs\das_scanner_appearance_20260628T114046Z\chart_exports\event_day_details_grouped\0080_GLTO_2025-10-07_push83.86_rebreak,C:\TSIS_Data\00_CTO\13_TRADING_SYSTEMS\03_STRATEGY_LIBRARY\LONG\DAS\runs\das_scanner_appearance_20260628T114046Z\chart_exports\event_day_details_grouped\0080_GLTO_2025-10-07_push83.86_rebreak\02_three_day_overview.png,C:\TSIS_Data\00_CTO\13_TRADING_SYSTEMS\03_STRATEGY_LIBRARY\LONG\DAS\runs\das_scanner_appearance_20260628T114046Z\chart_exports\event_day_details_grouped\0080_GLTO_2025-10-07_push83.86_rebreak\03_event_day_premarket_detail.png,C:\TSIS_Data\00_CTO\13_TRADING_SYSTEMS\03_STRATEGY_LIBRARY\LONG\DAS\runs\das_scanner_appearance_20260628T114046Z\chart_exports\event_day_details_grouped\0080_GLTO_2025-10-07_push83.86_rebreak\04_event_day_detail_until_1600_ny.png,C:\TSIS_Data\00_CTO\13_TRADING_SYSTEMS\03_STRATEGY_LIBRARY\LONG\DAS\runs\das_scanner_appearance_20260628T114046Z\chart_exports\event_day_details_grouped\0080_GLTO_2025-10-07_push83.86_rebreak\05_daily_context.png,das_scanner_appearance:GLTO:2025-10-07T09:03:00+00:00,GLTO,2025-10-07,83.8624,83.8624,58.73015873015874,63.043478260869556,47.619,51.63043478260869,858.9947089947091,885.0543478260869,858.9947,549.6416,549.6416,rebreak_confirmed,21.7266,vwap_reclaim_rebreak,2025-10-07 05:11:00 EDT,2025-10-07 05:12:00 EDT,1.6393,green_wick_dip_new_high
81,C:\TSIS_Data\00_CTO\13_TRADING_SYSTEMS\03_STRATEGY_LIBRARY\LONG\DAS\runs\das_scanner_appearance_20260628T114046Z\chart_exports\event_day_details_grouped\0081_INM_2025-06-24_push83.78_rebreak,C:\TSIS_Data\00_CTO\13_TRADING_SYSTEMS\03_STRATEGY_LIBRARY\LONG\DAS\runs\das_scanner_appearance_20260628T114046Z\chart_exports\event_day_details_grouped\0081_INM_2025-06-24_push83.78_rebreak\02_three_day_overview.png,C:\TSIS_Data\00_CTO\13_TRADING_SYSTEMS\03_STRATEGY_LIBRARY\LONG\DAS\runs\das_scanner_appearance_20260628T114046Z\chart_exports\event_day_details_grouped\0081_INM_2025-06-24_push83.78_rebreak\03_event_day_premarket_detail.png,C:\TSIS_Data\00_CTO\13_TRADING_SYSTEMS\03_STRATEGY_LIBRARY\LONG\DAS\runs\das_scanner_appearance_20260628T114046Z\chart_exports\event_day_details_grouped\0081_INM_2025-06-24_push83.78_rebreak\04_event_day_detail_until_1600_ny.png,C:\TSIS_Data\00_CTO\13_TRADING_SYSTEMS\03_STRATEGY_LIBRARY\LONG\DAS\runs\das_scanner_appearance_20260628T114046Z\chart_exports\event_day_details_grouped\0081_INM_2025-06-24_push83.78_rebreak\05_daily_context.png,das_scanner_appearance:INM:2025-06-24T11:02:00+00:00,INM,2025-06-24,83.7838,83.7838,67.1814671814672,77.09611451942742,55.9846,65.23517382413088,108.49420849420852,120.8588957055215,108.4942,33.6634,33.6634,rebreak_confirmed,22.6891,vwap_reclaim_rebreak,2025-06-24 07:07:00 EDT,2025-06-24 07:11:00 EDT,4.5351,green_wick_dip_new_high
82,C:\TSIS_Data\00_CTO\13_TRADING_SYSTEMS\03_STRATEGY_LIBRARY\LONG\DAS\runs\das_scanner_appearance_20260628T114046Z\chart_exports\event_day_details_grouped\0082_OSRH_2026-01-12_push82.44_rebreak,C:\TSIS_Data\00_CTO\13_TRADING_SYSTEMS\03_STRATEGY_LIBRARY\LONG\DAS\runs\das_scanner_appearance_20260628T114046Z\chart_exports\event_day_details_grouped\0082_OSRH_2026-01-12_push82.44_rebreak\02_three_day_overview.png,C:\TSIS_Data\00_CTO\13_TRADING_SYSTEMS\03_STRATEGY_LIBRARY\LONG\DAS\runs\das_scanner_appearance_20260628T114046Z\chart_exports\event_day_details_grouped\0082_OSRH_2026-01-12_push82.44_rebreak\03_event_day_premarket_detail.png,C:\TSIS_Data\00_CTO\13_TRADING_SYSTEMS\03_STRATEGY_LIBRARY\LONG\DAS\runs\das_scanner_appearance_20260628T114046Z\chart_exports\event_day_details_grouped\0082_OSRH_2026-01-12_push82.44_rebreak\04_event_day_detail_until_1600_ny.png,C:\TSIS_Data\00_CTO\13_TRADING_SYSTEMS\03_STRATEGY_LIBRARY\LONG\DAS\runs\das_scanner_appearance_20260628T114046Z\chart_exports\event_day_details_grouped\0082_OSRH_2026-01-12_push82.44_rebreak\05_daily_context.png,das_scanner_appearance:OSRH:2026-01-12T13:05:00+00:00,OSRH,2026-01-12,82.4382,82.4382,82.4381926683717,59.72533213912524,58.2097,38.51321092700401,82.4381926683717,59.72533213912524,82.4382,15.3142,15.3142,rebreak_confirmed,17.9439,single_candle_rebreak,2026-01-12 08:07:00 EST,2026-01-12 08:09:00 EST,2.5341,green_wick_dip_reactivation
83,C:\TSIS_Data\00_CTO\13_TRADING_SYSTEMS\03_STRATEGY_LIBRARY\LONG\DAS\runs\das_scanner_appearance_20260628T114046Z\chart_exports\event_day_details_grouped\0083_UPXI_2025-04-21_push82.40_rebreak,C:\TSIS_Data\00_CTO\13_TRADING_SYSTEMS\03_STRATEGY_LIBRARY\LONG\DAS\runs\das_scanner_appearance_20260628T114046Z\chart_exports\event_day_details_grouped\0083_UPXI_2025-04-21_push82.40_rebreak\02_three_day_overview.png,C:\TSIS_Data\00_CTO\13_TRADING_SYSTEMS\03_STRATEGY_LIBRARY\LONG\DAS\runs\das_scanner_appearance_20260628T114046Z\chart_exports\event_day_details_grouped\0083_UPXI_2025-04-21_push82.40_rebreak\03_event_day_premarket_detail.png,C:\TSIS_Data\00_CTO\13_TRADING_SYSTEMS\03_STRATEGY_LIBRARY\LONG\DAS\runs\das_scanner_appearance_20260628T114046Z\chart_exports\event_day_details_grouped\0083_UPXI_2025-04-21_push82.40_rebreak\04_event_day_detail_until_1600_ny.png,C:\TSIS_Data\00_CTO\13_TRADING_SYSTEMS\03_STRATEGY_LIBRARY\LONG\DAS\runs\das_scanner_appearance_20260628T114046Z\chart_exports\event_day_details_grouped\0083_UPXI_2025-04-21_push82.40_rebreak\05_daily_context.png,das_scanner_appearance:UPXI:2025-04-21T12:03:00+00:00,UPXI,2025-04-21,82.4034,82.4034,82.40343347639485,85.18518518518519,56.2232,58.60566448801744,415.0214592274678,422.87581699346407,415.0215,229.6703,229.6703,rebreak_confirmed,22.8235,vwap_reclaim_rebreak,2025-04-21 08:10:00 EDT,2025-04-21 08:11:00 EDT,0.4619,green_wick_dip_new_high
84,C:\TSIS_Data\00_CTO\13_TRADING_SYSTEMS\03_STRATEGY_LIBRARY\LONG\DAS\runs\das_scanner_appearance_20260628T114046Z\chart_exports\event_day_details_grouped\0084_IMTE_2025-11-10_push81.74_rebreak,C:\TSIS_Data\00_CTO\13_TRADING_SYSTEMS\03_STRATEGY_LIBRARY\LONG\DAS\runs\das_scanner_appearance_20260628T114046Z\chart_exports\event_day_details_grouped\0084_IMTE_2025-11-10_push81.74_rebreak\02_three_day_overview.png,C:\TSIS_Data\00_CTO\13_TRADING_SYSTEMS\03_STRATEGY_LIBRARY\LONG\DAS\runs\das_scanner_appearance_20260628T114046Z\chart_exports\event_day_details_grouped\0084_IMTE_2025-11-10_push81.74_rebreak\03_event_day_premarket_detail.png,C:\TSIS_Data\00_CTO\13_TRADING_SYSTEMS\03_STRATEGY_LIBRARY\LONG\DAS\runs\das_scanner_appearance_20260628T114046Z\chart_exports\event_day_details_grouped\0084_IMTE_2025-11-10_push81.74_rebreak\04_event_day_detail_until_1600_ny.png,C:\TSIS_Data\00_CTO\13_TRADING_SYSTEMS\03_STRATEGY_LIBRARY\LONG\DAS\runs\das_scanner_appearance_20260628T114046Z\chart_exports\event_day_details_grouped\0084_IMTE_2025-11-10_push81.74_rebreak\05_daily_context.png,das_scanner_appearance:IMTE:2025-11-10T09:06:00+00:00,IMTE,2025-11-10,81.7371,81.7371,81.737094436392,122.58637170558515,81.7371,122.58637170558515,166.4734084067343,226.36897446401753,166.4734,46.6258,46.6258,rebreak_confirmed,17.1779,vwap_reclaim_rebreak,2025-11-10 04:14:00 EST,2025-11-10 04:16:00 EST,2.4691,green_wick_dip_reactivation
85,C:\TSIS_Data\00_CTO\13_TRADING_SYSTEMS\03_STRATEGY_LIBRARY\LONG\DAS\runs\das_scanner_appearance_20260628T114046Z\chart_exports\event_day_details_grouped\0085_PSTV_2025-03-06_push80.51_rebreak,C:\TSIS_Data\00_CTO\13_TRADING_SYSTEMS\03_STRATEGY_LIBRARY\LONG\DAS\runs\das_scanner_appearance_20260628T114046Z\chart_exports\event_day_details_grouped\0085_PSTV_2025-03-06_push80.51_rebreak\02_three_day_overview.png,C:\TSIS_Data\00_CTO\13_TRADING_SYSTEMS\03_STRATEGY_LIBRARY\LONG\DAS\runs\das_scanner_appearance_20260628T114046Z\chart_exports\event_day_details_grouped\0085_PSTV_2025-03-06_push80.51_rebreak\03_event_day_premarket_detail.png,C:\TSIS_Data\00_CTO\13_TRADING_SYSTEMS\03_STRATEGY_LIBRARY\LONG\DAS\runs\das_scanner_appearance_20260628T114046Z\chart_exports\event_day_details_grouped\0085_PSTV_2025-03-06_push80.51_rebreak\04_event_day_detail_until_1600_ny.png,C:\TSIS_Data\00_CTO\13_TRADING_SYSTEMS\03_STRATEGY_LIBRARY\LONG\DAS\runs\das_scanner_appearance_20260628T114046Z\chart_exports\event_day_details_grouped\0085_PSTV_2025-03-06_push80.51_rebreak\05_daily_context.png,das_scanner_appearance:PSTV:2025-03-06T12:32:00+00:00,PSTV,2025-03-06,80.5054,80.5054,61.47029865441416,40.5312767780634,73.9416,51.38531848043416,120.18378733180177,91.6309625821194,120.1838,26.5849,26.5849,rebreak_confirmed,10.5091,vwap_reclaim_rebreak,2025-03-06 07:39:00 EST,2025-03-06 07:42:00 EST,2.9117,green_wick_dip_reactivation
86,C:\TSIS_Data\00_CTO\13_TRADING_SYSTEMS\03_STRATEGY_LIBRARY\LONG\DAS\runs\das_scanner_appearance_20260628T114046Z\chart_exports\event_day_details_grouped\0086_HTOO_2025-07-25_push80.33_rebreak,C:\TSIS_Data\00_CTO\13_TRADING_SYSTEMS\03_STRATEGY_LIBRARY\LONG\DAS\runs\das_scanner_appearance_20260628T114046Z\chart_exports\event_day_details_grouped\0086_HTOO_2025-07-25_push80.33_rebreak\02_three_day_overview.png,C:\TSIS_Data\00_CTO\13_TRADING_SYSTEMS\03_STRATEGY_LIBRARY\LONG\DAS\runs\das_scanner_appearance_20260628T114046Z\chart_exports\event_day_details_grouped\0086_HTOO_2025-07-25_push80.33_rebreak\03_event_day_premarket_detail.png,C:\TSIS_Data\00_CTO\13_TRADING_SYSTEMS\03_STRATEGY_LIBRARY\LONG\DAS\runs\das_scanner_appearance_20260628T114046Z\chart_exports\event_day_details_grouped\0086_HTOO_2025-07-25_push80.33_rebreak\04_event_day_detail_until_1600_ny.png,C:\TSIS_Data\00_CTO\13_TRADING_SYSTEMS\03_STRATEGY_LIBRARY\LONG\DAS\runs\das_scanner_appearance_20260628T114046Z\chart_exports\event_day_details_grouped\0086_HTOO_2025-07-25_push80.33_rebreak\05_daily_context.png,das_scanner_appearance:HTOO:2025-07-25T12:02:00+00:00,HTOO,2025-07-25,80.3347,80.3347,75.73221757322176,76.65615141955837,52.9268,53.730809674027334,109.20502092050208,110.3049421661409,109.205,36.8008,36.8008,rebreak_confirmed,27.1462,vwap_reclaim_rebreak,2025-07-25 08:11:00 EDT,2025-07-25 08:12:00 EDT,3.6621,green_wick_dip_new_high
87,C:\TSIS_Data\00_CTO\13_TRADING_SYSTEMS\03_STRATEGY_LIBRARY\LONG\DAS\runs\das_scanner_appearance_20260628T114046Z\chart_exports\event_day_details_grouped\0087_GPUS_2025-09-15_push79.48_rebreak,C:\TSIS_Data\00_CTO\13_TRADING_SYSTEMS\03_STRATEGY_LIBRARY\LONG\DAS\runs\das_scanner_appearance_20260628T114046Z\chart_exports\event_day_details_grouped\0087_GPUS_2025-09-15_push79.48_rebreak\02_three_day_overview.png,C:\TSIS_Data\00_CTO\13_TRADING_SYSTEMS\03_STRATEGY_LIBRARY\LONG\DAS\runs\das_scanner_appearance_20260628T114046Z\chart_exports\event_day_details_grouped\0087_GPUS_2025-09-15_push79.48_rebreak\03_event_day_premarket_detail.png,C:\TSIS_Data\00_CTO\13_TRADING_SYSTEMS\03_STRATEGY_LIBRARY\LONG\DAS\runs\das_scanner_appearance_20260628T114046Z\chart_exports\event_day_details_grouped\0087_GPUS_2025-09-15_push79.48_rebreak\04_event_day_detail_until_1600_ny.png,C:\TSIS_Data\00_CTO\13_TRADING_SYSTEMS\03_STRATEGY_LIBRARY\LONG\DAS\runs\das_scanner_appearance_20260628T114046Z\chart_exports\event_day_details_grouped\0087_GPUS_2025-09-15_push79.48_rebreak\05_daily_context.png,das_scanner_appearance:GPUS:2025-09-15T10:01:00+00:00,GPUS,2025-09-15,79.4837,79.4837,79.48373218607152,80.4054054054054,37.1336,37.83783783783784,394.756655014789,397.29729729729735,394.7567,260.7843,260.7843,rebreak_confirmed,23.7154,single_candle_rebreak,2025-09-15 06:04:00 EDT,2025-09-15 06:05:00 EDT,4.05,green_wick_dip_new_high
88,C:\TSIS_Data\00_CTO\13_TRADING_SYSTEMS\03_STRATEGY_LIBRARY\LONG\DAS\runs\das_scanner_appearance_20260628T114046Z\chart_exports\event_day_details_grouped\0088_YHC_2025-05-12_push78.87_rebreak,C:\TSIS_Data\00_CTO\13_TRADING_SYSTEMS\03_STRATEGY_LIBRARY\LONG\DAS\runs\das_scanner_appearance_20260628T114046Z\chart_exports\event_day_details_grouped\0088_YHC_2025-05-12_push78.87_rebreak\02_three_day_overview.png,C:\TSIS_Data\00_CTO\13_TRADING_SYSTEMS\03_STRATEGY_LIBRARY\LONG\DAS\runs\das_scanner_appearance_20260628T114046Z\chart_exports\event_day_details_grouped\0088_YHC_2025-05-12_push78.87_rebreak\03_event_day_premarket_detail.png,C:\TSIS_Data\00_CTO\13_TRADING_SYSTEMS\03_STRATEGY_LIBRARY\LONG\DAS\runs\das_scanner_appearance_20260628T114046Z\chart_exports\event_day_details_grouped\0088_YHC_2025-05-12_push78.87_rebreak\04_event_day_detail_until_1600_ny.png,C:\TSIS_Data\00_CTO\13_TRADING_SYSTEMS\03_STRATEGY_LIBRARY\LONG\DAS\runs\das_scanner_appearance_20260628T114046Z\chart_exports\event_day_details_grouped\0088_YHC_2025-05-12_push78.87_rebreak\05_daily_context.png,das_scanner_appearance:YHC:2025-05-12T08:57:00+00:00,YHC,2025-05-12,78.8679,78.8679,58.49056603773586,111.05527638190955,24.1509,65.32663316582915,228.3018867924528,337.18592964824114,228.3019,164.4377,164.4377,rebreak_confirmed,17.9325,last_red_high_break,2025-05-12 05:03:00 EDT,2025-05-12 05:04:00 EDT,5.2336,green_wick_dip_new_high
89,C:\TSIS_Data\00_CTO\13_TRADING_SYSTEMS\03_STRATEGY_LIBRARY\LONG\DAS\runs\das_scanner_appearance_20260628T114046Z\chart_exports\event_day_details_grouped\0089_IBO_2025-04-01_push78.10_rebreak,C:\TSIS_Data\00_CTO\13_TRADING_SYSTEMS\03_STRATEGY_LIBRARY\LONG\DAS\runs\das_scanner_appearance_20260628T114046Z\chart_exports\event_day_details_grouped\0089_IBO_2025-04-01_push78.10_rebreak\02_three_day_overview.png,C:\TSIS_Data\00_CTO\13_TRADING_SYSTEMS\03_STRATEGY_LIBRARY\LONG\DAS\runs\das_scanner_appearance_20260628T114046Z\chart_exports\event_day_details_grouped\0089_IBO_2025-04-01_push78.10_rebreak\03_event_day_premarket_detail.png,C:\TSIS_Data\00_CTO\13_TRADING_SYSTEMS\03_STRATEGY_LIBRARY\LONG\DAS\runs\das_scanner_appearance_20260628T114046Z\chart_exports\event_day_details_grouped\0089_IBO_2025-04-01_push78.10_rebreak\04_event_day_detail_until_1600_ny.png,C:\TSIS_Data\00_CTO\13_TRADING_SYSTEMS\03_STRATEGY_LIBRARY\LONG\DAS\runs\das_scanner_appearance_20260628T114046Z\chart_exports\event_day_details_grouped\0089_IBO_2025-04-01_push78.10_rebreak\05_daily_context.png,das_scanner_appearance:IBO:2025-04-01T12:06:00+00:00,IBO,2025-04-01,78.1031,78.1031,59.52797202797202,67.79680496494656,51.8794,59.75175267210665,98.86363636363636,109.17135961383751,98.8636,30.9353,30.9353,rebreak_confirmed,20.2454,last_red_high_break,2025-04-01 08:09:00 EDT,2025-04-01 08:10:00 EDT,8.5972,green_wick_dip_new_high
90,C:\TSIS_Data\00_CTO\13_TRADING_SYSTEMS\03_STRATEGY_LIBRARY\LONG\DAS\runs\das_scanner_appearance_20260628T114046Z\chart_exports\event_day_details_grouped\0090_MSPR_2025-09-17_push77.31_rebreak,C:\TSIS_Data\00_CTO\13_TRADING_SYSTEMS\03_STRATEGY_LIBRARY\LONG\DAS\runs\das_scanner_appearance_20260628T114046Z\chart_exports\event_day_details_grouped\0090_MSPR_2025-09-17_push77.31_rebreak\02_three_day_overview.png,C:\TSIS_Data\00_CTO\13_TRADING_SYSTEMS\03_STRATEGY_LIBRARY\LONG\DAS\runs\das_scanner_appearance_20260628T114046Z\chart_exports\event_day_details_grouped\0090_MSPR_2025-09-17_push77.31_rebreak\03_event_day_premarket_detail.png,C:\TSIS_Data\00_CTO\13_TRADING_SYSTEMS\03_STRATEGY_LIBRARY\LONG\DAS\runs\das_scanner_appearance_20260628T114046Z\chart_exports\event_day_details_grouped\0090_MSPR_2025-09-17_push77.31_rebreak\04_event_day_detail_until_1600_ny.png,C:\TSIS_Data\00_CTO\13_TRADING_SYSTEMS\03_STRATEGY_LIBRARY\LONG\DAS\runs\das_scanner_appearance_20260628T114046Z\chart_exports\event_day_details_grouped\0090_MSPR_2025-09-17_push77.31_rebreak\05_daily_context.png,das_scanner_appearance:MSPR:2025-09-17T10:28:00+00:00,MSPR,2025-09-17,77.305,77.305,65.95744680851064,70.80291970802918,25.5319,29.197080291970796,82.26950354609929,87.59124087591238,82.2695,45.1977,45.1977,rebreak_confirmed,17.6,single_candle_rebreak,2025-09-17 06:33:00 EDT,2025-09-17 06:37:00 EDT,0.5155,green_wick_dip_reactivation
91,C:\TSIS_Data\00_CTO\13_TRADING_SYSTEMS\03_STRATEGY_LIBRARY\LONG\DAS\runs\das_scanner_appearance_20260628T114046Z\chart_exports\event_day_details_grouped\0091_INTZ_2024-12-30_push74.89_rebreak,C:\TSIS_Data\00_CTO\13_TRADING_SYSTEMS\03_STRATEGY_LIBRARY\LONG\DAS\runs\das_scanner_appearance_20260628T114046Z\chart_exports\event_day_details_grouped\0091_INTZ_2024-12-30_push74.89_rebreak\02_three_day_overview.png,C:\TSIS_Data\00_CTO\13_TRADING_SYSTEMS\03_STRATEGY_LIBRARY\LONG\DAS\runs\das_scanner_appearance_20260628T114046Z\chart_exports\event_day_details_grouped\0091_INTZ_2024-12-30_push74.89_rebreak\03_event_day_premarket_detail.png,C:\TSIS_Data\00_CTO\13_TRADING_SYSTEMS\03_STRATEGY_LIBRARY\LONG\DAS\runs\das_scanner_appearance_20260628T114046Z\chart_exports\event_day_details_grouped\0091_INTZ_2024-12-30_push74.89_rebreak\04_event_day_detail_until_1600_ny.png,C:\TSIS_Data\00_CTO\13_TRADING_SYSTEMS\03_STRATEGY_LIBRARY\LONG\DAS\runs\das_scanner_appearance_20260628T114046Z\chart_exports\event_day_details_grouped\0091_INTZ_2024-12-30_push74.89_rebreak\05_daily_context.png,das_scanner_appearance:INTZ:2024-12-30T09:02:00+00:00,INTZ,2024-12-30,74.8899,74.8899,74.8898678414097,83.20258421781267,14.0969,19.52007383479465,137.88546255506608,149.19243193354873,137.8855,108.4942,108.4942,rebreak_confirmed,14.6096,single_candle_rebreak,2024-12-30 04:05:00 EST,2024-12-30 04:06:00 EST,3.0952,green_wick_dip_new_high
92,C:\TSIS_Data\00_CTO\13_TRADING_SYSTEMS\03_STRATEGY_LIBRARY\LONG\DAS\runs\das_scanner_appearance_20260628T114046Z\chart_exports\event_day_details_grouped\0092_WAFU_2024-12-26_push74.86_rebreak,C:\TSIS_Data\00_CTO\13_TRADING_SYSTEMS\03_STRATEGY_LIBRARY\LONG\DAS\runs\das_scanner_appearance_20260628T114046Z\chart_exports\event_day_details_grouped\0092_WAFU_2024-12-26_push74.86_rebreak\02_three_day_overview.png,C:\TSIS_Data\00_CTO\13_TRADING_SYSTEMS\03_STRATEGY_LIBRARY\LONG\DAS\runs\das_scanner_appearance_20260628T114046Z\chart_exports\event_day_details_grouped\0092_WAFU_2024-12-26_push74.86_rebreak\03_event_day_premarket_detail.png,C:\TSIS_Data\00_CTO\13_TRADING_SYSTEMS\03_STRATEGY_LIBRARY\LONG\DAS\runs\das_scanner_appearance_20260628T114046Z\chart_exports\event_day_details_grouped\0092_WAFU_2024-12-26_push74.86_rebreak\04_event_day_detail_until_1600_ny.png,C:\TSIS_Data\00_CTO\13_TRADING_SYSTEMS\03_STRATEGY_LIBRARY\LONG\DAS\runs\das_scanner_appearance_20260628T114046Z\chart_exports\event_day_details_grouped\0092_WAFU_2024-12-26_push74.86_rebreak\05_daily_context.png,das_scanner_appearance:WAFU:2024-12-26T09:08:00+00:00,WAFU,2024-12-26,74.8603,74.8603,62.01117318435754,66.66666666666666,63.6872,68.39080459770116,120.67039106145252,127.01149425287358,120.6704,34.8123,34.8123,rebreak_confirmed,13.738,single_candle_rebreak,2024-12-26 04:10:00 EST,2024-12-26 04:11:00 EST,0.2849,green_wick_dip_new_high
93,C:\TSIS_Data\00_CTO\13_TRADING_SYSTEMS\03_STRATEGY_LIBRARY\LONG\DAS\runs\das_scanner_appearance_20260628T114046Z\chart_exports\event_day_details_grouped\0093_WAI_2025-09-26_push73.35_rebreak,C:\TSIS_Data\00_CTO\13_TRADING_SYSTEMS\03_STRATEGY_LIBRARY\LONG\DAS\runs\das_scanner_appearance_20260628T114046Z\chart_exports\event_day_details_grouped\0093_WAI_2025-09-26_push73.35_rebreak\02_three_day_overview.png,C:\TSIS_Data\00_CTO\13_TRADING_SYSTEMS\03_STRATEGY_LIBRARY\LONG\DAS\runs\das_scanner_appearance_20260628T114046Z\chart_exports\event_day_details_grouped\0093_WAI_2025-09-26_push73.35_rebreak\03_event_day_premarket_detail.png,C:\TSIS_Data\00_CTO\13_TRADING_SYSTEMS\03_STRATEGY_LIBRARY\LONG\DAS\runs\das_scanner_appearance_20260628T114046Z\chart_exports\event_day_details_grouped\0093_WAI_2025-09-26_push73.35_rebreak\04_event_day_detail_until_1600_ny.png,C:\TSIS_Data\00_CTO\13_TRADING_SYSTEMS\03_STRATEGY_LIBRARY\LONG\DAS\runs\das_scanner_appearance_20260628T114046Z\chart_exports\event_day_details_grouped\0093_WAI_2025-09-26_push73.35_rebreak\05_daily_context.png,das_scanner_appearance:WAI:2025-09-26T08:11:00+00:00,WAI,2025-09-26,73.3509,73.3509,55.93667546174142,86.74755901033274,53.0343,83.27171611843144,137.20316622691294,184.07115998356875,137.2032,55.0,55.0,rebreak_confirmed,11.7199,single_candle_rebreak,2025-09-26 04:13:00 EDT,2025-09-26 04:16:00 EDT,5.7471,green_wick_dip_new_high
94,C:\TSIS_Data\00_CTO\13_TRADING_SYSTEMS\03_STRATEGY_LIBRARY\LONG\DAS\runs\das_scanner_appearance_20260628T114046Z\chart_exports\event_day_details_grouped\0094_OLB_2026-02-17_push72.82_rebreak,C:\TSIS_Data\00_CTO\13_TRADING_SYSTEMS\03_STRATEGY_LIBRARY\LONG\DAS\runs\das_scanner_appearance_20260628T114046Z\chart_exports\event_day_details_grouped\0094_OLB_2026-02-17_push72.82_rebreak\02_three_day_overview.png,C:\TSIS_Data\00_CTO\13_TRADING_SYSTEMS\03_STRATEGY_LIBRARY\LONG\DAS\runs\das_scanner_appearance_20260628T114046Z\chart_exports\event_day_details_grouped\0094_OLB_2026-02-17_push72.82_rebreak\03_event_day_premarket_detail.png,C:\TSIS_Data\00_CTO\13_TRADING_SYSTEMS\03_STRATEGY_LIBRARY\LONG\DAS\runs\das_scanner_appearance_20260628T114046Z\chart_exports\event_day_details_grouped\0094_OLB_2026-02-17_push72.82_rebreak\04_event_day_detail_until_1600_ny.png,C:\TSIS_Data\00_CTO\13_TRADING_SYSTEMS\03_STRATEGY_LIBRARY\LONG\DAS\runs\das_scanner_appearance_20260628T114046Z\chart_exports\event_day_details_grouped\0094_OLB_2026-02-17_push72.82_rebreak\05_daily_context.png,das_scanner_appearance:OLB:2026-02-17T12:29:00+00:00,OLB,2026-02-17,72.8235,72.8235,72.82350399654355,91.80052745145049,10.1534,22.248861184368256,144.11319939511773,170.91824502517377,144.1132,121.6121,121.6121,rebreak_confirmed,17.775,single_candle_rebreak,2026-02-17 08:32:00 EST,2026-02-17 08:33:00 EST,1.1818,green_wick_dip_new_high
95,C:\TSIS_Data\00_CTO\13_TRADING_SYSTEMS\03_STRATEGY_LIBRARY\LONG\DAS\runs\das_scanner_appearance_20260628T114046Z\chart_exports\event_day_details_grouped\0095_HOLO_2025-07-11_push72.68_rebreak,C:\TSIS_Data\00_CTO\13_TRADING_SYSTEMS\03_STRATEGY_LIBRARY\LONG\DAS\runs\das_scanner_appearance_20260628T114046Z\chart_exports\event_day_details_grouped\0095_HOLO_2025-07-11_push72.68_rebreak\02_three_day_overview.png,C:\TSIS_Data\00_CTO\13_TRADING_SYSTEMS\03_STRATEGY_LIBRARY\LONG\DAS\runs\das_scanner_appearance_20260628T114046Z\chart_exports\event_day_details_grouped\0095_HOLO_2025-07-11_push72.68_rebreak\03_event_day_premarket_detail.png,C:\TSIS_Data\00_CTO\13_TRADING_SYSTEMS\03_STRATEGY_LIBRARY\LONG\DAS\runs\das_scanner_appearance_20260628T114046Z\chart_exports\event_day_details_grouped\0095_HOLO_2025-07-11_push72.68_rebreak\04_event_day_detail_until_1600_ny.png,C:\TSIS_Data\00_CTO\13_TRADING_SYSTEMS\03_STRATEGY_LIBRARY\LONG\DAS\runs\das_scanner_appearance_20260628T114046Z\chart_exports\event_day_details_grouped\0095_HOLO_2025-07-11_push72.68_rebreak\05_daily_context.png,das_scanner_appearance:HOLO:2025-07-11T12:15:00+00:00,HOLO,2025-07-11,72.6829,72.6829,72.68292682926827,75.53719008264463,45.3659,47.76859504132231,75.60975609756098,78.51239669421489,75.6098,20.8054,20.8054,rebreak_confirmed,31.0734,vwap_reclaim_rebreak,2025-07-11 09:00:00 EDT,2025-07-11 09:01:00 EDT,2.1385,green_wick_dip_new_high
96,C:\TSIS_Data\00_CTO\13_TRADING_SYSTEMS\03_STRATEGY_LIBRARY\LONG\DAS\runs\das_scanner_appearance_20260628T114046Z\chart_exports\event_day_details_grouped\0096_BGLC_2025-07-30_push72.56_rebreak,C:\TSIS_Data\00_CTO\13_TRADING_SYSTEMS\03_STRATEGY_LIBRARY\LONG\DAS\runs\das_scanner_appearance_20260628T114046Z\chart_exports\event_day_details_grouped\0096_BGLC_2025-07-30_push72.56_rebreak\02_three_day_overview.png,C:\TSIS_Data\00_CTO\13_TRADING_SYSTEMS\03_STRATEGY_LIBRARY\LONG\DAS\runs\das_scanner_appearance_20260628T114046Z\chart_exports\event_day_details_grouped\0096_BGLC_2025-07-30_push72.56_rebreak\03_event_day_premarket_detail.png,C:\TSIS_Data\00_CTO\13_TRADING_SYSTEMS\03_STRATEGY_LIBRARY\LONG\DAS\runs\das_scanner_appearance_20260628T114046Z\chart_exports\event_day_details_grouped\0096_BGLC_2025-07-30_push72.56_rebreak\04_event_day_detail_until_1600_ny.png,C:\TSIS_Data\00_CTO\13_TRADING_SYSTEMS\03_STRATEGY_LIBRARY\LONG\DAS\runs\das_scanner_appearance_20260628T114046Z\chart_exports\event_day_details_grouped\0096_BGLC_2025-07-30_push72.56_rebreak\05_daily_context.png,das_scanner_appearance:BGLC:2025-07-30T12:02:00+00:00,BGLC,2025-07-30,72.5581,72.5581,64.41860465116281,59.41375422773395,48.6047,44.08117249154454,120.00000000000004,113.30326944757614,120.0,48.0438,48.0438,rebreak_confirmed,17.7898,flat_shelf_break,2025-07-30 08:08:00 EDT,2025-07-30 08:09:00 EDT,3.9416,green_wick_dip_new_high
97,C:\TSIS_Data\00_CTO\13_TRADING_SYSTEMS\03_STRATEGY_LIBRARY\LONG\DAS\runs\das_scanner_appearance_20260628T114046Z\chart_exports\event_day_details_grouped\0097_QURE_2024-12-10_push71.60_rebreak,C:\TSIS_Data\00_CTO\13_TRADING_SYSTEMS\03_STRATEGY_LIBRARY\LONG\DAS\runs\das_scanner_appearance_20260628T114046Z\chart_exports\event_day_details_grouped\0097_QURE_2024-12-10_push71.60_rebreak\02_three_day_overview.png,C:\TSIS_Data\00_CTO\13_TRADING_SYSTEMS\03_STRATEGY_LIBRARY\LONG\DAS\runs\das_scanner_appearance_20260628T114046Z\chart_exports\event_day_details_grouped\0097_QURE_2024-12-10_push71.60_rebreak\03_event_day_premarket_detail.png,C:\TSIS_Data\00_CTO\13_TRADING_SYSTEMS\03_STRATEGY_LIBRARY\LONG\DAS\runs\das_scanner_appearance_20260628T114046Z\chart_exports\event_day_details_grouped\0097_QURE_2024-12-10_push71.60_rebreak\04_event_day_detail_until_1600_ny.png,C:\TSIS_Data\00_CTO\13_TRADING_SYSTEMS\03_STRATEGY_LIBRARY\LONG\DAS\runs\das_scanner_appearance_20260628T114046Z\chart_exports\event_day_details_grouped\0097_QURE_2024-12-10_push71.60_rebreak\05_daily_context.png,das_scanner_appearance:QURE:2024-12-10T12:12:00+00:00,QURE,2024-12-10,71.6,71.6,50.66666666666667,54.900616860863614,61.4667,66.00411240575737,111.73333333333335,117.68334475668267,111.7333,31.1313,31.1313,rebreak_confirmed,6.7599,single_candle_rebreak,2024-12-10 07:15:00 EST,2024-12-10 07:16:00 EST,4.2601,green_wick_dip_new_high
98,C:\TSIS_Data\00_CTO\13_TRADING_SYSTEMS\03_STRATEGY_LIBRARY\LONG\DAS\runs\das_scanner_appearance_20260628T114046Z\chart_exports\event_day_details_grouped\0098_GXAI_2026-03-05_push71.31_rebreak,C:\TSIS_Data\00_CTO\13_TRADING_SYSTEMS\03_STRATEGY_LIBRARY\LONG\DAS\runs\das_scanner_appearance_20260628T114046Z\chart_exports\event_day_details_grouped\0098_GXAI_2026-03-05_push71.31_rebreak\02_three_day_overview.png,C:\TSIS_Data\00_CTO\13_TRADING_SYSTEMS\03_STRATEGY_LIBRARY\LONG\DAS\runs\das_scanner_appearance_20260628T114046Z\chart_exports\event_day_details_grouped\0098_GXAI_2026-03-05_push71.31_rebreak\03_event_day_premarket_detail.png,C:\TSIS_Data\00_CTO\13_TRADING_SYSTEMS\03_STRATEGY_LIBRARY\LONG\DAS\runs\das_scanner_appearance_20260628T114046Z\chart_exports\event_day_details_grouped\0098_GXAI_2026-03-05_push71.31_rebreak\04_event_day_detail_until_1600_ny.png,C:\TSIS_Data\00_CTO\13_TRADING_SYSTEMS\03_STRATEGY_LIBRARY\LONG\DAS\runs\das_scanner_appearance_20260628T114046Z\chart_exports\event_day_details_grouped\0098_GXAI_2026-03-05_push71.31_rebreak\05_daily_context.png,das_scanner_appearance:GXAI:2026-03-05T13:12:00+00:00,GXAI,2026-03-05,71.3115,71.3115,71.31147540983605,67.19999999999999,45.9016,42.400000000000006,105.73770491803278,100.79999999999998,105.7377,41.0112,41.0112,rebreak_confirmed,9.0909,vwap_reclaim_rebreak,2026-03-05 08:30:00 EST,2026-03-05 08:31:00 EST,1.4151,green_wick_dip_new_high
99,C:\TSIS_Data\00_CTO\13_TRADING_SYSTEMS\03_STRATEGY_LIBRARY\LONG\DAS\runs\das_scanner_appearance_20260628T114046Z\chart_exports\event_day_details_grouped\0099_CAPS_2025-08-25_push71.19_rebreak,C:\TSIS_Data\00_CTO\13_TRADING_SYSTEMS\03_STRATEGY_LIBRARY\LONG\DAS\runs\das_scanner_appearance_20260628T114046Z\chart_exports\event_day_details_grouped\0099_CAPS_2025-08-25_push71.19_rebreak\02_three_day_overview.png,C:\TSIS_Data\00_CTO\13_TRADING_SYSTEMS\03_STRATEGY_LIBRARY\LONG\DAS\runs\das_scanner_appearance_20260628T114046Z\chart_exports\event_day_details_grouped\0099_CAPS_2025-08-25_push71.19_rebreak\03_event_day_premarket_detail.png,C:\TSIS_Data\00_CTO\13_TRADING_SYSTEMS\03_STRATEGY_LIBRARY\LONG\DAS\runs\das_scanner_appearance_20260628T114046Z\chart_exports\event_day_details_grouped\0099_CAPS_2025-08-25_push71.19_rebreak\04_event_day_detail_until_1600_ny.png,C:\TSIS_Data\00_CTO\13_TRADING_SYSTEMS\03_STRATEGY_LIBRARY\LONG\DAS\runs\das_scanner_appearance_20260628T114046Z\chart_exports\event_day_details_grouped\0099_CAPS_2025-08-25_push71.19_rebreak\05_daily_context.png,das_scanner_appearance:CAPS:2025-08-25T11:31:00+00:00,CAPS,2025-08-25,71.1864,71.1864,52.542372881355945,66.66666666666666,43.2203,56.48148148148147,81.35593220338984,98.14814814814815,81.3559,26.6272,26.6272,rebreak_confirmed,9.4059,vwap_reclaim_rebreak,2025-08-25 07:45:00 EDT,2025-08-25 07:56:00 EDT,0.5181,green_wick_dip_reactivation
100,C:\TSIS_Data\00_CTO\13_TRADING_SYSTEMS\03_STRATEGY_LIBRARY\LONG\DAS\runs\das_scanner_appearance_20260628T114046Z\chart_exports\event_day_details_grouped\0100_ZVSA_2025-07-08_push70.95_rebreak,C:\TSIS_Data\00_CTO\13_TRADING_SYSTEMS\03_STRATEGY_LIBRARY\LONG\DAS\runs\das_scanner_appearance_20260628T114046Z\chart_exports\event_day_details_grouped\0100_ZVSA_2025-07-08_push70.95_rebreak\02_three_day_overview.png,C:\TSIS_Data\00_CTO\13_TRADING_SYSTEMS\03_STRATEGY_LIBRARY\LONG\DAS\runs\das_scanner_appearance_20260628T114046Z\chart_exports\event_day_details_grouped\0100_ZVSA_2025-07-08_push70.95_rebreak\03_event_day_premarket_detail.png,C:\TSIS_Data\00_CTO\13_TRADING_SYSTEMS\03_STRATEGY_LIBRARY\LONG\DAS\runs\das_scanner_appearance_20260628T114046Z\chart_exports\event_day_details_grouped\0100_ZVSA_2025-07-08_push70.95_rebreak\04_event_day_detail_until_1600_ny.png,C:\TSIS_Data\00_CTO\13_TRADING_SYSTEMS\03_STRATEGY_LIBRARY\LONG\DAS\runs\das_scanner_appearance_20260628T114046Z\chart_exports\event_day_details_grouped\0100_ZVSA_2025-07-08_push70.95_rebreak\05_daily_context.png,das_scanner_appearance:ZVSA:2025-07-08T11:53:00+00:00,ZVSA,2025-07-08,70.9531,70.9531,58.85022692889561,59.01862789641073,39.1074,39.254884143571104,86.08169440242057,86.27896410722398,86.0817,33.7684,33.7684,rebreak_confirmed,19.8938,vwap_reclaim_rebreak,2025-07-08 08:02:00 EDT,2025-07-08 08:03:00 EDT,2.6572,green_wick_dip_reactivation
101,C:\TSIS_Data\00_CTO\13_TRADING_SYSTEMS\03_STRATEGY_LIBRARY\LONG\DAS\runs\das_scanner_appearance_20260628T114046Z\chart_exports\event_day_details_grouped\0101_WBUY_2025-06-30_push70.25_rebreak,C:\TSIS_Data\00_CTO\13_TRADING_SYSTEMS\03_STRATEGY_LIBRARY\LONG\DAS\runs\das_scanner_appearance_20260628T114046Z\chart_exports\event_day_details_grouped\0101_WBUY_2025-06-30_push70.25_rebreak\02_three_day_overview.png,C:\TSIS_Data\00_CTO\13_TRADING_SYSTEMS\03_STRATEGY_LIBRARY\LONG\DAS\runs\das_scanner_appearance_20260628T114046Z\chart_exports\event_day_details_grouped\0101_WBUY_2025-06-30_push70.25_rebreak\03_event_day_premarket_detail.png,C:\TSIS_Data\00_CTO\13_TRADING_SYSTEMS\03_STRATEGY_LIBRARY\LONG\DAS\runs\das_scanner_appearance_20260628T114046Z\chart_exports\event_day_details_grouped\0101_WBUY_2025-06-30_push70.25_rebreak\04_event_day_detail_until_1600_ny.png,C:\TSIS_Data\00_CTO\13_TRADING_SYSTEMS\03_STRATEGY_LIBRARY\LONG\DAS\runs\das_scanner_appearance_20260628T114046Z\chart_exports\event_day_details_grouped\0101_WBUY_2025-06-30_push70.25_rebreak\05_daily_context.png,das_scanner_appearance:WBUY:2025-06-30T11:04:00+00:00,WBUY,2025-06-30,70.2509,70.2509,50.358422939068106,47.30152041855403,35.3047,32.553811580462785,117.92114695340501,113.4906422276063,117.9211,61.0596,61.0596,rebreak_confirmed,26.2105,vwap_reclaim_rebreak,2025-06-30 07:09:00 EDT,2025-06-30 07:12:00 EDT,2.7611,green_wick_dip_reactivation
102,C:\TSIS_Data\00_CTO\13_TRADING_SYSTEMS\03_STRATEGY_LIBRARY\LONG\DAS\runs\das_scanner_appearance_20260628T114046Z\chart_exports\event_day_details_grouped\0102_CYCC_2025-01-03_push70.04_rebreak,C:\TSIS_Data\00_CTO\13_TRADING_SYSTEMS\03_STRATEGY_LIBRARY\LONG\DAS\runs\das_scanner_appearance_20260628T114046Z\chart_exports\event_day_details_grouped\0102_CYCC_2025-01-03_push70.04_rebreak\02_three_day_overview.png,C:\TSIS_Data\00_CTO\13_TRADING_SYSTEMS\03_STRATEGY_LIBRARY\LONG\DAS\runs\das_scanner_appearance_20260628T114046Z\chart_exports\event_day_details_grouped\0102_CYCC_2025-01-03_push70.04_rebreak\03_event_day_premarket_detail.png,C:\TSIS_Data\00_CTO\13_TRADING_SYSTEMS\03_STRATEGY_LIBRARY\LONG\DAS\runs\das_scanner_appearance_20260628T114046Z\chart_exports\event_day_details_grouped\0102_CYCC_2025-01-03_push70.04_rebreak\04_event_day_detail_until_1600_ny.png,C:\TSIS_Data\00_CTO\13_TRADING_SYSTEMS\03_STRATEGY_LIBRARY\LONG\DAS\runs\das_scanner_appearance_20260628T114046Z\chart_exports\event_day_details_grouped\0102_CYCC_2025-01-03_push70.04_rebreak\05_daily_context.png,das_scanner_appearance:CYCC:2025-01-03T14:01:00+00:00,CYCC,2025-01-03,70.0425,70.0425,50.01250312578145,62.13513513513513,37.5344,48.64864864864866,100.0500125031258,116.21621621621622,100.05,45.4545,45.4545,rebreak_confirmed,14.7059,vwap_reclaim_rebreak,2025-01-03 09:16:00 EST,2025-01-03 09:17:00 EST,1.9207,green_wick_dip_reactivation
103,C:\TSIS_Data\00_CTO\13_TRADING_SYSTEMS\03_STRATEGY_LIBRARY\LONG\DAS\runs\das_scanner_appearance_20260628T114046Z\chart_exports\event_day_details_grouped\0103_SPHL_2026-01-15_push69.83_rebreak,C:\TSIS_Data\00_CTO\13_TRADING_SYSTEMS\03_STRATEGY_LIBRARY\LONG\DAS\runs\das_scanner_appearance_20260628T114046Z\chart_exports\event_day_details_grouped\0103_SPHL_2026-01-15_push69.83_rebreak\02_three_day_overview.png,C:\TSIS_Data\00_CTO\13_TRADING_SYSTEMS\03_STRATEGY_LIBRARY\LONG\DAS\runs\das_scanner_appearance_20260628T114046Z\chart_exports\event_day_details_grouped\0103_SPHL_2026-01-15_push69.83_rebreak\03_event_day_premarket_detail.png,C:\TSIS_Data\00_CTO\13_TRADING_SYSTEMS\03_STRATEGY_LIBRARY\LONG\DAS\runs\das_scanner_appearance_20260628T114046Z\chart_exports\event_day_details_grouped\0103_SPHL_2026-01-15_push69.83_rebreak\04_event_day_detail_until_1600_ny.png,C:\TSIS_Data\00_CTO\13_TRADING_SYSTEMS\03_STRATEGY_LIBRARY\LONG\DAS\runs\das_scanner_appearance_20260628T114046Z\chart_exports\event_day_details_grouped\0103_SPHL_2026-01-15_push69.83_rebreak\05_daily_context.png,das_scanner_appearance:SPHL:2026-01-15T12:02:00+00:00,SPHL,2026-01-15,69.8347,69.8347,61.98347107438017,74.22222222222223,62.3967,74.66666666666667,412.80991735537197,451.55555555555554,412.8099,215.7761,215.7761,rebreak_confirmed,22.3844,ascending_flag_break,2026-01-15 07:06:00 EST,2026-01-15 07:07:00 EST,3.163,green_wick_dip_new_high
104,C:\TSIS_Data\00_CTO\13_TRADING_SYSTEMS\03_STRATEGY_LIBRARY\LONG\DAS\runs\das_scanner_appearance_20260628T114046Z\chart_exports\event_day_details_grouped\0104_PALI_2024-12-12_push69.70_rebreak,C:\TSIS_Data\00_CTO\13_TRADING_SYSTEMS\03_STRATEGY_LIBRARY\LONG\DAS\runs\das_scanner_appearance_20260628T114046Z\chart_exports\event_day_details_grouped\0104_PALI_2024-12-12_push69.70_rebreak\02_three_day_overview.png,C:\TSIS_Data\00_CTO\13_TRADING_SYSTEMS\03_STRATEGY_LIBRARY\LONG\DAS\runs\das_scanner_appearance_20260628T114046Z\chart_exports\event_day_details_grouped\0104_PALI_2024-12-12_push69.70_rebreak\03_event_day_premarket_detail.png,C:\TSIS_Data\00_CTO\13_TRADING_SYSTEMS\03_STRATEGY_LIBRARY\LONG\DAS\runs\das_scanner_appearance_20260628T114046Z\chart_exports\event_day_details_grouped\0104_PALI_2024-12-12_push69.70_rebreak\04_event_day_detail_until_1600_ny.png,C:\TSIS_Data\00_CTO\13_TRADING_SYSTEMS\03_STRATEGY_LIBRARY\LONG\DAS\runs\das_scanner_appearance_20260628T114046Z\chart_exports\event_day_details_grouped\0104_PALI_2024-12-12_push69.70_rebreak\05_daily_context.png,das_scanner_appearance:PALI:2024-12-12T09:09:00+00:00,PALI,2024-12-12,69.697,69.697,53.333333333333336,80.71428571428572,50.303,77.14285714285715,118.18181818181819,157.14285714285717,118.1818,45.1613,45.1613,rebreak_confirmed,8.9286,single_candle_rebreak,2024-12-12 04:14:00 EST,2024-12-12 04:16:00 EST,2.8777,green_wick_dip_reactivation
105,C:\TSIS_Data\00_CTO\13_TRADING_SYSTEMS\03_STRATEGY_LIBRARY\LONG\DAS\runs\das_scanner_appearance_20260628T114046Z\chart_exports\event_day_details_grouped\0105_LPTX_2025-06-23_push69.58_rebreak,C:\TSIS_Data\00_CTO\13_TRADING_SYSTEMS\03_STRATEGY_LIBRARY\LONG\DAS\runs\das_scanner_appearance_20260628T114046Z\chart_exports\event_day_details_grouped\0105_LPTX_2025-06-23_push69.58_rebreak\02_three_day_overview.png,C:\TSIS_Data\00_CTO\13_TRADING_SYSTEMS\03_STRATEGY_LIBRARY\LONG\DAS\runs\das_scanner_appearance_20260628T114046Z\chart_exports\event_day_details_grouped\0105_LPTX_2025-06-23_push69.58_rebreak\03_event_day_premarket_detail.png,C:\TSIS_Data\00_CTO\13_TRADING_SYSTEMS\03_STRATEGY_LIBRARY\LONG\DAS\runs\das_scanner_appearance_20260628T114046Z\chart_exports\event_day_details_grouped\0105_LPTX_2025-06-23_push69.58_rebreak\04_event_day_detail_until_1600_ny.png,C:\TSIS_Data\00_CTO\13_TRADING_SYSTEMS\03_STRATEGY_LIBRARY\LONG\DAS\runs\das_scanner_appearance_20260628T114046Z\chart_exports\event_day_details_grouped\0105_LPTX_2025-06-23_push69.58_rebreak\05_daily_context.png,das_scanner_appearance:LPTX:2025-06-23T11:05:00+00:00,LPTX,2025-06-23,69.5812,69.5812,69.58124835396367,67.76967170401252,64.2349,62.48045857217303,95.60179088754282,93.51224596143827,95.6018,19.0988,19.0988,rebreak_confirmed,16.0118,last_red_high_break,2025-06-23 07:08:00 EDT,2025-06-23 07:09:00 EDT,7.6573,green_wick_dip_new_high
106,C:\TSIS_Data\00_CTO\13_TRADING_SYSTEMS\03_STRATEGY_LIBRARY\LONG\DAS\runs\das_scanner_appearance_20260628T114046Z\chart_exports\event_day_details_grouped\0106_GPUS_2025-06-20_push69.54_rebreak,C:\TSIS_Data\00_CTO\13_TRADING_SYSTEMS\03_STRATEGY_LIBRARY\LONG\DAS\runs\das_scanner_appearance_20260628T114046Z\chart_exports\event_day_details_grouped\0106_GPUS_2025-06-20_push69.54_rebreak\02_three_day_overview.png,C:\TSIS_Data\00_CTO\13_TRADING_SYSTEMS\03_STRATEGY_LIBRARY\LONG\DAS\runs\das_scanner_appearance_20260628T114046Z\chart_exports\event_day_details_grouped\0106_GPUS_2025-06-20_push69.54_rebreak\03_event_day_premarket_detail.png,C:\TSIS_Data\00_CTO\13_TRADING_SYSTEMS\03_STRATEGY_LIBRARY\LONG\DAS\runs\das_scanner_appearance_20260628T114046Z\chart_exports\event_day_details_grouped\0106_GPUS_2025-06-20_push69.54_rebreak\04_event_day_detail_until_1600_ny.png,C:\TSIS_Data\00_CTO\13_TRADING_SYSTEMS\03_STRATEGY_LIBRARY\LONG\DAS\runs\das_scanner_appearance_20260628T114046Z\chart_exports\event_day_details_grouped\0106_GPUS_2025-06-20_push69.54_rebreak\05_daily_context.png,das_scanner_appearance:GPUS:2025-06-20T10:39:00+00:00,GPUS,2025-06-20,69.5402,69.5402,69.54022988505749,77.710843373494,34.4828,40.963855421686745,81.60919540229887,90.36144578313254,81.6092,35.0427,35.0427,rebreak_confirmed,32.8814,ascending_flag_break,2025-06-20 06:44:00 EDT,2025-06-20 06:45:00 EDT,1.2146,green_wick_dip_new_high
107,C:\TSIS_Data\00_CTO\13_TRADING_SYSTEMS\03_STRATEGY_LIBRARY\LONG\DAS\runs\das_scanner_appearance_20260628T114046Z\chart_exports\event_day_details_grouped\0107_PRSO_2026-03-06_push68.80_rebreak,C:\TSIS_Data\00_CTO\13_TRADING_SYSTEMS\03_STRATEGY_LIBRARY\LONG\DAS\runs\das_scanner_appearance_20260628T114046Z\chart_exports\event_day_details_grouped\0107_PRSO_2026-03-06_push68.80_rebreak\02_three_day_overview.png,C:\TSIS_Data\00_CTO\13_TRADING_SYSTEMS\03_STRATEGY_LIBRARY\LONG\DAS\runs\das_scanner_appearance_20260628T114046Z\chart_exports\event_day_details_grouped\0107_PRSO_2026-03-06_push68.80_rebreak\03_event_day_premarket_detail.png,C:\TSIS_Data\00_CTO\13_TRADING_SYSTEMS\03_STRATEGY_LIBRARY\LONG\DAS\runs\das_scanner_appearance_20260628T114046Z\chart_exports\event_day_details_grouped\0107_PRSO_2026-03-06_push68.80_rebreak\04_event_day_detail_until_1600_ny.png,C:\TSIS_Data\00_CTO\13_TRADING_SYSTEMS\03_STRATEGY_LIBRARY\LONG\DAS\runs\das_scanner_appearance_20260628T114046Z\chart_exports\event_day_details_grouped\0107_PRSO_2026-03-06_push68.80_rebreak\05_daily_context.png,das_scanner_appearance:PRSO:2026-03-06T13:01:00+00:00,PRSO,2026-03-06,68.8009,68.8009,50.174621653085,55.178635871526524,30.5355,34.88511969204859,120.023282887078,127.35474557921327,120.0233,68.5544,68.5544,rebreak_confirmed,6.2069,single_candle_rebreak,2026-03-06 08:09:00 EST,2026-03-06 08:10:00 EST,4.7619,green_wick_dip_reactivation
108,C:\TSIS_Data\00_CTO\13_TRADING_SYSTEMS\03_STRATEGY_LIBRARY\LONG\DAS\runs\das_scanner_appearance_20260628T114046Z\chart_exports\event_day_details_grouped\0108_SOAR_2025-06-12_push68.72_rebreak,C:\TSIS_Data\00_CTO\13_TRADING_SYSTEMS\03_STRATEGY_LIBRARY\LONG\DAS\runs\das_scanner_appearance_20260628T114046Z\chart_exports\event_day_details_grouped\0108_SOAR_2025-06-12_push68.72_rebreak\02_three_day_overview.png,C:\TSIS_Data\00_CTO\13_TRADING_SYSTEMS\03_STRATEGY_LIBRARY\LONG\DAS\runs\das_scanner_appearance_20260628T114046Z\chart_exports\event_day_details_grouped\0108_SOAR_2025-06-12_push68.72_rebreak\03_event_day_premarket_detail.png,C:\TSIS_Data\00_CTO\13_TRADING_SYSTEMS\03_STRATEGY_LIBRARY\LONG\DAS\runs\das_scanner_appearance_20260628T114046Z\chart_exports\event_day_details_grouped\0108_SOAR_2025-06-12_push68.72_rebreak\04_event_day_detail_until_1600_ny.png,C:\TSIS_Data\00_CTO\13_TRADING_SYSTEMS\03_STRATEGY_LIBRARY\LONG\DAS\runs\das_scanner_appearance_20260628T114046Z\chart_exports\event_day_details_grouped\0108_SOAR_2025-06-12_push68.72_rebreak\05_daily_context.png,das_scanner_appearance:SOAR:2025-06-12T12:01:00+00:00,SOAR,2025-06-12,68.7204,68.7204,56.87203791469195,49.773755656108605,36.9668,30.769230769230777,100.94786729857823,91.85520361990952,100.9479,46.7128,46.7128,rebreak_confirmed,22.7528,single_candle_rebreak,2025-06-12 08:03:00 EDT,2025-06-12 08:05:00 EDT,3.3191,green_wick_dip_reactivation
109,C:\TSIS_Data\00_CTO\13_TRADING_SYSTEMS\03_STRATEGY_LIBRARY\LONG\DAS\runs\das_scanner_appearance_20260628T114046Z\chart_exports\event_day_details_grouped\0109_THAR_2025-11-03_push68.58_rebreak,C:\TSIS_Data\00_CTO\13_TRADING_SYSTEMS\03_STRATEGY_LIBRARY\LONG\DAS\runs\das_scanner_appearance_20260628T114046Z\chart_exports\event_day_details_grouped\0109_THAR_2025-11-03_push68.58_rebreak\02_three_day_overview.png,C:\TSIS_Data\00_CTO\13_TRADING_SYSTEMS\03_STRATEGY_LIBRARY\LONG\DAS\runs\das_scanner_appearance_20260628T114046Z\chart_exports\event_day_details_grouped\0109_THAR_2025-11-03_push68.58_rebreak\03_event_day_premarket_detail.png,C:\TSIS_Data\00_CTO\13_TRADING_SYSTEMS\03_STRATEGY_LIBRARY\LONG\DAS\runs\das_scanner_appearance_20260628T114046Z\chart_exports\event_day_details_grouped\0109_THAR_2025-11-03_push68.58_rebreak\04_event_day_detail_until_1600_ny.png,C:\TSIS_Data\00_CTO\13_TRADING_SYSTEMS\03_STRATEGY_LIBRARY\LONG\DAS\runs\das_scanner_appearance_20260628T114046Z\chart_exports\event_day_details_grouped\0109_THAR_2025-11-03_push68.58_rebreak\05_daily_context.png,das_scanner_appearance:THAR:2025-11-03T14:06:00+00:00,THAR,2025-11-03,68.5811,68.5811,63.85135135135134,64.4123529611173,44.2568,44.75066951422081,152.36486486486487,153.22892301433944,152.3649,74.9415,74.9415,rebreak_confirmed,25.0481,vwap_reclaim_rebreak,2025-11-03 09:15:00 EST,2025-11-03 09:16:00 EST,0.2227,green_wick_dip_new_high
110,C:\TSIS_Data\00_CTO\13_TRADING_SYSTEMS\03_STRATEGY_LIBRARY\LONG\DAS\runs\das_scanner_appearance_20260628T114046Z\chart_exports\event_day_details_grouped\0110_CYN_2025-06-26_push68.21_rebreak,C:\TSIS_Data\00_CTO\13_TRADING_SYSTEMS\03_STRATEGY_LIBRARY\LONG\DAS\runs\das_scanner_appearance_20260628T114046Z\chart_exports\event_day_details_grouped\0110_CYN_2025-06-26_push68.21_rebreak\02_three_day_overview.png,C:\TSIS_Data\00_CTO\13_TRADING_SYSTEMS\03_STRATEGY_LIBRARY\LONG\DAS\runs\das_scanner_appearance_20260628T114046Z\chart_exports\event_day_details_grouped\0110_CYN_2025-06-26_push68.21_rebreak\03_event_day_premarket_detail.png,C:\TSIS_Data\00_CTO\13_TRADING_SYSTEMS\03_STRATEGY_LIBRARY\LONG\DAS\runs\das_scanner_appearance_20260628T114046Z\chart_exports\event_day_details_grouped\0110_CYN_2025-06-26_push68.21_rebreak\04_event_day_detail_until_1600_ny.png,C:\TSIS_Data\00_CTO\13_TRADING_SYSTEMS\03_STRATEGY_LIBRARY\LONG\DAS\runs\das_scanner_appearance_20260628T114046Z\chart_exports\event_day_details_grouped\0110_CYN_2025-06-26_push68.21_rebreak\05_daily_context.png,das_scanner_appearance:CYN:2025-06-26T11:06:00+00:00,CYN,2025-06-26,68.207,68.207,68.20702402957485,81.63672654690619,59.8891,72.65469061876249,210.35120147874306,235.12974051896208,210.3512,94.104,94.104,rebreak_confirmed,9.1209,vwap_reclaim_rebreak,2025-06-26 07:15:00 EDT,2025-06-26 07:18:00 EDT,0.1115,green_wick_dip_reactivation
111,C:\TSIS_Data\00_CTO\13_TRADING_SYSTEMS\03_STRATEGY_LIBRARY\LONG\DAS\runs\das_scanner_appearance_20260628T114046Z\chart_exports\event_day_details_grouped\0111_AIM_2026-02-05_push67.57_rebreak,C:\TSIS_Data\00_CTO\13_TRADING_SYSTEMS\03_STRATEGY_LIBRARY\LONG\DAS\runs\das_scanner_appearance_20260628T114046Z\chart_exports\event_day_details_grouped\0111_AIM_2026-02-05_push67.57_rebreak\02_three_day_overview.png,C:\TSIS_Data\00_CTO\13_TRADING_SYSTEMS\03_STRATEGY_LIBRARY\LONG\DAS\runs\das_scanner_appearance_20260628T114046Z\chart_exports\event_day_details_grouped\0111_AIM_2026-02-05_push67.57_rebreak\03_event_day_premarket_detail.png,C:\TSIS_Data\00_CTO\13_TRADING_SYSTEMS\03_STRATEGY_LIBRARY\LONG\DAS\runs\das_scanner_appearance_20260628T114046Z\chart_exports\event_day_details_grouped\0111_AIM_2026-02-05_push67.57_rebreak\04_event_day_detail_until_1600_ny.png,C:\TSIS_Data\00_CTO\13_TRADING_SYSTEMS\03_STRATEGY_LIBRARY\LONG\DAS\runs\das_scanner_appearance_20260628T114046Z\chart_exports\event_day_details_grouped\0111_AIM_2026-02-05_push67.57_rebreak\05_daily_context.png,das_scanner_appearance:AIM:2026-02-05T13:44:00+00:00,AIM,2026-02-05,67.5676,67.5676,50.45045045045043,58.29383886255924,16.2162,22.274881516587687,71.17117117117114,80.09478672985783,71.1712,47.2868,47.2868,rebreak_confirmed,12.3656,single_candle_rebreak,2026-02-05 08:57:00 EST,2026-02-05 09:00:00 EST,3.4041,green_wick_dip_new_high
112,C:\TSIS_Data\00_CTO\13_TRADING_SYSTEMS\03_STRATEGY_LIBRARY\LONG\DAS\runs\das_scanner_appearance_20260628T114046Z\chart_exports\event_day_details_grouped\0112_ONMD_2024-05-23_push67.33_rebreak,C:\TSIS_Data\00_CTO\13_TRADING_SYSTEMS\03_STRATEGY_LIBRARY\LONG\DAS\runs\das_scanner_appearance_20260628T114046Z\chart_exports\event_day_details_grouped\0112_ONMD_2024-05-23_push67.33_rebreak\02_three_day_overview.png,C:\TSIS_Data\00_CTO\13_TRADING_SYSTEMS\03_STRATEGY_LIBRARY\LONG\DAS\runs\das_scanner_appearance_20260628T114046Z\chart_exports\event_day_details_grouped\0112_ONMD_2024-05-23_push67.33_rebreak\03_event_day_premarket_detail.png,C:\TSIS_Data\00_CTO\13_TRADING_SYSTEMS\03_STRATEGY_LIBRARY\LONG\DAS\runs\das_scanner_appearance_20260628T114046Z\chart_exports\event_day_details_grouped\0112_ONMD_2024-05-23_push67.33_rebreak\04_event_day_detail_until_1600_ny.png,C:\TSIS_Data\00_CTO\13_TRADING_SYSTEMS\03_STRATEGY_LIBRARY\LONG\DAS\runs\das_scanner_appearance_20260628T114046Z\chart_exports\event_day_details_grouped\0112_ONMD_2024-05-23_push67.33_rebreak\05_daily_context.png,das_scanner_appearance:ONMD:2024-05-23T11:08:00+00:00,ONMD,2024-05-23,67.3347,67.3347,56.312625250501,59.18367346938776,49.9399,52.69387755102041,230.66132264529054,236.73469387755102,230.6613,120.5293,120.5293,rebreak_confirmed,16.1677,vwap_reclaim_rebreak,2024-05-23 07:42:00 EDT,2024-05-23 07:44:00 EDT,3.3376,green_wick_dip_reactivation
113,C:\TSIS_Data\00_CTO\13_TRADING_SYSTEMS\03_STRATEGY_LIBRARY\LONG\DAS\runs\das_scanner_appearance_20260628T114046Z\chart_exports\event_day_details_grouped\0113_VRAX_2024-06-06_push67.27_rebreak,C:\TSIS_Data\00_CTO\13_TRADING_SYSTEMS\03_STRATEGY_LIBRARY\LONG\DAS\runs\das_scanner_appearance_20260628T114046Z\chart_exports\event_day_details_grouped\0113_VRAX_2024-06-06_push67.27_rebreak\02_three_day_overview.png,C:\TSIS_Data\00_CTO\13_TRADING_SYSTEMS\03_STRATEGY_LIBRARY\LONG\DAS\runs\das_scanner_appearance_20260628T114046Z\chart_exports\event_day_details_grouped\0113_VRAX_2024-06-06_push67.27_rebreak\03_event_day_premarket_detail.png,C:\TSIS_Data\00_CTO\13_TRADING_SYSTEMS\03_STRATEGY_LIBRARY\LONG\DAS\runs\das_scanner_appearance_20260628T114046Z\chart_exports\event_day_details_grouped\0113_VRAX_2024-06-06_push67.27_rebreak\04_event_day_detail_until_1600_ny.png,C:\TSIS_Data\00_CTO\13_TRADING_SYSTEMS\03_STRATEGY_LIBRARY\LONG\DAS\runs\das_scanner_appearance_20260628T114046Z\chart_exports\event_day_details_grouped\0113_VRAX_2024-06-06_push67.27_rebreak\05_daily_context.png,das_scanner_appearance:VRAX:2024-06-06T08:08:00+00:00,VRAX,2024-06-06,67.2727,67.2727,67.27272727272727,157.94392523364482,27.8788,97.19626168224296,120.0,239.25233644859807,120.0,72.0379,72.0379,rebreak_confirmed,18.4783,single_candle_rebreak,2024-06-06 04:11:00 EDT,2024-06-06 04:14:00 EDT,0.6873,green_wick_dip_new_high
114,C:\TSIS_Data\00_CTO\13_TRADING_SYSTEMS\03_STRATEGY_LIBRARY\LONG\DAS\runs\das_scanner_appearance_20260628T114046Z\chart_exports\event_day_details_grouped\0114_FLYX_2026-01-08_push65.98_rebreak,C:\TSIS_Data\00_CTO\13_TRADING_SYSTEMS\03_STRATEGY_LIBRARY\LONG\DAS\runs\das_scanner_appearance_20260628T114046Z\chart_exports\event_day_details_grouped\0114_FLYX_2026-01-08_push65.98_rebreak\02_three_day_overview.png,C:\TSIS_Data\00_CTO\13_TRADING_SYSTEMS\03_STRATEGY_LIBRARY\LONG\DAS\runs\das_scanner_appearance_20260628T114046Z\chart_exports\event_day_details_grouped\0114_FLYX_2026-01-08_push65.98_rebreak\03_event_day_premarket_detail.png,C:\TSIS_Data\00_CTO\13_TRADING_SYSTEMS\03_STRATEGY_LIBRARY\LONG\DAS\runs\das_scanner_appearance_20260628T114046Z\chart_exports\event_day_details_grouped\0114_FLYX_2026-01-08_push65.98_rebreak\04_event_day_detail_until_1600_ny.png,C:\TSIS_Data\00_CTO\13_TRADING_SYSTEMS\03_STRATEGY_LIBRARY\LONG\DAS\runs\das_scanner_appearance_20260628T114046Z\chart_exports\event_day_details_grouped\0114_FLYX_2026-01-08_push65.98_rebreak\05_daily_context.png,das_scanner_appearance:FLYX:2026-01-08T13:15:00+00:00,FLYX,2026-01-08,65.9763,65.9763,51.18343195266274,55.31914893617022,36.3905,40.121580547112465,107.98816568047339,113.67781155015197,107.9882,52.4946,52.4946,rebreak_confirmed,6.7736,single_candle_rebreak,2026-01-08 08:20:00 EST,2026-01-08 08:21:00 EST,0.4941,green_wick_dip_new_high
115,C:\TSIS_Data\00_CTO\13_TRADING_SYSTEMS\03_STRATEGY_LIBRARY\LONG\DAS\runs\das_scanner_appearance_20260628T114046Z\chart_exports\event_day_details_grouped\0115_KTTA_2025-05-06_push65.97_rebreak,C:\TSIS_Data\00_CTO\13_TRADING_SYSTEMS\03_STRATEGY_LIBRARY\LONG\DAS\runs\das_scanner_appearance_20260628T114046Z\chart_exports\event_day_details_grouped\0115_KTTA_2025-05-06_push65.97_rebreak\02_three_day_overview.png,C:\TSIS_Data\00_CTO\13_TRADING_SYSTEMS\03_STRATEGY_LIBRARY\LONG\DAS\runs\das_scanner_appearance_20260628T114046Z\chart_exports\event_day_details_grouped\0115_KTTA_2025-05-06_push65.97_rebreak\03_event_day_premarket_detail.png,C:\TSIS_Data\00_CTO\13_TRADING_SYSTEMS\03_STRATEGY_LIBRARY\LONG\DAS\runs\das_scanner_appearance_20260628T114046Z\chart_exports\event_day_details_grouped\0115_KTTA_2025-05-06_push65.97_rebreak\04_event_day_detail_until_1600_ny.png,C:\TSIS_Data\00_CTO\13_TRADING_SYSTEMS\03_STRATEGY_LIBRARY\LONG\DAS\runs\das_scanner_appearance_20260628T114046Z\chart_exports\event_day_details_grouped\0115_KTTA_2025-05-06_push65.97_rebreak\05_daily_context.png,das_scanner_appearance:KTTA:2025-05-06T11:04:00+00:00,KTTA,2025-05-06,65.9722,65.9722,63.888888888888886,65.26610644257703,34.7222,35.85434173669468,127.08333333333334,128.99159663865547,127.0833,68.5567,68.5567,rebreak_confirmed,24.2678,single_candle_rebreak,2025-05-06 07:06:00 EDT,2025-05-06 07:07:00 EDT,5.5556,green_wick_dip_new_high
116,C:\TSIS_Data\00_CTO\13_TRADING_SYSTEMS\03_STRATEGY_LIBRARY\LONG\DAS\runs\das_scanner_appearance_20260628T114046Z\chart_exports\event_day_details_grouped\0116_PLRZ_2025-12-02_push65.82_rebreak,C:\TSIS_Data\00_CTO\13_TRADING_SYSTEMS\03_STRATEGY_LIBRARY\LONG\DAS\runs\das_scanner_appearance_20260628T114046Z\chart_exports\event_day_details_grouped\0116_PLRZ_2025-12-02_push65.82_rebreak\02_three_day_overview.png,C:\TSIS_Data\00_CTO\13_TRADING_SYSTEMS\03_STRATEGY_LIBRARY\LONG\DAS\runs\das_scanner_appearance_20260628T114046Z\chart_exports\event_day_details_grouped\0116_PLRZ_2025-12-02_push65.82_rebreak\03_event_day_premarket_detail.png,C:\TSIS_Data\00_CTO\13_TRADING_SYSTEMS\03_STRATEGY_LIBRARY\LONG\DAS\runs\das_scanner_appearance_20260628T114046Z\chart_exports\event_day_details_grouped\0116_PLRZ_2025-12-02_push65.82_rebreak\04_event_day_detail_until_1600_ny.png,C:\TSIS_Data\00_CTO\13_TRADING_SYSTEMS\03_STRATEGY_LIBRARY\LONG\DAS\runs\das_scanner_appearance_20260628T114046Z\chart_exports\event_day_details_grouped\0116_PLRZ_2025-12-02_push65.82_rebreak\05_daily_context.png,das_scanner_appearance:PLRZ:2025-12-02T12:57:00+00:00,PLRZ,2025-12-02,65.8228,65.8228,54.430379746835435,53.94321766561514,50.3165,49.8422712933754,153.1645569620253,152.36593059936908,153.1646,68.4211,68.4211,rebreak_confirmed,11.8321,single_candle_rebreak,2025-12-02 08:00:00 EST,2025-12-02 08:02:00 EST,24.7101,green_wick_dip_new_high
117,C:\TSIS_Data\00_CTO\13_TRADING_SYSTEMS\03_STRATEGY_LIBRARY\LONG\DAS\runs\das_scanner_appearance_20260628T114046Z\chart_exports\event_day_details_grouped\0117_CYTO_2024-03-25_push65.32_rebreak,C:\TSIS_Data\00_CTO\13_TRADING_SYSTEMS\03_STRATEGY_LIBRARY\LONG\DAS\runs\das_scanner_appearance_20260628T114046Z\chart_exports\event_day_details_grouped\0117_CYTO_2024-03-25_push65.32_rebreak\02_three_day_overview.png,C:\TSIS_Data\00_CTO\13_TRADING_SYSTEMS\03_STRATEGY_LIBRARY\LONG\DAS\runs\das_scanner_appearance_20260628T114046Z\chart_exports\event_day_details_grouped\0117_CYTO_2024-03-25_push65.32_rebreak\03_event_day_premarket_detail.png,C:\TSIS_Data\00_CTO\13_TRADING_SYSTEMS\03_STRATEGY_LIBRARY\LONG\DAS\runs\das_scanner_appearance_20260628T114046Z\chart_exports\event_day_details_grouped\0117_CYTO_2024-03-25_push65.32_rebreak\04_event_day_detail_until_1600_ny.png,C:\TSIS_Data\00_CTO\13_TRADING_SYSTEMS\03_STRATEGY_LIBRARY\LONG\DAS\runs\das_scanner_appearance_20260628T114046Z\chart_exports\event_day_details_grouped\0117_CYTO_2024-03-25_push65.32_rebreak\05_daily_context.png,das_scanner_appearance:CYTO:2024-03-25T12:50:00+00:00,CYTO,2024-03-25,65.3179,65.3179,57.22543352601157,57.22543352601157,47.9769,47.97687861271677,84.97109826589596,84.97109826589596,84.9711,25.0,25.0,rebreak_confirmed,4.8951,single_candle_rebreak,2024-03-25 08:53:00 EDT,2024-03-25 08:54:00 EDT,0.3322,green_wick_dip_new_high
118,C:\TSIS_Data\00_CTO\13_TRADING_SYSTEMS\03_STRATEGY_LIBRARY\LONG\DAS\runs\das_scanner_appearance_20260628T114046Z\chart_exports\event_day_details_grouped\0118_RAYA_2026-01-22_push65.15_rebreak,C:\TSIS_Data\00_CTO\13_TRADING_SYSTEMS\03_STRATEGY_LIBRARY\LONG\DAS\runs\das_scanner_appearance_20260628T114046Z\chart_exports\event_day_details_grouped\0118_RAYA_2026-01-22_push65.15_rebreak\02_three_day_overview.png,C:\TSIS_Data\00_CTO\13_TRADING_SYSTEMS\03_STRATEGY_LIBRARY\LONG\DAS\runs\das_scanner_appearance_20260628T114046Z\chart_exports\event_day_details_grouped\0118_RAYA_2026-01-22_push65.15_rebreak\03_event_day_premarket_detail.png,C:\TSIS_Data\00_CTO\13_TRADING_SYSTEMS\03_STRATEGY_LIBRARY\LONG\DAS\runs\das_scanner_appearance_20260628T114046Z\chart_exports\event_day_details_grouped\0118_RAYA_2026-01-22_push65.15_rebreak\04_event_day_detail_until_1600_ny.png,C:\TSIS_Data\00_CTO\13_TRADING_SYSTEMS\03_STRATEGY_LIBRARY\LONG\DAS\runs\das_scanner_appearance_20260628T114046Z\chart_exports\event_day_details_grouped\0118_RAYA_2026-01-22_push65.15_rebreak\05_daily_context.png,das_scanner_appearance:RAYA:2026-01-22T11:10:00+00:00,RAYA,2026-01-22,65.1452,65.1452,65.14522821576763,66.52719665271965,58.0913,59.414225941422586,81.32780082987551,82.84518828451883,81.3278,14.6982,14.6982,rebreak_confirmed,8.6683,vwap_reclaim_rebreak,2026-01-22 06:21:00 EST,2026-01-22 06:26:00 EST,0.1425,green_wick_dip_new_high
119,C:\TSIS_Data\00_CTO\13_TRADING_SYSTEMS\03_STRATEGY_LIBRARY\LONG\DAS\runs\das_scanner_appearance_20260628T114046Z\chart_exports\event_day_details_grouped\0119_SGN_2025-07-11_push64.96_rebreak,C:\TSIS_Data\00_CTO\13_TRADING_SYSTEMS\03_STRATEGY_LIBRARY\LONG\DAS\runs\das_scanner_appearance_20260628T114046Z\chart_exports\event_day_details_grouped\0119_SGN_2025-07-11_push64.96_rebreak\02_three_day_overview.png,C:\TSIS_Data\00_CTO\13_TRADING_SYSTEMS\03_STRATEGY_LIBRARY\LONG\DAS\runs\das_scanner_appearance_20260628T114046Z\chart_exports\event_day_details_grouped\0119_SGN_2025-07-11_push64.96_rebreak\03_event_day_premarket_detail.png,C:\TSIS_Data\00_CTO\13_TRADING_SYSTEMS\03_STRATEGY_LIBRARY\LONG\DAS\runs\das_scanner_appearance_20260628T114046Z\chart_exports\event_day_details_grouped\0119_SGN_2025-07-11_push64.96_rebreak\04_event_day_detail_until_1600_ny.png,C:\TSIS_Data\00_CTO\13_TRADING_SYSTEMS\03_STRATEGY_LIBRARY\LONG\DAS\runs\das_scanner_appearance_20260628T114046Z\chart_exports\event_day_details_grouped\0119_SGN_2025-07-11_push64.96_rebreak\05_daily_context.png,das_scanner_appearance:SGN:2025-07-11T10:31:00+00:00,SGN,2025-07-11,64.9635,64.9635,64.96350364963502,82.27276393257519,44.8905,60.09355593193,202.18978102189777,233.89789499153153,202.1898,108.5642,108.5642,rebreak_confirmed,25.6637,vwap_reclaim_rebreak,2025-07-11 06:38:00 EDT,2025-07-11 06:40:00 EDT,2.1834,green_wick_dip_new_high
120,C:\TSIS_Data\00_CTO\13_TRADING_SYSTEMS\03_STRATEGY_LIBRARY\LONG\DAS\runs\das_scanner_appearance_20260628T114046Z\chart_exports\event_day_details_grouped\0120_LXRX_2025-03-28_push64.80_rebreak,C:\TSIS_Data\00_CTO\13_TRADING_SYSTEMS\03_STRATEGY_LIBRARY\LONG\DAS\runs\das_scanner_appearance_20260628T114046Z\chart_exports\event_day_details_grouped\0120_LXRX_2025-03-28_push64.80_rebreak\02_three_day_overview.png,C:\TSIS_Data\00_CTO\13_TRADING_SYSTEMS\03_STRATEGY_LIBRARY\LONG\DAS\runs\das_scanner_appearance_20260628T114046Z\chart_exports\event_day_details_grouped\0120_LXRX_2025-03-28_push64.80_rebreak\03_event_day_premarket_detail.png,C:\TSIS_Data\00_CTO\13_TRADING_SYSTEMS\03_STRATEGY_LIBRARY\LONG\DAS\runs\das_scanner_appearance_20260628T114046Z\chart_exports\event_day_details_grouped\0120_LXRX_2025-03-28_push64.80_rebreak\04_event_day_detail_until_1600_ny.png,C:\TSIS_Data\00_CTO\13_TRADING_SYSTEMS\03_STRATEGY_LIBRARY\LONG\DAS\runs\das_scanner_appearance_20260628T114046Z\chart_exports\event_day_details_grouped\0120_LXRX_2025-03-28_push64.80_rebreak\05_daily_context.png,das_scanner_appearance:LXRX:2025-03-28T11:30:00+00:00,LXRX,2025-03-28,64.8028,64.8028,64.80282519128902,62.36590316033636,49.2643,47.0571180052189,127.48675691583284,124.12293418382141,127.4868,52.4054,52.4054,rebreak_confirmed,20.6429,vwap_reclaim_rebreak,2025-03-28 07:33:00 EDT,2025-03-28 07:34:00 EDT,1.7885,green_wick_dip_new_high
121,C:\TSIS_Data\00_CTO\13_TRADING_SYSTEMS\03_STRATEGY_LIBRARY\LONG\DAS\runs\das_scanner_appearance_20260628T114046Z\chart_exports\event_day_details_grouped\0121_TIVC_2025-08-15_push64.71_rebreak,C:\TSIS_Data\00_CTO\13_TRADING_SYSTEMS\03_STRATEGY_LIBRARY\LONG\DAS\runs\das_scanner_appearance_20260628T114046Z\chart_exports\event_day_details_grouped\0121_TIVC_2025-08-15_push64.71_rebreak\02_three_day_overview.png,C:\TSIS_Data\00_CTO\13_TRADING_SYSTEMS\03_STRATEGY_LIBRARY\LONG\DAS\runs\das_scanner_appearance_20260628T114046Z\chart_exports\event_day_details_grouped\0121_TIVC_2025-08-15_push64.71_rebreak\03_event_day_premarket_detail.png,C:\TSIS_Data\00_CTO\13_TRADING_SYSTEMS\03_STRATEGY_LIBRARY\LONG\DAS\runs\das_scanner_appearance_20260628T114046Z\chart_exports\event_day_details_grouped\0121_TIVC_2025-08-15_push64.71_rebreak\04_event_day_detail_until_1600_ny.png,C:\TSIS_Data\00_CTO\13_TRADING_SYSTEMS\03_STRATEGY_LIBRARY\LONG\DAS\runs\das_scanner_appearance_20260628T114046Z\chart_exports\event_day_details_grouped\0121_TIVC_2025-08-15_push64.71_rebreak\05_daily_context.png,das_scanner_appearance:TIVC:2025-08-15T12:31:00+00:00,TIVC,2025-08-15,64.7059,64.7059,64.70588235294117,44.0,56.8627,37.14285714285714,95.42483660130719,70.85714285714288,95.4248,24.5833,24.5833,rebreak_confirmed,15.6746,vwap_reclaim_rebreak,2025-08-15 08:49:00 EDT,2025-08-15 08:50:00 EDT,2.1442,green_wick_dip_new_high
122,C:\TSIS_Data\00_CTO\13_TRADING_SYSTEMS\03_STRATEGY_LIBRARY\LONG\DAS\runs\das_scanner_appearance_20260628T114046Z\chart_exports\event_day_details_grouped\0122_ALZN_2025-05-29_push64.47_rebreak,C:\TSIS_Data\00_CTO\13_TRADING_SYSTEMS\03_STRATEGY_LIBRARY\LONG\DAS\runs\das_scanner_appearance_20260628T114046Z\chart_exports\event_day_details_grouped\0122_ALZN_2025-05-29_push64.47_rebreak\02_three_day_overview.png,C:\TSIS_Data\00_CTO\13_TRADING_SYSTEMS\03_STRATEGY_LIBRARY\LONG\DAS\runs\das_scanner_appearance_20260628T114046Z\chart_exports\event_day_details_grouped\0122_ALZN_2025-05-29_push64.47_rebreak\03_event_day_premarket_detail.png,C:\TSIS_Data\00_CTO\13_TRADING_SYSTEMS\03_STRATEGY_LIBRARY\LONG\DAS\runs\das_scanner_appearance_20260628T114046Z\chart_exports\event_day_details_grouped\0122_ALZN_2025-05-29_push64.47_rebreak\04_event_day_detail_until_1600_ny.png,C:\TSIS_Data\00_CTO\13_TRADING_SYSTEMS\03_STRATEGY_LIBRARY\LONG\DAS\runs\das_scanner_appearance_20260628T114046Z\chart_exports\event_day_details_grouped\0122_ALZN_2025-05-29_push64.47_rebreak\05_daily_context.png,das_scanner_appearance:ALZN:2025-05-29T12:01:00+00:00,ALZN,2025-05-29,64.4699,64.4699,60.17191977077363,71.47239263803682,25.5014,34.3558282208589,159.025787965616,177.3006134969325,159.0258,106.3927,106.3927,rebreak_confirmed,31.8815,vwap_reclaim_rebreak,2025-05-29 08:04:00 EDT,2025-05-29 08:07:00 EDT,3.7347,green_wick_dip_reactivation
123,C:\TSIS_Data\00_CTO\13_TRADING_SYSTEMS\03_STRATEGY_LIBRARY\LONG\DAS\runs\das_scanner_appearance_20260628T114046Z\chart_exports\event_day_details_grouped\0123_LOBO_2025-05-13_push63.62_rebreak,C:\TSIS_Data\00_CTO\13_TRADING_SYSTEMS\03_STRATEGY_LIBRARY\LONG\DAS\runs\das_scanner_appearance_20260628T114046Z\chart_exports\event_day_details_grouped\0123_LOBO_2025-05-13_push63.62_rebreak\02_three_day_overview.png,C:\TSIS_Data\00_CTO\13_TRADING_SYSTEMS\03_STRATEGY_LIBRARY\LONG\DAS\runs\das_scanner_appearance_20260628T114046Z\chart_exports\event_day_details_grouped\0123_LOBO_2025-05-13_push63.62_rebreak\03_event_day_premarket_detail.png,C:\TSIS_Data\00_CTO\13_TRADING_SYSTEMS\03_STRATEGY_LIBRARY\LONG\DAS\runs\das_scanner_appearance_20260628T114046Z\chart_exports\event_day_details_grouped\0123_LOBO_2025-05-13_push63.62_rebreak\04_event_day_detail_until_1600_ny.png,C:\TSIS_Data\00_CTO\13_TRADING_SYSTEMS\03_STRATEGY_LIBRARY\LONG\DAS\runs\das_scanner_appearance_20260628T114046Z\chart_exports\event_day_details_grouped\0123_LOBO_2025-05-13_push63.62_rebreak\05_daily_context.png,das_scanner_appearance:LOBO:2025-05-13T09:00:00+00:00,LOBO,2025-05-13,63.6156,63.6156,57.89473684210525,81.57894736842104,33.8673,53.94736842105262,306.17848970251714,367.10526315789474,306.1785,203.4188,203.4188,rebreak_confirmed,20.979,single_candle_rebreak,2025-05-13 05:02:00 EDT,2025-05-13 05:03:00 EDT,13.5294,green_wick_dip_new_high
124,C:\TSIS_Data\00_CTO\13_TRADING_SYSTEMS\03_STRATEGY_LIBRARY\LONG\DAS\runs\das_scanner_appearance_20260628T114046Z\chart_exports\event_day_details_grouped\0124_EQ_2025-08-11_push63.50_rebreak,C:\TSIS_Data\00_CTO\13_TRADING_SYSTEMS\03_STRATEGY_LIBRARY\LONG\DAS\runs\das_scanner_appearance_20260628T114046Z\chart_exports\event_day_details_grouped\0124_EQ_2025-08-11_push63.50_rebreak\02_three_day_overview.png,C:\TSIS_Data\00_CTO\13_TRADING_SYSTEMS\03_STRATEGY_LIBRARY\LONG\DAS\runs\das_scanner_appearance_20260628T114046Z\chart_exports\event_day_details_grouped\0124_EQ_2025-08-11_push63.50_rebreak\03_event_day_premarket_detail.png,C:\TSIS_Data\00_CTO\13_TRADING_SYSTEMS\03_STRATEGY_LIBRARY\LONG\DAS\runs\das_scanner_appearance_20260628T114046Z\chart_exports\event_day_details_grouped\0124_EQ_2025-08-11_push63.50_rebreak\04_event_day_detail_until_1600_ny.png,C:\TSIS_Data\00_CTO\13_TRADING_SYSTEMS\03_STRATEGY_LIBRARY\LONG\DAS\runs\das_scanner_appearance_20260628T114046Z\chart_exports\event_day_details_grouped\0124_EQ_2025-08-11_push63.50_rebreak\05_daily_context.png,das_scanner_appearance:EQ:2025-08-11T12:32:00+00:00,EQ,2025-08-11,63.4989,63.4989,63.49887594522789,60.00000000000001,44.533,41.44000000000001,147.29204986715715,142.0,147.292,71.0973,71.0973,rebreak_confirmed,12.5,single_candle_rebreak,2025-08-11 08:34:00 EDT,2025-08-11 08:36:00 EDT,0.0133,green_wick_dip_new_high
125,C:\TSIS_Data\00_CTO\13_TRADING_SYSTEMS\03_STRATEGY_LIBRARY\LONG\DAS\runs\das_scanner_appearance_20260628T114046Z\chart_exports\event_day_details_grouped\0125_SGBX_2025-10-10_push62.47_rebreak,C:\TSIS_Data\00_CTO\13_TRADING_SYSTEMS\03_STRATEGY_LIBRARY\LONG\DAS\runs\das_scanner_appearance_20260628T114046Z\chart_exports\event_day_details_grouped\0125_SGBX_2025-10-10_push62.47_rebreak\02_three_day_overview.png,C:\TSIS_Data\00_CTO\13_TRADING_SYSTEMS\03_STRATEGY_LIBRARY\LONG\DAS\runs\das_scanner_appearance_20260628T114046Z\chart_exports\event_day_details_grouped\0125_SGBX_2025-10-10_push62.47_rebreak\03_event_day_premarket_detail.png,C:\TSIS_Data\00_CTO\13_TRADING_SYSTEMS\03_STRATEGY_LIBRARY\LONG\DAS\runs\das_scanner_appearance_20260628T114046Z\chart_exports\event_day_details_grouped\0125_SGBX_2025-10-10_push62.47_rebreak\04_event_day_detail_until_1600_ny.png,C:\TSIS_Data\00_CTO\13_TRADING_SYSTEMS\03_STRATEGY_LIBRARY\LONG\DAS\runs\das_scanner_appearance_20260628T114046Z\chart_exports\event_day_details_grouped\0125_SGBX_2025-10-10_push62.47_rebreak\05_daily_context.png,das_scanner_appearance:SGBX:2025-10-10T08:29:00+00:00,SGBX,2025-10-10,62.4658,62.4658,54.52054794520548,76.24999999999999,33.1507,51.87500000000001,168.49315068493152,206.25,168.4932,101.6461,101.6461,rebreak_confirmed,11.6358,multi_candle_flag_break,2025-10-10 04:38:00 EDT,2025-10-10 04:39:00 EDT,2.5,green_wick_dip_new_high
126,C:\TSIS_Data\00_CTO\13_TRADING_SYSTEMS\03_STRATEGY_LIBRARY\LONG\DAS\runs\das_scanner_appearance_20260628T114046Z\chart_exports\event_day_details_grouped\0126_BTBD_2025-09-03_push61.60_rebreak,C:\TSIS_Data\00_CTO\13_TRADING_SYSTEMS\03_STRATEGY_LIBRARY\LONG\DAS\runs\das_scanner_appearance_20260628T114046Z\chart_exports\event_day_details_grouped\0126_BTBD_2025-09-03_push61.60_rebreak\02_three_day_overview.png,C:\TSIS_Data\00_CTO\13_TRADING_SYSTEMS\03_STRATEGY_LIBRARY\LONG\DAS\runs\das_scanner_appearance_20260628T114046Z\chart_exports\event_day_details_grouped\0126_BTBD_2025-09-03_push61.60_rebreak\03_event_day_premarket_detail.png,C:\TSIS_Data\00_CTO\13_TRADING_SYSTEMS\03_STRATEGY_LIBRARY\LONG\DAS\runs\das_scanner_appearance_20260628T114046Z\chart_exports\event_day_details_grouped\0126_BTBD_2025-09-03_push61.60_rebreak\04_event_day_detail_until_1600_ny.png,C:\TSIS_Data\00_CTO\13_TRADING_SYSTEMS\03_STRATEGY_LIBRARY\LONG\DAS\runs\das_scanner_appearance_20260628T114046Z\chart_exports\event_day_details_grouped\0126_BTBD_2025-09-03_push61.60_rebreak\05_daily_context.png,das_scanner_appearance:BTBD:2025-09-03T12:26:00+00:00,BTBD,2025-09-03,61.6,61.6,55.99999999999999,109.11528150134049,52.4,104.28954423592494,73.99999999999999,133.24396782841822,74.0,14.1732,14.1732,rebreak_confirmed,16.0891,vwap_reclaim_rebreak,2025-09-03 08:54:00 EDT,2025-09-03 08:59:00 EDT,0.5435,green_wick_dip_reactivation
127,C:\TSIS_Data\00_CTO\13_TRADING_SYSTEMS\03_STRATEGY_LIBRARY\LONG\DAS\runs\das_scanner_appearance_20260628T114046Z\chart_exports\event_day_details_grouped\0127_AGFY_2024-11-05_push61.60_rebreak,C:\TSIS_Data\00_CTO\13_TRADING_SYSTEMS\03_STRATEGY_LIBRARY\LONG\DAS\runs\das_scanner_appearance_20260628T114046Z\chart_exports\event_day_details_grouped\0127_AGFY_2024-11-05_push61.60_rebreak\02_three_day_overview.png,C:\TSIS_Data\00_CTO\13_TRADING_SYSTEMS\03_STRATEGY_LIBRARY\LONG\DAS\runs\das_scanner_appearance_20260628T114046Z\chart_exports\event_day_details_grouped\0127_AGFY_2024-11-05_push61.60_rebreak\03_event_day_premarket_detail.png,C:\TSIS_Data\00_CTO\13_TRADING_SYSTEMS\03_STRATEGY_LIBRARY\LONG\DAS\runs\das_scanner_appearance_20260628T114046Z\chart_exports\event_day_details_grouped\0127_AGFY_2024-11-05_push61.60_rebreak\04_event_day_detail_until_1600_ny.png,C:\TSIS_Data\00_CTO\13_TRADING_SYSTEMS\03_STRATEGY_LIBRARY\LONG\DAS\runs\das_scanner_appearance_20260628T114046Z\chart_exports\event_day_details_grouped\0127_AGFY_2024-11-05_push61.60_rebreak\05_daily_context.png,das_scanner_appearance:AGFY:2024-11-05T13:20:00+00:00,AGFY,2024-11-05,61.596,61.596,56.35910224438903,99.68152866242036,43.3915,83.12101910828025,70.07481296758107,117.19745222929936,70.0748,18.6087,18.6087,rebreak_confirmed,16.0494,vwap_reclaim_rebreak,2024-11-05 08:53:00 EST,2024-11-05 08:56:00 EST,1.9608,green_wick_dip_reactivation
128,C:\TSIS_Data\00_CTO\13_TRADING_SYSTEMS\03_STRATEGY_LIBRARY\LONG\DAS\runs\das_scanner_appearance_20260628T114046Z\chart_exports\event_day_details_grouped\0128_REBN_2024-05-08_push61.49_rebreak,C:\TSIS_Data\00_CTO\13_TRADING_SYSTEMS\03_STRATEGY_LIBRARY\LONG\DAS\runs\das_scanner_appearance_20260628T114046Z\chart_exports\event_day_details_grouped\0128_REBN_2024-05-08_push61.49_rebreak\02_three_day_overview.png,C:\TSIS_Data\00_CTO\13_TRADING_SYSTEMS\03_STRATEGY_LIBRARY\LONG\DAS\runs\das_scanner_appearance_20260628T114046Z\chart_exports\event_day_details_grouped\0128_REBN_2024-05-08_push61.49_rebreak\03_event_day_premarket_detail.png,C:\TSIS_Data\00_CTO\13_TRADING_SYSTEMS\03_STRATEGY_LIBRARY\LONG\DAS\runs\das_scanner_appearance_20260628T114046Z\chart_exports\event_day_details_grouped\0128_REBN_2024-05-08_push61.49_rebreak\04_event_day_detail_until_1600_ny.png,C:\TSIS_Data\00_CTO\13_TRADING_SYSTEMS\03_STRATEGY_LIBRARY\LONG\DAS\runs\das_scanner_appearance_20260628T114046Z\chart_exports\event_day_details_grouped\0128_REBN_2024-05-08_push61.49_rebreak\05_daily_context.png,das_scanner_appearance:REBN:2024-05-08T12:33:00+00:00,REBN,2024-05-08,61.4943,61.4943,52.28735632183907,53.167630057803464,39.0805,39.884393063583815,89.6551724137931,90.75144508670519,89.6552,36.3636,36.3636,rebreak_confirmed,7.1174,single_candle_rebreak,2024-05-08 08:37:00 EDT,2024-05-08 08:39:00 EDT,1.083,green_wick_dip_new_high
129,C:\TSIS_Data\00_CTO\13_TRADING_SYSTEMS\03_STRATEGY_LIBRARY\LONG\DAS\runs\das_scanner_appearance_20260628T114046Z\chart_exports\event_day_details_grouped\0129_AIRI_2025-07-10_push61.36_rebreak,C:\TSIS_Data\00_CTO\13_TRADING_SYSTEMS\03_STRATEGY_LIBRARY\LONG\DAS\runs\das_scanner_appearance_20260628T114046Z\chart_exports\event_day_details_grouped\0129_AIRI_2025-07-10_push61.36_rebreak\02_three_day_overview.png,C:\TSIS_Data\00_CTO\13_TRADING_SYSTEMS\03_STRATEGY_LIBRARY\LONG\DAS\runs\das_scanner_appearance_20260628T114046Z\chart_exports\event_day_details_grouped\0129_AIRI_2025-07-10_push61.36_rebreak\03_event_day_premarket_detail.png,C:\TSIS_Data\00_CTO\13_TRADING_SYSTEMS\03_STRATEGY_LIBRARY\LONG\DAS\runs\das_scanner_appearance_20260628T114046Z\chart_exports\event_day_details_grouped\0129_AIRI_2025-07-10_push61.36_rebreak\04_event_day_detail_until_1600_ny.png,C:\TSIS_Data\00_CTO\13_TRADING_SYSTEMS\03_STRATEGY_LIBRARY\LONG\DAS\runs\das_scanner_appearance_20260628T114046Z\chart_exports\event_day_details_grouped\0129_AIRI_2025-07-10_push61.36_rebreak\05_daily_context.png,das_scanner_appearance:AIRI:2025-07-10T11:04:00+00:00,AIRI,2025-07-10,61.3569,61.3569,61.35693215339232,66.00910470409711,39.528,43.550834597875586,71.38643067846606,76.3277693474962,71.3864,22.833,22.833,rebreak_confirmed,15.7221,vwap_reclaim_rebreak,2025-07-10 07:22:00 EDT,2025-07-10 07:25:00 EDT,3.3203,green_wick_dip_new_high
130,C:\TSIS_Data\00_CTO\13_TRADING_SYSTEMS\03_STRATEGY_LIBRARY\LONG\DAS\runs\das_scanner_appearance_20260628T114046Z\chart_exports\event_day_details_grouped\0130_IBO_2025-06-23_push61.02_rebreak,C:\TSIS_Data\00_CTO\13_TRADING_SYSTEMS\03_STRATEGY_LIBRARY\LONG\DAS\runs\das_scanner_appearance_20260628T114046Z\chart_exports\event_day_details_grouped\0130_IBO_2025-06-23_push61.02_rebreak\02_three_day_overview.png,C:\TSIS_Data\00_CTO\13_TRADING_SYSTEMS\03_STRATEGY_LIBRARY\LONG\DAS\runs\das_scanner_appearance_20260628T114046Z\chart_exports\event_day_details_grouped\0130_IBO_2025-06-23_push61.02_rebreak\03_event_day_premarket_detail.png,C:\TSIS_Data\00_CTO\13_TRADING_SYSTEMS\03_STRATEGY_LIBRARY\LONG\DAS\runs\das_scanner_appearance_20260628T114046Z\chart_exports\event_day_details_grouped\0130_IBO_2025-06-23_push61.02_rebreak\04_event_day_detail_until_1600_ny.png,C:\TSIS_Data\00_CTO\13_TRADING_SYSTEMS\03_STRATEGY_LIBRARY\LONG\DAS\runs\das_scanner_appearance_20260628T114046Z\chart_exports\event_day_details_grouped\0130_IBO_2025-06-23_push61.02_rebreak\05_daily_context.png,das_scanner_appearance:IBO:2025-06-23T11:47:00+00:00,IBO,2025-06-23,61.0238,61.0238,58.54761904761906,57.79620853080571,19.0476,18.483412322274887,192.8571428571429,191.46919431279622,192.8571,146.0,146.0,rebreak_confirmed,17.9506,single_candle_rebreak,2025-06-23 07:53:00 EDT,2025-06-23 07:55:00 EDT,7.5099,green_wick_dip_reactivation
131,C:\TSIS_Data\00_CTO\13_TRADING_SYSTEMS\03_STRATEGY_LIBRARY\LONG\DAS\runs\das_scanner_appearance_20260628T114046Z\chart_exports\event_day_details_grouped\0131_MITQ_2024-06-05_push60.67_rebreak,C:\TSIS_Data\00_CTO\13_TRADING_SYSTEMS\03_STRATEGY_LIBRARY\LONG\DAS\runs\das_scanner_appearance_20260628T114046Z\chart_exports\event_day_details_grouped\0131_MITQ_2024-06-05_push60.67_rebreak\02_three_day_overview.png,C:\TSIS_Data\00_CTO\13_TRADING_SYSTEMS\03_STRATEGY_LIBRARY\LONG\DAS\runs\das_scanner_appearance_20260628T114046Z\chart_exports\event_day_details_grouped\0131_MITQ_2024-06-05_push60.67_rebreak\03_event_day_premarket_detail.png,C:\TSIS_Data\00_CTO\13_TRADING_SYSTEMS\03_STRATEGY_LIBRARY\LONG\DAS\runs\das_scanner_appearance_20260628T114046Z\chart_exports\event_day_details_grouped\0131_MITQ_2024-06-05_push60.67_rebreak\04_event_day_detail_until_1600_ny.png,C:\TSIS_Data\00_CTO\13_TRADING_SYSTEMS\03_STRATEGY_LIBRARY\LONG\DAS\runs\das_scanner_appearance_20260628T114046Z\chart_exports\event_day_details_grouped\0131_MITQ_2024-06-05_push60.67_rebreak\05_daily_context.png,das_scanner_appearance:MITQ:2024-06-05T11:03:00+00:00,MITQ,2024-06-05,60.6742,60.6742,50.56179775280899,82.9601310759148,39.3258,69.30638995084651,84.2696629213483,123.92135445111958,84.2697,32.2581,32.2581,rebreak_confirmed,13.986,vwap_reclaim_rebreak,2024-06-05 07:46:00 EDT,2024-06-05 07:47:00 EDT,0.6849,green_wick_dip_new_high
132,C:\TSIS_Data\00_CTO\13_TRADING_SYSTEMS\03_STRATEGY_LIBRARY\LONG\DAS\runs\das_scanner_appearance_20260628T114046Z\chart_exports\event_day_details_grouped\0132_AIHS_2025-09-03_push60.24_rebreak,C:\TSIS_Data\00_CTO\13_TRADING_SYSTEMS\03_STRATEGY_LIBRARY\LONG\DAS\runs\das_scanner_appearance_20260628T114046Z\chart_exports\event_day_details_grouped\0132_AIHS_2025-09-03_push60.24_rebreak\02_three_day_overview.png,C:\TSIS_Data\00_CTO\13_TRADING_SYSTEMS\03_STRATEGY_LIBRARY\LONG\DAS\runs\das_scanner_appearance_20260628T114046Z\chart_exports\event_day_details_grouped\0132_AIHS_2025-09-03_push60.24_rebreak\03_event_day_premarket_detail.png,C:\TSIS_Data\00_CTO\13_TRADING_SYSTEMS\03_STRATEGY_LIBRARY\LONG\DAS\runs\das_scanner_appearance_20260628T114046Z\chart_exports\event_day_details_grouped\0132_AIHS_2025-09-03_push60.24_rebreak\04_event_day_detail_until_1600_ny.png,C:\TSIS_Data\00_CTO\13_TRADING_SYSTEMS\03_STRATEGY_LIBRARY\LONG\DAS\runs\das_scanner_appearance_20260628T114046Z\chart_exports\event_day_details_grouped\0132_AIHS_2025-09-03_push60.24_rebreak\05_daily_context.png,das_scanner_appearance:AIHS:2025-09-03T11:42:00+00:00,AIHS,2025-09-03,60.241,60.241,59.839357429718866,65.83333333333334,34.1365,39.166666666666664,77.51004016064256,84.16666666666667,77.51,32.3353,32.3353,rebreak_confirmed,7.5188,single_candle_rebreak,2025-09-03 07:47:00 EDT,2025-09-03 07:48:00 EDT,0.2481,green_wick_dip_new_high
133,C:\TSIS_Data\00_CTO\13_TRADING_SYSTEMS\03_STRATEGY_LIBRARY\LONG\DAS\runs\das_scanner_appearance_20260628T114046Z\chart_exports\event_day_details_grouped\0133_MOTS_2024-01-30_push60.19_rebreak,C:\TSIS_Data\00_CTO\13_TRADING_SYSTEMS\03_STRATEGY_LIBRARY\LONG\DAS\runs\das_scanner_appearance_20260628T114046Z\chart_exports\event_day_details_grouped\0133_MOTS_2024-01-30_push60.19_rebreak\02_three_day_overview.png,C:\TSIS_Data\00_CTO\13_TRADING_SYSTEMS\03_STRATEGY_LIBRARY\LONG\DAS\runs\das_scanner_appearance_20260628T114046Z\chart_exports\event_day_details_grouped\0133_MOTS_2024-01-30_push60.19_rebreak\03_event_day_premarket_detail.png,C:\TSIS_Data\00_CTO\13_TRADING_SYSTEMS\03_STRATEGY_LIBRARY\LONG\DAS\runs\das_scanner_appearance_20260628T114046Z\chart_exports\event_day_details_grouped\0133_MOTS_2024-01-30_push60.19_rebreak\04_event_day_detail_until_1600_ny.png,C:\TSIS_Data\00_CTO\13_TRADING_SYSTEMS\03_STRATEGY_LIBRARY\LONG\DAS\runs\das_scanner_appearance_20260628T114046Z\chart_exports\event_day_details_grouped\0133_MOTS_2024-01-30_push60.19_rebreak\05_daily_context.png,das_scanner_appearance:MOTS:2024-01-30T13:02:00+00:00,MOTS,2024-01-30,60.1942,60.1942,50.48543689320388,62.16781753504919,54.3689,66.35279347143755,65.04854368932038,77.86147729650554,65.0485,6.9182,6.9182,rebreak_confirmed,12.1212,single_candle_rebreak,2024-01-30 08:04:00 EST,2024-01-30 08:07:00 EST,0.6993,green_wick_dip_reactivation
134,C:\TSIS_Data\00_CTO\13_TRADING_SYSTEMS\03_STRATEGY_LIBRARY\LONG\DAS\runs\das_scanner_appearance_20260628T114046Z\chart_exports\event_day_details_grouped\0134_BKYI_2025-01-10_push59.67_rebreak,C:\TSIS_Data\00_CTO\13_TRADING_SYSTEMS\03_STRATEGY_LIBRARY\LONG\DAS\runs\das_scanner_appearance_20260628T114046Z\chart_exports\event_day_details_grouped\0134_BKYI_2025-01-10_push59.67_rebreak\02_three_day_overview.png,C:\TSIS_Data\00_CTO\13_TRADING_SYSTEMS\03_STRATEGY_LIBRARY\LONG\DAS\runs\das_scanner_appearance_20260628T114046Z\chart_exports\event_day_details_grouped\0134_BKYI_2025-01-10_push59.67_rebreak\03_event_day_premarket_detail.png,C:\TSIS_Data\00_CTO\13_TRADING_SYSTEMS\03_STRATEGY_LIBRARY\LONG\DAS\runs\das_scanner_appearance_20260628T114046Z\chart_exports\event_day_details_grouped\0134_BKYI_2025-01-10_push59.67_rebreak\04_event_day_detail_until_1600_ny.png,C:\TSIS_Data\00_CTO\13_TRADING_SYSTEMS\03_STRATEGY_LIBRARY\LONG\DAS\runs\das_scanner_appearance_20260628T114046Z\chart_exports\event_day_details_grouped\0134_BKYI_2025-01-10_push59.67_rebreak\05_daily_context.png,das_scanner_appearance:BKYI:2025-01-10T13:29:00+00:00,BKYI,2025-01-10,59.6667,59.6667,59.66666666666667,55.351351351351354,25.6944,22.297297297297302,59.66666666666667,55.351351351351354,59.6667,27.0276,27.0276,rebreak_confirmed,30.8455,vwap_reclaim_rebreak,2025-01-10 08:39:00 EST,2025-01-10 08:41:00 EST,1.1236,green_wick_dip_new_high
135,C:\TSIS_Data\00_CTO\13_TRADING_SYSTEMS\03_STRATEGY_LIBRARY\LONG\DAS\runs\das_scanner_appearance_20260628T114046Z\chart_exports\event_day_details_grouped\0135_CETY_2025-11-25_push59.63_rebreak,C:\TSIS_Data\00_CTO\13_TRADING_SYSTEMS\03_STRATEGY_LIBRARY\LONG\DAS\runs\das_scanner_appearance_20260628T114046Z\chart_exports\event_day_details_grouped\0135_CETY_2025-11-25_push59.63_rebreak\02_three_day_overview.png,C:\TSIS_Data\00_CTO\13_TRADING_SYSTEMS\03_STRATEGY_LIBRARY\LONG\DAS\runs\das_scanner_appearance_20260628T114046Z\chart_exports\event_day_details_grouped\0135_CETY_2025-11-25_push59.63_rebreak\03_event_day_premarket_detail.png,C:\TSIS_Data\00_CTO\13_TRADING_SYSTEMS\03_STRATEGY_LIBRARY\LONG\DAS\runs\das_scanner_appearance_20260628T114046Z\chart_exports\event_day_details_grouped\0135_CETY_2025-11-25_push59.63_rebreak\04_event_day_detail_until_1600_ny.png,C:\TSIS_Data\00_CTO\13_TRADING_SYSTEMS\03_STRATEGY_LIBRARY\LONG\DAS\runs\das_scanner_appearance_20260628T114046Z\chart_exports\event_day_details_grouped\0135_CETY_2025-11-25_push59.63_rebreak\05_daily_context.png,das_scanner_appearance:CETY:2025-11-25T14:16:00+00:00,CETY,2025-11-25,59.633,59.633,59.63302752293577,59.70628728774668,43.1193,43.18494722349703,68.80733944954129,68.88480954566317,68.8073,17.9487,17.9487,rebreak_confirmed,9.1954,vwap_reclaim_rebreak,2025-11-25 09:22:00 EST,2025-11-25 09:23:00 EST,2.809,green_wick_dip_new_high
136,C:\TSIS_Data\00_CTO\13_TRADING_SYSTEMS\03_STRATEGY_LIBRARY\LONG\DAS\runs\das_scanner_appearance_20260628T114046Z\chart_exports\event_day_details_grouped\0136_TPET_2025-01-08_push59.38_rebreak,C:\TSIS_Data\00_CTO\13_TRADING_SYSTEMS\03_STRATEGY_LIBRARY\LONG\DAS\runs\das_scanner_appearance_20260628T114046Z\chart_exports\event_day_details_grouped\0136_TPET_2025-01-08_push59.38_rebreak\02_three_day_overview.png,C:\TSIS_Data\00_CTO\13_TRADING_SYSTEMS\03_STRATEGY_LIBRARY\LONG\DAS\runs\das_scanner_appearance_20260628T114046Z\chart_exports\event_day_details_grouped\0136_TPET_2025-01-08_push59.38_rebreak\03_event_day_premarket_detail.png,C:\TSIS_Data\00_CTO\13_TRADING_SYSTEMS\03_STRATEGY_LIBRARY\LONG\DAS\runs\das_scanner_appearance_20260628T114046Z\chart_exports\event_day_details_grouped\0136_TPET_2025-01-08_push59.38_rebreak\04_event_day_detail_until_1600_ny.png,C:\TSIS_Data\00_CTO\13_TRADING_SYSTEMS\03_STRATEGY_LIBRARY\LONG\DAS\runs\das_scanner_appearance_20260628T114046Z\chart_exports\event_day_details_grouped\0136_TPET_2025-01-08_push59.38_rebreak\05_daily_context.png,das_scanner_appearance:TPET:2025-01-08T09:51:00+00:00,TPET,2025-01-08,59.375,59.375,59.375,59.375,51.5625,51.562499999999986,107.03124999999997,107.03124999999997,107.0312,36.5979,36.5979,rebreak_confirmed,14.2157,last_red_high_break,2025-01-08 04:54:00 EST,2025-01-08 04:55:00 EST,0.2421,green_wick_dip_new_high
137,C:\TSIS_Data\00_CTO\13_TRADING_SYSTEMS\03_STRATEGY_LIBRARY\LONG\DAS\runs\das_scanner_appearance_20260628T114046Z\chart_exports\event_day_details_grouped\0137_AZTR_2025-10-20_push58.93_rebreak,C:\TSIS_Data\00_CTO\13_TRADING_SYSTEMS\03_STRATEGY_LIBRARY\LONG\DAS\runs\das_scanner_appearance_20260628T114046Z\chart_exports\event_day_details_grouped\0137_AZTR_2025-10-20_push58.93_rebreak\02_three_day_overview.png,C:\TSIS_Data\00_CTO\13_TRADING_SYSTEMS\03_STRATEGY_LIBRARY\LONG\DAS\runs\das_scanner_appearance_20260628T114046Z\chart_exports\event_day_details_grouped\0137_AZTR_2025-10-20_push58.93_rebreak\03_event_day_premarket_detail.png,C:\TSIS_Data\00_CTO\13_TRADING_SYSTEMS\03_STRATEGY_LIBRARY\LONG\DAS\runs\das_scanner_appearance_20260628T114046Z\chart_exports\event_day_details_grouped\0137_AZTR_2025-10-20_push58.93_rebreak\04_event_day_detail_until_1600_ny.png,C:\TSIS_Data\00_CTO\13_TRADING_SYSTEMS\03_STRATEGY_LIBRARY\LONG\DAS\runs\das_scanner_appearance_20260628T114046Z\chart_exports\event_day_details_grouped\0137_AZTR_2025-10-20_push58.93_rebreak\05_daily_context.png,das_scanner_appearance:AZTR:2025-10-20T12:02:00+00:00,AZTR,2025-10-20,58.9329,58.9329,56.094792110117794,60.11644832605532,51.8377,55.74963609898107,78.79948914431674,83.40611353711789,78.7995,17.757,17.757,rebreak_confirmed,12.5893,vwap_reclaim_rebreak,2025-10-20 08:21:00 EDT,2025-10-20 08:22:00 EDT,4.3478,green_wick_dip_new_high
138,C:\TSIS_Data\00_CTO\13_TRADING_SYSTEMS\03_STRATEGY_LIBRARY\LONG\DAS\runs\das_scanner_appearance_20260628T114046Z\chart_exports\event_day_details_grouped\0138_ZENA_2025-06-05_push58.49_rebreak,C:\TSIS_Data\00_CTO\13_TRADING_SYSTEMS\03_STRATEGY_LIBRARY\LONG\DAS\runs\das_scanner_appearance_20260628T114046Z\chart_exports\event_day_details_grouped\0138_ZENA_2025-06-05_push58.49_rebreak\02_three_day_overview.png,C:\TSIS_Data\00_CTO\13_TRADING_SYSTEMS\03_STRATEGY_LIBRARY\LONG\DAS\runs\das_scanner_appearance_20260628T114046Z\chart_exports\event_day_details_grouped\0138_ZENA_2025-06-05_push58.49_rebreak\03_event_day_premarket_detail.png,C:\TSIS_Data\00_CTO\13_TRADING_SYSTEMS\03_STRATEGY_LIBRARY\LONG\DAS\runs\das_scanner_appearance_20260628T114046Z\chart_exports\event_day_details_grouped\0138_ZENA_2025-06-05_push58.49_rebreak\04_event_day_detail_until_1600_ny.png,C:\TSIS_Data\00_CTO\13_TRADING_SYSTEMS\03_STRATEGY_LIBRARY\LONG\DAS\runs\das_scanner_appearance_20260628T114046Z\chart_exports\event_day_details_grouped\0138_ZENA_2025-06-05_push58.49_rebreak\05_daily_context.png,das_scanner_appearance:ZENA:2025-06-05T12:01:00+00:00,ZENA,2025-06-05,58.4906,58.4906,58.490566037735846,58.99053627760252,40.8805,41.324921135646704,70.44025157232703,70.97791798107255,70.4403,20.9821,20.9821,rebreak_confirmed,13.6905,vwap_reclaim_rebreak,2025-06-05 08:31:00 EDT,2025-06-05 08:32:00 EDT,1.217,green_wick_dip_new_high
139,C:\TSIS_Data\00_CTO\13_TRADING_SYSTEMS\03_STRATEGY_LIBRARY\LONG\DAS\runs\das_scanner_appearance_20260628T114046Z\chart_exports\event_day_details_grouped\0139_ICCM_2025-07-25_push58.38_rebreak,C:\TSIS_Data\00_CTO\13_TRADING_SYSTEMS\03_STRATEGY_LIBRARY\LONG\DAS\runs\das_scanner_appearance_20260628T114046Z\chart_exports\event_day_details_grouped\0139_ICCM_2025-07-25_push58.38_rebreak\02_three_day_overview.png,C:\TSIS_Data\00_CTO\13_TRADING_SYSTEMS\03_STRATEGY_LIBRARY\LONG\DAS\runs\das_scanner_appearance_20260628T114046Z\chart_exports\event_day_details_grouped\0139_ICCM_2025-07-25_push58.38_rebreak\03_event_day_premarket_detail.png,C:\TSIS_Data\00_CTO\13_TRADING_SYSTEMS\03_STRATEGY_LIBRARY\LONG\DAS\runs\das_scanner_appearance_20260628T114046Z\chart_exports\event_day_details_grouped\0139_ICCM_2025-07-25_push58.38_rebreak\04_event_day_detail_until_1600_ny.png,C:\TSIS_Data\00_CTO\13_TRADING_SYSTEMS\03_STRATEGY_LIBRARY\LONG\DAS\runs\das_scanner_appearance_20260628T114046Z\chart_exports\event_day_details_grouped\0139_ICCM_2025-07-25_push58.38_rebreak\05_daily_context.png,das_scanner_appearance:ICCM:2025-07-25T13:01:00+00:00,ICCM,2025-07-25,58.3756,58.3756,58.37563451776651,57.57575757575758,34.0102,33.33333333333334,58.37563451776651,57.57575757575758,58.3756,18.1818,18.1818,rebreak_confirmed,19.2308,vwap_reclaim_rebreak,2025-07-25 09:05:00 EDT,2025-07-25 09:07:00 EDT,0.7752,green_wick_dip_reactivation
140,C:\TSIS_Data\00_CTO\13_TRADING_SYSTEMS\03_STRATEGY_LIBRARY\LONG\DAS\runs\das_scanner_appearance_20260628T114046Z\chart_exports\event_day_details_grouped\0140_KAPA_2025-07-15_push58.28_rebreak,C:\TSIS_Data\00_CTO\13_TRADING_SYSTEMS\03_STRATEGY_LIBRARY\LONG\DAS\runs\das_scanner_appearance_20260628T114046Z\chart_exports\event_day_details_grouped\0140_KAPA_2025-07-15_push58.28_rebreak\02_three_day_overview.png,C:\TSIS_Data\00_CTO\13_TRADING_SYSTEMS\03_STRATEGY_LIBRARY\LONG\DAS\runs\das_scanner_appearance_20260628T114046Z\chart_exports\event_day_details_grouped\0140_KAPA_2025-07-15_push58.28_rebreak\03_event_day_premarket_detail.png,C:\TSIS_Data\00_CTO\13_TRADING_SYSTEMS\03_STRATEGY_LIBRARY\LONG\DAS\runs\das_scanner_appearance_20260628T114046Z\chart_exports\event_day_details_grouped\0140_KAPA_2025-07-15_push58.28_rebreak\04_event_day_detail_until_1600_ny.png,C:\TSIS_Data\00_CTO\13_TRADING_SYSTEMS\03_STRATEGY_LIBRARY\LONG\DAS\runs\das_scanner_appearance_20260628T114046Z\chart_exports\event_day_details_grouped\0140_KAPA_2025-07-15_push58.28_rebreak\05_daily_context.png,das_scanner_appearance:KAPA:2025-07-15T12:01:00+00:00,KAPA,2025-07-15,58.2756,58.2756,58.275550195960214,53.396639883126376,58.2756,53.396639883126376,183.38860416038588,174.65303140978816,183.3886,79.0476,79.0476,rebreak_confirmed,14.2857,vwap_reclaim_rebreak,2025-07-15 08:20:00 EDT,2025-07-15 08:23:00 EDT,1.9132,green_wick_dip_reactivation
141,C:\TSIS_Data\00_CTO\13_TRADING_SYSTEMS\03_STRATEGY_LIBRARY\LONG\DAS\runs\das_scanner_appearance_20260628T114046Z\chart_exports\event_day_details_grouped\0141_MITQ_2025-06-20_push58.13_rebreak,C:\TSIS_Data\00_CTO\13_TRADING_SYSTEMS\03_STRATEGY_LIBRARY\LONG\DAS\runs\das_scanner_appearance_20260628T114046Z\chart_exports\event_day_details_grouped\0141_MITQ_2025-06-20_push58.13_rebreak\02_three_day_overview.png,C:\TSIS_Data\00_CTO\13_TRADING_SYSTEMS\03_STRATEGY_LIBRARY\LONG\DAS\runs\das_scanner_appearance_20260628T114046Z\chart_exports\event_day_details_grouped\0141_MITQ_2025-06-20_push58.13_rebreak\03_event_day_premarket_detail.png,C:\TSIS_Data\00_CTO\13_TRADING_SYSTEMS\03_STRATEGY_LIBRARY\LONG\DAS\runs\das_scanner_appearance_20260628T114046Z\chart_exports\event_day_details_grouped\0141_MITQ_2025-06-20_push58.13_rebreak\04_event_day_detail_until_1600_ny.png,C:\TSIS_Data\00_CTO\13_TRADING_SYSTEMS\03_STRATEGY_LIBRARY\LONG\DAS\runs\das_scanner_appearance_20260628T114046Z\chart_exports\event_day_details_grouped\0141_MITQ_2025-06-20_push58.13_rebreak\05_daily_context.png,das_scanner_appearance:MITQ:2025-06-20T11:54:00+00:00,MITQ,2025-06-20,58.1335,58.1335,54.7869587717785,62.231061290905785,36.2774,42.831314409690826,84.5782301190271,93.4550714156572,84.5782,35.443,35.443,rebreak_confirmed,17.6503,single_candle_rebreak,2025-06-20 07:58:00 EDT,2025-06-20 07:59:00 EDT,4.231,green_wick_dip_new_high
142,C:\TSIS_Data\00_CTO\13_TRADING_SYSTEMS\03_STRATEGY_LIBRARY\LONG\DAS\runs\das_scanner_appearance_20260628T114046Z\chart_exports\event_day_details_grouped\0142_RYDE_2025-10-30_push57.99_rebreak,C:\TSIS_Data\00_CTO\13_TRADING_SYSTEMS\03_STRATEGY_LIBRARY\LONG\DAS\runs\das_scanner_appearance_20260628T114046Z\chart_exports\event_day_details_grouped\0142_RYDE_2025-10-30_push57.99_rebreak\02_three_day_overview.png,C:\TSIS_Data\00_CTO\13_TRADING_SYSTEMS\03_STRATEGY_LIBRARY\LONG\DAS\runs\das_scanner_appearance_20260628T114046Z\chart_exports\event_day_details_grouped\0142_RYDE_2025-10-30_push57.99_rebreak\03_event_day_premarket_detail.png,C:\TSIS_Data\00_CTO\13_TRADING_SYSTEMS\03_STRATEGY_LIBRARY\LONG\DAS\runs\das_scanner_appearance_20260628T114046Z\chart_exports\event_day_details_grouped\0142_RYDE_2025-10-30_push57.99_rebreak\04_event_day_detail_until_1600_ny.png,C:\TSIS_Data\00_CTO\13_TRADING_SYSTEMS\03_STRATEGY_LIBRARY\LONG\DAS\runs\das_scanner_appearance_20260628T114046Z\chart_exports\event_day_details_grouped\0142_RYDE_2025-10-30_push57.99_rebreak\05_daily_context.png,das_scanner_appearance:RYDE:2025-10-30T10:05:00+00:00,RYDE,2025-10-30,57.9892,57.9892,52.60323159784558,63.8080555020235,33.4291,43.22605511659278,57.98922800718132,69.58951628444787,57.9892,18.4069,18.4069,rebreak_confirmed,12.7614,single_candle_rebreak,2025-10-30 06:09:00 EDT,2025-10-30 06:14:00 EDT,4.9147,green_wick_dip_reactivation
143,C:\TSIS_Data\00_CTO\13_TRADING_SYSTEMS\03_STRATEGY_LIBRARY\LONG\DAS\runs\das_scanner_appearance_20260628T114046Z\chart_exports\event_day_details_grouped\0143_DARE_2025-07-14_push57.94_rebreak,C:\TSIS_Data\00_CTO\13_TRADING_SYSTEMS\03_STRATEGY_LIBRARY\LONG\DAS\runs\das_scanner_appearance_20260628T114046Z\chart_exports\event_day_details_grouped\0143_DARE_2025-07-14_push57.94_rebreak\02_three_day_overview.png,C:\TSIS_Data\00_CTO\13_TRADING_SYSTEMS\03_STRATEGY_LIBRARY\LONG\DAS\runs\das_scanner_appearance_20260628T114046Z\chart_exports\event_day_details_grouped\0143_DARE_2025-07-14_push57.94_rebreak\03_event_day_premarket_detail.png,C:\TSIS_Data\00_CTO\13_TRADING_SYSTEMS\03_STRATEGY_LIBRARY\LONG\DAS\runs\das_scanner_appearance_20260628T114046Z\chart_exports\event_day_details_grouped\0143_DARE_2025-07-14_push57.94_rebreak\04_event_day_detail_until_1600_ny.png,C:\TSIS_Data\00_CTO\13_TRADING_SYSTEMS\03_STRATEGY_LIBRARY\LONG\DAS\runs\das_scanner_appearance_20260628T114046Z\chart_exports\event_day_details_grouped\0143_DARE_2025-07-14_push57.94_rebreak\05_daily_context.png,das_scanner_appearance:DARE:2025-07-14T12:02:00+00:00,DARE,2025-07-14,57.9365,57.9365,52.781746031746025,53.38432731763674,39.2857,39.835066332018634,312.69841269841277,314.3261224652405,312.6984,196.2963,196.2963,rebreak_confirmed,27.1357,vwap_reclaim_rebreak,2025-07-14 08:05:00 EDT,2025-07-14 08:06:00 EDT,20.954,green_wick_dip_new_high
144,C:\TSIS_Data\00_CTO\13_TRADING_SYSTEMS\03_STRATEGY_LIBRARY\LONG\DAS\runs\das_scanner_appearance_20260628T114046Z\chart_exports\event_day_details_grouped\0144_BATL_2026-01-26_push56.84_rebreak,C:\TSIS_Data\00_CTO\13_TRADING_SYSTEMS\03_STRATEGY_LIBRARY\LONG\DAS\runs\das_scanner_appearance_20260628T114046Z\chart_exports\event_day_details_grouped\0144_BATL_2026-01-26_push56.84_rebreak\02_three_day_overview.png,C:\TSIS_Data\00_CTO\13_TRADING_SYSTEMS\03_STRATEGY_LIBRARY\LONG\DAS\runs\das_scanner_appearance_20260628T114046Z\chart_exports\event_day_details_grouped\0144_BATL_2026-01-26_push56.84_rebreak\03_event_day_premarket_detail.png,C:\TSIS_Data\00_CTO\13_TRADING_SYSTEMS\03_STRATEGY_LIBRARY\LONG\DAS\runs\das_scanner_appearance_20260628T114046Z\chart_exports\event_day_details_grouped\0144_BATL_2026-01-26_push56.84_rebreak\04_event_day_detail_until_1600_ny.png,C:\TSIS_Data\00_CTO\13_TRADING_SYSTEMS\03_STRATEGY_LIBRARY\LONG\DAS\runs\das_scanner_appearance_20260628T114046Z\chart_exports\event_day_details_grouped\0144_BATL_2026-01-26_push56.84_rebreak\05_daily_context.png,das_scanner_appearance:BATL:2026-01-26T09:01:00+00:00,BATL,2026-01-26,56.8421,56.8421,51.052631578947384,122.48062015503875,50.5263,121.70542635658914,258.94210526315794,428.6744186046511,258.9421,138.458,138.458,rebreak_confirmed,17.1141,vwap_reclaim_rebreak,2026-01-26 04:09:00 EST,2026-01-26 04:10:00 EST,3.69,green_wick_dip_new_high
145,C:\TSIS_Data\00_CTO\13_TRADING_SYSTEMS\03_STRATEGY_LIBRARY\LONG\DAS\runs\das_scanner_appearance_20260628T114046Z\chart_exports\event_day_details_grouped\0145_BATL_2025-06-16_push55.76_rebreak,C:\TSIS_Data\00_CTO\13_TRADING_SYSTEMS\03_STRATEGY_LIBRARY\LONG\DAS\runs\das_scanner_appearance_20260628T114046Z\chart_exports\event_day_details_grouped\0145_BATL_2025-06-16_push55.76_rebreak\02_three_day_overview.png,C:\TSIS_Data\00_CTO\13_TRADING_SYSTEMS\03_STRATEGY_LIBRARY\LONG\DAS\runs\das_scanner_appearance_20260628T114046Z\chart_exports\event_day_details_grouped\0145_BATL_2025-06-16_push55.76_rebreak\03_event_day_premarket_detail.png,C:\TSIS_Data\00_CTO\13_TRADING_SYSTEMS\03_STRATEGY_LIBRARY\LONG\DAS\runs\das_scanner_appearance_20260628T114046Z\chart_exports\event_day_details_grouped\0145_BATL_2025-06-16_push55.76_rebreak\04_event_day_detail_until_1600_ny.png,C:\TSIS_Data\00_CTO\13_TRADING_SYSTEMS\03_STRATEGY_LIBRARY\LONG\DAS\runs\das_scanner_appearance_20260628T114046Z\chart_exports\event_day_details_grouped\0145_BATL_2025-06-16_push55.76_rebreak\05_daily_context.png,das_scanner_appearance:BATL:2025-06-16T08:01:00+00:00,BATL,2025-06-16,55.7621,55.7621,55.76208178438663,155.48780487804882,47.5836,142.07317073170734,123.04832713754648,265.8536585365854,123.0483,51.1335,51.1335,rebreak_confirmed,11.6945,single_candle_rebreak,2025-06-16 04:03:00 EDT,2025-06-16 04:04:00 EDT,0.2114,green_wick_dip_new_high
146,C:\TSIS_Data\00_CTO\13_TRADING_SYSTEMS\03_STRATEGY_LIBRARY\LONG\DAS\runs\das_scanner_appearance_20260628T114046Z\chart_exports\event_day_details_grouped\0146_LBGJ_2026-02-27_push55.53_rebreak,C:\TSIS_Data\00_CTO\13_TRADING_SYSTEMS\03_STRATEGY_LIBRARY\LONG\DAS\runs\das_scanner_appearance_20260628T114046Z\chart_exports\event_day_details_grouped\0146_LBGJ_2026-02-27_push55.53_rebreak\02_three_day_overview.png,C:\TSIS_Data\00_CTO\13_TRADING_SYSTEMS\03_STRATEGY_LIBRARY\LONG\DAS\runs\das_scanner_appearance_20260628T114046Z\chart_exports\event_day_details_grouped\0146_LBGJ_2026-02-27_push55.53_rebreak\03_event_day_premarket_detail.png,C:\TSIS_Data\00_CTO\13_TRADING_SYSTEMS\03_STRATEGY_LIBRARY\LONG\DAS\runs\das_scanner_appearance_20260628T114046Z\chart_exports\event_day_details_grouped\0146_LBGJ_2026-02-27_push55.53_rebreak\04_event_day_detail_until_1600_ny.png,C:\TSIS_Data\00_CTO\13_TRADING_SYSTEMS\03_STRATEGY_LIBRARY\LONG\DAS\runs\das_scanner_appearance_20260628T114046Z\chart_exports\event_day_details_grouped\0146_LBGJ_2026-02-27_push55.53_rebreak\05_daily_context.png,das_scanner_appearance:LBGJ:2026-02-27T14:03:00+00:00,LBGJ,2026-02-27,55.5275,55.5275,55.5275325767129,42.3076923076923,25.0525,14.423076923076913,58.68011769651113,45.192307692307686,58.6801,26.8908,26.8908,rebreak_confirmed,23.6486,single_candle_rebreak,2026-02-27 09:05:00 EST,2026-02-27 09:08:00 EST,0.7841,green_wick_dip_reactivation
147,C:\TSIS_Data\00_CTO\13_TRADING_SYSTEMS\03_STRATEGY_LIBRARY\LONG\DAS\runs\das_scanner_appearance_20260628T114046Z\chart_exports\event_day_details_grouped\0147_QSI_2024-11-20_push55.09_rebreak,C:\TSIS_Data\00_CTO\13_TRADING_SYSTEMS\03_STRATEGY_LIBRARY\LONG\DAS\runs\das_scanner_appearance_20260628T114046Z\chart_exports\event_day_details_grouped\0147_QSI_2024-11-20_push55.09_rebreak\02_three_day_overview.png,C:\TSIS_Data\00_CTO\13_TRADING_SYSTEMS\03_STRATEGY_LIBRARY\LONG\DAS\runs\das_scanner_appearance_20260628T114046Z\chart_exports\event_day_details_grouped\0147_QSI_2024-11-20_push55.09_rebreak\03_event_day_premarket_detail.png,C:\TSIS_Data\00_CTO\13_TRADING_SYSTEMS\03_STRATEGY_LIBRARY\LONG\DAS\runs\das_scanner_appearance_20260628T114046Z\chart_exports\event_day_details_grouped\0147_QSI_2024-11-20_push55.09_rebreak\04_event_day_detail_until_1600_ny.png,C:\TSIS_Data\00_CTO\13_TRADING_SYSTEMS\03_STRATEGY_LIBRARY\LONG\DAS\runs\das_scanner_appearance_20260628T114046Z\chart_exports\event_day_details_grouped\0147_QSI_2024-11-20_push55.09_rebreak\05_daily_context.png,das_scanner_appearance:QSI:2024-11-20T12:01:00+00:00,QSI,2024-11-20,55.0949,55.0949,55.094941295839995,69.97617156473393,30.1348,42.621127879269274,144.9630381214669,168.46703733121527,144.963,88.2379,88.2379,rebreak_confirmed,10.1869,single_candle_rebreak,2024-11-20 07:05:00 EST,2024-11-20 07:09:00 EST,1.8,green_wick_dip_new_high
148,C:\TSIS_Data\00_CTO\13_TRADING_SYSTEMS\03_STRATEGY_LIBRARY\LONG\DAS\runs\das_scanner_appearance_20260628T114046Z\chart_exports\event_day_details_grouped\0148_GSIT_2025-10-20_push54.98_rebreak,C:\TSIS_Data\00_CTO\13_TRADING_SYSTEMS\03_STRATEGY_LIBRARY\LONG\DAS\runs\das_scanner_appearance_20260628T114046Z\chart_exports\event_day_details_grouped\0148_GSIT_2025-10-20_push54.98_rebreak\02_three_day_overview.png,C:\TSIS_Data\00_CTO\13_TRADING_SYSTEMS\03_STRATEGY_LIBRARY\LONG\DAS\runs\das_scanner_appearance_20260628T114046Z\chart_exports\event_day_details_grouped\0148_GSIT_2025-10-20_push54.98_rebreak\03_event_day_premarket_detail.png,C:\TSIS_Data\00_CTO\13_TRADING_SYSTEMS\03_STRATEGY_LIBRARY\LONG\DAS\runs\das_scanner_appearance_20260628T114046Z\chart_exports\event_day_details_grouped\0148_GSIT_2025-10-20_push54.98_rebreak\04_event_day_detail_until_1600_ny.png,C:\TSIS_Data\00_CTO\13_TRADING_SYSTEMS\03_STRATEGY_LIBRARY\LONG\DAS\runs\das_scanner_appearance_20260628T114046Z\chart_exports\event_day_details_grouped\0148_GSIT_2025-10-20_push54.98_rebreak\05_daily_context.png,das_scanner_appearance:GSIT:2025-10-20T13:18:00+00:00,GSIT,2025-10-20,54.9843,54.9843,51.85909980430527,52.455795677799614,34.3933,34.92141453831041,60.46966731898237,61.100196463654214,60.4697,19.403,19.403,rebreak_confirmed,6.3096,single_candle_rebreak,2025-10-20 09:24:00 EDT,2025-10-20 09:26:00 EDT,0.9195,green_wick_dip_reactivation
149,C:\TSIS_Data\00_CTO\13_TRADING_SYSTEMS\03_STRATEGY_LIBRARY\LONG\DAS\runs\das_scanner_appearance_20260628T114046Z\chart_exports\event_day_details_grouped\0149_DRMA_2025-12-24_push54.68_rebreak,C:\TSIS_Data\00_CTO\13_TRADING_SYSTEMS\03_STRATEGY_LIBRARY\LONG\DAS\runs\das_scanner_appearance_20260628T114046Z\chart_exports\event_day_details_grouped\0149_DRMA_2025-12-24_push54.68_rebreak\02_three_day_overview.png,C:\TSIS_Data\00_CTO\13_TRADING_SYSTEMS\03_STRATEGY_LIBRARY\LONG\DAS\runs\das_scanner_appearance_20260628T114046Z\chart_exports\event_day_details_grouped\0149_DRMA_2025-12-24_push54.68_rebreak\03_event_day_premarket_detail.png,C:\TSIS_Data\00_CTO\13_TRADING_SYSTEMS\03_STRATEGY_LIBRARY\LONG\DAS\runs\das_scanner_appearance_20260628T114046Z\chart_exports\event_day_details_grouped\0149_DRMA_2025-12-24_push54.68_rebreak\04_event_day_detail_until_1600_ny.png,C:\TSIS_Data\00_CTO\13_TRADING_SYSTEMS\03_STRATEGY_LIBRARY\LONG\DAS\runs\das_scanner_appearance_20260628T114046Z\chart_exports\event_day_details_grouped\0149_DRMA_2025-12-24_push54.68_rebreak\05_daily_context.png,das_scanner_appearance:DRMA:2025-12-24T13:01:00+00:00,DRMA,2025-12-24,54.6798,54.6798,54.679802955665046,57.00000000000001,43.3498,45.50000000000001,66.00985221674878,68.5,66.0099,15.8076,15.8076,rebreak_confirmed,12.1019,single_candle_rebreak,2025-12-24 08:03:00 EST,2025-12-24 08:04:00 EST,3.9899,green_wick_dip_new_high
150,C:\TSIS_Data\00_CTO\13_TRADING_SYSTEMS\03_STRATEGY_LIBRARY\LONG\DAS\runs\das_scanner_appearance_20260628T114046Z\chart_exports\event_day_details_grouped\0150_EVTV_2026-01-06_push54.33_rebreak,C:\TSIS_Data\00_CTO\13_TRADING_SYSTEMS\03_STRATEGY_LIBRARY\LONG\DAS\runs\das_scanner_appearance_20260628T114046Z\chart_exports\event_day_details_grouped\0150_EVTV_2026-01-06_push54.33_rebreak\02_three_day_overview.png,C:\TSIS_Data\00_CTO\13_TRADING_SYSTEMS\03_STRATEGY_LIBRARY\LONG\DAS\runs\das_scanner_appearance_20260628T114046Z\chart_exports\event_day_details_grouped\0150_EVTV_2026-01-06_push54.33_rebreak\03_event_day_premarket_detail.png,C:\TSIS_Data\00_CTO\13_TRADING_SYSTEMS\03_STRATEGY_LIBRARY\LONG\DAS\runs\das_scanner_appearance_20260628T114046Z\chart_exports\event_day_details_grouped\0150_EVTV_2026-01-06_push54.33_rebreak\04_event_day_detail_until_1600_ny.png,C:\TSIS_Data\00_CTO\13_TRADING_SYSTEMS\03_STRATEGY_LIBRARY\LONG\DAS\runs\das_scanner_appearance_20260628T114046Z\chart_exports\event_day_details_grouped\0150_EVTV_2026-01-06_push54.33_rebreak\05_daily_context.png,das_scanner_appearance:EVTV:2026-01-06T12:00:00+00:00,EVTV,2026-01-06,54.3291,54.3291,54.32906094690034,53.008298755186715,39.1839,37.99273858921162,92.28354695265499,90.63796680497926,92.2835,38.1507,38.1507,rebreak_confirmed,12.3559,single_candle_rebreak,2026-01-06 07:02:00 EST,2026-01-06 07:03:00 EST,1.253,green_wick_dip_new_high
151,C:\TSIS_Data\00_CTO\13_TRADING_SYSTEMS\03_STRATEGY_LIBRARY\LONG\DAS\runs\das_scanner_appearance_20260628T114046Z\chart_exports\event_day_details_grouped\0151_GPUS_2025-07-01_push54.29_rebreak,C:\TSIS_Data\00_CTO\13_TRADING_SYSTEMS\03_STRATEGY_LIBRARY\LONG\DAS\runs\das_scanner_appearance_20260628T114046Z\chart_exports\event_day_details_grouped\0151_GPUS_2025-07-01_push54.29_rebreak\02_three_day_overview.png,C:\TSIS_Data\00_CTO\13_TRADING_SYSTEMS\03_STRATEGY_LIBRARY\LONG\DAS\runs\das_scanner_appearance_20260628T114046Z\chart_exports\event_day_details_grouped\0151_GPUS_2025-07-01_push54.29_rebreak\03_event_day_premarket_detail.png,C:\TSIS_Data\00_CTO\13_TRADING_SYSTEMS\03_STRATEGY_LIBRARY\LONG\DAS\runs\das_scanner_appearance_20260628T114046Z\chart_exports\event_day_details_grouped\0151_GPUS_2025-07-01_push54.29_rebreak\04_event_day_detail_until_1600_ny.png,C:\TSIS_Data\00_CTO\13_TRADING_SYSTEMS\03_STRATEGY_LIBRARY\LONG\DAS\runs\das_scanner_appearance_20260628T114046Z\chart_exports\event_day_details_grouped\0151_GPUS_2025-07-01_push54.29_rebreak\05_daily_context.png,das_scanner_appearance:GPUS:2025-07-01T10:32:00+00:00,GPUS,2025-07-01,54.2857,54.2857,54.285714285714306,55.39568345323743,33.5714,34.532374100719444,140.71428571428575,142.44604316546764,140.7143,80.2139,80.2139,rebreak_confirmed,23.6111,single_candle_rebreak,2025-07-01 06:34:00 EDT,2025-07-01 06:36:00 EDT,5.5,green_wick_dip_reactivation
152,C:\TSIS_Data\00_CTO\13_TRADING_SYSTEMS\03_STRATEGY_LIBRARY\LONG\DAS\runs\das_scanner_appearance_20260628T114046Z\chart_exports\event_day_details_grouped\0152_PHIO_2025-11-03_push54.19_rebreak,C:\TSIS_Data\00_CTO\13_TRADING_SYSTEMS\03_STRATEGY_LIBRARY\LONG\DAS\runs\das_scanner_appearance_20260628T114046Z\chart_exports\event_day_details_grouped\0152_PHIO_2025-11-03_push54.19_rebreak\02_three_day_overview.png,C:\TSIS_Data\00_CTO\13_TRADING_SYSTEMS\03_STRATEGY_LIBRARY\LONG\DAS\runs\das_scanner_appearance_20260628T114046Z\chart_exports\event_day_details_grouped\0152_PHIO_2025-11-03_push54.19_rebreak\03_event_day_premarket_detail.png,C:\TSIS_Data\00_CTO\13_TRADING_SYSTEMS\03_STRATEGY_LIBRARY\LONG\DAS\runs\das_scanner_appearance_20260628T114046Z\chart_exports\event_day_details_grouped\0152_PHIO_2025-11-03_push54.19_rebreak\04_event_day_detail_until_1600_ny.png,C:\TSIS_Data\00_CTO\13_TRADING_SYSTEMS\03_STRATEGY_LIBRARY\LONG\DAS\runs\das_scanner_appearance_20260628T114046Z\chart_exports\event_day_details_grouped\0152_PHIO_2025-11-03_push54.19_rebreak\05_daily_context.png,das_scanner_appearance:PHIO:2025-11-03T12:47:00+00:00,PHIO,2025-11-03,54.1872,54.1872,54.18719211822661,54.79723046488626,35.468,36.00395647873394,133.99014778325125,134.91592482690407,133.9901,72.7273,72.7273,rebreak_confirmed,15.9744,vwap_reclaim_rebreak,2025-11-03 07:57:00 EST,2025-11-03 07:59:00 EST,2.8986,green_wick_dip_new_high
153,C:\TSIS_Data\00_CTO\13_TRADING_SYSTEMS\03_STRATEGY_LIBRARY\LONG\DAS\runs\das_scanner_appearance_20260628T114046Z\chart_exports\event_day_details_grouped\0153_VRME_2026-02-12_push54.17_rebreak,C:\TSIS_Data\00_CTO\13_TRADING_SYSTEMS\03_STRATEGY_LIBRARY\LONG\DAS\runs\das_scanner_appearance_20260628T114046Z\chart_exports\event_day_details_grouped\0153_VRME_2026-02-12_push54.17_rebreak\02_three_day_overview.png,C:\TSIS_Data\00_CTO\13_TRADING_SYSTEMS\03_STRATEGY_LIBRARY\LONG\DAS\runs\das_scanner_appearance_20260628T114046Z\chart_exports\event_day_details_grouped\0153_VRME_2026-02-12_push54.17_rebreak\03_event_day_premarket_detail.png,C:\TSIS_Data\00_CTO\13_TRADING_SYSTEMS\03_STRATEGY_LIBRARY\LONG\DAS\runs\das_scanner_appearance_20260628T114046Z\chart_exports\event_day_details_grouped\0153_VRME_2026-02-12_push54.17_rebreak\04_event_day_detail_until_1600_ny.png,C:\TSIS_Data\00_CTO\13_TRADING_SYSTEMS\03_STRATEGY_LIBRARY\LONG\DAS\runs\das_scanner_appearance_20260628T114046Z\chart_exports\event_day_details_grouped\0153_VRME_2026-02-12_push54.17_rebreak\05_daily_context.png,das_scanner_appearance:VRME:2026-02-12T13:05:00+00:00,VRME,2026-02-12,54.1652,54.1652,54.165164082221416,54.054054054054035,17.9679,17.88288288288287,54.165164082221416,54.054054054054035,54.1652,30.684,30.684,rebreak_confirmed,29.2398,vwap_reclaim_rebreak,2026-02-12 08:17:00 EST,2026-02-12 08:19:00 EST,2.2851,green_wick_dip_reactivation
154,C:\TSIS_Data\00_CTO\13_TRADING_SYSTEMS\03_STRATEGY_LIBRARY\LONG\DAS\runs\das_scanner_appearance_20260628T114046Z\chart_exports\event_day_details_grouped\0154_NKGN_2025-02-21_push54.02_rebreak,C:\TSIS_Data\00_CTO\13_TRADING_SYSTEMS\03_STRATEGY_LIBRARY\LONG\DAS\runs\das_scanner_appearance_20260628T114046Z\chart_exports\event_day_details_grouped\0154_NKGN_2025-02-21_push54.02_rebreak\02_three_day_overview.png,C:\TSIS_Data\00_CTO\13_TRADING_SYSTEMS\03_STRATEGY_LIBRARY\LONG\DAS\runs\das_scanner_appearance_20260628T114046Z\chart_exports\event_day_details_grouped\0154_NKGN_2025-02-21_push54.02_rebreak\03_event_day_premarket_detail.png,C:\TSIS_Data\00_CTO\13_TRADING_SYSTEMS\03_STRATEGY_LIBRARY\LONG\DAS\runs\das_scanner_appearance_20260628T114046Z\chart_exports\event_day_details_grouped\0154_NKGN_2025-02-21_push54.02_rebreak\04_event_day_detail_until_1600_ny.png,C:\TSIS_Data\00_CTO\13_TRADING_SYSTEMS\03_STRATEGY_LIBRARY\LONG\DAS\runs\das_scanner_appearance_20260628T114046Z\chart_exports\event_day_details_grouped\0154_NKGN_2025-02-21_push54.02_rebreak\05_daily_context.png,das_scanner_appearance:NKGN:2025-02-21T13:02:00+00:00,NKGN,2025-02-21,54.0179,54.0179,54.01785714285713,52.01586252478517,38.4152,36.61599471249173,54.01785714285713,52.01586252478517,54.0179,11.2724,11.2724,rebreak_confirmed,13.0435,vwap_reclaim_rebreak,2025-02-21 08:09:00 EST,2025-02-21 08:13:00 EST,0.8244,green_wick_dip_reactivation
155,C:\TSIS_Data\00_CTO\13_TRADING_SYSTEMS\03_STRATEGY_LIBRARY\LONG\DAS\runs\das_scanner_appearance_20260628T114046Z\chart_exports\event_day_details_grouped\0155_GV_2025-03-05_push53.85_rebreak,C:\TSIS_Data\00_CTO\13_TRADING_SYSTEMS\03_STRATEGY_LIBRARY\LONG\DAS\runs\das_scanner_appearance_20260628T114046Z\chart_exports\event_day_details_grouped\0155_GV_2025-03-05_push53.85_rebreak\02_three_day_overview.png,C:\TSIS_Data\00_CTO\13_TRADING_SYSTEMS\03_STRATEGY_LIBRARY\LONG\DAS\runs\das_scanner_appearance_20260628T114046Z\chart_exports\event_day_details_grouped\0155_GV_2025-03-05_push53.85_rebreak\03_event_day_premarket_detail.png,C:\TSIS_Data\00_CTO\13_TRADING_SYSTEMS\03_STRATEGY_LIBRARY\LONG\DAS\runs\das_scanner_appearance_20260628T114046Z\chart_exports\event_day_details_grouped\0155_GV_2025-03-05_push53.85_rebreak\04_event_day_detail_until_1600_ny.png,C:\TSIS_Data\00_CTO\13_TRADING_SYSTEMS\03_STRATEGY_LIBRARY\LONG\DAS\runs\das_scanner_appearance_20260628T114046Z\chart_exports\event_day_details_grouped\0155_GV_2025-03-05_push53.85_rebreak\05_daily_context.png,das_scanner_appearance:GV:2025-03-05T14:01:00+00:00,GV,2025-03-05,53.8462,53.8462,53.84615384615385,55.03875968992248,40.0,41.08527131782946,80.76923076923077,82.17054263565892,80.7692,29.1209,29.1209,rebreak_confirmed,14.0,vwap_reclaim_rebreak,2025-03-05 09:04:00 EST,2025-03-05 09:06:00 EST,1.6931,green_wick_dip_new_high
156,C:\TSIS_Data\00_CTO\13_TRADING_SYSTEMS\03_STRATEGY_LIBRARY\LONG\DAS\runs\das_scanner_appearance_20260628T114046Z\chart_exports\event_day_details_grouped\0156_LAES_2024-12-16_push53.85_rebreak,C:\TSIS_Data\00_CTO\13_TRADING_SYSTEMS\03_STRATEGY_LIBRARY\LONG\DAS\runs\das_scanner_appearance_20260628T114046Z\chart_exports\event_day_details_grouped\0156_LAES_2024-12-16_push53.85_rebreak\02_three_day_overview.png,C:\TSIS_Data\00_CTO\13_TRADING_SYSTEMS\03_STRATEGY_LIBRARY\LONG\DAS\runs\das_scanner_appearance_20260628T114046Z\chart_exports\event_day_details_grouped\0156_LAES_2024-12-16_push53.85_rebreak\03_event_day_premarket_detail.png,C:\TSIS_Data\00_CTO\13_TRADING_SYSTEMS\03_STRATEGY_LIBRARY\LONG\DAS\runs\das_scanner_appearance_20260628T114046Z\chart_exports\event_day_details_grouped\0156_LAES_2024-12-16_push53.85_rebreak\04_event_day_detail_until_1600_ny.png,C:\TSIS_Data\00_CTO\13_TRADING_SYSTEMS\03_STRATEGY_LIBRARY\LONG\DAS\runs\das_scanner_appearance_20260628T114046Z\chart_exports\event_day_details_grouped\0156_LAES_2024-12-16_push53.85_rebreak\05_daily_context.png,das_scanner_appearance:LAES:2024-12-16T09:00:00+00:00,LAES,2024-12-16,53.8462,53.8462,53.846153846153854,71.91977077363896,43.0769,59.88538681948423,53.846153846153854,71.91977077363896,53.8462,7.5269,7.5269,rebreak_confirmed,19.0,vwap_reclaim_rebreak,2024-12-16 04:43:00 EST,2024-12-16 04:44:00 EST,1.5326,green_wick_dip_new_high
157,C:\TSIS_Data\00_CTO\13_TRADING_SYSTEMS\03_STRATEGY_LIBRARY\LONG\DAS\runs\das_scanner_appearance_20260628T114046Z\chart_exports\event_day_details_grouped\0157_ICON_2026-01-20_push53.85_rebreak,C:\TSIS_Data\00_CTO\13_TRADING_SYSTEMS\03_STRATEGY_LIBRARY\LONG\DAS\runs\das_scanner_appearance_20260628T114046Z\chart_exports\event_day_details_grouped\0157_ICON_2026-01-20_push53.85_rebreak\02_three_day_overview.png,C:\TSIS_Data\00_CTO\13_TRADING_SYSTEMS\03_STRATEGY_LIBRARY\LONG\DAS\runs\das_scanner_appearance_20260628T114046Z\chart_exports\event_day_details_grouped\0157_ICON_2026-01-20_push53.85_rebreak\03_event_day_premarket_detail.png,C:\TSIS_Data\00_CTO\13_TRADING_SYSTEMS\03_STRATEGY_LIBRARY\LONG\DAS\runs\das_scanner_appearance_20260628T114046Z\chart_exports\event_day_details_grouped\0157_ICON_2026-01-20_push53.85_rebreak\04_event_day_detail_until_1600_ny.png,C:\TSIS_Data\00_CTO\13_TRADING_SYSTEMS\03_STRATEGY_LIBRARY\LONG\DAS\runs\das_scanner_appearance_20260628T114046Z\chart_exports\event_day_details_grouped\0157_ICON_2026-01-20_push53.85_rebreak\05_daily_context.png,das_scanner_appearance:ICON:2026-01-20T09:02:00+00:00,ICON,2026-01-20,53.8462,53.8462,52.36686390532546,163.09067688378033,33.432,130.39591315453382,82.54437869822485,215.19795657726695,82.5444,36.8071,36.8071,rebreak_confirmed,20.8654,single_candle_rebreak,2026-01-20 04:04:00 EST,2026-01-20 04:07:00 EST,0.4556,green_wick_dip_reactivation
158,C:\TSIS_Data\00_CTO\13_TRADING_SYSTEMS\03_STRATEGY_LIBRARY\LONG\DAS\runs\das_scanner_appearance_20260628T114046Z\chart_exports\event_day_details_grouped\0158_STI_2025-10-13_push53.70_rebreak,C:\TSIS_Data\00_CTO\13_TRADING_SYSTEMS\03_STRATEGY_LIBRARY\LONG\DAS\runs\das_scanner_appearance_20260628T114046Z\chart_exports\event_day_details_grouped\0158_STI_2025-10-13_push53.70_rebreak\02_three_day_overview.png,C:\TSIS_Data\00_CTO\13_TRADING_SYSTEMS\03_STRATEGY_LIBRARY\LONG\DAS\runs\das_scanner_appearance_20260628T114046Z\chart_exports\event_day_details_grouped\0158_STI_2025-10-13_push53.70_rebreak\03_event_day_premarket_detail.png,C:\TSIS_Data\00_CTO\13_TRADING_SYSTEMS\03_STRATEGY_LIBRARY\LONG\DAS\runs\das_scanner_appearance_20260628T114046Z\chart_exports\event_day_details_grouped\0158_STI_2025-10-13_push53.70_rebreak\04_event_day_detail_until_1600_ny.png,C:\TSIS_Data\00_CTO\13_TRADING_SYSTEMS\03_STRATEGY_LIBRARY\LONG\DAS\runs\das_scanner_appearance_20260628T114046Z\chart_exports\event_day_details_grouped\0158_STI_2025-10-13_push53.70_rebreak\05_daily_context.png,das_scanner_appearance:STI:2025-10-13T10:04:00+00:00,STI,2025-10-13,53.6972,53.6972,53.69718309859156,55.89285714285715,40.1408,42.142857142857146,137.85211267605635,141.25,137.8521,69.7236,69.7236,rebreak_confirmed,18.6712,single_candle_rebreak,2025-10-13 06:06:00 EDT,2025-10-13 06:07:00 EDT,3.6655,green_wick_dip_new_high
159,C:\TSIS_Data\00_CTO\13_TRADING_SYSTEMS\03_STRATEGY_LIBRARY\LONG\DAS\runs\das_scanner_appearance_20260628T114046Z\chart_exports\event_day_details_grouped\0159_ALBT_2026-02-26_push53.52_rebreak,C:\TSIS_Data\00_CTO\13_TRADING_SYSTEMS\03_STRATEGY_LIBRARY\LONG\DAS\runs\das_scanner_appearance_20260628T114046Z\chart_exports\event_day_details_grouped\0159_ALBT_2026-02-26_push53.52_rebreak\02_three_day_overview.png,C:\TSIS_Data\00_CTO\13_TRADING_SYSTEMS\03_STRATEGY_LIBRARY\LONG\DAS\runs\das_scanner_appearance_20260628T114046Z\chart_exports\event_day_details_grouped\0159_ALBT_2026-02-26_push53.52_rebreak\03_event_day_premarket_detail.png,C:\TSIS_Data\00_CTO\13_TRADING_SYSTEMS\03_STRATEGY_LIBRARY\LONG\DAS\runs\das_scanner_appearance_20260628T114046Z\chart_exports\event_day_details_grouped\0159_ALBT_2026-02-26_push53.52_rebreak\04_event_day_detail_until_1600_ny.png,C:\TSIS_Data\00_CTO\13_TRADING_SYSTEMS\03_STRATEGY_LIBRARY\LONG\DAS\runs\das_scanner_appearance_20260628T114046Z\chart_exports\event_day_details_grouped\0159_ALBT_2026-02-26_push53.52_rebreak\05_daily_context.png,das_scanner_appearance:ALBT:2026-02-26T13:01:00+00:00,ALBT,2026-02-26,53.5152,53.5152,53.515151515151516,44.74285714285714,44.3434,36.09523809523809,172.72727272727275,157.14285714285714,172.7273,88.9433,88.9433,rebreak_confirmed,10.5145,vwap_reclaim_rebreak,2026-02-26 08:04:00 EST,2026-02-26 08:06:00 EST,0.3763,green_wick_dip_new_high
160,C:\TSIS_Data\00_CTO\13_TRADING_SYSTEMS\03_STRATEGY_LIBRARY\LONG\DAS\runs\das_scanner_appearance_20260628T114046Z\chart_exports\event_day_details_grouped\0160_VERO_2025-11-10_push53.30_rebreak,C:\TSIS_Data\00_CTO\13_TRADING_SYSTEMS\03_STRATEGY_LIBRARY\LONG\DAS\runs\das_scanner_appearance_20260628T114046Z\chart_exports\event_day_details_grouped\0160_VERO_2025-11-10_push53.30_rebreak\02_three_day_overview.png,C:\TSIS_Data\00_CTO\13_TRADING_SYSTEMS\03_STRATEGY_LIBRARY\LONG\DAS\runs\das_scanner_appearance_20260628T114046Z\chart_exports\event_day_details_grouped\0160_VERO_2025-11-10_push53.30_rebreak\03_event_day_premarket_detail.png,C:\TSIS_Data\00_CTO\13_TRADING_SYSTEMS\03_STRATEGY_LIBRARY\LONG\DAS\runs\das_scanner_appearance_20260628T114046Z\chart_exports\event_day_details_grouped\0160_VERO_2025-11-10_push53.30_rebreak\04_event_day_detail_until_1600_ny.png,C:\TSIS_Data\00_CTO\13_TRADING_SYSTEMS\03_STRATEGY_LIBRARY\LONG\DAS\runs\das_scanner_appearance_20260628T114046Z\chart_exports\event_day_details_grouped\0160_VERO_2025-11-10_push53.30_rebreak\05_daily_context.png,das_scanner_appearance:VERO:2025-11-10T12:33:00+00:00,VERO,2025-11-10,53.304,53.304,53.30396475770925,81.25000000000001,39.6916,65.15625,59.91189427312775,89.0625,59.9119,14.4749,14.4749,rebreak_confirmed,22.1264,vwap_reclaim_rebreak,2025-11-10 07:38:00 EST,2025-11-10 07:41:00 EST,4.878,green_wick_dip_reactivation
161,C:\TSIS_Data\00_CTO\13_TRADING_SYSTEMS\03_STRATEGY_LIBRARY\LONG\DAS\runs\das_scanner_appearance_20260628T114046Z\chart_exports\event_day_details_grouped\0161_APCX_2024-12-19_push53.25_rebreak,C:\TSIS_Data\00_CTO\13_TRADING_SYSTEMS\03_STRATEGY_LIBRARY\LONG\DAS\runs\das_scanner_appearance_20260628T114046Z\chart_exports\event_day_details_grouped\0161_APCX_2024-12-19_push53.25_rebreak\02_three_day_overview.png,C:\TSIS_Data\00_CTO\13_TRADING_SYSTEMS\03_STRATEGY_LIBRARY\LONG\DAS\runs\das_scanner_appearance_20260628T114046Z\chart_exports\event_day_details_grouped\0161_APCX_2024-12-19_push53.25_rebreak\03_event_day_premarket_detail.png,C:\TSIS_Data\00_CTO\13_TRADING_SYSTEMS\03_STRATEGY_LIBRARY\LONG\DAS\runs\das_scanner_appearance_20260628T114046Z\chart_exports\event_day_details_grouped\0161_APCX_2024-12-19_push53.25_rebreak\04_event_day_detail_until_1600_ny.png,C:\TSIS_Data\00_CTO\13_TRADING_SYSTEMS\03_STRATEGY_LIBRARY\LONG\DAS\runs\das_scanner_appearance_20260628T114046Z\chart_exports\event_day_details_grouped\0161_APCX_2024-12-19_push53.25_rebreak\05_daily_context.png,das_scanner_appearance:APCX:2024-12-19T09:01:00+00:00,APCX,2024-12-19,53.2545,53.2545,53.25454545454544,115.96208045093519,38.1818,94.72200871124777,158.18181818181816,263.82270048680505,158.1818,86.8421,86.8421,rebreak_confirmed,13.3942,single_candle_rebreak,2024-12-19 04:05:00 EST,2024-12-19 04:09:00 EST,4.8886,green_wick_dip_reactivation
162,C:\TSIS_Data\00_CTO\13_TRADING_SYSTEMS\03_STRATEGY_LIBRARY\LONG\DAS\runs\das_scanner_appearance_20260628T114046Z\chart_exports\event_day_details_grouped\0162_QLGN_2025-09-22_push53.21_rebreak,C:\TSIS_Data\00_CTO\13_TRADING_SYSTEMS\03_STRATEGY_LIBRARY\LONG\DAS\runs\das_scanner_appearance_20260628T114046Z\chart_exports\event_day_details_grouped\0162_QLGN_2025-09-22_push53.21_rebreak\02_three_day_overview.png,C:\TSIS_Data\00_CTO\13_TRADING_SYSTEMS\03_STRATEGY_LIBRARY\LONG\DAS\runs\das_scanner_appearance_20260628T114046Z\chart_exports\event_day_details_grouped\0162_QLGN_2025-09-22_push53.21_rebreak\03_event_day_premarket_detail.png,C:\TSIS_Data\00_CTO\13_TRADING_SYSTEMS\03_STRATEGY_LIBRARY\LONG\DAS\runs\das_scanner_appearance_20260628T114046Z\chart_exports\event_day_details_grouped\0162_QLGN_2025-09-22_push53.21_rebreak\04_event_day_detail_until_1600_ny.png,C:\TSIS_Data\00_CTO\13_TRADING_SYSTEMS\03_STRATEGY_LIBRARY\LONG\DAS\runs\das_scanner_appearance_20260628T114046Z\chart_exports\event_day_details_grouped\0162_QLGN_2025-09-22_push53.21_rebreak\05_daily_context.png,das_scanner_appearance:QLGN:2025-09-22T08:01:00+00:00,QLGN,2025-09-22,53.211,53.211,52.90519877675841,244.82758620689654,52.1407,243.10344827586206,103.36391437308869,358.62068965517244,103.3639,33.6683,33.6683,rebreak_confirmed,14.5709,single_candle_rebreak,2025-09-22 04:04:00 EDT,2025-09-22 04:07:00 EDT,1.8244,green_wick_dip_new_high
163,C:\TSIS_Data\00_CTO\13_TRADING_SYSTEMS\03_STRATEGY_LIBRARY\LONG\DAS\runs\das_scanner_appearance_20260628T114046Z\chart_exports\event_day_details_grouped\0163_SSKN_2025-09-02_push53.15_rebreak,C:\TSIS_Data\00_CTO\13_TRADING_SYSTEMS\03_STRATEGY_LIBRARY\LONG\DAS\runs\das_scanner_appearance_20260628T114046Z\chart_exports\event_day_details_grouped\0163_SSKN_2025-09-02_push53.15_rebreak\02_three_day_overview.png,C:\TSIS_Data\00_CTO\13_TRADING_SYSTEMS\03_STRATEGY_LIBRARY\LONG\DAS\runs\das_scanner_appearance_20260628T114046Z\chart_exports\event_day_details_grouped\0163_SSKN_2025-09-02_push53.15_rebreak\03_event_day_premarket_detail.png,C:\TSIS_Data\00_CTO\13_TRADING_SYSTEMS\03_STRATEGY_LIBRARY\LONG\DAS\runs\das_scanner_appearance_20260628T114046Z\chart_exports\event_day_details_grouped\0163_SSKN_2025-09-02_push53.15_rebreak\04_event_day_detail_until_1600_ny.png,C:\TSIS_Data\00_CTO\13_TRADING_SYSTEMS\03_STRATEGY_LIBRARY\LONG\DAS\runs\das_scanner_appearance_20260628T114046Z\chart_exports\event_day_details_grouped\0163_SSKN_2025-09-02_push53.15_rebreak\05_daily_context.png,das_scanner_appearance:SSKN:2025-09-02T12:06:00+00:00,SSKN,2025-09-02,53.1496,53.1496,53.14960629921261,,29.1339,,77.55905511811022,,77.5591,37.5,37.5,rebreak_confirmed,16.1954,vwap_reclaim_rebreak,2025-09-02 08:17:00 EDT,2025-09-02 08:18:00 EDT,3.183,green_wick_dip_new_high
164,C:\TSIS_Data\00_CTO\13_TRADING_SYSTEMS\03_STRATEGY_LIBRARY\LONG\DAS\runs\das_scanner_appearance_20260628T114046Z\chart_exports\event_day_details_grouped\0164_PTIX_2025-08-21_push52.75_rebreak,C:\TSIS_Data\00_CTO\13_TRADING_SYSTEMS\03_STRATEGY_LIBRARY\LONG\DAS\runs\das_scanner_appearance_20260628T114046Z\chart_exports\event_day_details_grouped\0164_PTIX_2025-08-21_push52.75_rebreak\02_three_day_overview.png,C:\TSIS_Data\00_CTO\13_TRADING_SYSTEMS\03_STRATEGY_LIBRARY\LONG\DAS\runs\das_scanner_appearance_20260628T114046Z\chart_exports\event_day_details_grouped\0164_PTIX_2025-08-21_push52.75_rebreak\03_event_day_premarket_detail.png,C:\TSIS_Data\00_CTO\13_TRADING_SYSTEMS\03_STRATEGY_LIBRARY\LONG\DAS\runs\das_scanner_appearance_20260628T114046Z\chart_exports\event_day_details_grouped\0164_PTIX_2025-08-21_push52.75_rebreak\04_event_day_detail_until_1600_ny.png,C:\TSIS_Data\00_CTO\13_TRADING_SYSTEMS\03_STRATEGY_LIBRARY\LONG\DAS\runs\das_scanner_appearance_20260628T114046Z\chart_exports\event_day_details_grouped\0164_PTIX_2025-08-21_push52.75_rebreak\05_daily_context.png,das_scanner_appearance:PTIX:2025-08-21T12:13:00+00:00,PTIX,2025-08-21,52.7469,52.7469,52.74687660448399,57.26872246696034,47.6382,52.008810572687224,81.41365736779052,86.784140969163,81.4137,22.8772,22.8772,rebreak_confirmed,7.563,vwap_reclaim_rebreak,2025-08-21 08:22:00 EDT,2025-08-21 08:23:00 EDT,0.5634,green_wick_dip_new_high
165,C:\TSIS_Data\00_CTO\13_TRADING_SYSTEMS\03_STRATEGY_LIBRARY\LONG\DAS\runs\das_scanner_appearance_20260628T114046Z\chart_exports\event_day_details_grouped\0165_POAI_2024-07-25_push52.73_rebreak,C:\TSIS_Data\00_CTO\13_TRADING_SYSTEMS\03_STRATEGY_LIBRARY\LONG\DAS\runs\das_scanner_appearance_20260628T114046Z\chart_exports\event_day_details_grouped\0165_POAI_2024-07-25_push52.73_rebreak\02_three_day_overview.png,C:\TSIS_Data\00_CTO\13_TRADING_SYSTEMS\03_STRATEGY_LIBRARY\LONG\DAS\runs\das_scanner_appearance_20260628T114046Z\chart_exports\event_day_details_grouped\0165_POAI_2024-07-25_push52.73_rebreak\03_event_day_premarket_detail.png,C:\TSIS_Data\00_CTO\13_TRADING_SYSTEMS\03_STRATEGY_LIBRARY\LONG\DAS\runs\das_scanner_appearance_20260628T114046Z\chart_exports\event_day_details_grouped\0165_POAI_2024-07-25_push52.73_rebreak\04_event_day_detail_until_1600_ny.png,C:\TSIS_Data\00_CTO\13_TRADING_SYSTEMS\03_STRATEGY_LIBRARY\LONG\DAS\runs\das_scanner_appearance_20260628T114046Z\chart_exports\event_day_details_grouped\0165_POAI_2024-07-25_push52.73_rebreak\05_daily_context.png,das_scanner_appearance:POAI:2024-07-25T11:56:00+00:00,POAI,2024-07-25,52.7273,52.7273,52.72727272727271,58.49056603773584,41.8182,47.16981132075471,147.27272727272725,156.60377358490567,147.2727,74.359,74.359,rebreak_confirmed,11.9048,vwap_reclaim_rebreak,2024-07-25 08:23:00 EDT,2024-07-25 08:24:00 EDT,0.593,green_wick_dip_new_high
166,C:\TSIS_Data\00_CTO\13_TRADING_SYSTEMS\03_STRATEGY_LIBRARY\LONG\DAS\runs\das_scanner_appearance_20260628T114046Z\chart_exports\event_day_details_grouped\0166_AZTR_2025-08-27_push52.40_rebreak,C:\TSIS_Data\00_CTO\13_TRADING_SYSTEMS\03_STRATEGY_LIBRARY\LONG\DAS\runs\das_scanner_appearance_20260628T114046Z\chart_exports\event_day_details_grouped\0166_AZTR_2025-08-27_push52.40_rebreak\02_three_day_overview.png,C:\TSIS_Data\00_CTO\13_TRADING_SYSTEMS\03_STRATEGY_LIBRARY\LONG\DAS\runs\das_scanner_appearance_20260628T114046Z\chart_exports\event_day_details_grouped\0166_AZTR_2025-08-27_push52.40_rebreak\03_event_day_premarket_detail.png,C:\TSIS_Data\00_CTO\13_TRADING_SYSTEMS\03_STRATEGY_LIBRARY\LONG\DAS\runs\das_scanner_appearance_20260628T114046Z\chart_exports\event_day_details_grouped\0166_AZTR_2025-08-27_push52.40_rebreak\04_event_day_detail_until_1600_ny.png,C:\TSIS_Data\00_CTO\13_TRADING_SYSTEMS\03_STRATEGY_LIBRARY\LONG\DAS\runs\das_scanner_appearance_20260628T114046Z\chart_exports\event_day_details_grouped\0166_AZTR_2025-08-27_push52.40_rebreak\05_daily_context.png,das_scanner_appearance:AZTR:2025-08-27T12:10:00+00:00,AZTR,2025-08-27,52.4017,52.4017,52.401687304395175,48.187351151098184,29.2557,25.68139719502513,106.83086134167914,101.11140513363324,106.8309,60.0168,60.0168,rebreak_confirmed,20.1518,single_candle_rebreak,2025-08-27 08:12:00 EDT,2025-08-27 08:13:00 EDT,1.7544,green_wick_dip_new_high
167,C:\TSIS_Data\00_CTO\13_TRADING_SYSTEMS\03_STRATEGY_LIBRARY\LONG\DAS\runs\das_scanner_appearance_20260628T114046Z\chart_exports\event_day_details_grouped\0167_LAES_2024-12-11_push52.40_rebreak,C:\TSIS_Data\00_CTO\13_TRADING_SYSTEMS\03_STRATEGY_LIBRARY\LONG\DAS\runs\das_scanner_appearance_20260628T114046Z\chart_exports\event_day_details_grouped\0167_LAES_2024-12-11_push52.40_rebreak\02_three_day_overview.png,C:\TSIS_Data\00_CTO\13_TRADING_SYSTEMS\03_STRATEGY_LIBRARY\LONG\DAS\runs\das_scanner_appearance_20260628T114046Z\chart_exports\event_day_details_grouped\0167_LAES_2024-12-11_push52.40_rebreak\03_event_day_premarket_detail.png,C:\TSIS_Data\00_CTO\13_TRADING_SYSTEMS\03_STRATEGY_LIBRARY\LONG\DAS\runs\das_scanner_appearance_20260628T114046Z\chart_exports\event_day_details_grouped\0167_LAES_2024-12-11_push52.40_rebreak\04_event_day_detail_until_1600_ny.png,C:\TSIS_Data\00_CTO\13_TRADING_SYSTEMS\03_STRATEGY_LIBRARY\LONG\DAS\runs\das_scanner_appearance_20260628T114046Z\chart_exports\event_day_details_grouped\0167_LAES_2024-12-11_push52.40_rebreak\05_daily_context.png,das_scanner_appearance:LAES:2024-12-11T09:00:00+00:00,LAES,2024-12-11,52.3995,52.3995,52.399481193255504,146.4173365955959,35.1059,118.45508563439355,78.33981841763942,188.36071303739948,78.3398,32.0,32.0,rebreak_confirmed,18.4397,single_candle_rebreak,2024-12-11 04:02:00 EST,2024-12-11 04:04:00 EST,3.0303,green_wick_dip_reactivation
168,C:\TSIS_Data\00_CTO\13_TRADING_SYSTEMS\03_STRATEGY_LIBRARY\LONG\DAS\runs\das_scanner_appearance_20260628T114046Z\chart_exports\event_day_details_grouped\0168_IVF_2026-01-20_push52.23_rebreak,C:\TSIS_Data\00_CTO\13_TRADING_SYSTEMS\03_STRATEGY_LIBRARY\LONG\DAS\runs\das_scanner_appearance_20260628T114046Z\chart_exports\event_day_details_grouped\0168_IVF_2026-01-20_push52.23_rebreak\02_three_day_overview.png,C:\TSIS_Data\00_CTO\13_TRADING_SYSTEMS\03_STRATEGY_LIBRARY\LONG\DAS\runs\das_scanner_appearance_20260628T114046Z\chart_exports\event_day_details_grouped\0168_IVF_2026-01-20_push52.23_rebreak\03_event_day_premarket_detail.png,C:\TSIS_Data\00_CTO\13_TRADING_SYSTEMS\03_STRATEGY_LIBRARY\LONG\DAS\runs\das_scanner_appearance_20260628T114046Z\chart_exports\event_day_details_grouped\0168_IVF_2026-01-20_push52.23_rebreak\04_event_day_detail_until_1600_ny.png,C:\TSIS_Data\00_CTO\13_TRADING_SYSTEMS\03_STRATEGY_LIBRARY\LONG\DAS\runs\das_scanner_appearance_20260628T114046Z\chart_exports\event_day_details_grouped\0168_IVF_2026-01-20_push52.23_rebreak\05_daily_context.png,das_scanner_appearance:IVF:2026-01-20T09:01:00+00:00,IVF,2026-01-20,52.2337,52.2337,52.233676975944995,445.29788281634654,-11.3402,217.57754800590843,70.10309278350515,509.30576070901037,70.1031,91.8605,91.8605,rebreak_confirmed,24.1535,vwap_reclaim_rebreak,2026-01-20 04:39:00 EST,2026-01-20 04:42:00 EST,0.4808,green_wick_dip_new_high
169,C:\TSIS_Data\00_CTO\13_TRADING_SYSTEMS\03_STRATEGY_LIBRARY\LONG\DAS\runs\das_scanner_appearance_20260628T114046Z\chart_exports\event_day_details_grouped\0169_VTAK_2025-08-18_push52.14_rebreak,C:\TSIS_Data\00_CTO\13_TRADING_SYSTEMS\03_STRATEGY_LIBRARY\LONG\DAS\runs\das_scanner_appearance_20260628T114046Z\chart_exports\event_day_details_grouped\0169_VTAK_2025-08-18_push52.14_rebreak\02_three_day_overview.png,C:\TSIS_Data\00_CTO\13_TRADING_SYSTEMS\03_STRATEGY_LIBRARY\LONG\DAS\runs\das_scanner_appearance_20260628T114046Z\chart_exports\event_day_details_grouped\0169_VTAK_2025-08-18_push52.14_rebreak\03_event_day_premarket_detail.png,C:\TSIS_Data\00_CTO\13_TRADING_SYSTEMS\03_STRATEGY_LIBRARY\LONG\DAS\runs\das_scanner_appearance_20260628T114046Z\chart_exports\event_day_details_grouped\0169_VTAK_2025-08-18_push52.14_rebreak\04_event_day_detail_until_1600_ny.png,C:\TSIS_Data\00_CTO\13_TRADING_SYSTEMS\03_STRATEGY_LIBRARY\LONG\DAS\runs\das_scanner_appearance_20260628T114046Z\chart_exports\event_day_details_grouped\0169_VTAK_2025-08-18_push52.14_rebreak\05_daily_context.png,das_scanner_appearance:VTAK:2025-08-18T12:04:00+00:00,VTAK,2025-08-18,52.1401,52.1401,52.14007782101169,49.60780562464128,46.3035,43.86837574134301,105.44747081712065,102.0279318920987,105.4475,40.4255,40.4255,rebreak_confirmed,17.3913,vwap_reclaim_rebreak,2025-08-18 08:07:00 EDT,2025-08-18 08:08:00 EDT,0.9877,green_wick_dip_new_high
170,C:\TSIS_Data\00_CTO\13_TRADING_SYSTEMS\03_STRATEGY_LIBRARY\LONG\DAS\runs\das_scanner_appearance_20260628T114046Z\chart_exports\event_day_details_grouped\0170_VSEE_2024-12-06_push52.03_rebreak,C:\TSIS_Data\00_CTO\13_TRADING_SYSTEMS\03_STRATEGY_LIBRARY\LONG\DAS\runs\das_scanner_appearance_20260628T114046Z\chart_exports\event_day_details_grouped\0170_VSEE_2024-12-06_push52.03_rebreak\02_three_day_overview.png,C:\TSIS_Data\00_CTO\13_TRADING_SYSTEMS\03_STRATEGY_LIBRARY\LONG\DAS\runs\das_scanner_appearance_20260628T114046Z\chart_exports\event_day_details_grouped\0170_VSEE_2024-12-06_push52.03_rebreak\03_event_day_premarket_detail.png,C:\TSIS_Data\00_CTO\13_TRADING_SYSTEMS\03_STRATEGY_LIBRARY\LONG\DAS\runs\das_scanner_appearance_20260628T114046Z\chart_exports\event_day_details_grouped\0170_VSEE_2024-12-06_push52.03_rebreak\04_event_day_detail_until_1600_ny.png,C:\TSIS_Data\00_CTO\13_TRADING_SYSTEMS\03_STRATEGY_LIBRARY\LONG\DAS\runs\das_scanner_appearance_20260628T114046Z\chart_exports\event_day_details_grouped\0170_VSEE_2024-12-06_push52.03_rebreak\05_daily_context.png,das_scanner_appearance:VSEE:2024-12-06T13:02:00+00:00,VSEE,2024-12-06,52.027,52.027,52.02702702702703,53.06122448979592,33.1081,34.01360544217687,65.54054054054056,66.66666666666669,65.5405,24.3655,24.3655,rebreak_confirmed,16.8889,single_candle_rebreak,2024-12-06 08:05:00 EST,2024-12-06 08:07:00 EST,0.9569,green_wick_dip_new_high
171,C:\TSIS_Data\00_CTO\13_TRADING_SYSTEMS\03_STRATEGY_LIBRARY\LONG\DAS\runs\das_scanner_appearance_20260628T114046Z\chart_exports\event_day_details_grouped\0171_VSEE_2025-10-28_push51.72_rebreak,C:\TSIS_Data\00_CTO\13_TRADING_SYSTEMS\03_STRATEGY_LIBRARY\LONG\DAS\runs\das_scanner_appearance_20260628T114046Z\chart_exports\event_day_details_grouped\0171_VSEE_2025-10-28_push51.72_rebreak\02_three_day_overview.png,C:\TSIS_Data\00_CTO\13_TRADING_SYSTEMS\03_STRATEGY_LIBRARY\LONG\DAS\runs\das_scanner_appearance_20260628T114046Z\chart_exports\event_day_details_grouped\0171_VSEE_2025-10-28_push51.72_rebreak\03_event_day_premarket_detail.png,C:\TSIS_Data\00_CTO\13_TRADING_SYSTEMS\03_STRATEGY_LIBRARY\LONG\DAS\runs\das_scanner_appearance_20260628T114046Z\chart_exports\event_day_details_grouped\0171_VSEE_2025-10-28_push51.72_rebreak\04_event_day_detail_until_1600_ny.png,C:\TSIS_Data\00_CTO\13_TRADING_SYSTEMS\03_STRATEGY_LIBRARY\LONG\DAS\runs\das_scanner_appearance_20260628T114046Z\chart_exports\event_day_details_grouped\0171_VSEE_2025-10-28_push51.72_rebreak\05_daily_context.png,das_scanner_appearance:VSEE:2025-10-28T12:21:00+00:00,VSEE,2025-10-28,51.7235,51.7235,51.72353760445682,40.56451612903227,27.0369,17.693548387096776,601.6016713091923,550.0,601.6017,452.2818,452.2818,rebreak_confirmed,10.4991,vwap_reclaim_rebreak,2025-10-28 08:36:00 EDT,2025-10-28 08:37:00 EDT,0.3876,green_wick_dip_new_high
172,C:\TSIS_Data\00_CTO\13_TRADING_SYSTEMS\03_STRATEGY_LIBRARY\LONG\DAS\runs\das_scanner_appearance_20260628T114046Z\chart_exports\event_day_details_grouped\0172_VSTE_2025-03-12_push51.69_rebreak,C:\TSIS_Data\00_CTO\13_TRADING_SYSTEMS\03_STRATEGY_LIBRARY\LONG\DAS\runs\das_scanner_appearance_20260628T114046Z\chart_exports\event_day_details_grouped\0172_VSTE_2025-03-12_push51.69_rebreak\02_three_day_overview.png,C:\TSIS_Data\00_CTO\13_TRADING_SYSTEMS\03_STRATEGY_LIBRARY\LONG\DAS\runs\das_scanner_appearance_20260628T114046Z\chart_exports\event_day_details_grouped\0172_VSTE_2025-03-12_push51.69_rebreak\03_event_day_premarket_detail.png,C:\TSIS_Data\00_CTO\13_TRADING_SYSTEMS\03_STRATEGY_LIBRARY\LONG\DAS\runs\das_scanner_appearance_20260628T114046Z\chart_exports\event_day_details_grouped\0172_VSTE_2025-03-12_push51.69_rebreak\04_event_day_detail_until_1600_ny.png,C:\TSIS_Data\00_CTO\13_TRADING_SYSTEMS\03_STRATEGY_LIBRARY\LONG\DAS\runs\das_scanner_appearance_20260628T114046Z\chart_exports\event_day_details_grouped\0172_VSTE_2025-03-12_push51.69_rebreak\05_daily_context.png,das_scanner_appearance:VSTE:2025-03-12T11:01:00+00:00,VSTE,2025-03-12,51.6881,51.6881,50.60289389067524,49.90998199639927,40.6752,40.02800560112021,109.0032154340836,108.04160832166434,109.0032,48.5714,48.5714,rebreak_confirmed,6.5978,single_candle_rebreak,2025-03-12 07:07:00 EDT,2025-03-12 07:08:00 EDT,0.5886,green_wick_dip_new_high
173,C:\TSIS_Data\00_CTO\13_TRADING_SYSTEMS\03_STRATEGY_LIBRARY\LONG\DAS\runs\das_scanner_appearance_20260628T114046Z\chart_exports\event_day_details_grouped\0173_SNGX_2025-08-18_push51.64_rebreak,C:\TSIS_Data\00_CTO\13_TRADING_SYSTEMS\03_STRATEGY_LIBRARY\LONG\DAS\runs\das_scanner_appearance_20260628T114046Z\chart_exports\event_day_details_grouped\0173_SNGX_2025-08-18_push51.64_rebreak\02_three_day_overview.png,C:\TSIS_Data\00_CTO\13_TRADING_SYSTEMS\03_STRATEGY_LIBRARY\LONG\DAS\runs\das_scanner_appearance_20260628T114046Z\chart_exports\event_day_details_grouped\0173_SNGX_2025-08-18_push51.64_rebreak\03_event_day_premarket_detail.png,C:\TSIS_Data\00_CTO\13_TRADING_SYSTEMS\03_STRATEGY_LIBRARY\LONG\DAS\runs\das_scanner_appearance_20260628T114046Z\chart_exports\event_day_details_grouped\0173_SNGX_2025-08-18_push51.64_rebreak\04_event_day_detail_until_1600_ny.png,C:\TSIS_Data\00_CTO\13_TRADING_SYSTEMS\03_STRATEGY_LIBRARY\LONG\DAS\runs\das_scanner_appearance_20260628T114046Z\chart_exports\event_day_details_grouped\0173_SNGX_2025-08-18_push51.64_rebreak\05_daily_context.png,das_scanner_appearance:SNGX:2025-08-18T11:31:00+00:00,SNGX,2025-08-18,51.6364,51.6364,51.63636363636363,50.000000000000014,34.9091,33.45323741007195,61.81818181818183,60.07194244604318,61.8182,19.9461,19.9461,rebreak_confirmed,8.2734,last_red_high_break,2025-08-18 07:37:00 EDT,2025-08-18 07:44:00 EDT,0.5,green_wick_dip_new_high
174,C:\TSIS_Data\00_CTO\13_TRADING_SYSTEMS\03_STRATEGY_LIBRARY\LONG\DAS\runs\das_scanner_appearance_20260628T114046Z\chart_exports\event_day_details_grouped\0174_CGTL_2025-12-10_push51.58_rebreak,C:\TSIS_Data\00_CTO\13_TRADING_SYSTEMS\03_STRATEGY_LIBRARY\LONG\DAS\runs\das_scanner_appearance_20260628T114046Z\chart_exports\event_day_details_grouped\0174_CGTL_2025-12-10_push51.58_rebreak\02_three_day_overview.png,C:\TSIS_Data\00_CTO\13_TRADING_SYSTEMS\03_STRATEGY_LIBRARY\LONG\DAS\runs\das_scanner_appearance_20260628T114046Z\chart_exports\event_day_details_grouped\0174_CGTL_2025-12-10_push51.58_rebreak\03_event_day_premarket_detail.png,C:\TSIS_Data\00_CTO\13_TRADING_SYSTEMS\03_STRATEGY_LIBRARY\LONG\DAS\runs\das_scanner_appearance_20260628T114046Z\chart_exports\event_day_details_grouped\0174_CGTL_2025-12-10_push51.58_rebreak\04_event_day_detail_until_1600_ny.png,C:\TSIS_Data\00_CTO\13_TRADING_SYSTEMS\03_STRATEGY_LIBRARY\LONG\DAS\runs\das_scanner_appearance_20260628T114046Z\chart_exports\event_day_details_grouped\0174_CGTL_2025-12-10_push51.58_rebreak\05_daily_context.png,das_scanner_appearance:CGTL:2025-12-10T14:20:00+00:00,CGTL,2025-12-10,51.5841,51.5841,51.12930119751403,52.14405615748512,43.9745,44.94124828322905,52.34197362437472,53.36487105142681,52.342,5.8117,5.8117,rebreak_confirmed,17.0,vwap_reclaim_rebreak,2025-12-10 09:27:00 EST,2025-12-10 09:29:00 EST,1.1416,green_wick_dip_new_high
175,C:\TSIS_Data\00_CTO\13_TRADING_SYSTEMS\03_STRATEGY_LIBRARY\LONG\DAS\runs\das_scanner_appearance_20260628T114046Z\chart_exports\event_day_details_grouped\0175_AZTR_2025-06-17_push50.51_rebreak,C:\TSIS_Data\00_CTO\13_TRADING_SYSTEMS\03_STRATEGY_LIBRARY\LONG\DAS\runs\das_scanner_appearance_20260628T114046Z\chart_exports\event_day_details_grouped\0175_AZTR_2025-06-17_push50.51_rebreak\02_three_day_overview.png,C:\TSIS_Data\00_CTO\13_TRADING_SYSTEMS\03_STRATEGY_LIBRARY\LONG\DAS\runs\das_scanner_appearance_20260628T114046Z\chart_exports\event_day_details_grouped\0175_AZTR_2025-06-17_push50.51_rebreak\03_event_day_premarket_detail.png,C:\TSIS_Data\00_CTO\13_TRADING_SYSTEMS\03_STRATEGY_LIBRARY\LONG\DAS\runs\das_scanner_appearance_20260628T114046Z\chart_exports\event_day_details_grouped\0175_AZTR_2025-06-17_push50.51_rebreak\04_event_day_detail_until_1600_ny.png,C:\TSIS_Data\00_CTO\13_TRADING_SYSTEMS\03_STRATEGY_LIBRARY\LONG\DAS\runs\das_scanner_appearance_20260628T114046Z\chart_exports\event_day_details_grouped\0175_AZTR_2025-06-17_push50.51_rebreak\05_daily_context.png,das_scanner_appearance:AZTR:2025-06-17T12:04:00+00:00,AZTR,2025-06-17,50.5126,50.5126,50.51262264358945,51.7927622435933,24.8153,25.876924787370076,68.13471502590673,69.56473400411363,68.1347,34.7068,34.7068,rebreak_confirmed,23.1707,single_candle_rebreak,2025-06-17 08:06:00 EDT,2025-06-17 08:07:00 EDT,4.5892,green_wick_dip_new_high
176,C:\TSIS_Data\00_CTO\13_TRADING_SYSTEMS\03_STRATEGY_LIBRARY\LONG\DAS\runs\das_scanner_appearance_20260628T114046Z\chart_exports\event_day_details_grouped\0176_XAIR_2025-07-22_push50.15_rebreak,C:\TSIS_Data\00_CTO\13_TRADING_SYSTEMS\03_STRATEGY_LIBRARY\LONG\DAS\runs\das_scanner_appearance_20260628T114046Z\chart_exports\event_day_details_grouped\0176_XAIR_2025-07-22_push50.15_rebreak\02_three_day_overview.png,C:\TSIS_Data\00_CTO\13_TRADING_SYSTEMS\03_STRATEGY_LIBRARY\LONG\DAS\runs\das_scanner_appearance_20260628T114046Z\chart_exports\event_day_details_grouped\0176_XAIR_2025-07-22_push50.15_rebreak\03_event_day_premarket_detail.png,C:\TSIS_Data\00_CTO\13_TRADING_SYSTEMS\03_STRATEGY_LIBRARY\LONG\DAS\runs\das_scanner_appearance_20260628T114046Z\chart_exports\event_day_details_grouped\0176_XAIR_2025-07-22_push50.15_rebreak\04_event_day_detail_until_1600_ny.png,C:\TSIS_Data\00_CTO\13_TRADING_SYSTEMS\03_STRATEGY_LIBRARY\LONG\DAS\runs\das_scanner_appearance_20260628T114046Z\chart_exports\event_day_details_grouped\0176_XAIR_2025-07-22_push50.15_rebreak\05_daily_context.png,das_scanner_appearance:XAIR:2025-07-22T11:32:00+00:00,XAIR,2025-07-22,50.1502,50.1502,50.150150150150154,51.943355517063225,20.4204,21.858571124684705,50.150150150150154,51.943355517063225,50.1502,24.6883,24.6883,rebreak_confirmed,20.8,vwap_reclaim_rebreak,2025-07-22 08:10:00 EDT,2025-07-22 08:16:00 EDT,1.1111,green_wick_dip_reactivation
177,C:\TSIS_Data\00_CTO\13_TRADING_SYSTEMS\03_STRATEGY_LIBRARY\LONG\DAS\runs\das_scanner_appearance_20260628T114046Z\chart_exports\event_day_details_grouped\0177_MRIN_2025-05-06_push50.00_rebreak,C:\TSIS_Data\00_CTO\13_TRADING_SYSTEMS\03_STRATEGY_LIBRARY\LONG\DAS\runs\das_scanner_appearance_20260628T114046Z\chart_exports\event_day_details_grouped\0177_MRIN_2025-05-06_push50.00_rebreak\02_three_day_overview.png,C:\TSIS_Data\00_CTO\13_TRADING_SYSTEMS\03_STRATEGY_LIBRARY\LONG\DAS\runs\das_scanner_appearance_20260628T114046Z\chart_exports\event_day_details_grouped\0177_MRIN_2025-05-06_push50.00_rebreak\03_event_day_premarket_detail.png,C:\TSIS_Data\00_CTO\13_TRADING_SYSTEMS\03_STRATEGY_LIBRARY\LONG\DAS\runs\das_scanner_appearance_20260628T114046Z\chart_exports\event_day_details_grouped\0177_MRIN_2025-05-06_push50.00_rebreak\04_event_day_detail_until_1600_ny.png,C:\TSIS_Data\00_CTO\13_TRADING_SYSTEMS\03_STRATEGY_LIBRARY\LONG\DAS\runs\das_scanner_appearance_20260628T114046Z\chart_exports\event_day_details_grouped\0177_MRIN_2025-05-06_push50.00_rebreak\05_daily_context.png,das_scanner_appearance:MRIN:2025-05-06T08:01:00+00:00,MRIN,2025-05-06,50.0,50.0,50.000000000000014,181.25000000000003,3.3333,93.75,55.83333333333334,192.1875,55.8333,50.8065,50.8065,rebreak_confirmed,5.5556,multi_candle_flag_break,2025-05-06 06:37:00 EDT,2025-05-06 06:38:00 EDT,1.6575,green_wick_dip_new_high
178,C:\TSIS_Data\00_CTO\13_TRADING_SYSTEMS\03_STRATEGY_LIBRARY\LONG\DAS\runs\das_scanner_appearance_20260628T114046Z\chart_exports\event_day_details_grouped\0178_GETY_2025-10-31_push49.51_rebreak,C:\TSIS_Data\00_CTO\13_TRADING_SYSTEMS\03_STRATEGY_LIBRARY\LONG\DAS\runs\das_scanner_appearance_20260628T114046Z\chart_exports\event_day_details_grouped\0178_GETY_2025-10-31_push49.51_rebreak\02_three_day_overview.png,C:\TSIS_Data\00_CTO\13_TRADING_SYSTEMS\03_STRATEGY_LIBRARY\LONG\DAS\runs\das_scanner_appearance_20260628T114046Z\chart_exports\event_day_details_grouped\0178_GETY_2025-10-31_push49.51_rebreak\03_event_day_premarket_detail.png,C:\TSIS_Data\00_CTO\13_TRADING_SYSTEMS\03_STRATEGY_LIBRARY\LONG\DAS\runs\das_scanner_appearance_20260628T114046Z\chart_exports\event_day_details_grouped\0178_GETY_2025-10-31_push49.51_rebreak\04_event_day_detail_until_1600_ny.png,C:\TSIS_Data\00_CTO\13_TRADING_SYSTEMS\03_STRATEGY_LIBRARY\LONG\DAS\runs\das_scanner_appearance_20260628T114046Z\chart_exports\event_day_details_grouped\0178_GETY_2025-10-31_push49.51_rebreak\05_daily_context.png,das_scanner_appearance:GETY:2025-10-31T12:01:00+00:00,GETY,2025-10-31,49.505,49.505,59.900990099009896,59.900990099009896,48.0149,48.01485148514851,84.65346534653465,84.65346534653465,84.6535,24.7533,24.7533,rebreak_confirmed,13.5728,ascending_flag_break,2025-10-31 08:05:00 EDT,2025-10-31 08:06:00 EDT,2.8939,green_wick_dip_new_high
179,C:\TSIS_Data\00_CTO\13_TRADING_SYSTEMS\03_STRATEGY_LIBRARY\LONG\DAS\runs\das_scanner_appearance_20260628T114046Z\chart_exports\event_day_details_grouped\0179_VSTE_2024-12-18_push49.40_rebreak,C:\TSIS_Data\00_CTO\13_TRADING_SYSTEMS\03_STRATEGY_LIBRARY\LONG\DAS\runs\das_scanner_appearance_20260628T114046Z\chart_exports\event_day_details_grouped\0179_VSTE_2024-12-18_push49.40_rebreak\02_three_day_overview.png,C:\TSIS_Data\00_CTO\13_TRADING_SYSTEMS\03_STRATEGY_LIBRARY\LONG\DAS\runs\das_scanner_appearance_20260628T114046Z\chart_exports\event_day_details_grouped\0179_VSTE_2024-12-18_push49.40_rebreak\03_event_day_premarket_detail.png,C:\TSIS_Data\00_CTO\13_TRADING_SYSTEMS\03_STRATEGY_LIBRARY\LONG\DAS\runs\das_scanner_appearance_20260628T114046Z\chart_exports\event_day_details_grouped\0179_VSTE_2024-12-18_push49.40_rebreak\04_event_day_detail_until_1600_ny.png,C:\TSIS_Data\00_CTO\13_TRADING_SYSTEMS\03_STRATEGY_LIBRARY\LONG\DAS\runs\das_scanner_appearance_20260628T114046Z\chart_exports\event_day_details_grouped\0179_VSTE_2024-12-18_push49.40_rebreak\05_daily_context.png,das_scanner_appearance:VSTE:2024-12-18T09:14:00+00:00,VSTE,2024-12-18,49.3976,49.3976,52.40963855421686,93.12977099236639,42.1687,80.15267175572517,151.80722891566262,219.08396946564883,151.8072,77.1186,77.1186,rebreak_confirmed,18.5484,vwap_reclaim_rebreak,2024-12-18 04:30:00 EST,2024-12-18 04:34:00 EST,3.0435,green_wick_dip_reactivation
180,C:\TSIS_Data\00_CTO\13_TRADING_SYSTEMS\03_STRATEGY_LIBRARY\LONG\DAS\runs\das_scanner_appearance_20260628T114046Z\chart_exports\event_day_details_grouped\0180_CXAI_2024-04-01_push49.17_rebreak,C:\TSIS_Data\00_CTO\13_TRADING_SYSTEMS\03_STRATEGY_LIBRARY\LONG\DAS\runs\das_scanner_appearance_20260628T114046Z\chart_exports\event_day_details_grouped\0180_CXAI_2024-04-01_push49.17_rebreak\02_three_day_overview.png,C:\TSIS_Data\00_CTO\13_TRADING_SYSTEMS\03_STRATEGY_LIBRARY\LONG\DAS\runs\das_scanner_appearance_20260628T114046Z\chart_exports\event_day_details_grouped\0180_CXAI_2024-04-01_push49.17_rebreak\03_event_day_premarket_detail.png,C:\TSIS_Data\00_CTO\13_TRADING_SYSTEMS\03_STRATEGY_LIBRARY\LONG\DAS\runs\das_scanner_appearance_20260628T114046Z\chart_exports\event_day_details_grouped\0180_CXAI_2024-04-01_push49.17_rebreak\04_event_day_detail_until_1600_ny.png,C:\TSIS_Data\00_CTO\13_TRADING_SYSTEMS\03_STRATEGY_LIBRARY\LONG\DAS\runs\das_scanner_appearance_20260628T114046Z\chart_exports\event_day_details_grouped\0180_CXAI_2024-04-01_push49.17_rebreak\05_daily_context.png,das_scanner_appearance:CXAI:2024-04-01T13:08:00+00:00,CXAI,2024-04-01,49.1667,49.1667,51.666666666666686,,40.0,,79.16666666666666,,79.1667,27.9762,27.9762,rebreak_confirmed,6.1453,single_candle_rebreak,2024-04-01 09:11:00 EDT,2024-04-01 09:15:00 EDT,1.6129,green_wick_dip_new_high
181,C:\TSIS_Data\00_CTO\13_TRADING_SYSTEMS\03_STRATEGY_LIBRARY\LONG\DAS\runs\das_scanner_appearance_20260628T114046Z\chart_exports\event_day_details_grouped\0181_SYRA_2025-01-07_push48.30_rebreak,C:\TSIS_Data\00_CTO\13_TRADING_SYSTEMS\03_STRATEGY_LIBRARY\LONG\DAS\runs\das_scanner_appearance_20260628T114046Z\chart_exports\event_day_details_grouped\0181_SYRA_2025-01-07_push48.30_rebreak\02_three_day_overview.png,C:\TSIS_Data\00_CTO\13_TRADING_SYSTEMS\03_STRATEGY_LIBRARY\LONG\DAS\runs\das_scanner_appearance_20260628T114046Z\chart_exports\event_day_details_grouped\0181_SYRA_2025-01-07_push48.30_rebreak\03_event_day_premarket_detail.png,C:\TSIS_Data\00_CTO\13_TRADING_SYSTEMS\03_STRATEGY_LIBRARY\LONG\DAS\runs\das_scanner_appearance_20260628T114046Z\chart_exports\event_day_details_grouped\0181_SYRA_2025-01-07_push48.30_rebreak\04_event_day_detail_until_1600_ny.png,C:\TSIS_Data\00_CTO\13_TRADING_SYSTEMS\03_STRATEGY_LIBRARY\LONG\DAS\runs\das_scanner_appearance_20260628T114046Z\chart_exports\event_day_details_grouped\0181_SYRA_2025-01-07_push48.30_rebreak\05_daily_context.png,das_scanner_appearance:SYRA:2025-01-07T12:57:00+00:00,SYRA,2025-01-07,48.3,48.3,55.65,90.55294837788206,0.0,22.423995103040195,63.33333333333334,99.95919200163232,63.3333,63.3333,63.3333,rebreak_confirmed,9.6876,single_candle_rebreak,2025-01-07 08:07:00 EST,2025-01-07 08:08:00 EST,4.1956,green_wick_dip_new_high
182,C:\TSIS_Data\00_CTO\13_TRADING_SYSTEMS\03_STRATEGY_LIBRARY\LONG\DAS\runs\das_scanner_appearance_20260628T114046Z\chart_exports\event_day_details_grouped\0182_DFLI_2025-08-19_push47.65_rebreak,C:\TSIS_Data\00_CTO\13_TRADING_SYSTEMS\03_STRATEGY_LIBRARY\LONG\DAS\runs\das_scanner_appearance_20260628T114046Z\chart_exports\event_day_details_grouped\0182_DFLI_2025-08-19_push47.65_rebreak\02_three_day_overview.png,C:\TSIS_Data\00_CTO\13_TRADING_SYSTEMS\03_STRATEGY_LIBRARY\LONG\DAS\runs\das_scanner_appearance_20260628T114046Z\chart_exports\event_day_details_grouped\0182_DFLI_2025-08-19_push47.65_rebreak\03_event_day_premarket_detail.png,C:\TSIS_Data\00_CTO\13_TRADING_SYSTEMS\03_STRATEGY_LIBRARY\LONG\DAS\runs\das_scanner_appearance_20260628T114046Z\chart_exports\event_day_details_grouped\0182_DFLI_2025-08-19_push47.65_rebreak\04_event_day_detail_until_1600_ny.png,C:\TSIS_Data\00_CTO\13_TRADING_SYSTEMS\03_STRATEGY_LIBRARY\LONG\DAS\runs\das_scanner_appearance_20260628T114046Z\chart_exports\event_day_details_grouped\0182_DFLI_2025-08-19_push47.65_rebreak\05_daily_context.png,das_scanner_appearance:DFLI:2025-08-19T11:35:00+00:00,DFLI,2025-08-19,47.645,47.645,51.810042818217205,40.64190407500901,39.3149,29.0659935088352,53.016738030362006,41.759826902271904,53.0167,9.8351,9.8351,rebreak_confirmed,7.6984,vwap_reclaim_rebreak,2025-08-19 07:46:00 EDT,2025-08-19 07:47:00 EDT,2.2983,green_wick_dip_reactivation
183,C:\TSIS_Data\00_CTO\13_TRADING_SYSTEMS\03_STRATEGY_LIBRARY\LONG\DAS\runs\das_scanner_appearance_20260628T114046Z\chart_exports\event_day_details_grouped\0183_YIBO_2025-01-28_push47.21_rebreak,C:\TSIS_Data\00_CTO\13_TRADING_SYSTEMS\03_STRATEGY_LIBRARY\LONG\DAS\runs\das_scanner_appearance_20260628T114046Z\chart_exports\event_day_details_grouped\0183_YIBO_2025-01-28_push47.21_rebreak\02_three_day_overview.png,C:\TSIS_Data\00_CTO\13_TRADING_SYSTEMS\03_STRATEGY_LIBRARY\LONG\DAS\runs\das_scanner_appearance_20260628T114046Z\chart_exports\event_day_details_grouped\0183_YIBO_2025-01-28_push47.21_rebreak\03_event_day_premarket_detail.png,C:\TSIS_Data\00_CTO\13_TRADING_SYSTEMS\03_STRATEGY_LIBRARY\LONG\DAS\runs\das_scanner_appearance_20260628T114046Z\chart_exports\event_day_details_grouped\0183_YIBO_2025-01-28_push47.21_rebreak\04_event_day_detail_until_1600_ny.png,C:\TSIS_Data\00_CTO\13_TRADING_SYSTEMS\03_STRATEGY_LIBRARY\LONG\DAS\runs\das_scanner_appearance_20260628T114046Z\chart_exports\event_day_details_grouped\0183_YIBO_2025-01-28_push47.21_rebreak\05_daily_context.png,das_scanner_appearance:YIBO:2025-01-28T09:16:00+00:00,YIBO,2025-01-28,47.2067,47.2067,56.145251396648035,81.61143599740092,37.9888,60.49382716049385,89.94413407821227,120.92267706302795,89.9441,37.6518,37.6518,rebreak_confirmed,12.5237,last_red_high_break,2025-01-28 04:19:00 EST,2025-01-28 04:20:00 EST,3.4608,green_wick_dip_new_high
184,C:\TSIS_Data\00_CTO\13_TRADING_SYSTEMS\03_STRATEGY_LIBRARY\LONG\DAS\runs\das_scanner_appearance_20260628T114046Z\chart_exports\event_day_details_grouped\0184_ICCT_2025-04-01_push47.03_rebreak,C:\TSIS_Data\00_CTO\13_TRADING_SYSTEMS\03_STRATEGY_LIBRARY\LONG\DAS\runs\das_scanner_appearance_20260628T114046Z\chart_exports\event_day_details_grouped\0184_ICCT_2025-04-01_push47.03_rebreak\02_three_day_overview.png,C:\TSIS_Data\00_CTO\13_TRADING_SYSTEMS\03_STRATEGY_LIBRARY\LONG\DAS\runs\das_scanner_appearance_20260628T114046Z\chart_exports\event_day_details_grouped\0184_ICCT_2025-04-01_push47.03_rebreak\03_event_day_premarket_detail.png,C:\TSIS_Data\00_CTO\13_TRADING_SYSTEMS\03_STRATEGY_LIBRARY\LONG\DAS\runs\das_scanner_appearance_20260628T114046Z\chart_exports\event_day_details_grouped\0184_ICCT_2025-04-01_push47.03_rebreak\04_event_day_detail_until_1600_ny.png,C:\TSIS_Data\00_CTO\13_TRADING_SYSTEMS\03_STRATEGY_LIBRARY\LONG\DAS\runs\das_scanner_appearance_20260628T114046Z\chart_exports\event_day_details_grouped\0184_ICCT_2025-04-01_push47.03_rebreak\05_daily_context.png,das_scanner_appearance:ICCT:2025-04-01T08:15:00+00:00,ICCT,2025-04-01,47.027,47.027,52.97297297297297,28.636363636363626,-12.1622,-26.13636363636364,90.81081081081079,60.454545454545425,90.8108,117.2308,117.2308,rebreak_confirmed,11.0294,single_candle_rebreak,2025-04-01 04:35:00 EDT,2025-04-01 04:36:00 EDT,0.369,green_wick_dip_new_high
185,C:\TSIS_Data\00_CTO\13_TRADING_SYSTEMS\03_STRATEGY_LIBRARY\LONG\DAS\runs\das_scanner_appearance_20260628T114046Z\chart_exports\event_day_details_grouped\0185_BMGL_2025-06-02_push46.97_rebreak,C:\TSIS_Data\00_CTO\13_TRADING_SYSTEMS\03_STRATEGY_LIBRARY\LONG\DAS\runs\das_scanner_appearance_20260628T114046Z\chart_exports\event_day_details_grouped\0185_BMGL_2025-06-02_push46.97_rebreak\02_three_day_overview.png,C:\TSIS_Data\00_CTO\13_TRADING_SYSTEMS\03_STRATEGY_LIBRARY\LONG\DAS\runs\das_scanner_appearance_20260628T114046Z\chart_exports\event_day_details_grouped\0185_BMGL_2025-06-02_push46.97_rebreak\03_event_day_premarket_detail.png,C:\TSIS_Data\00_CTO\13_TRADING_SYSTEMS\03_STRATEGY_LIBRARY\LONG\DAS\runs\das_scanner_appearance_20260628T114046Z\chart_exports\event_day_details_grouped\0185_BMGL_2025-06-02_push46.97_rebreak\04_event_day_detail_until_1600_ny.png,C:\TSIS_Data\00_CTO\13_TRADING_SYSTEMS\03_STRATEGY_LIBRARY\LONG\DAS\runs\das_scanner_appearance_20260628T114046Z\chart_exports\event_day_details_grouped\0185_BMGL_2025-06-02_push46.97_rebreak\05_daily_context.png,das_scanner_appearance:BMGL:2025-06-02T08:06:00+00:00,BMGL,2025-06-02,46.9725,46.9725,59.63302752293577,44.75873544093177,7.8899,-2.1630615640598987,107.70642201834862,88.35274542429286,107.7064,92.517,92.517,rebreak_confirmed,17.4782,vwap_reclaim_rebreak,2025-06-02 04:19:00 EDT,2025-06-02 04:20:00 EDT,2.6702,green_wick_dip_new_high
186,C:\TSIS_Data\00_CTO\13_TRADING_SYSTEMS\03_STRATEGY_LIBRARY\LONG\DAS\runs\das_scanner_appearance_20260628T114046Z\chart_exports\event_day_details_grouped\0186_HCWB_2025-08-25_push46.69_rebreak,C:\TSIS_Data\00_CTO\13_TRADING_SYSTEMS\03_STRATEGY_LIBRARY\LONG\DAS\runs\das_scanner_appearance_20260628T114046Z\chart_exports\event_day_details_grouped\0186_HCWB_2025-08-25_push46.69_rebreak\02_three_day_overview.png,C:\TSIS_Data\00_CTO\13_TRADING_SYSTEMS\03_STRATEGY_LIBRARY\LONG\DAS\runs\das_scanner_appearance_20260628T114046Z\chart_exports\event_day_details_grouped\0186_HCWB_2025-08-25_push46.69_rebreak\03_event_day_premarket_detail.png,C:\TSIS_Data\00_CTO\13_TRADING_SYSTEMS\03_STRATEGY_LIBRARY\LONG\DAS\runs\das_scanner_appearance_20260628T114046Z\chart_exports\event_day_details_grouped\0186_HCWB_2025-08-25_push46.69_rebreak\04_event_day_detail_until_1600_ny.png,C:\TSIS_Data\00_CTO\13_TRADING_SYSTEMS\03_STRATEGY_LIBRARY\LONG\DAS\runs\das_scanner_appearance_20260628T114046Z\chart_exports\event_day_details_grouped\0186_HCWB_2025-08-25_push46.69_rebreak\05_daily_context.png,das_scanner_appearance:HCWB:2025-08-25T12:03:00+00:00,HCWB,2025-08-25,46.6859,46.6859,54.170028818443804,55.018835120255005,36.3112,37.06172124022024,66.57060518731988,67.48768472906404,66.5706,22.1987,22.1987,rebreak_confirmed,6.4833,vwap_reclaim_rebreak,2025-08-25 08:22:00 EDT,2025-08-25 08:23:00 EDT,1.1429,green_wick_dip_new_high
187,C:\TSIS_Data\00_CTO\13_TRADING_SYSTEMS\03_STRATEGY_LIBRARY\LONG\DAS\runs\das_scanner_appearance_20260628T114046Z\chart_exports\event_day_details_grouped\0187_CGTL_2025-11-17_push46.18_rebreak,C:\TSIS_Data\00_CTO\13_TRADING_SYSTEMS\03_STRATEGY_LIBRARY\LONG\DAS\runs\das_scanner_appearance_20260628T114046Z\chart_exports\event_day_details_grouped\0187_CGTL_2025-11-17_push46.18_rebreak\02_three_day_overview.png,C:\TSIS_Data\00_CTO\13_TRADING_SYSTEMS\03_STRATEGY_LIBRARY\LONG\DAS\runs\das_scanner_appearance_20260628T114046Z\chart_exports\event_day_details_grouped\0187_CGTL_2025-11-17_push46.18_rebreak\03_event_day_premarket_detail.png,C:\TSIS_Data\00_CTO\13_TRADING_SYSTEMS\03_STRATEGY_LIBRARY\LONG\DAS\runs\das_scanner_appearance_20260628T114046Z\chart_exports\event_day_details_grouped\0187_CGTL_2025-11-17_push46.18_rebreak\04_event_day_detail_until_1600_ny.png,C:\TSIS_Data\00_CTO\13_TRADING_SYSTEMS\03_STRATEGY_LIBRARY\LONG\DAS\runs\das_scanner_appearance_20260628T114046Z\chart_exports\event_day_details_grouped\0187_CGTL_2025-11-17_push46.18_rebreak\05_daily_context.png,das_scanner_appearance:CGTL:2025-11-17T14:21:00+00:00,CGTL,2025-11-17,46.1763,46.1763,53.71595630096937,46.91176470588234,41.4371,35.17647058823529,53.71595630096937,46.91176470588234,53.716,8.6815,8.6815,rebreak_confirmed,10.5263,vwap_reclaim_rebreak,2025-11-17 09:29:00 EST,,,
188,C:\TSIS_Data\00_CTO\13_TRADING_SYSTEMS\03_STRATEGY_LIBRARY\LONG\DAS\runs\das_scanner_appearance_20260628T114046Z\chart_exports\event_day_details_grouped\0188_VTAK_2025-06-11_push45.98_rebreak,C:\TSIS_Data\00_CTO\13_TRADING_SYSTEMS\03_STRATEGY_LIBRARY\LONG\DAS\runs\das_scanner_appearance_20260628T114046Z\chart_exports\event_day_details_grouped\0188_VTAK_2025-06-11_push45.98_rebreak\02_three_day_overview.png,C:\TSIS_Data\00_CTO\13_TRADING_SYSTEMS\03_STRATEGY_LIBRARY\LONG\DAS\runs\das_scanner_appearance_20260628T114046Z\chart_exports\event_day_details_grouped\0188_VTAK_2025-06-11_push45.98_rebreak\03_event_day_premarket_detail.png,C:\TSIS_Data\00_CTO\13_TRADING_SYSTEMS\03_STRATEGY_LIBRARY\LONG\DAS\runs\das_scanner_appearance_20260628T114046Z\chart_exports\event_day_details_grouped\0188_VTAK_2025-06-11_push45.98_rebreak\04_event_day_detail_until_1600_ny.png,C:\TSIS_Data\00_CTO\13_TRADING_SYSTEMS\03_STRATEGY_LIBRARY\LONG\DAS\runs\das_scanner_appearance_20260628T114046Z\chart_exports\event_day_details_grouped\0188_VTAK_2025-06-11_push45.98_rebreak\05_daily_context.png,das_scanner_appearance:VTAK:2025-06-11T08:21:00+00:00,VTAK,2025-06-11,45.9758,45.9758,52.72881715863239,217.66784452296818,0.1699,108.34805653710251,82.50159269483967,279.5936395759718,82.5016,82.1921,82.1921,rebreak_confirmed,10.0815,multi_candle_flag_break,2025-06-11 07:34:00 EDT,2025-06-11 07:36:00 EDT,1.5748,green_wick_dip_new_high
189,C:\TSIS_Data\00_CTO\13_TRADING_SYSTEMS\03_STRATEGY_LIBRARY\LONG\DAS\runs\das_scanner_appearance_20260628T114046Z\chart_exports\event_day_details_grouped\0189_OMH_2025-06-09_push45.27_rebreak,C:\TSIS_Data\00_CTO\13_TRADING_SYSTEMS\03_STRATEGY_LIBRARY\LONG\DAS\runs\das_scanner_appearance_20260628T114046Z\chart_exports\event_day_details_grouped\0189_OMH_2025-06-09_push45.27_rebreak\02_three_day_overview.png,C:\TSIS_Data\00_CTO\13_TRADING_SYSTEMS\03_STRATEGY_LIBRARY\LONG\DAS\runs\das_scanner_appearance_20260628T114046Z\chart_exports\event_day_details_grouped\0189_OMH_2025-06-09_push45.27_rebreak\03_event_day_premarket_detail.png,C:\TSIS_Data\00_CTO\13_TRADING_SYSTEMS\03_STRATEGY_LIBRARY\LONG\DAS\runs\das_scanner_appearance_20260628T114046Z\chart_exports\event_day_details_grouped\0189_OMH_2025-06-09_push45.27_rebreak\04_event_day_detail_until_1600_ny.png,C:\TSIS_Data\00_CTO\13_TRADING_SYSTEMS\03_STRATEGY_LIBRARY\LONG\DAS\runs\das_scanner_appearance_20260628T114046Z\chart_exports\event_day_details_grouped\0189_OMH_2025-06-09_push45.27_rebreak\05_daily_context.png,das_scanner_appearance:OMH:2025-06-09T08:01:00+00:00,OMH,2025-06-09,45.2706,45.2706,,,28.0534,98.33333333333333,45.270633810394926,125.00000000000003,45.2706,13.4454,13.4454,rebreak_confirmed,22.2222,vwap_reclaim_rebreak,2025-06-09 04:07:00 EDT,2025-06-09 04:19:00 EDT,0.4505,green_wick_dip_new_high
190,C:\TSIS_Data\00_CTO\13_TRADING_SYSTEMS\03_STRATEGY_LIBRARY\LONG\DAS\runs\das_scanner_appearance_20260628T114046Z\chart_exports\event_day_details_grouped\0190_NUWE_2026-01-27_push45.25_rebreak,C:\TSIS_Data\00_CTO\13_TRADING_SYSTEMS\03_STRATEGY_LIBRARY\LONG\DAS\runs\das_scanner_appearance_20260628T114046Z\chart_exports\event_day_details_grouped\0190_NUWE_2026-01-27_push45.25_rebreak\02_three_day_overview.png,C:\TSIS_Data\00_CTO\13_TRADING_SYSTEMS\03_STRATEGY_LIBRARY\LONG\DAS\runs\das_scanner_appearance_20260628T114046Z\chart_exports\event_day_details_grouped\0190_NUWE_2026-01-27_push45.25_rebreak\03_event_day_premarket_detail.png,C:\TSIS_Data\00_CTO\13_TRADING_SYSTEMS\03_STRATEGY_LIBRARY\LONG\DAS\runs\das_scanner_appearance_20260628T114046Z\chart_exports\event_day_details_grouped\0190_NUWE_2026-01-27_push45.25_rebreak\04_event_day_detail_until_1600_ny.png,C:\TSIS_Data\00_CTO\13_TRADING_SYSTEMS\03_STRATEGY_LIBRARY\LONG\DAS\runs\das_scanner_appearance_20260628T114046Z\chart_exports\event_day_details_grouped\0190_NUWE_2026-01-27_push45.25_rebreak\05_daily_context.png,das_scanner_appearance:NUWE:2026-01-27T09:01:00+00:00,NUWE,2026-01-27,45.2532,45.2532,53.1645569620253,127.23004694835683,32.9114,97.18309859154931,100.63291139240505,197.65258215962442,100.6329,50.9524,50.9524,rebreak_confirmed,16.9935,vwap_reclaim_rebreak,2026-01-27 04:07:00 EST,2026-01-27 04:10:00 EST,1.039,green_wick_dip_reactivation
191,C:\TSIS_Data\00_CTO\13_TRADING_SYSTEMS\03_STRATEGY_LIBRARY\LONG\DAS\runs\das_scanner_appearance_20260628T114046Z\chart_exports\event_day_details_grouped\0191_BTCS_2025-05-14_push45.23_rebreak,C:\TSIS_Data\00_CTO\13_TRADING_SYSTEMS\03_STRATEGY_LIBRARY\LONG\DAS\runs\das_scanner_appearance_20260628T114046Z\chart_exports\event_day_details_grouped\0191_BTCS_2025-05-14_push45.23_rebreak\02_three_day_overview.png,C:\TSIS_Data\00_CTO\13_TRADING_SYSTEMS\03_STRATEGY_LIBRARY\LONG\DAS\runs\das_scanner_appearance_20260628T114046Z\chart_exports\event_day_details_grouped\0191_BTCS_2025-05-14_push45.23_rebreak\03_event_day_premarket_detail.png,C:\TSIS_Data\00_CTO\13_TRADING_SYSTEMS\03_STRATEGY_LIBRARY\LONG\DAS\runs\das_scanner_appearance_20260628T114046Z\chart_exports\event_day_details_grouped\0191_BTCS_2025-05-14_push45.23_rebreak\04_event_day_detail_until_1600_ny.png,C:\TSIS_Data\00_CTO\13_TRADING_SYSTEMS\03_STRATEGY_LIBRARY\LONG\DAS\runs\das_scanner_appearance_20260628T114046Z\chart_exports\event_day_details_grouped\0191_BTCS_2025-05-14_push45.23_rebreak\05_daily_context.png,das_scanner_appearance:BTCS:2025-05-14T12:33:00+00:00,BTCS,2025-05-14,45.2261,45.2261,,,17.0854,16.435960221877966,45.22613065326634,44.42056868722203,45.2261,24.0343,24.0343,rebreak_confirmed,28.0277,vwap_reclaim_rebreak,2025-05-14 08:36:00 EDT,2025-05-14 08:38:00 EDT,2.82,green_wick_dip_new_high
192,C:\TSIS_Data\00_CTO\13_TRADING_SYSTEMS\03_STRATEGY_LIBRARY\LONG\DAS\runs\das_scanner_appearance_20260628T114046Z\chart_exports\event_day_details_grouped\0192_AREC_2025-11-03_push45.22_rebreak,C:\TSIS_Data\00_CTO\13_TRADING_SYSTEMS\03_STRATEGY_LIBRARY\LONG\DAS\runs\das_scanner_appearance_20260628T114046Z\chart_exports\event_day_details_grouped\0192_AREC_2025-11-03_push45.22_rebreak\02_three_day_overview.png,C:\TSIS_Data\00_CTO\13_TRADING_SYSTEMS\03_STRATEGY_LIBRARY\LONG\DAS\runs\das_scanner_appearance_20260628T114046Z\chart_exports\event_day_details_grouped\0192_AREC_2025-11-03_push45.22_rebreak\03_event_day_premarket_detail.png,C:\TSIS_Data\00_CTO\13_TRADING_SYSTEMS\03_STRATEGY_LIBRARY\LONG\DAS\runs\das_scanner_appearance_20260628T114046Z\chart_exports\event_day_details_grouped\0192_AREC_2025-11-03_push45.22_rebreak\04_event_day_detail_until_1600_ny.png,C:\TSIS_Data\00_CTO\13_TRADING_SYSTEMS\03_STRATEGY_LIBRARY\LONG\DAS\runs\das_scanner_appearance_20260628T114046Z\chart_exports\event_day_details_grouped\0192_AREC_2025-11-03_push45.22_rebreak\05_daily_context.png,das_scanner_appearance:AREC:2025-11-03T13:45:00+00:00,AREC,2025-11-03,45.2196,45.2196,,,38.3488,39.06753246753246,49.870801033591725,50.649350649350644,49.8708,8.3282,8.3282,rebreak_confirmed,9.6085,ascending_flag_break,2025-11-03 08:49:00 EST,2025-11-03 08:53:00 EST,0.9882,green_wick_dip_new_high
193,C:\TSIS_Data\00_CTO\13_TRADING_SYSTEMS\03_STRATEGY_LIBRARY\LONG\DAS\runs\das_scanner_appearance_20260628T114046Z\chart_exports\event_day_details_grouped\0193_GLE_2025-09-10_push45.03_rebreak,C:\TSIS_Data\00_CTO\13_TRADING_SYSTEMS\03_STRATEGY_LIBRARY\LONG\DAS\runs\das_scanner_appearance_20260628T114046Z\chart_exports\event_day_details_grouped\0193_GLE_2025-09-10_push45.03_rebreak\02_three_day_overview.png,C:\TSIS_Data\00_CTO\13_TRADING_SYSTEMS\03_STRATEGY_LIBRARY\LONG\DAS\runs\das_scanner_appearance_20260628T114046Z\chart_exports\event_day_details_grouped\0193_GLE_2025-09-10_push45.03_rebreak\03_event_day_premarket_detail.png,C:\TSIS_Data\00_CTO\13_TRADING_SYSTEMS\03_STRATEGY_LIBRARY\LONG\DAS\runs\das_scanner_appearance_20260628T114046Z\chart_exports\event_day_details_grouped\0193_GLE_2025-09-10_push45.03_rebreak\04_event_day_detail_until_1600_ny.png,C:\TSIS_Data\00_CTO\13_TRADING_SYSTEMS\03_STRATEGY_LIBRARY\LONG\DAS\runs\das_scanner_appearance_20260628T114046Z\chart_exports\event_day_details_grouped\0193_GLE_2025-09-10_push45.03_rebreak\05_daily_context.png,das_scanner_appearance:GLE:2025-09-10T10:04:00+00:00,GLE,2025-09-10,45.0318,45.0318,70.20256502457148,89.25763028122084,-0.5154,10.622417699586832,647.9323984178353,731.6673330667733,647.9324,651.8072,651.8072,rebreak_confirmed,33.2479,single_candle_rebreak,2025-09-10 06:08:00 EDT,2025-09-10 06:09:00 EDT,14.6964,green_wick_dip_new_high
194,C:\TSIS_Data\00_CTO\13_TRADING_SYSTEMS\03_STRATEGY_LIBRARY\LONG\DAS\runs\das_scanner_appearance_20260628T114046Z\chart_exports\event_day_details_grouped\0194_EVTV_2026-01-12_push44.96_rebreak,C:\TSIS_Data\00_CTO\13_TRADING_SYSTEMS\03_STRATEGY_LIBRARY\LONG\DAS\runs\das_scanner_appearance_20260628T114046Z\chart_exports\event_day_details_grouped\0194_EVTV_2026-01-12_push44.96_rebreak\02_three_day_overview.png,C:\TSIS_Data\00_CTO\13_TRADING_SYSTEMS\03_STRATEGY_LIBRARY\LONG\DAS\runs\das_scanner_appearance_20260628T114046Z\chart_exports\event_day_details_grouped\0194_EVTV_2026-01-12_push44.96_rebreak\03_event_day_premarket_detail.png,C:\TSIS_Data\00_CTO\13_TRADING_SYSTEMS\03_STRATEGY_LIBRARY\LONG\DAS\runs\das_scanner_appearance_20260628T114046Z\chart_exports\event_day_details_grouped\0194_EVTV_2026-01-12_push44.96_rebreak\04_event_day_detail_until_1600_ny.png,C:\TSIS_Data\00_CTO\13_TRADING_SYSTEMS\03_STRATEGY_LIBRARY\LONG\DAS\runs\das_scanner_appearance_20260628T114046Z\chart_exports\event_day_details_grouped\0194_EVTV_2026-01-12_push44.96_rebreak\05_daily_context.png,das_scanner_appearance:EVTV:2026-01-12T12:00:00+00:00,EVTV,2026-01-12,44.9571,44.9571,52.633728052266235,60.532531672750714,42.9155,50.311359244148576,159.289505920784,172.70775177152672,159.2895,81.4286,81.4286,rebreak_confirmed,7.7465,ascending_flag_break,2026-01-12 07:09:00 EST,2026-01-12 07:11:00 EST,0.1551,green_wick_dip_new_high
195,C:\TSIS_Data\00_CTO\13_TRADING_SYSTEMS\03_STRATEGY_LIBRARY\LONG\DAS\runs\das_scanner_appearance_20260628T114046Z\chart_exports\event_day_details_grouped\0195_VVPR_2025-03-26_push44.95_rebreak,C:\TSIS_Data\00_CTO\13_TRADING_SYSTEMS\03_STRATEGY_LIBRARY\LONG\DAS\runs\das_scanner_appearance_20260628T114046Z\chart_exports\event_day_details_grouped\0195_VVPR_2025-03-26_push44.95_rebreak\02_three_day_overview.png,C:\TSIS_Data\00_CTO\13_TRADING_SYSTEMS\03_STRATEGY_LIBRARY\LONG\DAS\runs\das_scanner_appearance_20260628T114046Z\chart_exports\event_day_details_grouped\0195_VVPR_2025-03-26_push44.95_rebreak\03_event_day_premarket_detail.png,C:\TSIS_Data\00_CTO\13_TRADING_SYSTEMS\03_STRATEGY_LIBRARY\LONG\DAS\runs\das_scanner_appearance_20260628T114046Z\chart_exports\event_day_details_grouped\0195_VVPR_2025-03-26_push44.95_rebreak\04_event_day_detail_until_1600_ny.png,C:\TSIS_Data\00_CTO\13_TRADING_SYSTEMS\03_STRATEGY_LIBRARY\LONG\DAS\runs\das_scanner_appearance_20260628T114046Z\chart_exports\event_day_details_grouped\0195_VVPR_2025-03-26_push44.95_rebreak\05_daily_context.png,das_scanner_appearance:VVPR:2025-03-26T13:25:00+00:00,VVPR,2025-03-26,44.9541,44.9541,55.963302752293565,49.77973568281938,28.8991,23.78854625550661,55.963302752293565,49.77973568281938,55.9633,20.9964,20.9964,rebreak_confirmed,7.9114,last_red_high_break,2025-03-26 09:29:00 EDT,,,
196,C:\TSIS_Data\00_CTO\13_TRADING_SYSTEMS\03_STRATEGY_LIBRARY\LONG\DAS\runs\das_scanner_appearance_20260628T114046Z\chart_exports\event_day_details_grouped\0196_RANI_2025-07-14_push44.36_rebreak,C:\TSIS_Data\00_CTO\13_TRADING_SYSTEMS\03_STRATEGY_LIBRARY\LONG\DAS\runs\das_scanner_appearance_20260628T114046Z\chart_exports\event_day_details_grouped\0196_RANI_2025-07-14_push44.36_rebreak\02_three_day_overview.png,C:\TSIS_Data\00_CTO\13_TRADING_SYSTEMS\03_STRATEGY_LIBRARY\LONG\DAS\runs\das_scanner_appearance_20260628T114046Z\chart_exports\event_day_details_grouped\0196_RANI_2025-07-14_push44.36_rebreak\03_event_day_premarket_detail.png,C:\TSIS_Data\00_CTO\13_TRADING_SYSTEMS\03_STRATEGY_LIBRARY\LONG\DAS\runs\das_scanner_appearance_20260628T114046Z\chart_exports\event_day_details_grouped\0196_RANI_2025-07-14_push44.36_rebreak\04_event_day_detail_until_1600_ny.png,C:\TSIS_Data\00_CTO\13_TRADING_SYSTEMS\03_STRATEGY_LIBRARY\LONG\DAS\runs\das_scanner_appearance_20260628T114046Z\chart_exports\event_day_details_grouped\0196_RANI_2025-07-14_push44.36_rebreak\05_daily_context.png,das_scanner_appearance:RANI:2025-07-14T09:03:00+00:00,RANI,2025-07-14,44.357,44.357,56.02216389617966,66.14906832298138,29.2797,37.67080745341615,72.0618256051327,83.22981366459626,72.0618,33.0927,33.0927,rebreak_confirmed,16.4949,vwap_reclaim_rebreak,2025-07-14 05:22:00 EDT,2025-07-14 05:25:00 EDT,3.1531,green_wick_dip_new_high
197,C:\TSIS_Data\00_CTO\13_TRADING_SYSTEMS\03_STRATEGY_LIBRARY\LONG\DAS\runs\das_scanner_appearance_20260628T114046Z\chart_exports\event_day_details_grouped\0197_CDT_2026-02-03_push44.26_rebreak,C:\TSIS_Data\00_CTO\13_TRADING_SYSTEMS\03_STRATEGY_LIBRARY\LONG\DAS\runs\das_scanner_appearance_20260628T114046Z\chart_exports\event_day_details_grouped\0197_CDT_2026-02-03_push44.26_rebreak\02_three_day_overview.png,C:\TSIS_Data\00_CTO\13_TRADING_SYSTEMS\03_STRATEGY_LIBRARY\LONG\DAS\runs\das_scanner_appearance_20260628T114046Z\chart_exports\event_day_details_grouped\0197_CDT_2026-02-03_push44.26_rebreak\03_event_day_premarket_detail.png,C:\TSIS_Data\00_CTO\13_TRADING_SYSTEMS\03_STRATEGY_LIBRARY\LONG\DAS\runs\das_scanner_appearance_20260628T114046Z\chart_exports\event_day_details_grouped\0197_CDT_2026-02-03_push44.26_rebreak\04_event_day_detail_until_1600_ny.png,C:\TSIS_Data\00_CTO\13_TRADING_SYSTEMS\03_STRATEGY_LIBRARY\LONG\DAS\runs\das_scanner_appearance_20260628T114046Z\chart_exports\event_day_details_grouped\0197_CDT_2026-02-03_push44.26_rebreak\05_daily_context.png,das_scanner_appearance:CDT:2026-02-03T10:26:00+00:00,CDT,2026-02-03,44.2623,44.2623,,,43.4426,57.657657657657644,44.26229508196722,58.55855855855855,44.2623,0.5714,0.5714,rebreak_confirmed,12.5,vwap_reclaim_rebreak,2026-02-03 05:30:00 EST,2026-02-03 05:33:00 EST,1.3889,green_wick_dip_reactivation
198,C:\TSIS_Data\00_CTO\13_TRADING_SYSTEMS\03_STRATEGY_LIBRARY\LONG\DAS\runs\das_scanner_appearance_20260628T114046Z\chart_exports\event_day_details_grouped\0198_CLIK_2025-10-27_push44.13_rebreak,C:\TSIS_Data\00_CTO\13_TRADING_SYSTEMS\03_STRATEGY_LIBRARY\LONG\DAS\runs\das_scanner_appearance_20260628T114046Z\chart_exports\event_day_details_grouped\0198_CLIK_2025-10-27_push44.13_rebreak\02_three_day_overview.png,C:\TSIS_Data\00_CTO\13_TRADING_SYSTEMS\03_STRATEGY_LIBRARY\LONG\DAS\runs\das_scanner_appearance_20260628T114046Z\chart_exports\event_day_details_grouped\0198_CLIK_2025-10-27_push44.13_rebreak\03_event_day_premarket_detail.png,C:\TSIS_Data\00_CTO\13_TRADING_SYSTEMS\03_STRATEGY_LIBRARY\LONG\DAS\runs\das_scanner_appearance_20260628T114046Z\chart_exports\event_day_details_grouped\0198_CLIK_2025-10-27_push44.13_rebreak\04_event_day_detail_until_1600_ny.png,C:\TSIS_Data\00_CTO\13_TRADING_SYSTEMS\03_STRATEGY_LIBRARY\LONG\DAS\runs\das_scanner_appearance_20260628T114046Z\chart_exports\event_day_details_grouped\0198_CLIK_2025-10-27_push44.13_rebreak\05_daily_context.png,das_scanner_appearance:CLIK:2025-10-27T08:03:00+00:00,CLIK,2025-10-27,44.1292,44.1292,50.19569471624264,147.18196457326894,33.2681,119.32367149758454,79.15851272015654,194.84702093397743,79.1585,34.4347,34.4347,rebreak_confirmed,10.998,single_candle_rebreak,2025-10-27 04:05:00 EDT,2025-10-27 04:06:00 EDT,3.1951,green_wick_dip_new_high
199,C:\TSIS_Data\00_CTO\13_TRADING_SYSTEMS\03_STRATEGY_LIBRARY\LONG\DAS\runs\das_scanner_appearance_20260628T114046Z\chart_exports\event_day_details_grouped\0199_HOVR_2024-11-11_push43.85_rebreak,C:\TSIS_Data\00_CTO\13_TRADING_SYSTEMS\03_STRATEGY_LIBRARY\LONG\DAS\runs\das_scanner_appearance_20260628T114046Z\chart_exports\event_day_details_grouped\0199_HOVR_2024-11-11_push43.85_rebreak\02_three_day_overview.png,C:\TSIS_Data\00_CTO\13_TRADING_SYSTEMS\03_STRATEGY_LIBRARY\LONG\DAS\runs\das_scanner_appearance_20260628T114046Z\chart_exports\event_day_details_grouped\0199_HOVR_2024-11-11_push43.85_rebreak\03_event_day_premarket_detail.png,C:\TSIS_Data\00_CTO\13_TRADING_SYSTEMS\03_STRATEGY_LIBRARY\LONG\DAS\runs\das_scanner_appearance_20260628T114046Z\chart_exports\event_day_details_grouped\0199_HOVR_2024-11-11_push43.85_rebreak\04_event_day_detail_until_1600_ny.png,C:\TSIS_Data\00_CTO\13_TRADING_SYSTEMS\03_STRATEGY_LIBRARY\LONG\DAS\runs\das_scanner_appearance_20260628T114046Z\chart_exports\event_day_details_grouped\0199_HOVR_2024-11-11_push43.85_rebreak\05_daily_context.png,das_scanner_appearance:HOVR:2024-11-11T09:03:00+00:00,HOVR,2024-11-11,43.8537,43.8537,65.29268292682927,133.6896551724138,37.0488,93.75862068965517,65.29268292682927,133.6896551724138,65.2927,20.6086,20.6086,rebreak_confirmed,13.1061,vwap_reclaim_rebreak,2024-11-11 04:44:00 EST,2024-11-11 04:45:00 EST,2.7539,green_wick_dip_reactivation
200,C:\TSIS_Data\00_CTO\13_TRADING_SYSTEMS\03_STRATEGY_LIBRARY\LONG\DAS\runs\das_scanner_appearance_20260628T114046Z\chart_exports\event_day_details_grouped\0200_IMRX_2025-01-07_push43.46_rebreak,C:\TSIS_Data\00_CTO\13_TRADING_SYSTEMS\03_STRATEGY_LIBRARY\LONG\DAS\runs\das_scanner_appearance_20260628T114046Z\chart_exports\event_day_details_grouped\0200_IMRX_2025-01-07_push43.46_rebreak\02_three_day_overview.png,C:\TSIS_Data\00_CTO\13_TRADING_SYSTEMS\03_STRATEGY_LIBRARY\LONG\DAS\runs\das_scanner_appearance_20260628T114046Z\chart_exports\event_day_details_grouped\0200_IMRX_2025-01-07_push43.46_rebreak\03_event_day_premarket_detail.png,C:\TSIS_Data\00_CTO\13_TRADING_SYSTEMS\03_STRATEGY_LIBRARY\LONG\DAS\runs\das_scanner_appearance_20260628T114046Z\chart_exports\event_day_details_grouped\0200_IMRX_2025-01-07_push43.46_rebreak\04_event_day_detail_until_1600_ny.png,C:\TSIS_Data\00_CTO\13_TRADING_SYSTEMS\03_STRATEGY_LIBRARY\LONG\DAS\runs\das_scanner_appearance_20260628T114046Z\chart_exports\event_day_details_grouped\0200_IMRX_2025-01-07_push43.46_rebreak\05_daily_context.png,das_scanner_appearance:IMRX:2025-01-07T12:04:00+00:00,IMRX,2025-01-07,43.4599,43.4599,50.63291139240504,49.37238493723848,33.5443,32.42677824267782,137.9746835443038,135.98326359832635,137.9747,78.1991,78.1991,rebreak_confirmed,12.6471,vwap_reclaim_rebreak,2025-01-07 07:25:00 EST,2025-01-07 07:26:00 EST,2.8736,green_wick_dip_new_high
201,C:\TSIS_Data\00_CTO\13_TRADING_SYSTEMS\03_STRATEGY_LIBRARY\LONG\DAS\runs\das_scanner_appearance_20260628T114046Z\chart_exports\event_day_details_grouped\0201_BEAT_2025-12-10_push43.03_rebreak,C:\TSIS_Data\00_CTO\13_TRADING_SYSTEMS\03_STRATEGY_LIBRARY\LONG\DAS\runs\das_scanner_appearance_20260628T114046Z\chart_exports\event_day_details_grouped\0201_BEAT_2025-12-10_push43.03_rebreak\02_three_day_overview.png,C:\TSIS_Data\00_CTO\13_TRADING_SYSTEMS\03_STRATEGY_LIBRARY\LONG\DAS\runs\das_scanner_appearance_20260628T114046Z\chart_exports\event_day_details_grouped\0201_BEAT_2025-12-10_push43.03_rebreak\03_event_day_premarket_detail.png,C:\TSIS_Data\00_CTO\13_TRADING_SYSTEMS\03_STRATEGY_LIBRARY\LONG\DAS\runs\das_scanner_appearance_20260628T114046Z\chart_exports\event_day_details_grouped\0201_BEAT_2025-12-10_push43.03_rebreak\04_event_day_detail_until_1600_ny.png,C:\TSIS_Data\00_CTO\13_TRADING_SYSTEMS\03_STRATEGY_LIBRARY\LONG\DAS\runs\das_scanner_appearance_20260628T114046Z\chart_exports\event_day_details_grouped\0201_BEAT_2025-12-10_push43.03_rebreak\05_daily_context.png,das_scanner_appearance:BEAT:2025-12-10T12:00:00+00:00,BEAT,2025-12-10,43.0348,43.0348,61.69154228855721,62.78487352867519,26.8657,27.723516153268225,91.54228855721392,92.8374655647383,91.5423,50.9804,50.9804,rebreak_confirmed,15.6087,single_candle_rebreak,2025-12-10 07:02:00 EST,2025-12-10 07:03:00 EST,6.3492,green_wick_dip_new_high
202,C:\TSIS_Data\00_CTO\13_TRADING_SYSTEMS\03_STRATEGY_LIBRARY\LONG\DAS\runs\das_scanner_appearance_20260628T114046Z\chart_exports\event_day_details_grouped\0202_SES_2024-12-27_push42.86_rebreak,C:\TSIS_Data\00_CTO\13_TRADING_SYSTEMS\03_STRATEGY_LIBRARY\LONG\DAS\runs\das_scanner_appearance_20260628T114046Z\chart_exports\event_day_details_grouped\0202_SES_2024-12-27_push42.86_rebreak\02_three_day_overview.png,C:\TSIS_Data\00_CTO\13_TRADING_SYSTEMS\03_STRATEGY_LIBRARY\LONG\DAS\runs\das_scanner_appearance_20260628T114046Z\chart_exports\event_day_details_grouped\0202_SES_2024-12-27_push42.86_rebreak\03_event_day_premarket_detail.png,C:\TSIS_Data\00_CTO\13_TRADING_SYSTEMS\03_STRATEGY_LIBRARY\LONG\DAS\runs\das_scanner_appearance_20260628T114046Z\chart_exports\event_day_details_grouped\0202_SES_2024-12-27_push42.86_rebreak\04_event_day_detail_until_1600_ny.png,C:\TSIS_Data\00_CTO\13_TRADING_SYSTEMS\03_STRATEGY_LIBRARY\LONG\DAS\runs\das_scanner_appearance_20260628T114046Z\chart_exports\event_day_details_grouped\0202_SES_2024-12-27_push42.86_rebreak\05_daily_context.png,das_scanner_appearance:SES:2024-12-27T09:00:00+00:00,SES,2024-12-27,42.8571,42.8571,,,34.9206,80.85106382978722,46.03174603174603,95.74468085106382,46.0317,8.2353,8.2353,rebreak_confirmed,11.4815,single_candle_rebreak,2024-12-27 04:03:00 EST,2024-12-27 04:05:00 EST,0.7874,green_wick_dip_new_high
203,C:\TSIS_Data\00_CTO\13_TRADING_SYSTEMS\03_STRATEGY_LIBRARY\LONG\DAS\runs\das_scanner_appearance_20260628T114046Z\chart_exports\event_day_details_grouped\0203_GLTO_2025-09-23_push42.86_rebreak,C:\TSIS_Data\00_CTO\13_TRADING_SYSTEMS\03_STRATEGY_LIBRARY\LONG\DAS\runs\das_scanner_appearance_20260628T114046Z\chart_exports\event_day_details_grouped\0203_GLTO_2025-09-23_push42.86_rebreak\02_three_day_overview.png,C:\TSIS_Data\00_CTO\13_TRADING_SYSTEMS\03_STRATEGY_LIBRARY\LONG\DAS\runs\das_scanner_appearance_20260628T114046Z\chart_exports\event_day_details_grouped\0203_GLTO_2025-09-23_push42.86_rebreak\03_event_day_premarket_detail.png,C:\TSIS_Data\00_CTO\13_TRADING_SYSTEMS\03_STRATEGY_LIBRARY\LONG\DAS\runs\das_scanner_appearance_20260628T114046Z\chart_exports\event_day_details_grouped\0203_GLTO_2025-09-23_push42.86_rebreak\04_event_day_detail_until_1600_ny.png,C:\TSIS_Data\00_CTO\13_TRADING_SYSTEMS\03_STRATEGY_LIBRARY\LONG\DAS\runs\das_scanner_appearance_20260628T114046Z\chart_exports\event_day_details_grouped\0203_GLTO_2025-09-23_push42.86_rebreak\05_daily_context.png,das_scanner_appearance:GLTO:2025-09-23T10:51:00+00:00,GLTO,2025-09-23,42.8571,42.8571,50.32467532467532,54.333333333333336,31.4935,34.99999999999999,126.94805194805194,133.0,126.9481,72.5926,72.5926,rebreak_confirmed,13.1818,ascending_flag_break,2025-09-23 06:55:00 EDT,2025-09-23 06:57:00 EDT,1.8692,green_wick_dip_reactivation
204,C:\TSIS_Data\00_CTO\13_TRADING_SYSTEMS\03_STRATEGY_LIBRARY\LONG\DAS\runs\das_scanner_appearance_20260628T114046Z\chart_exports\event_day_details_grouped\0204_OSRH_2025-02-21_push42.65_rebreak,C:\TSIS_Data\00_CTO\13_TRADING_SYSTEMS\03_STRATEGY_LIBRARY\LONG\DAS\runs\das_scanner_appearance_20260628T114046Z\chart_exports\event_day_details_grouped\0204_OSRH_2025-02-21_push42.65_rebreak\02_three_day_overview.png,C:\TSIS_Data\00_CTO\13_TRADING_SYSTEMS\03_STRATEGY_LIBRARY\LONG\DAS\runs\das_scanner_appearance_20260628T114046Z\chart_exports\event_day_details_grouped\0204_OSRH_2025-02-21_push42.65_rebreak\03_event_day_premarket_detail.png,C:\TSIS_Data\00_CTO\13_TRADING_SYSTEMS\03_STRATEGY_LIBRARY\LONG\DAS\runs\das_scanner_appearance_20260628T114046Z\chart_exports\event_day_details_grouped\0204_OSRH_2025-02-21_push42.65_rebreak\04_event_day_detail_until_1600_ny.png,C:\TSIS_Data\00_CTO\13_TRADING_SYSTEMS\03_STRATEGY_LIBRARY\LONG\DAS\runs\das_scanner_appearance_20260628T114046Z\chart_exports\event_day_details_grouped\0204_OSRH_2025-02-21_push42.65_rebreak\05_daily_context.png,das_scanner_appearance:OSRH:2025-02-21T14:27:00+00:00,OSRH,2025-02-21,42.645,42.645,,,37.1301,46.245664739884404,45.52845528455285,55.202312138728324,45.5285,6.1244,6.1244,rebreak_confirmed,7.4778,single_candle_rebreak,2025-02-21 09:29:00 EST,,,
205,C:\TSIS_Data\00_CTO\13_TRADING_SYSTEMS\03_STRATEGY_LIBRARY\LONG\DAS\runs\das_scanner_appearance_20260628T114046Z\chart_exports\event_day_details_grouped\0205_BACK_2025-01-28_push42.50_rebreak,C:\TSIS_Data\00_CTO\13_TRADING_SYSTEMS\03_STRATEGY_LIBRARY\LONG\DAS\runs\das_scanner_appearance_20260628T114046Z\chart_exports\event_day_details_grouped\0205_BACK_2025-01-28_push42.50_rebreak\02_three_day_overview.png,C:\TSIS_Data\00_CTO\13_TRADING_SYSTEMS\03_STRATEGY_LIBRARY\LONG\DAS\runs\das_scanner_appearance_20260628T114046Z\chart_exports\event_day_details_grouped\0205_BACK_2025-01-28_push42.50_rebreak\03_event_day_premarket_detail.png,C:\TSIS_Data\00_CTO\13_TRADING_SYSTEMS\03_STRATEGY_LIBRARY\LONG\DAS\runs\das_scanner_appearance_20260628T114046Z\chart_exports\event_day_details_grouped\0205_BACK_2025-01-28_push42.50_rebreak\04_event_day_detail_until_1600_ny.png,C:\TSIS_Data\00_CTO\13_TRADING_SYSTEMS\03_STRATEGY_LIBRARY\LONG\DAS\runs\das_scanner_appearance_20260628T114046Z\chart_exports\event_day_details_grouped\0205_BACK_2025-01-28_push42.50_rebreak\05_daily_context.png,das_scanner_appearance:BACK:2025-01-28T09:01:00+00:00,BACK,2025-01-28,42.5,42.5,52.500000000000014,144.00000000000003,38.3333,121.33333333333331,74.16666666666666,178.66666666666663,74.1667,25.9036,25.9036,rebreak_confirmed,6.4327,vwap_reclaim_rebreak,2025-01-28 04:10:00 EST,2025-01-28 04:11:00 EST,3.4483,green_wick_dip_new_high
206,C:\TSIS_Data\00_CTO\13_TRADING_SYSTEMS\03_STRATEGY_LIBRARY\LONG\DAS\runs\das_scanner_appearance_20260628T114046Z\chart_exports\event_day_details_grouped\0206_KLTO_2025-01-03_push42.50_rebreak,C:\TSIS_Data\00_CTO\13_TRADING_SYSTEMS\03_STRATEGY_LIBRARY\LONG\DAS\runs\das_scanner_appearance_20260628T114046Z\chart_exports\event_day_details_grouped\0206_KLTO_2025-01-03_push42.50_rebreak\02_three_day_overview.png,C:\TSIS_Data\00_CTO\13_TRADING_SYSTEMS\03_STRATEGY_LIBRARY\LONG\DAS\runs\das_scanner_appearance_20260628T114046Z\chart_exports\event_day_details_grouped\0206_KLTO_2025-01-03_push42.50_rebreak\03_event_day_premarket_detail.png,C:\TSIS_Data\00_CTO\13_TRADING_SYSTEMS\03_STRATEGY_LIBRARY\LONG\DAS\runs\das_scanner_appearance_20260628T114046Z\chart_exports\event_day_details_grouped\0206_KLTO_2025-01-03_push42.50_rebreak\04_event_day_detail_until_1600_ny.png,C:\TSIS_Data\00_CTO\13_TRADING_SYSTEMS\03_STRATEGY_LIBRARY\LONG\DAS\runs\das_scanner_appearance_20260628T114046Z\chart_exports\event_day_details_grouped\0206_KLTO_2025-01-03_push42.50_rebreak\05_daily_context.png,das_scanner_appearance:KLTO:2025-01-03T11:16:00+00:00,KLTO,2025-01-03,42.4957,42.4957,62.47170062591556,77.01683110853162,35.837,47.99767846778874,62.47170062591556,77.01683110853162,62.4717,19.6078,19.6078,rebreak_confirmed,11.215,single_candle_rebreak,2025-01-03 06:18:00 EST,2025-01-03 06:19:00 EST,6.4815,green_wick_dip_new_high
207,C:\TSIS_Data\00_CTO\13_TRADING_SYSTEMS\03_STRATEGY_LIBRARY\LONG\DAS\runs\das_scanner_appearance_20260628T114046Z\chart_exports\event_day_details_grouped\0207_DOMH_2025-03-31_push42.23_rebreak,C:\TSIS_Data\00_CTO\13_TRADING_SYSTEMS\03_STRATEGY_LIBRARY\LONG\DAS\runs\das_scanner_appearance_20260628T114046Z\chart_exports\event_day_details_grouped\0207_DOMH_2025-03-31_push42.23_rebreak\02_three_day_overview.png,C:\TSIS_Data\00_CTO\13_TRADING_SYSTEMS\03_STRATEGY_LIBRARY\LONG\DAS\runs\das_scanner_appearance_20260628T114046Z\chart_exports\event_day_details_grouped\0207_DOMH_2025-03-31_push42.23_rebreak\03_event_day_premarket_detail.png,C:\TSIS_Data\00_CTO\13_TRADING_SYSTEMS\03_STRATEGY_LIBRARY\LONG\DAS\runs\das_scanner_appearance_20260628T114046Z\chart_exports\event_day_details_grouped\0207_DOMH_2025-03-31_push42.23_rebreak\04_event_day_detail_until_1600_ny.png,C:\TSIS_Data\00_CTO\13_TRADING_SYSTEMS\03_STRATEGY_LIBRARY\LONG\DAS\runs\das_scanner_appearance_20260628T114046Z\chart_exports\event_day_details_grouped\0207_DOMH_2025-03-31_push42.23_rebreak\05_daily_context.png,das_scanner_appearance:DOMH:2025-03-31T12:26:00+00:00,DOMH,2025-03-31,42.2319,42.2319,,,27.1335,22.832980972515838,42.23194748358861,37.42071881606764,42.2319,11.8761,11.8761,rebreak_confirmed,18.7692,vwap_reclaim_rebreak,2025-03-31 08:32:00 EDT,2025-03-31 08:33:00 EDT,1.7094,green_wick_dip_reactivation
208,C:\TSIS_Data\00_CTO\13_TRADING_SYSTEMS\03_STRATEGY_LIBRARY\LONG\DAS\runs\das_scanner_appearance_20260628T114046Z\chart_exports\event_day_details_grouped\0208_KLTO_2025-06-10_push42.16_rebreak,C:\TSIS_Data\00_CTO\13_TRADING_SYSTEMS\03_STRATEGY_LIBRARY\LONG\DAS\runs\das_scanner_appearance_20260628T114046Z\chart_exports\event_day_details_grouped\0208_KLTO_2025-06-10_push42.16_rebreak\02_three_day_overview.png,C:\TSIS_Data\00_CTO\13_TRADING_SYSTEMS\03_STRATEGY_LIBRARY\LONG\DAS\runs\das_scanner_appearance_20260628T114046Z\chart_exports\event_day_details_grouped\0208_KLTO_2025-06-10_push42.16_rebreak\03_event_day_premarket_detail.png,C:\TSIS_Data\00_CTO\13_TRADING_SYSTEMS\03_STRATEGY_LIBRARY\LONG\DAS\runs\das_scanner_appearance_20260628T114046Z\chart_exports\event_day_details_grouped\0208_KLTO_2025-06-10_push42.16_rebreak\04_event_day_detail_until_1600_ny.png,C:\TSIS_Data\00_CTO\13_TRADING_SYSTEMS\03_STRATEGY_LIBRARY\LONG\DAS\runs\das_scanner_appearance_20260628T114046Z\chart_exports\event_day_details_grouped\0208_KLTO_2025-06-10_push42.16_rebreak\05_daily_context.png,das_scanner_appearance:KLTO:2025-06-10T08:00:00+00:00,KLTO,2025-06-10,42.1569,42.1569,52.45098039215685,71.82320441988949,39.2157,56.90607734806628,57.35294117647059,77.34806629834253,57.3529,13.0282,13.0282,rebreak_confirmed,9.3103,last_red_high_break,2025-06-10 04:04:00 EDT,2025-06-10 04:07:00 EDT,0.1812,green_wick_dip_new_high
209,C:\TSIS_Data\00_CTO\13_TRADING_SYSTEMS\03_STRATEGY_LIBRARY\LONG\DAS\runs\das_scanner_appearance_20260628T114046Z\chart_exports\event_day_details_grouped\0209_ONCY_2025-01-15_push42.04_rebreak,C:\TSIS_Data\00_CTO\13_TRADING_SYSTEMS\03_STRATEGY_LIBRARY\LONG\DAS\runs\das_scanner_appearance_20260628T114046Z\chart_exports\event_day_details_grouped\0209_ONCY_2025-01-15_push42.04_rebreak\02_three_day_overview.png,C:\TSIS_Data\00_CTO\13_TRADING_SYSTEMS\03_STRATEGY_LIBRARY\LONG\DAS\runs\das_scanner_appearance_20260628T114046Z\chart_exports\event_day_details_grouped\0209_ONCY_2025-01-15_push42.04_rebreak\03_event_day_premarket_detail.png,C:\TSIS_Data\00_CTO\13_TRADING_SYSTEMS\03_STRATEGY_LIBRARY\LONG\DAS\runs\das_scanner_appearance_20260628T114046Z\chart_exports\event_day_details_grouped\0209_ONCY_2025-01-15_push42.04_rebreak\04_event_day_detail_until_1600_ny.png,C:\TSIS_Data\00_CTO\13_TRADING_SYSTEMS\03_STRATEGY_LIBRARY\LONG\DAS\runs\das_scanner_appearance_20260628T114046Z\chart_exports\event_day_details_grouped\0209_ONCY_2025-01-15_push42.04_rebreak\05_daily_context.png,das_scanner_appearance:ONCY:2025-01-15T12:04:00+00:00,ONCY,2025-01-15,42.0389,42.0389,,,30.5842,40.74074074074072,42.0389461626575,53.08641975308641,42.0389,8.7719,8.7719,rebreak_confirmed,15.3226,vwap_reclaim_rebreak,2025-01-15 07:24:00 EST,2025-01-15 07:28:00 EST,2.8846,green_wick_dip_reactivation
210,C:\TSIS_Data\00_CTO\13_TRADING_SYSTEMS\03_STRATEGY_LIBRARY\LONG\DAS\runs\das_scanner_appearance_20260628T114046Z\chart_exports\event_day_details_grouped\0210_EHGO_2025-07-07_push41.86_rebreak,C:\TSIS_Data\00_CTO\13_TRADING_SYSTEMS\03_STRATEGY_LIBRARY\LONG\DAS\runs\das_scanner_appearance_20260628T114046Z\chart_exports\event_day_details_grouped\0210_EHGO_2025-07-07_push41.86_rebreak\02_three_day_overview.png,C:\TSIS_Data\00_CTO\13_TRADING_SYSTEMS\03_STRATEGY_LIBRARY\LONG\DAS\runs\das_scanner_appearance_20260628T114046Z\chart_exports\event_day_details_grouped\0210_EHGO_2025-07-07_push41.86_rebreak\03_event_day_premarket_detail.png,C:\TSIS_Data\00_CTO\13_TRADING_SYSTEMS\03_STRATEGY_LIBRARY\LONG\DAS\runs\das_scanner_appearance_20260628T114046Z\chart_exports\event_day_details_grouped\0210_EHGO_2025-07-07_push41.86_rebreak\04_event_day_detail_until_1600_ny.png,C:\TSIS_Data\00_CTO\13_TRADING_SYSTEMS\03_STRATEGY_LIBRARY\LONG\DAS\runs\das_scanner_appearance_20260628T114046Z\chart_exports\event_day_details_grouped\0210_EHGO_2025-07-07_push41.86_rebreak\05_daily_context.png,das_scanner_appearance:EHGO:2025-07-07T10:13:00+00:00,EHGO,2025-07-07,41.8605,41.8605,51.162790697674424,51.162790697674424,34.8837,34.883720930232556,120.93023255813955,120.93023255813955,120.9302,63.7931,63.7931,rebreak_confirmed,6.5574,vwap_reclaim_rebreak,2025-07-07 06:18:00 EDT,2025-07-07 06:21:00 EDT,0.8,green_wick_dip_new_high
211,C:\TSIS_Data\00_CTO\13_TRADING_SYSTEMS\03_STRATEGY_LIBRARY\LONG\DAS\runs\das_scanner_appearance_20260628T114046Z\chart_exports\event_day_details_grouped\0211_HOUR_2025-09-08_push41.63_rebreak,C:\TSIS_Data\00_CTO\13_TRADING_SYSTEMS\03_STRATEGY_LIBRARY\LONG\DAS\runs\das_scanner_appearance_20260628T114046Z\chart_exports\event_day_details_grouped\0211_HOUR_2025-09-08_push41.63_rebreak\02_three_day_overview.png,C:\TSIS_Data\00_CTO\13_TRADING_SYSTEMS\03_STRATEGY_LIBRARY\LONG\DAS\runs\das_scanner_appearance_20260628T114046Z\chart_exports\event_day_details_grouped\0211_HOUR_2025-09-08_push41.63_rebreak\03_event_day_premarket_detail.png,C:\TSIS_Data\00_CTO\13_TRADING_SYSTEMS\03_STRATEGY_LIBRARY\LONG\DAS\runs\das_scanner_appearance_20260628T114046Z\chart_exports\event_day_details_grouped\0211_HOUR_2025-09-08_push41.63_rebreak\04_event_day_detail_until_1600_ny.png,C:\TSIS_Data\00_CTO\13_TRADING_SYSTEMS\03_STRATEGY_LIBRARY\LONG\DAS\runs\das_scanner_appearance_20260628T114046Z\chart_exports\event_day_details_grouped\0211_HOUR_2025-09-08_push41.63_rebreak\05_daily_context.png,das_scanner_appearance:HOUR:2025-09-08T11:01:00+00:00,HOUR,2025-09-08,41.6256,41.6256,,,2.2167,14.32821840822062,47.044334975369466,64.46734069809085,47.0443,43.8554,43.8554,rebreak_confirmed,7.8261,ascending_flag_break,2025-09-08 07:41:00 EDT,2025-09-08 07:42:00 EDT,1.8933,green_wick_dip_reactivation
212,C:\TSIS_Data\00_CTO\13_TRADING_SYSTEMS\03_STRATEGY_LIBRARY\LONG\DAS\runs\das_scanner_appearance_20260628T114046Z\chart_exports\event_day_details_grouped\0212_GXAI_2026-01-26_push41.30_rebreak,C:\TSIS_Data\00_CTO\13_TRADING_SYSTEMS\03_STRATEGY_LIBRARY\LONG\DAS\runs\das_scanner_appearance_20260628T114046Z\chart_exports\event_day_details_grouped\0212_GXAI_2026-01-26_push41.30_rebreak\02_three_day_overview.png,C:\TSIS_Data\00_CTO\13_TRADING_SYSTEMS\03_STRATEGY_LIBRARY\LONG\DAS\runs\das_scanner_appearance_20260628T114046Z\chart_exports\event_day_details_grouped\0212_GXAI_2026-01-26_push41.30_rebreak\03_event_day_premarket_detail.png,C:\TSIS_Data\00_CTO\13_TRADING_SYSTEMS\03_STRATEGY_LIBRARY\LONG\DAS\runs\das_scanner_appearance_20260628T114046Z\chart_exports\event_day_details_grouped\0212_GXAI_2026-01-26_push41.30_rebreak\04_event_day_detail_until_1600_ny.png,C:\TSIS_Data\00_CTO\13_TRADING_SYSTEMS\03_STRATEGY_LIBRARY\LONG\DAS\runs\das_scanner_appearance_20260628T114046Z\chart_exports\event_day_details_grouped\0212_GXAI_2026-01-26_push41.30_rebreak\05_daily_context.png,das_scanner_appearance:GXAI:2026-01-26T09:43:00+00:00,GXAI,2026-01-26,41.3043,41.3043,53.623188405797116,91.85520361990952,-15.2174,5.882352941176466,92.02898550724639,139.81900452488688,92.029,126.4957,126.4957,rebreak_confirmed,12.8205,last_red_high_break,2026-01-26 07:41:00 EST,2026-01-26 07:49:00 EST,1.7045,green_wick_dip_reactivation
213,C:\TSIS_Data\00_CTO\13_TRADING_SYSTEMS\03_STRATEGY_LIBRARY\LONG\DAS\runs\das_scanner_appearance_20260628T114046Z\chart_exports\event_day_details_grouped\0213_JCSE_2026-01-05_push41.07_rebreak,C:\TSIS_Data\00_CTO\13_TRADING_SYSTEMS\03_STRATEGY_LIBRARY\LONG\DAS\runs\das_scanner_appearance_20260628T114046Z\chart_exports\event_day_details_grouped\0213_JCSE_2026-01-05_push41.07_rebreak\02_three_day_overview.png,C:\TSIS_Data\00_CTO\13_TRADING_SYSTEMS\03_STRATEGY_LIBRARY\LONG\DAS\runs\das_scanner_appearance_20260628T114046Z\chart_exports\event_day_details_grouped\0213_JCSE_2026-01-05_push41.07_rebreak\03_event_day_premarket_detail.png,C:\TSIS_Data\00_CTO\13_TRADING_SYSTEMS\03_STRATEGY_LIBRARY\LONG\DAS\runs\das_scanner_appearance_20260628T114046Z\chart_exports\event_day_details_grouped\0213_JCSE_2026-01-05_push41.07_rebreak\04_event_day_detail_until_1600_ny.png,C:\TSIS_Data\00_CTO\13_TRADING_SYSTEMS\03_STRATEGY_LIBRARY\LONG\DAS\runs\das_scanner_appearance_20260628T114046Z\chart_exports\event_day_details_grouped\0213_JCSE_2026-01-05_push41.07_rebreak\05_daily_context.png,das_scanner_appearance:JCSE:2026-01-05T13:03:00+00:00,JCSE,2026-01-05,41.0714,41.0714,54.4642857142857,61.68224299065419,35.7143,42.05607476635513,57.14285714285713,64.48598130841121,57.1429,15.7895,15.7895,rebreak_confirmed,8.8608,vwap_reclaim_rebreak,2026-01-05 08:24:00 EST,2026-01-05 08:25:00 EST,1.227,green_wick_dip_reactivation
214,C:\TSIS_Data\00_CTO\13_TRADING_SYSTEMS\03_STRATEGY_LIBRARY\LONG\DAS\runs\das_scanner_appearance_20260628T114046Z\chart_exports\event_day_details_grouped\0214_SGBX_2025-10-17_push40.95_rebreak,C:\TSIS_Data\00_CTO\13_TRADING_SYSTEMS\03_STRATEGY_LIBRARY\LONG\DAS\runs\das_scanner_appearance_20260628T114046Z\chart_exports\event_day_details_grouped\0214_SGBX_2025-10-17_push40.95_rebreak\02_three_day_overview.png,C:\TSIS_Data\00_CTO\13_TRADING_SYSTEMS\03_STRATEGY_LIBRARY\LONG\DAS\runs\das_scanner_appearance_20260628T114046Z\chart_exports\event_day_details_grouped\0214_SGBX_2025-10-17_push40.95_rebreak\03_event_day_premarket_detail.png,C:\TSIS_Data\00_CTO\13_TRADING_SYSTEMS\03_STRATEGY_LIBRARY\LONG\DAS\runs\das_scanner_appearance_20260628T114046Z\chart_exports\event_day_details_grouped\0214_SGBX_2025-10-17_push40.95_rebreak\04_event_day_detail_until_1600_ny.png,C:\TSIS_Data\00_CTO\13_TRADING_SYSTEMS\03_STRATEGY_LIBRARY\LONG\DAS\runs\das_scanner_appearance_20260628T114046Z\chart_exports\event_day_details_grouped\0214_SGBX_2025-10-17_push40.95_rebreak\05_daily_context.png,das_scanner_appearance:SGBX:2025-10-17T08:04:00+00:00,SGBX,2025-10-17,40.9524,40.9524,,,35.2381,60.96123328043528,48.299319727891174,76.506784985588,48.2993,9.6579,9.6579,rebreak_confirmed,10.4247,ascending_flag_break,2025-10-17 04:08:00 EDT,2025-10-17 04:12:00 EDT,0.4577,green_wick_dip_reactivation
215,C:\TSIS_Data\00_CTO\13_TRADING_SYSTEMS\03_STRATEGY_LIBRARY\LONG\DAS\runs\das_scanner_appearance_20260628T114046Z\chart_exports\event_day_details_grouped\0215_ATCH_2025-02-24_push40.95_rebreak,C:\TSIS_Data\00_CTO\13_TRADING_SYSTEMS\03_STRATEGY_LIBRARY\LONG\DAS\runs\das_scanner_appearance_20260628T114046Z\chart_exports\event_day_details_grouped\0215_ATCH_2025-02-24_push40.95_rebreak\02_three_day_overview.png,C:\TSIS_Data\00_CTO\13_TRADING_SYSTEMS\03_STRATEGY_LIBRARY\LONG\DAS\runs\das_scanner_appearance_20260628T114046Z\chart_exports\event_day_details_grouped\0215_ATCH_2025-02-24_push40.95_rebreak\03_event_day_premarket_detail.png,C:\TSIS_Data\00_CTO\13_TRADING_SYSTEMS\03_STRATEGY_LIBRARY\LONG\DAS\runs\das_scanner_appearance_20260628T114046Z\chart_exports\event_day_details_grouped\0215_ATCH_2025-02-24_push40.95_rebreak\04_event_day_detail_until_1600_ny.png,C:\TSIS_Data\00_CTO\13_TRADING_SYSTEMS\03_STRATEGY_LIBRARY\LONG\DAS\runs\das_scanner_appearance_20260628T114046Z\chart_exports\event_day_details_grouped\0215_ATCH_2025-02-24_push40.95_rebreak\05_daily_context.png,das_scanner_appearance:ATCH:2025-02-24T12:04:00+00:00,ATCH,2025-02-24,40.9471,40.9471,51.25348189415042,131.06382978723403,17.5487,79.57446808510636,64.34540389972146,151.06382978723406,64.3454,39.8104,39.8104,rebreak_confirmed,15.8103,vwap_reclaim_rebreak,2025-02-24 07:20:00 EST,2025-02-24 07:21:00 EST,1.9268,green_wick_dip_reactivation
216,C:\TSIS_Data\00_CTO\13_TRADING_SYSTEMS\03_STRATEGY_LIBRARY\LONG\DAS\runs\das_scanner_appearance_20260628T114046Z\chart_exports\event_day_details_grouped\0216_HTOO_2025-12-03_push40.83_rebreak,C:\TSIS_Data\00_CTO\13_TRADING_SYSTEMS\03_STRATEGY_LIBRARY\LONG\DAS\runs\das_scanner_appearance_20260628T114046Z\chart_exports\event_day_details_grouped\0216_HTOO_2025-12-03_push40.83_rebreak\02_three_day_overview.png,C:\TSIS_Data\00_CTO\13_TRADING_SYSTEMS\03_STRATEGY_LIBRARY\LONG\DAS\runs\das_scanner_appearance_20260628T114046Z\chart_exports\event_day_details_grouped\0216_HTOO_2025-12-03_push40.83_rebreak\03_event_day_premarket_detail.png,C:\TSIS_Data\00_CTO\13_TRADING_SYSTEMS\03_STRATEGY_LIBRARY\LONG\DAS\runs\das_scanner_appearance_20260628T114046Z\chart_exports\event_day_details_grouped\0216_HTOO_2025-12-03_push40.83_rebreak\04_event_day_detail_until_1600_ny.png,C:\TSIS_Data\00_CTO\13_TRADING_SYSTEMS\03_STRATEGY_LIBRARY\LONG\DAS\runs\das_scanner_appearance_20260628T114046Z\chart_exports\event_day_details_grouped\0216_HTOO_2025-12-03_push40.83_rebreak\05_daily_context.png,das_scanner_appearance:HTOO:2025-12-03T12:41:00+00:00,HTOO,2025-12-03,40.8333,40.8333,,,25.0,28.57142857142857,40.833333333333336,44.85714285714287,40.8333,12.6667,12.6667,rebreak_confirmed,16.1736,ascending_flag_break,2025-12-03 07:47:00 EST,2025-12-03 07:50:00 EST,0.8811,green_wick_dip_new_high
217,C:\TSIS_Data\00_CTO\13_TRADING_SYSTEMS\03_STRATEGY_LIBRARY\LONG\DAS\runs\das_scanner_appearance_20260628T114046Z\chart_exports\event_day_details_grouped\0217_GLMD_2024-09-17_push40.28_rebreak,C:\TSIS_Data\00_CTO\13_TRADING_SYSTEMS\03_STRATEGY_LIBRARY\LONG\DAS\runs\das_scanner_appearance_20260628T114046Z\chart_exports\event_day_details_grouped\0217_GLMD_2024-09-17_push40.28_rebreak\02_three_day_overview.png,C:\TSIS_Data\00_CTO\13_TRADING_SYSTEMS\03_STRATEGY_LIBRARY\LONG\DAS\runs\das_scanner_appearance_20260628T114046Z\chart_exports\event_day_details_grouped\0217_GLMD_2024-09-17_push40.28_rebreak\03_event_day_premarket_detail.png,C:\TSIS_Data\00_CTO\13_TRADING_SYSTEMS\03_STRATEGY_LIBRARY\LONG\DAS\runs\das_scanner_appearance_20260628T114046Z\chart_exports\event_day_details_grouped\0217_GLMD_2024-09-17_push40.28_rebreak\04_event_day_detail_until_1600_ny.png,C:\TSIS_Data\00_CTO\13_TRADING_SYSTEMS\03_STRATEGY_LIBRARY\LONG\DAS\runs\das_scanner_appearance_20260628T114046Z\chart_exports\event_day_details_grouped\0217_GLMD_2024-09-17_push40.28_rebreak\05_daily_context.png,das_scanner_appearance:GLMD:2024-09-17T08:23:00+00:00,GLMD,2024-09-17,40.2834,40.2834,,,13.3603,45.45454545454544,47.77327935222671,89.6103896103896,47.7733,30.3571,30.3571,rebreak_confirmed,8.658,single_candle_rebreak,2024-09-17 04:31:00 EDT,2024-09-17 04:35:00 EDT,2.8358,green_wick_dip_reactivation
218,C:\TSIS_Data\00_CTO\13_TRADING_SYSTEMS\03_STRATEGY_LIBRARY\LONG\DAS\runs\das_scanner_appearance_20260628T114046Z\chart_exports\event_day_details_grouped\0218_DOMH_2025-02-11_push40.07_rebreak,C:\TSIS_Data\00_CTO\13_TRADING_SYSTEMS\03_STRATEGY_LIBRARY\LONG\DAS\runs\das_scanner_appearance_20260628T114046Z\chart_exports\event_day_details_grouped\0218_DOMH_2025-02-11_push40.07_rebreak\02_three_day_overview.png,C:\TSIS_Data\00_CTO\13_TRADING_SYSTEMS\03_STRATEGY_LIBRARY\LONG\DAS\runs\das_scanner_appearance_20260628T114046Z\chart_exports\event_day_details_grouped\0218_DOMH_2025-02-11_push40.07_rebreak\03_event_day_premarket_detail.png,C:\TSIS_Data\00_CTO\13_TRADING_SYSTEMS\03_STRATEGY_LIBRARY\LONG\DAS\runs\das_scanner_appearance_20260628T114046Z\chart_exports\event_day_details_grouped\0218_DOMH_2025-02-11_push40.07_rebreak\04_event_day_detail_until_1600_ny.png,C:\TSIS_Data\00_CTO\13_TRADING_SYSTEMS\03_STRATEGY_LIBRARY\LONG\DAS\runs\das_scanner_appearance_20260628T114046Z\chart_exports\event_day_details_grouped\0218_DOMH_2025-02-11_push40.07_rebreak\05_daily_context.png,das_scanner_appearance:DOMH:2025-02-11T14:00:00+00:00,DOMH,2025-02-11,40.0651,40.0651,53.74592833876222,52.99837925445704,31.2704,30.632090761750412,75.4071661237785,74.55429497568882,75.4072,33.6228,33.6228,rebreak_confirmed,10.3488,flat_shelf_break,2025-02-11 09:06:00 EST,2025-02-11 09:07:00 EST,0.2358,green_wick_dip_new_high
219,C:\TSIS_Data\00_CTO\13_TRADING_SYSTEMS\03_STRATEGY_LIBRARY\LONG\DAS\runs\das_scanner_appearance_20260628T114046Z\chart_exports\event_day_details_grouped\0219_WINT_2025-07-14_push40.00_rebreak,C:\TSIS_Data\00_CTO\13_TRADING_SYSTEMS\03_STRATEGY_LIBRARY\LONG\DAS\runs\das_scanner_appearance_20260628T114046Z\chart_exports\event_day_details_grouped\0219_WINT_2025-07-14_push40.00_rebreak\02_three_day_overview.png,C:\TSIS_Data\00_CTO\13_TRADING_SYSTEMS\03_STRATEGY_LIBRARY\LONG\DAS\runs\das_scanner_appearance_20260628T114046Z\chart_exports\event_day_details_grouped\0219_WINT_2025-07-14_push40.00_rebreak\03_event_day_premarket_detail.png,C:\TSIS_Data\00_CTO\13_TRADING_SYSTEMS\03_STRATEGY_LIBRARY\LONG\DAS\runs\das_scanner_appearance_20260628T114046Z\chart_exports\event_day_details_grouped\0219_WINT_2025-07-14_push40.00_rebreak\04_event_day_detail_until_1600_ny.png,C:\TSIS_Data\00_CTO\13_TRADING_SYSTEMS\03_STRATEGY_LIBRARY\LONG\DAS\runs\das_scanner_appearance_20260628T114046Z\chart_exports\event_day_details_grouped\0219_WINT_2025-07-14_push40.00_rebreak\05_daily_context.png,das_scanner_appearance:WINT:2025-07-14T08:31:00+00:00,WINT,2025-07-14,40.0,40.0,51.249999999999986,68.078899847201,17.5,30.57369079038755,127.49999999999999,152.81289067926102,127.5,93.617,93.617,rebreak_confirmed,24.1071,vwap_reclaim_rebreak,2025-07-14 04:45:00 EDT,2025-07-14 04:47:00 EDT,1.8182,green_wick_dip_new_high
220,C:\TSIS_Data\00_CTO\13_TRADING_SYSTEMS\03_STRATEGY_LIBRARY\LONG\DAS\runs\das_scanner_appearance_20260628T114046Z\chart_exports\event_day_details_grouped\0220_PMAX_2025-04-03_push39.34_rebreak,C:\TSIS_Data\00_CTO\13_TRADING_SYSTEMS\03_STRATEGY_LIBRARY\LONG\DAS\runs\das_scanner_appearance_20260628T114046Z\chart_exports\event_day_details_grouped\0220_PMAX_2025-04-03_push39.34_rebreak\02_three_day_overview.png,C:\TSIS_Data\00_CTO\13_TRADING_SYSTEMS\03_STRATEGY_LIBRARY\LONG\DAS\runs\das_scanner_appearance_20260628T114046Z\chart_exports\event_day_details_grouped\0220_PMAX_2025-04-03_push39.34_rebreak\03_event_day_premarket_detail.png,C:\TSIS_Data\00_CTO\13_TRADING_SYSTEMS\03_STRATEGY_LIBRARY\LONG\DAS\runs\das_scanner_appearance_20260628T114046Z\chart_exports\event_day_details_grouped\0220_PMAX_2025-04-03_push39.34_rebreak\04_event_day_detail_until_1600_ny.png,C:\TSIS_Data\00_CTO\13_TRADING_SYSTEMS\03_STRATEGY_LIBRARY\LONG\DAS\runs\das_scanner_appearance_20260628T114046Z\chart_exports\event_day_details_grouped\0220_PMAX_2025-04-03_push39.34_rebreak\05_daily_context.png,das_scanner_appearance:PMAX:2025-04-03T08:55:00+00:00,PMAX,2025-04-03,39.3443,39.3443,,,6.5574,42.88854693339195,39.34426229508197,86.85425368212792,39.3443,30.7692,30.7692,rebreak_confirmed,14.1176,multi_candle_flag_break,2025-04-03 05:09:00 EDT,2025-04-03 05:13:00 EDT,1.0999,green_wick_dip_new_high
221,C:\TSIS_Data\00_CTO\13_TRADING_SYSTEMS\03_STRATEGY_LIBRARY\LONG\DAS\runs\das_scanner_appearance_20260628T114046Z\chart_exports\event_day_details_grouped\0221_AGRI_2025-09-22_push39.28_rebreak,C:\TSIS_Data\00_CTO\13_TRADING_SYSTEMS\03_STRATEGY_LIBRARY\LONG\DAS\runs\das_scanner_appearance_20260628T114046Z\chart_exports\event_day_details_grouped\0221_AGRI_2025-09-22_push39.28_rebreak\02_three_day_overview.png,C:\TSIS_Data\00_CTO\13_TRADING_SYSTEMS\03_STRATEGY_LIBRARY\LONG\DAS\runs\das_scanner_appearance_20260628T114046Z\chart_exports\event_day_details_grouped\0221_AGRI_2025-09-22_push39.28_rebreak\03_event_day_premarket_detail.png,C:\TSIS_Data\00_CTO\13_TRADING_SYSTEMS\03_STRATEGY_LIBRARY\LONG\DAS\runs\das_scanner_appearance_20260628T114046Z\chart_exports\event_day_details_grouped\0221_AGRI_2025-09-22_push39.28_rebreak\04_event_day_detail_until_1600_ny.png,C:\TSIS_Data\00_CTO\13_TRADING_SYSTEMS\03_STRATEGY_LIBRARY\LONG\DAS\runs\das_scanner_appearance_20260628T114046Z\chart_exports\event_day_details_grouped\0221_AGRI_2025-09-22_push39.28_rebreak\05_daily_context.png,das_scanner_appearance:AGRI:2025-09-22T08:04:00+00:00,AGRI,2025-09-22,39.2758,39.2758,57.938718662952645,135.75883575883577,13.3705,69.23076923076925,216.43454038997217,372.3492723492724,216.4345,179.1155,179.1155,rebreak_confirmed,20.0,single_candle_rebreak,2025-09-22 04:06:00 EDT,2025-09-22 04:09:00 EDT,2.8369,green_wick_dip_reactivation
222,C:\TSIS_Data\00_CTO\13_TRADING_SYSTEMS\03_STRATEGY_LIBRARY\LONG\DAS\runs\das_scanner_appearance_20260628T114046Z\chart_exports\event_day_details_grouped\0222_IMRX_2024-10-15_push39.25_rebreak,C:\TSIS_Data\00_CTO\13_TRADING_SYSTEMS\03_STRATEGY_LIBRARY\LONG\DAS\runs\das_scanner_appearance_20260628T114046Z\chart_exports\event_day_details_grouped\0222_IMRX_2024-10-15_push39.25_rebreak\02_three_day_overview.png,C:\TSIS_Data\00_CTO\13_TRADING_SYSTEMS\03_STRATEGY_LIBRARY\LONG\DAS\runs\das_scanner_appearance_20260628T114046Z\chart_exports\event_day_details_grouped\0222_IMRX_2024-10-15_push39.25_rebreak\03_event_day_premarket_detail.png,C:\TSIS_Data\00_CTO\13_TRADING_SYSTEMS\03_STRATEGY_LIBRARY\LONG\DAS\runs\das_scanner_appearance_20260628T114046Z\chart_exports\event_day_details_grouped\0222_IMRX_2024-10-15_push39.25_rebreak\04_event_day_detail_until_1600_ny.png,C:\TSIS_Data\00_CTO\13_TRADING_SYSTEMS\03_STRATEGY_LIBRARY\LONG\DAS\runs\das_scanner_appearance_20260628T114046Z\chart_exports\event_day_details_grouped\0222_IMRX_2024-10-15_push39.25_rebreak\05_daily_context.png,das_scanner_appearance:IMRX:2024-10-15T12:17:00+00:00,IMRX,2024-10-15,39.2473,39.2473,,,35.9946,26.475000000000005,42.47311827956988,32.49999999999999,42.4731,4.7638,4.7638,rebreak_confirmed,10.0386,vwap_reclaim_rebreak,2024-10-15 08:42:00 EDT,2024-10-15 08:43:00 EDT,0.3984,green_wick_dip_new_high
223,C:\TSIS_Data\00_CTO\13_TRADING_SYSTEMS\03_STRATEGY_LIBRARY\LONG\DAS\runs\das_scanner_appearance_20260628T114046Z\chart_exports\event_day_details_grouped\0223_RSLS_2025-05-02_push39.21_rebreak,C:\TSIS_Data\00_CTO\13_TRADING_SYSTEMS\03_STRATEGY_LIBRARY\LONG\DAS\runs\das_scanner_appearance_20260628T114046Z\chart_exports\event_day_details_grouped\0223_RSLS_2025-05-02_push39.21_rebreak\02_three_day_overview.png,C:\TSIS_Data\00_CTO\13_TRADING_SYSTEMS\03_STRATEGY_LIBRARY\LONG\DAS\runs\das_scanner_appearance_20260628T114046Z\chart_exports\event_day_details_grouped\0223_RSLS_2025-05-02_push39.21_rebreak\03_event_day_premarket_detail.png,C:\TSIS_Data\00_CTO\13_TRADING_SYSTEMS\03_STRATEGY_LIBRARY\LONG\DAS\runs\das_scanner_appearance_20260628T114046Z\chart_exports\event_day_details_grouped\0223_RSLS_2025-05-02_push39.21_rebreak\04_event_day_detail_until_1600_ny.png,C:\TSIS_Data\00_CTO\13_TRADING_SYSTEMS\03_STRATEGY_LIBRARY\LONG\DAS\runs\das_scanner_appearance_20260628T114046Z\chart_exports\event_day_details_grouped\0223_RSLS_2025-05-02_push39.21_rebreak\05_daily_context.png,das_scanner_appearance:RSLS:2025-05-02T12:38:00+00:00,RSLS,2025-05-02,39.2057,39.2057,52.28426395939088,50.88757396449704,25.2016,24.053254437869818,83.54732756046583,81.86390532544378,83.5473,46.6015,46.6015,rebreak_confirmed,16.7739,single_candle_rebreak,2025-05-02 08:40:00 EDT,2025-05-02 08:42:00 EDT,1.1922,green_wick_dip_reactivation
224,C:\TSIS_Data\00_CTO\13_TRADING_SYSTEMS\03_STRATEGY_LIBRARY\LONG\DAS\runs\das_scanner_appearance_20260628T114046Z\chart_exports\event_day_details_grouped\0224_SMFL_2024-09-12_push39.17_rebreak,C:\TSIS_Data\00_CTO\13_TRADING_SYSTEMS\03_STRATEGY_LIBRARY\LONG\DAS\runs\das_scanner_appearance_20260628T114046Z\chart_exports\event_day_details_grouped\0224_SMFL_2024-09-12_push39.17_rebreak\02_three_day_overview.png,C:\TSIS_Data\00_CTO\13_TRADING_SYSTEMS\03_STRATEGY_LIBRARY\LONG\DAS\runs\das_scanner_appearance_20260628T114046Z\chart_exports\event_day_details_grouped\0224_SMFL_2024-09-12_push39.17_rebreak\03_event_day_premarket_detail.png,C:\TSIS_Data\00_CTO\13_TRADING_SYSTEMS\03_STRATEGY_LIBRARY\LONG\DAS\runs\das_scanner_appearance_20260628T114046Z\chart_exports\event_day_details_grouped\0224_SMFL_2024-09-12_push39.17_rebreak\04_event_day_detail_until_1600_ny.png,C:\TSIS_Data\00_CTO\13_TRADING_SYSTEMS\03_STRATEGY_LIBRARY\LONG\DAS\runs\das_scanner_appearance_20260628T114046Z\chart_exports\event_day_details_grouped\0224_SMFL_2024-09-12_push39.17_rebreak\05_daily_context.png,das_scanner_appearance:SMFL:2024-09-12T08:01:00+00:00,SMFL,2024-09-12,39.1667,39.1667,50.000000000000014,111.76470588235294,23.3333,74.11764705882354,60.83333333333334,127.05882352941178,60.8333,30.4054,30.4054,rebreak_confirmed,13.7725,last_red_high_break,2024-09-12 04:04:00 EDT,2024-09-12 04:05:00 EDT,5.2023,green_wick_dip_new_high
225,C:\TSIS_Data\00_CTO\13_TRADING_SYSTEMS\03_STRATEGY_LIBRARY\LONG\DAS\runs\das_scanner_appearance_20260628T114046Z\chart_exports\event_day_details_grouped\0225_CSAI_2025-10-15_push39.10_rebreak,C:\TSIS_Data\00_CTO\13_TRADING_SYSTEMS\03_STRATEGY_LIBRARY\LONG\DAS\runs\das_scanner_appearance_20260628T114046Z\chart_exports\event_day_details_grouped\0225_CSAI_2025-10-15_push39.10_rebreak\02_three_day_overview.png,C:\TSIS_Data\00_CTO\13_TRADING_SYSTEMS\03_STRATEGY_LIBRARY\LONG\DAS\runs\das_scanner_appearance_20260628T114046Z\chart_exports\event_day_details_grouped\0225_CSAI_2025-10-15_push39.10_rebreak\03_event_day_premarket_detail.png,C:\TSIS_Data\00_CTO\13_TRADING_SYSTEMS\03_STRATEGY_LIBRARY\LONG\DAS\runs\das_scanner_appearance_20260628T114046Z\chart_exports\event_day_details_grouped\0225_CSAI_2025-10-15_push39.10_rebreak\04_event_day_detail_until_1600_ny.png,C:\TSIS_Data\00_CTO\13_TRADING_SYSTEMS\03_STRATEGY_LIBRARY\LONG\DAS\runs\das_scanner_appearance_20260628T114046Z\chart_exports\event_day_details_grouped\0225_CSAI_2025-10-15_push39.10_rebreak\05_daily_context.png,das_scanner_appearance:CSAI:2025-10-15T13:22:00+00:00,CSAI,2025-10-15,39.0977,39.0977,,,23.3083,25.190839694656475,39.097744360902254,41.221374045801525,39.0977,12.8049,12.8049,rebreak_confirmed,13.5135,single_candle_rebreak,2025-10-15 09:25:00 EDT,2025-10-15 09:26:00 EDT,3.2648,green_wick_dip_new_high
226,C:\TSIS_Data\00_CTO\13_TRADING_SYSTEMS\03_STRATEGY_LIBRARY\LONG\DAS\runs\das_scanner_appearance_20260628T114046Z\chart_exports\event_day_details_grouped\0226_MNTS_2026-01-05_push38.98_rebreak,C:\TSIS_Data\00_CTO\13_TRADING_SYSTEMS\03_STRATEGY_LIBRARY\LONG\DAS\runs\das_scanner_appearance_20260628T114046Z\chart_exports\event_day_details_grouped\0226_MNTS_2026-01-05_push38.98_rebreak\02_three_day_overview.png,C:\TSIS_Data\00_CTO\13_TRADING_SYSTEMS\03_STRATEGY_LIBRARY\LONG\DAS\runs\das_scanner_appearance_20260628T114046Z\chart_exports\event_day_details_grouped\0226_MNTS_2026-01-05_push38.98_rebreak\03_event_day_premarket_detail.png,C:\TSIS_Data\00_CTO\13_TRADING_SYSTEMS\03_STRATEGY_LIBRARY\LONG\DAS\runs\das_scanner_appearance_20260628T114046Z\chart_exports\event_day_details_grouped\0226_MNTS_2026-01-05_push38.98_rebreak\04_event_day_detail_until_1600_ny.png,C:\TSIS_Data\00_CTO\13_TRADING_SYSTEMS\03_STRATEGY_LIBRARY\LONG\DAS\runs\das_scanner_appearance_20260628T114046Z\chart_exports\event_day_details_grouped\0226_MNTS_2026-01-05_push38.98_rebreak\05_daily_context.png,das_scanner_appearance:MNTS:2026-01-05T13:31:00+00:00,MNTS,2026-01-05,38.9831,38.9831,53.15870570107857,72.8695652173913,31.7411,48.695652173913054,55.62403697996917,75.65217391304347,55.624,18.1287,18.1287,rebreak_confirmed,7.9823,multi_candle_flag_break,2026-01-05 08:35:00 EST,2026-01-05 08:42:00 EST,0.8783,green_wick_dip_reactivation
227,C:\TSIS_Data\00_CTO\13_TRADING_SYSTEMS\03_STRATEGY_LIBRARY\LONG\DAS\runs\das_scanner_appearance_20260628T114046Z\chart_exports\event_day_details_grouped\0227_APM_2024-12-31_push38.91_rebreak,C:\TSIS_Data\00_CTO\13_TRADING_SYSTEMS\03_STRATEGY_LIBRARY\LONG\DAS\runs\das_scanner_appearance_20260628T114046Z\chart_exports\event_day_details_grouped\0227_APM_2024-12-31_push38.91_rebreak\02_three_day_overview.png,C:\TSIS_Data\00_CTO\13_TRADING_SYSTEMS\03_STRATEGY_LIBRARY\LONG\DAS\runs\das_scanner_appearance_20260628T114046Z\chart_exports\event_day_details_grouped\0227_APM_2024-12-31_push38.91_rebreak\03_event_day_premarket_detail.png,C:\TSIS_Data\00_CTO\13_TRADING_SYSTEMS\03_STRATEGY_LIBRARY\LONG\DAS\runs\das_scanner_appearance_20260628T114046Z\chart_exports\event_day_details_grouped\0227_APM_2024-12-31_push38.91_rebreak\04_event_day_detail_until_1600_ny.png,C:\TSIS_Data\00_CTO\13_TRADING_SYSTEMS\03_STRATEGY_LIBRARY\LONG\DAS\runs\das_scanner_appearance_20260628T114046Z\chart_exports\event_day_details_grouped\0227_APM_2024-12-31_push38.91_rebreak\05_daily_context.png,das_scanner_appearance:APM:2024-12-31T09:16:00+00:00,APM,2024-12-31,38.9068,38.9068,53.054662379421224,251.29151291512915,-3.8585,120.66420664206643,116.39871382636657,396.6789667896679,116.3987,125.0836,125.0836,rebreak_confirmed,12.037,single_candle_rebreak,2024-12-31 07:12:00 EST,2024-12-31 07:15:00 EST,2.968,green_wick_dip_new_high
228,C:\TSIS_Data\00_CTO\13_TRADING_SYSTEMS\03_STRATEGY_LIBRARY\LONG\DAS\runs\das_scanner_appearance_20260628T114046Z\chart_exports\event_day_details_grouped\0228_KLTO_2025-06-30_push38.91_rebreak,C:\TSIS_Data\00_CTO\13_TRADING_SYSTEMS\03_STRATEGY_LIBRARY\LONG\DAS\runs\das_scanner_appearance_20260628T114046Z\chart_exports\event_day_details_grouped\0228_KLTO_2025-06-30_push38.91_rebreak\02_three_day_overview.png,C:\TSIS_Data\00_CTO\13_TRADING_SYSTEMS\03_STRATEGY_LIBRARY\LONG\DAS\runs\das_scanner_appearance_20260628T114046Z\chart_exports\event_day_details_grouped\0228_KLTO_2025-06-30_push38.91_rebreak\03_event_day_premarket_detail.png,C:\TSIS_Data\00_CTO\13_TRADING_SYSTEMS\03_STRATEGY_LIBRARY\LONG\DAS\runs\das_scanner_appearance_20260628T114046Z\chart_exports\event_day_details_grouped\0228_KLTO_2025-06-30_push38.91_rebreak\04_event_day_detail_until_1600_ny.png,C:\TSIS_Data\00_CTO\13_TRADING_SYSTEMS\03_STRATEGY_LIBRARY\LONG\DAS\runs\das_scanner_appearance_20260628T114046Z\chart_exports\event_day_details_grouped\0228_KLTO_2025-06-30_push38.91_rebreak\05_daily_context.png,das_scanner_appearance:KLTO:2025-06-30T08:04:00+00:00,KLTO,2025-06-30,38.9068,38.9068,53.6977491961415,65.97222222222223,31.1897,41.66666666666667,60.77170418006431,73.61111111111111,60.7717,22.549,22.549,rebreak_confirmed,10.3796,vwap_reclaim_rebreak,2025-06-30 04:18:00 EDT,2025-06-30 04:20:00 EDT,2.8302,green_wick_dip_reactivation
229,C:\TSIS_Data\00_CTO\13_TRADING_SYSTEMS\03_STRATEGY_LIBRARY\LONG\DAS\runs\das_scanner_appearance_20260628T114046Z\chart_exports\event_day_details_grouped\0229_CYN_2026-01-27_push38.86_rebreak,C:\TSIS_Data\00_CTO\13_TRADING_SYSTEMS\03_STRATEGY_LIBRARY\LONG\DAS\runs\das_scanner_appearance_20260628T114046Z\chart_exports\event_day_details_grouped\0229_CYN_2026-01-27_push38.86_rebreak\02_three_day_overview.png,C:\TSIS_Data\00_CTO\13_TRADING_SYSTEMS\03_STRATEGY_LIBRARY\LONG\DAS\runs\das_scanner_appearance_20260628T114046Z\chart_exports\event_day_details_grouped\0229_CYN_2026-01-27_push38.86_rebreak\03_event_day_premarket_detail.png,C:\TSIS_Data\00_CTO\13_TRADING_SYSTEMS\03_STRATEGY_LIBRARY\LONG\DAS\runs\das_scanner_appearance_20260628T114046Z\chart_exports\event_day_details_grouped\0229_CYN_2026-01-27_push38.86_rebreak\04_event_day_detail_until_1600_ny.png,C:\TSIS_Data\00_CTO\13_TRADING_SYSTEMS\03_STRATEGY_LIBRARY\LONG\DAS\runs\das_scanner_appearance_20260628T114046Z\chart_exports\event_day_details_grouped\0229_CYN_2026-01-27_push38.86_rebreak\05_daily_context.png,das_scanner_appearance:CYN:2026-01-27T12:08:00+00:00,CYN,2026-01-27,38.8626,38.8626,50.71090047393366,53.25301204819276,19.6682,21.686746987951793,74.40758293838864,77.34939759036143,74.4076,45.7426,45.7426,rebreak_confirmed,16.041,single_candle_rebreak,2026-01-27 07:10:00 EST,2026-01-27 07:12:00 EST,3.1873,green_wick_dip_reactivation
230,C:\TSIS_Data\00_CTO\13_TRADING_SYSTEMS\03_STRATEGY_LIBRARY\LONG\DAS\runs\das_scanner_appearance_20260628T114046Z\chart_exports\event_day_details_grouped\0230_AUUD_2025-10-16_push38.68_rebreak,C:\TSIS_Data\00_CTO\13_TRADING_SYSTEMS\03_STRATEGY_LIBRARY\LONG\DAS\runs\das_scanner_appearance_20260628T114046Z\chart_exports\event_day_details_grouped\0230_AUUD_2025-10-16_push38.68_rebreak\02_three_day_overview.png,C:\TSIS_Data\00_CTO\13_TRADING_SYSTEMS\03_STRATEGY_LIBRARY\LONG\DAS\runs\das_scanner_appearance_20260628T114046Z\chart_exports\event_day_details_grouped\0230_AUUD_2025-10-16_push38.68_rebreak\03_event_day_premarket_detail.png,C:\TSIS_Data\00_CTO\13_TRADING_SYSTEMS\03_STRATEGY_LIBRARY\LONG\DAS\runs\das_scanner_appearance_20260628T114046Z\chart_exports\event_day_details_grouped\0230_AUUD_2025-10-16_push38.68_rebreak\04_event_day_detail_until_1600_ny.png,C:\TSIS_Data\00_CTO\13_TRADING_SYSTEMS\03_STRATEGY_LIBRARY\LONG\DAS\runs\das_scanner_appearance_20260628T114046Z\chart_exports\event_day_details_grouped\0230_AUUD_2025-10-16_push38.68_rebreak\05_daily_context.png,das_scanner_appearance:AUUD:2025-10-16T10:10:00+00:00,AUUD,2025-10-16,38.6792,38.6792,50.471698113207545,55.60975609756099,31.1321,35.60975609756098,98.58490566037734,105.36585365853661,98.5849,51.4388,51.4388,rebreak_confirmed,7.8231,vwap_reclaim_rebreak,2025-10-16 06:18:00 EDT,2025-10-16 06:19:00 EDT,0.6757,green_wick_dip_new_high
231,C:\TSIS_Data\00_CTO\13_TRADING_SYSTEMS\03_STRATEGY_LIBRARY\LONG\DAS\runs\das_scanner_appearance_20260628T114046Z\chart_exports\event_day_details_grouped\0231_KLTO_2025-07-10_push38.46_rebreak,C:\TSIS_Data\00_CTO\13_TRADING_SYSTEMS\03_STRATEGY_LIBRARY\LONG\DAS\runs\das_scanner_appearance_20260628T114046Z\chart_exports\event_day_details_grouped\0231_KLTO_2025-07-10_push38.46_rebreak\02_three_day_overview.png,C:\TSIS_Data\00_CTO\13_TRADING_SYSTEMS\03_STRATEGY_LIBRARY\LONG\DAS\runs\das_scanner_appearance_20260628T114046Z\chart_exports\event_day_details_grouped\0231_KLTO_2025-07-10_push38.46_rebreak\03_event_day_premarket_detail.png,C:\TSIS_Data\00_CTO\13_TRADING_SYSTEMS\03_STRATEGY_LIBRARY\LONG\DAS\runs\das_scanner_appearance_20260628T114046Z\chart_exports\event_day_details_grouped\0231_KLTO_2025-07-10_push38.46_rebreak\04_event_day_detail_until_1600_ny.png,C:\TSIS_Data\00_CTO\13_TRADING_SYSTEMS\03_STRATEGY_LIBRARY\LONG\DAS\runs\das_scanner_appearance_20260628T114046Z\chart_exports\event_day_details_grouped\0231_KLTO_2025-07-10_push38.46_rebreak\05_daily_context.png,das_scanner_appearance:KLTO:2025-07-10T09:04:00+00:00,KLTO,2025-07-10,38.4615,38.4615,52.44755244755247,60.29411764705882,13.2867,19.11764705882353,53.14685314685315,61.02941176470586,53.1469,35.1852,35.1852,rebreak_confirmed,6.5657,vwap_reclaim_rebreak,2025-07-10 05:22:00 EDT,2025-07-10 05:24:00 EDT,0.5208,green_wick_dip_reactivation
232,C:\TSIS_Data\00_CTO\13_TRADING_SYSTEMS\03_STRATEGY_LIBRARY\LONG\DAS\runs\das_scanner_appearance_20260628T114046Z\chart_exports\event_day_details_grouped\0232_GPUS_2025-09-26_push38.46_rebreak,C:\TSIS_Data\00_CTO\13_TRADING_SYSTEMS\03_STRATEGY_LIBRARY\LONG\DAS\runs\das_scanner_appearance_20260628T114046Z\chart_exports\event_day_details_grouped\0232_GPUS_2025-09-26_push38.46_rebreak\02_three_day_overview.png,C:\TSIS_Data\00_CTO\13_TRADING_SYSTEMS\03_STRATEGY_LIBRARY\LONG\DAS\runs\das_scanner_appearance_20260628T114046Z\chart_exports\event_day_details_grouped\0232_GPUS_2025-09-26_push38.46_rebreak\03_event_day_premarket_detail.png,C:\TSIS_Data\00_CTO\13_TRADING_SYSTEMS\03_STRATEGY_LIBRARY\LONG\DAS\runs\das_scanner_appearance_20260628T114046Z\chart_exports\event_day_details_grouped\0232_GPUS_2025-09-26_push38.46_rebreak\04_event_day_detail_until_1600_ny.png,C:\TSIS_Data\00_CTO\13_TRADING_SYSTEMS\03_STRATEGY_LIBRARY\LONG\DAS\runs\das_scanner_appearance_20260628T114046Z\chart_exports\event_day_details_grouped\0232_GPUS_2025-09-26_push38.46_rebreak\05_daily_context.png,das_scanner_appearance:GPUS:2025-09-26T11:42:00+00:00,GPUS,2025-09-26,38.4615,38.4615,,,30.1538,33.96674584323041,48.7179487179487,53.07468989179201,48.7179,14.2632,14.2632,rebreak_confirmed,10.8148,single_candle_rebreak,2025-09-26 07:46:00 EDT,2025-09-26 07:47:00 EDT,0.2659,green_wick_dip_new_high
233,C:\TSIS_Data\00_CTO\13_TRADING_SYSTEMS\03_STRATEGY_LIBRARY\LONG\DAS\runs\das_scanner_appearance_20260628T114046Z\chart_exports\event_day_details_grouped\0233_MVIS_2025-07-28_push38.46_rebreak,C:\TSIS_Data\00_CTO\13_TRADING_SYSTEMS\03_STRATEGY_LIBRARY\LONG\DAS\runs\das_scanner_appearance_20260628T114046Z\chart_exports\event_day_details_grouped\0233_MVIS_2025-07-28_push38.46_rebreak\02_three_day_overview.png,C:\TSIS_Data\00_CTO\13_TRADING_SYSTEMS\03_STRATEGY_LIBRARY\LONG\DAS\runs\das_scanner_appearance_20260628T114046Z\chart_exports\event_day_details_grouped\0233_MVIS_2025-07-28_push38.46_rebreak\03_event_day_premarket_detail.png,C:\TSIS_Data\00_CTO\13_TRADING_SYSTEMS\03_STRATEGY_LIBRARY\LONG\DAS\runs\das_scanner_appearance_20260628T114046Z\chart_exports\event_day_details_grouped\0233_MVIS_2025-07-28_push38.46_rebreak\04_event_day_detail_until_1600_ny.png,C:\TSIS_Data\00_CTO\13_TRADING_SYSTEMS\03_STRATEGY_LIBRARY\LONG\DAS\runs\das_scanner_appearance_20260628T114046Z\chart_exports\event_day_details_grouped\0233_MVIS_2025-07-28_push38.46_rebreak\05_daily_context.png,das_scanner_appearance:MVIS:2025-07-28T12:36:00+00:00,MVIS,2025-07-28,38.4615,38.4615,,,6.1538,7.392996108949415,38.46153846153846,40.077821011673166,38.4615,30.4348,30.4348,rebreak_confirmed,13.8889,ascending_flag_break,2025-07-28 09:24:00 EDT,2025-07-28 09:28:00 EDT,0.0312,green_wick_dip_new_high
234,C:\TSIS_Data\00_CTO\13_TRADING_SYSTEMS\03_STRATEGY_LIBRARY\LONG\DAS\runs\das_scanner_appearance_20260628T114046Z\chart_exports\event_day_details_grouped\0234_SGBX_2025-11-21_push38.44_rebreak,C:\TSIS_Data\00_CTO\13_TRADING_SYSTEMS\03_STRATEGY_LIBRARY\LONG\DAS\runs\das_scanner_appearance_20260628T114046Z\chart_exports\event_day_details_grouped\0234_SGBX_2025-11-21_push38.44_rebreak\02_three_day_overview.png,C:\TSIS_Data\00_CTO\13_TRADING_SYSTEMS\03_STRATEGY_LIBRARY\LONG\DAS\runs\das_scanner_appearance_20260628T114046Z\chart_exports\event_day_details_grouped\0234_SGBX_2025-11-21_push38.44_rebreak\03_event_day_premarket_detail.png,C:\TSIS_Data\00_CTO\13_TRADING_SYSTEMS\03_STRATEGY_LIBRARY\LONG\DAS\runs\das_scanner_appearance_20260628T114046Z\chart_exports\event_day_details_grouped\0234_SGBX_2025-11-21_push38.44_rebreak\04_event_day_detail_until_1600_ny.png,C:\TSIS_Data\00_CTO\13_TRADING_SYSTEMS\03_STRATEGY_LIBRARY\LONG\DAS\runs\das_scanner_appearance_20260628T114046Z\chart_exports\event_day_details_grouped\0234_SGBX_2025-11-21_push38.44_rebreak\05_daily_context.png,das_scanner_appearance:SGBX:2025-11-21T13:00:00+00:00,SGBX,2025-11-21,38.4365,38.4365,,,13.6808,-8.157894736842096,45.59934853420196,17.62894736842106,45.5993,28.0774,28.0774,rebreak_confirmed,8.0,flat_shelf_break,2025-11-21 08:35:00 EST,2025-11-21 08:41:00 EST,1.25,green_wick_dip_reactivation
235,C:\TSIS_Data\00_CTO\13_TRADING_SYSTEMS\03_STRATEGY_LIBRARY\LONG\DAS\runs\das_scanner_appearance_20260628T114046Z\chart_exports\event_day_details_grouped\0235_PALI_2025-09-17_push38.24_rebreak,C:\TSIS_Data\00_CTO\13_TRADING_SYSTEMS\03_STRATEGY_LIBRARY\LONG\DAS\runs\das_scanner_appearance_20260628T114046Z\chart_exports\event_day_details_grouped\0235_PALI_2025-09-17_push38.24_rebreak\02_three_day_overview.png,C:\TSIS_Data\00_CTO\13_TRADING_SYSTEMS\03_STRATEGY_LIBRARY\LONG\DAS\runs\das_scanner_appearance_20260628T114046Z\chart_exports\event_day_details_grouped\0235_PALI_2025-09-17_push38.24_rebreak\03_event_day_premarket_detail.png,C:\TSIS_Data\00_CTO\13_TRADING_SYSTEMS\03_STRATEGY_LIBRARY\LONG\DAS\runs\das_scanner_appearance_20260628T114046Z\chart_exports\event_day_details_grouped\0235_PALI_2025-09-17_push38.24_rebreak\04_event_day_detail_until_1600_ny.png,C:\TSIS_Data\00_CTO\13_TRADING_SYSTEMS\03_STRATEGY_LIBRARY\LONG\DAS\runs\das_scanner_appearance_20260628T114046Z\chart_exports\event_day_details_grouped\0235_PALI_2025-09-17_push38.24_rebreak\05_daily_context.png,das_scanner_appearance:PALI:2025-09-17T13:00:00+00:00,PALI,2025-09-17,38.2431,38.2431,,,28.4955,28.51685766483974,38.24310860179344,38.26606875934232,38.2431,7.5859,7.5859,rebreak_confirmed,13.3333,single_candle_rebreak,2025-09-17 09:04:00 EDT,2025-09-17 09:08:00 EDT,0.3922,green_wick_dip_new_high
236,C:\TSIS_Data\00_CTO\13_TRADING_SYSTEMS\03_STRATEGY_LIBRARY\LONG\DAS\runs\das_scanner_appearance_20260628T114046Z\chart_exports\event_day_details_grouped\0236_CWD_2025-08-28_push38.24_rebreak,C:\TSIS_Data\00_CTO\13_TRADING_SYSTEMS\03_STRATEGY_LIBRARY\LONG\DAS\runs\das_scanner_appearance_20260628T114046Z\chart_exports\event_day_details_grouped\0236_CWD_2025-08-28_push38.24_rebreak\02_three_day_overview.png,C:\TSIS_Data\00_CTO\13_TRADING_SYSTEMS\03_STRATEGY_LIBRARY\LONG\DAS\runs\das_scanner_appearance_20260628T114046Z\chart_exports\event_day_details_grouped\0236_CWD_2025-08-28_push38.24_rebreak\03_event_day_premarket_detail.png,C:\TSIS_Data\00_CTO\13_TRADING_SYSTEMS\03_STRATEGY_LIBRARY\LONG\DAS\runs\das_scanner_appearance_20260628T114046Z\chart_exports\event_day_details_grouped\0236_CWD_2025-08-28_push38.24_rebreak\04_event_day_detail_until_1600_ny.png,C:\TSIS_Data\00_CTO\13_TRADING_SYSTEMS\03_STRATEGY_LIBRARY\LONG\DAS\runs\das_scanner_appearance_20260628T114046Z\chart_exports\event_day_details_grouped\0236_CWD_2025-08-28_push38.24_rebreak\05_daily_context.png,das_scanner_appearance:CWD:2025-08-28T11:16:00+00:00,CWD,2025-08-28,38.2353,38.2353,55.88235294117647,56.80473372781065,34.1176,34.91124260355029,95.29411764705881,96.44970414201183,95.2941,45.614,45.614,rebreak_confirmed,8.9362,vwap_reclaim_rebreak,2025-08-28 07:22:00 EDT,2025-08-28 07:23:00 EDT,1.2245,green_wick_dip_new_high
237,C:\TSIS_Data\00_CTO\13_TRADING_SYSTEMS\03_STRATEGY_LIBRARY\LONG\DAS\runs\das_scanner_appearance_20260628T114046Z\chart_exports\event_day_details_grouped\0237_AIFF_2025-08-26_push38.22_rebreak,C:\TSIS_Data\00_CTO\13_TRADING_SYSTEMS\03_STRATEGY_LIBRARY\LONG\DAS\runs\das_scanner_appearance_20260628T114046Z\chart_exports\event_day_details_grouped\0237_AIFF_2025-08-26_push38.22_rebreak\02_three_day_overview.png,C:\TSIS_Data\00_CTO\13_TRADING_SYSTEMS\03_STRATEGY_LIBRARY\LONG\DAS\runs\das_scanner_appearance_20260628T114046Z\chart_exports\event_day_details_grouped\0237_AIFF_2025-08-26_push38.22_rebreak\03_event_day_premarket_detail.png,C:\TSIS_Data\00_CTO\13_TRADING_SYSTEMS\03_STRATEGY_LIBRARY\LONG\DAS\runs\das_scanner_appearance_20260628T114046Z\chart_exports\event_day_details_grouped\0237_AIFF_2025-08-26_push38.22_rebreak\04_event_day_detail_until_1600_ny.png,C:\TSIS_Data\00_CTO\13_TRADING_SYSTEMS\03_STRATEGY_LIBRARY\LONG\DAS\runs\das_scanner_appearance_20260628T114046Z\chart_exports\event_day_details_grouped\0237_AIFF_2025-08-26_push38.22_rebreak\05_daily_context.png,das_scanner_appearance:AIFF:2025-08-26T11:46:00+00:00,AIFF,2025-08-26,38.2239,38.2239,,,32.0463,31.03448275862069,42.85714285714287,41.76245210727971,42.8571,8.1871,8.1871,rebreak_confirmed,5.5866,flat_shelf_break,2025-08-26 07:52:00 EDT,2025-08-26 07:53:00 EDT,1.3774,green_wick_dip_new_high
238,C:\TSIS_Data\00_CTO\13_TRADING_SYSTEMS\03_STRATEGY_LIBRARY\LONG\DAS\runs\das_scanner_appearance_20260628T114046Z\chart_exports\event_day_details_grouped\0238_LASE_2025-09-18_push38.21_rebreak,C:\TSIS_Data\00_CTO\13_TRADING_SYSTEMS\03_STRATEGY_LIBRARY\LONG\DAS\runs\das_scanner_appearance_20260628T114046Z\chart_exports\event_day_details_grouped\0238_LASE_2025-09-18_push38.21_rebreak\02_three_day_overview.png,C:\TSIS_Data\00_CTO\13_TRADING_SYSTEMS\03_STRATEGY_LIBRARY\LONG\DAS\runs\das_scanner_appearance_20260628T114046Z\chart_exports\event_day_details_grouped\0238_LASE_2025-09-18_push38.21_rebreak\03_event_day_premarket_detail.png,C:\TSIS_Data\00_CTO\13_TRADING_SYSTEMS\03_STRATEGY_LIBRARY\LONG\DAS\runs\das_scanner_appearance_20260628T114046Z\chart_exports\event_day_details_grouped\0238_LASE_2025-09-18_push38.21_rebreak\04_event_day_detail_until_1600_ny.png,C:\TSIS_Data\00_CTO\13_TRADING_SYSTEMS\03_STRATEGY_LIBRARY\LONG\DAS\runs\das_scanner_appearance_20260628T114046Z\chart_exports\event_day_details_grouped\0238_LASE_2025-09-18_push38.21_rebreak\05_daily_context.png,das_scanner_appearance:LASE:2025-09-18T12:08:00+00:00,LASE,2025-09-18,38.2143,38.2143,,,32.5,32.50000000000001,48.92857142857144,48.92857142857144,48.9286,12.3989,12.3989,rebreak_confirmed,12.1447,vwap_reclaim_rebreak,2025-09-18 08:15:00 EDT,2025-09-18 08:17:00 EDT,1.9478,green_wick_dip_reactivation
239,C:\TSIS_Data\00_CTO\13_TRADING_SYSTEMS\03_STRATEGY_LIBRARY\LONG\DAS\runs\das_scanner_appearance_20260628T114046Z\chart_exports\event_day_details_grouped\0239_EQ_2025-02-06_push38.10_rebreak,C:\TSIS_Data\00_CTO\13_TRADING_SYSTEMS\03_STRATEGY_LIBRARY\LONG\DAS\runs\das_scanner_appearance_20260628T114046Z\chart_exports\event_day_details_grouped\0239_EQ_2025-02-06_push38.10_rebreak\02_three_day_overview.png,C:\TSIS_Data\00_CTO\13_TRADING_SYSTEMS\03_STRATEGY_LIBRARY\LONG\DAS\runs\das_scanner_appearance_20260628T114046Z\chart_exports\event_day_details_grouped\0239_EQ_2025-02-06_push38.10_rebreak\03_event_day_premarket_detail.png,C:\TSIS_Data\00_CTO\13_TRADING_SYSTEMS\03_STRATEGY_LIBRARY\LONG\DAS\runs\das_scanner_appearance_20260628T114046Z\chart_exports\event_day_details_grouped\0239_EQ_2025-02-06_push38.10_rebreak\04_event_day_detail_until_1600_ny.png,C:\TSIS_Data\00_CTO\13_TRADING_SYSTEMS\03_STRATEGY_LIBRARY\LONG\DAS\runs\das_scanner_appearance_20260628T114046Z\chart_exports\event_day_details_grouped\0239_EQ_2025-02-06_push38.10_rebreak\05_daily_context.png,das_scanner_appearance:EQ:2025-02-06T13:02:00+00:00,EQ,2025-02-06,38.0972,38.0972,,,33.1806,35.07536272714467,44.44444444444445,46.49950697281308,44.4444,8.4576,8.4576,rebreak_confirmed,13.2958,vwap_reclaim_rebreak,2025-02-06 08:08:00 EST,2025-02-06 08:09:00 EST,0.1021,green_wick_dip_new_high
240,C:\TSIS_Data\00_CTO\13_TRADING_SYSTEMS\03_STRATEGY_LIBRARY\LONG\DAS\runs\das_scanner_appearance_20260628T114046Z\chart_exports\event_day_details_grouped\0240_SCNX_2025-10-16_push38.07_rebreak,C:\TSIS_Data\00_CTO\13_TRADING_SYSTEMS\03_STRATEGY_LIBRARY\LONG\DAS\runs\das_scanner_appearance_20260628T114046Z\chart_exports\event_day_details_grouped\0240_SCNX_2025-10-16_push38.07_rebreak\02_three_day_overview.png,C:\TSIS_Data\00_CTO\13_TRADING_SYSTEMS\03_STRATEGY_LIBRARY\LONG\DAS\runs\das_scanner_appearance_20260628T114046Z\chart_exports\event_day_details_grouped\0240_SCNX_2025-10-16_push38.07_rebreak\03_event_day_premarket_detail.png,C:\TSIS_Data\00_CTO\13_TRADING_SYSTEMS\03_STRATEGY_LIBRARY\LONG\DAS\runs\das_scanner_appearance_20260628T114046Z\chart_exports\event_day_details_grouped\0240_SCNX_2025-10-16_push38.07_rebreak\04_event_day_detail_until_1600_ny.png,C:\TSIS_Data\00_CTO\13_TRADING_SYSTEMS\03_STRATEGY_LIBRARY\LONG\DAS\runs\das_scanner_appearance_20260628T114046Z\chart_exports\event_day_details_grouped\0240_SCNX_2025-10-16_push38.07_rebreak\05_daily_context.png,das_scanner_appearance:SCNX:2025-10-16T13:03:00+00:00,SCNX,2025-10-16,38.0697,38.0697,59.51742627345844,66.17790811339198,13.941,18.698505795279992,89.00804289544236,96.89987431922916,89.008,65.8824,65.8824,rebreak_confirmed,6.301,single_candle_rebreak,2025-10-16 09:08:00 EDT,2025-10-16 09:10:00 EDT,4.1284,green_wick_dip_reactivation
241,C:\TSIS_Data\00_CTO\13_TRADING_SYSTEMS\03_STRATEGY_LIBRARY\LONG\DAS\runs\das_scanner_appearance_20260628T114046Z\chart_exports\event_day_details_grouped\0241_HOTH_2024-09-05_push38.05_rebreak,C:\TSIS_Data\00_CTO\13_TRADING_SYSTEMS\03_STRATEGY_LIBRARY\LONG\DAS\runs\das_scanner_appearance_20260628T114046Z\chart_exports\event_day_details_grouped\0241_HOTH_2024-09-05_push38.05_rebreak\02_three_day_overview.png,C:\TSIS_Data\00_CTO\13_TRADING_SYSTEMS\03_STRATEGY_LIBRARY\LONG\DAS\runs\das_scanner_appearance_20260628T114046Z\chart_exports\event_day_details_grouped\0241_HOTH_2024-09-05_push38.05_rebreak\03_event_day_premarket_detail.png,C:\TSIS_Data\00_CTO\13_TRADING_SYSTEMS\03_STRATEGY_LIBRARY\LONG\DAS\runs\das_scanner_appearance_20260628T114046Z\chart_exports\event_day_details_grouped\0241_HOTH_2024-09-05_push38.05_rebreak\04_event_day_detail_until_1600_ny.png,C:\TSIS_Data\00_CTO\13_TRADING_SYSTEMS\03_STRATEGY_LIBRARY\LONG\DAS\runs\das_scanner_appearance_20260628T114046Z\chart_exports\event_day_details_grouped\0241_HOTH_2024-09-05_push38.05_rebreak\05_daily_context.png,das_scanner_appearance:HOTH:2024-09-05T12:04:00+00:00,HOTH,2024-09-05,38.0476,38.0476,50.72545428933653,50.72545428933653,25.3557,25.35568389914073,73.26383997746161,73.26383997746161,73.2638,38.2178,38.2178,rebreak_confirmed,17.1429,vwap_reclaim_rebreak,2024-09-05 08:14:00 EDT,2024-09-05 08:18:00 EDT,1.1079,green_wick_dip_new_high
242,C:\TSIS_Data\00_CTO\13_TRADING_SYSTEMS\03_STRATEGY_LIBRARY\LONG\DAS\runs\das_scanner_appearance_20260628T114046Z\chart_exports\event_day_details_grouped\0242_KALA_2025-12-01_push38.04_rebreak,C:\TSIS_Data\00_CTO\13_TRADING_SYSTEMS\03_STRATEGY_LIBRARY\LONG\DAS\runs\das_scanner_appearance_20260628T114046Z\chart_exports\event_day_details_grouped\0242_KALA_2025-12-01_push38.04_rebreak\02_three_day_overview.png,C:\TSIS_Data\00_CTO\13_TRADING_SYSTEMS\03_STRATEGY_LIBRARY\LONG\DAS\runs\das_scanner_appearance_20260628T114046Z\chart_exports\event_day_details_grouped\0242_KALA_2025-12-01_push38.04_rebreak\03_event_day_premarket_detail.png,C:\TSIS_Data\00_CTO\13_TRADING_SYSTEMS\03_STRATEGY_LIBRARY\LONG\DAS\runs\das_scanner_appearance_20260628T114046Z\chart_exports\event_day_details_grouped\0242_KALA_2025-12-01_push38.04_rebreak\04_event_day_detail_until_1600_ny.png,C:\TSIS_Data\00_CTO\13_TRADING_SYSTEMS\03_STRATEGY_LIBRARY\LONG\DAS\runs\das_scanner_appearance_20260628T114046Z\chart_exports\event_day_details_grouped\0242_KALA_2025-12-01_push38.04_rebreak\05_daily_context.png,das_scanner_appearance:KALA:2025-12-01T12:02:00+00:00,KALA,2025-12-01,38.0368,38.0368,51.32924335378323,53.19325121623021,31.9018,33.52655004657904,54.396728016359916,56.29851982196461,54.3967,17.0543,17.0543,rebreak_confirmed,13.3333,single_candle_rebreak,2025-12-01 07:05:00 EST,2025-12-01 07:07:00 EST,2.2556,green_wick_dip_new_high
243,C:\TSIS_Data\00_CTO\13_TRADING_SYSTEMS\03_STRATEGY_LIBRARY\LONG\DAS\runs\das_scanner_appearance_20260628T114046Z\chart_exports\event_day_details_grouped\0243_PRZO_2024-01-29_push37.72_rebreak,C:\TSIS_Data\00_CTO\13_TRADING_SYSTEMS\03_STRATEGY_LIBRARY\LONG\DAS\runs\das_scanner_appearance_20260628T114046Z\chart_exports\event_day_details_grouped\0243_PRZO_2024-01-29_push37.72_rebreak\02_three_day_overview.png,C:\TSIS_Data\00_CTO\13_TRADING_SYSTEMS\03_STRATEGY_LIBRARY\LONG\DAS\runs\das_scanner_appearance_20260628T114046Z\chart_exports\event_day_details_grouped\0243_PRZO_2024-01-29_push37.72_rebreak\03_event_day_premarket_detail.png,C:\TSIS_Data\00_CTO\13_TRADING_SYSTEMS\03_STRATEGY_LIBRARY\LONG\DAS\runs\das_scanner_appearance_20260628T114046Z\chart_exports\event_day_details_grouped\0243_PRZO_2024-01-29_push37.72_rebreak\04_event_day_detail_until_1600_ny.png,C:\TSIS_Data\00_CTO\13_TRADING_SYSTEMS\03_STRATEGY_LIBRARY\LONG\DAS\runs\das_scanner_appearance_20260628T114046Z\chart_exports\event_day_details_grouped\0243_PRZO_2024-01-29_push37.72_rebreak\05_daily_context.png,das_scanner_appearance:PRZO:2024-01-29T12:27:00+00:00,PRZO,2024-01-29,37.7189,37.7189,,,21.6874,18.96732026143791,41.73017783126087,38.56209150326798,41.7302,16.4707,16.4707,rebreak_confirmed,10.0,last_red_high_break,2024-01-29 07:34:00 EST,2024-01-29 07:36:00 EST,0.7188,green_wick_dip_reactivation
244,C:\TSIS_Data\00_CTO\13_TRADING_SYSTEMS\03_STRATEGY_LIBRARY\LONG\DAS\runs\das_scanner_appearance_20260628T114046Z\chart_exports\event_day_details_grouped\0244_BAOS_2025-10-09_push37.72_rebreak,C:\TSIS_Data\00_CTO\13_TRADING_SYSTEMS\03_STRATEGY_LIBRARY\LONG\DAS\runs\das_scanner_appearance_20260628T114046Z\chart_exports\event_day_details_grouped\0244_BAOS_2025-10-09_push37.72_rebreak\02_three_day_overview.png,C:\TSIS_Data\00_CTO\13_TRADING_SYSTEMS\03_STRATEGY_LIBRARY\LONG\DAS\runs\das_scanner_appearance_20260628T114046Z\chart_exports\event_day_details_grouped\0244_BAOS_2025-10-09_push37.72_rebreak\03_event_day_premarket_detail.png,C:\TSIS_Data\00_CTO\13_TRADING_SYSTEMS\03_STRATEGY_LIBRARY\LONG\DAS\runs\das_scanner_appearance_20260628T114046Z\chart_exports\event_day_details_grouped\0244_BAOS_2025-10-09_push37.72_rebreak\04_event_day_detail_until_1600_ny.png,C:\TSIS_Data\00_CTO\13_TRADING_SYSTEMS\03_STRATEGY_LIBRARY\LONG\DAS\runs\das_scanner_appearance_20260628T114046Z\chart_exports\event_day_details_grouped\0244_BAOS_2025-10-09_push37.72_rebreak\05_daily_context.png,das_scanner_appearance:BAOS:2025-10-09T08:03:00+00:00,BAOS,2025-10-09,37.7176,37.7176,51.8375241779497,135.73573573573572,17.4081,82.28228228228228,60.54158607350099,149.24924924924926,60.5416,36.7381,36.7381,rebreak_confirmed,17.8371,single_candle_rebreak,2025-10-09 04:07:00 EDT,2025-10-09 04:09:00 EDT,1.1844,green_wick_dip_reactivation
245,C:\TSIS_Data\00_CTO\13_TRADING_SYSTEMS\03_STRATEGY_LIBRARY\LONG\DAS\runs\das_scanner_appearance_20260628T114046Z\chart_exports\event_day_details_grouped\0245_USEG_2025-06-13_push37.35_rebreak,C:\TSIS_Data\00_CTO\13_TRADING_SYSTEMS\03_STRATEGY_LIBRARY\LONG\DAS\runs\das_scanner_appearance_20260628T114046Z\chart_exports\event_day_details_grouped\0245_USEG_2025-06-13_push37.35_rebreak\02_three_day_overview.png,C:\TSIS_Data\00_CTO\13_TRADING_SYSTEMS\03_STRATEGY_LIBRARY\LONG\DAS\runs\das_scanner_appearance_20260628T114046Z\chart_exports\event_day_details_grouped\0245_USEG_2025-06-13_push37.35_rebreak\03_event_day_premarket_detail.png,C:\TSIS_Data\00_CTO\13_TRADING_SYSTEMS\03_STRATEGY_LIBRARY\LONG\DAS\runs\das_scanner_appearance_20260628T114046Z\chart_exports\event_day_details_grouped\0245_USEG_2025-06-13_push37.35_rebreak\04_event_day_detail_until_1600_ny.png,C:\TSIS_Data\00_CTO\13_TRADING_SYSTEMS\03_STRATEGY_LIBRARY\LONG\DAS\runs\das_scanner_appearance_20260628T114046Z\chart_exports\event_day_details_grouped\0245_USEG_2025-06-13_push37.35_rebreak\05_daily_context.png,das_scanner_appearance:USEG:2025-06-13T08:02:00+00:00,USEG,2025-06-13,37.3494,37.3494,53.6144578313253,78.3216783216783,32.5301,53.84615384615387,98.19277108433737,130.06993006993008,98.1928,49.5455,49.5455,rebreak_confirmed,10.0877,vwap_reclaim_rebreak,2025-06-13 04:34:00 EDT,2025-06-13 04:38:00 EDT,2.5424,green_wick_dip_reactivation
246,C:\TSIS_Data\00_CTO\13_TRADING_SYSTEMS\03_STRATEGY_LIBRARY\LONG\DAS\runs\das_scanner_appearance_20260628T114046Z\chart_exports\event_day_details_grouped\0246_BHAT_2025-09-12_push37.21_rebreak,C:\TSIS_Data\00_CTO\13_TRADING_SYSTEMS\03_STRATEGY_LIBRARY\LONG\DAS\runs\das_scanner_appearance_20260628T114046Z\chart_exports\event_day_details_grouped\0246_BHAT_2025-09-12_push37.21_rebreak\02_three_day_overview.png,C:\TSIS_Data\00_CTO\13_TRADING_SYSTEMS\03_STRATEGY_LIBRARY\LONG\DAS\runs\das_scanner_appearance_20260628T114046Z\chart_exports\event_day_details_grouped\0246_BHAT_2025-09-12_push37.21_rebreak\03_event_day_premarket_detail.png,C:\TSIS_Data\00_CTO\13_TRADING_SYSTEMS\03_STRATEGY_LIBRARY\LONG\DAS\runs\das_scanner_appearance_20260628T114046Z\chart_exports\event_day_details_grouped\0246_BHAT_2025-09-12_push37.21_rebreak\04_event_day_detail_until_1600_ny.png,C:\TSIS_Data\00_CTO\13_TRADING_SYSTEMS\03_STRATEGY_LIBRARY\LONG\DAS\runs\das_scanner_appearance_20260628T114046Z\chart_exports\event_day_details_grouped\0246_BHAT_2025-09-12_push37.21_rebreak\05_daily_context.png,das_scanner_appearance:BHAT:2025-09-12T12:27:00+00:00,BHAT,2025-09-12,37.2093,37.2093,52.616279069767444,61.042944785276084,3.4884,9.20245398773007,52.616279069767444,61.042944785276084,52.6163,47.4719,47.4719,rebreak_confirmed,14.4068,vwap_reclaim_rebreak,2025-09-12 08:41:00 EDT,2025-09-12 08:42:00 EDT,2.549,green_wick_dip_new_high
247,C:\TSIS_Data\00_CTO\13_TRADING_SYSTEMS\03_STRATEGY_LIBRARY\LONG\DAS\runs\das_scanner_appearance_20260628T114046Z\chart_exports\event_day_details_grouped\0247_ZEO_2024-12-09_push37.12_rebreak,C:\TSIS_Data\00_CTO\13_TRADING_SYSTEMS\03_STRATEGY_LIBRARY\LONG\DAS\runs\das_scanner_appearance_20260628T114046Z\chart_exports\event_day_details_grouped\0247_ZEO_2024-12-09_push37.12_rebreak\02_three_day_overview.png,C:\TSIS_Data\00_CTO\13_TRADING_SYSTEMS\03_STRATEGY_LIBRARY\LONG\DAS\runs\das_scanner_appearance_20260628T114046Z\chart_exports\event_day_details_grouped\0247_ZEO_2024-12-09_push37.12_rebreak\03_event_day_premarket_detail.png,C:\TSIS_Data\00_CTO\13_TRADING_SYSTEMS\03_STRATEGY_LIBRARY\LONG\DAS\runs\das_scanner_appearance_20260628T114046Z\chart_exports\event_day_details_grouped\0247_ZEO_2024-12-09_push37.12_rebreak\04_event_day_detail_until_1600_ny.png,C:\TSIS_Data\00_CTO\13_TRADING_SYSTEMS\03_STRATEGY_LIBRARY\LONG\DAS\runs\das_scanner_appearance_20260628T114046Z\chart_exports\event_day_details_grouped\0247_ZEO_2024-12-09_push37.12_rebreak\05_daily_context.png,das_scanner_appearance:ZEO:2024-12-09T09:11:00+00:00,ZEO,2024-12-09,37.1179,37.1179,50.21834061135371,162.59541984732823,10.917,93.89312977099236,50.655021834061145,163.35877862595422,50.655,35.8268,35.8268,rebreak_confirmed,10.828,vwap_reclaim_rebreak,2024-12-09 04:34:00 EST,2024-12-09 04:37:00 EST,0.346,green_wick_dip_new_high
248,C:\TSIS_Data\00_CTO\13_TRADING_SYSTEMS\03_STRATEGY_LIBRARY\LONG\DAS\runs\das_scanner_appearance_20260628T114046Z\chart_exports\event_day_details_grouped\0248_AMZE_2025-11-14_push36.91_rebreak,C:\TSIS_Data\00_CTO\13_TRADING_SYSTEMS\03_STRATEGY_LIBRARY\LONG\DAS\runs\das_scanner_appearance_20260628T114046Z\chart_exports\event_day_details_grouped\0248_AMZE_2025-11-14_push36.91_rebreak\02_three_day_overview.png,C:\TSIS_Data\00_CTO\13_TRADING_SYSTEMS\03_STRATEGY_LIBRARY\LONG\DAS\runs\das_scanner_appearance_20260628T114046Z\chart_exports\event_day_details_grouped\0248_AMZE_2025-11-14_push36.91_rebreak\03_event_day_premarket_detail.png,C:\TSIS_Data\00_CTO\13_TRADING_SYSTEMS\03_STRATEGY_LIBRARY\LONG\DAS\runs\das_scanner_appearance_20260628T114046Z\chart_exports\event_day_details_grouped\0248_AMZE_2025-11-14_push36.91_rebreak\04_event_day_detail_until_1600_ny.png,C:\TSIS_Data\00_CTO\13_TRADING_SYSTEMS\03_STRATEGY_LIBRARY\LONG\DAS\runs\das_scanner_appearance_20260628T114046Z\chart_exports\event_day_details_grouped\0248_AMZE_2025-11-14_push36.91_rebreak\05_daily_context.png,das_scanner_appearance:AMZE:2025-11-14T13:31:00+00:00,AMZE,2025-11-14,36.9142,36.9142,54.50236966824643,54.46170044748617,33.5176,33.4824953935246,54.50236966824643,54.46170044748617,54.5024,15.7168,15.7168,rebreak_confirmed,8.1346,ascending_flag_break,2025-11-14 08:35:00 EST,2025-11-14 08:37:00 EST,2.4651,green_wick_dip_reactivation
249,C:\TSIS_Data\00_CTO\13_TRADING_SYSTEMS\03_STRATEGY_LIBRARY\LONG\DAS\runs\das_scanner_appearance_20260628T114046Z\chart_exports\event_day_details_grouped\0249_NUWE_2025-07-16_push36.89_rebreak,C:\TSIS_Data\00_CTO\13_TRADING_SYSTEMS\03_STRATEGY_LIBRARY\LONG\DAS\runs\das_scanner_appearance_20260628T114046Z\chart_exports\event_day_details_grouped\0249_NUWE_2025-07-16_push36.89_rebreak\02_three_day_overview.png,C:\TSIS_Data\00_CTO\13_TRADING_SYSTEMS\03_STRATEGY_LIBRARY\LONG\DAS\runs\das_scanner_appearance_20260628T114046Z\chart_exports\event_day_details_grouped\0249_NUWE_2025-07-16_push36.89_rebreak\03_event_day_premarket_detail.png,C:\TSIS_Data\00_CTO\13_TRADING_SYSTEMS\03_STRATEGY_LIBRARY\LONG\DAS\runs\das_scanner_appearance_20260628T114046Z\chart_exports\event_day_details_grouped\0249_NUWE_2025-07-16_push36.89_rebreak\04_event_day_detail_until_1600_ny.png,C:\TSIS_Data\00_CTO\13_TRADING_SYSTEMS\03_STRATEGY_LIBRARY\LONG\DAS\runs\das_scanner_appearance_20260628T114046Z\chart_exports\event_day_details_grouped\0249_NUWE_2025-07-16_push36.89_rebreak\05_daily_context.png,das_scanner_appearance:NUWE:2025-07-16T08:27:00+00:00,NUWE,2025-07-16,36.8932,36.8932,53.721682847896446,107.72594752186589,29.1262,74.48979591836735,107.11974110032362,179.88338192419823,107.1197,60.401,60.401,rebreak_confirmed,6.9346,vwap_reclaim_rebreak,2025-07-16 04:57:00 EDT,2025-07-16 05:07:00 EDT,0.2553,green_wick_dip_new_high
250,C:\TSIS_Data\00_CTO\13_TRADING_SYSTEMS\03_STRATEGY_LIBRARY\LONG\DAS\runs\das_scanner_appearance_20260628T114046Z\chart_exports\event_day_details_grouped\0250_PMVP_2025-09-10_push36.81_rebreak,C:\TSIS_Data\00_CTO\13_TRADING_SYSTEMS\03_STRATEGY_LIBRARY\LONG\DAS\runs\das_scanner_appearance_20260628T114046Z\chart_exports\event_day_details_grouped\0250_PMVP_2025-09-10_push36.81_rebreak\02_three_day_overview.png,C:\TSIS_Data\00_CTO\13_TRADING_SYSTEMS\03_STRATEGY_LIBRARY\LONG\DAS\runs\das_scanner_appearance_20260628T114046Z\chart_exports\event_day_details_grouped\0250_PMVP_2025-09-10_push36.81_rebreak\03_event_day_premarket_detail.png,C:\TSIS_Data\00_CTO\13_TRADING_SYSTEMS\03_STRATEGY_LIBRARY\LONG\DAS\runs\das_scanner_appearance_20260628T114046Z\chart_exports\event_day_details_grouped\0250_PMVP_2025-09-10_push36.81_rebreak\04_event_day_detail_until_1600_ny.png,C:\TSIS_Data\00_CTO\13_TRADING_SYSTEMS\03_STRATEGY_LIBRARY\LONG\DAS\runs\das_scanner_appearance_20260628T114046Z\chart_exports\event_day_details_grouped\0250_PMVP_2025-09-10_push36.81_rebreak\05_daily_context.png,das_scanner_appearance:PMVP:2025-09-10T11:16:00+00:00,PMVP,2025-09-10,36.8098,36.8098,50.30674846625769,53.60501567398121,19.0184,21.630094043887148,93.86503067484665,98.1191222570533,93.865,62.8866,62.8866,rebreak_confirmed,18.3857,single_candle_rebreak,2025-09-10 07:18:00 EDT,2025-09-10 07:20:00 EDT,0.9852,green_wick_dip_new_high
251,C:\TSIS_Data\00_CTO\13_TRADING_SYSTEMS\03_STRATEGY_LIBRARY\LONG\DAS\runs\das_scanner_appearance_20260628T114046Z\chart_exports\event_day_details_grouped\0251_UOKA_2025-09-12_push36.73_rebreak,C:\TSIS_Data\00_CTO\13_TRADING_SYSTEMS\03_STRATEGY_LIBRARY\LONG\DAS\runs\das_scanner_appearance_20260628T114046Z\chart_exports\event_day_details_grouped\0251_UOKA_2025-09-12_push36.73_rebreak\02_three_day_overview.png,C:\TSIS_Data\00_CTO\13_TRADING_SYSTEMS\03_STRATEGY_LIBRARY\LONG\DAS\runs\das_scanner_appearance_20260628T114046Z\chart_exports\event_day_details_grouped\0251_UOKA_2025-09-12_push36.73_rebreak\03_event_day_premarket_detail.png,C:\TSIS_Data\00_CTO\13_TRADING_SYSTEMS\03_STRATEGY_LIBRARY\LONG\DAS\runs\das_scanner_appearance_20260628T114046Z\chart_exports\event_day_details_grouped\0251_UOKA_2025-09-12_push36.73_rebreak\04_event_day_detail_until_1600_ny.png,C:\TSIS_Data\00_CTO\13_TRADING_SYSTEMS\03_STRATEGY_LIBRARY\LONG\DAS\runs\das_scanner_appearance_20260628T114046Z\chart_exports\event_day_details_grouped\0251_UOKA_2025-09-12_push36.73_rebreak\05_daily_context.png,das_scanner_appearance:UOKA:2025-09-12T11:50:00+00:00,UOKA,2025-09-12,36.7347,36.7347,61.255102040816325,72.39636363636363,15.3061,23.272727272727277,83.33333333333333,95.99999999999999,83.3333,58.9971,58.9971,rebreak_confirmed,17.4129,vwap_reclaim_rebreak,2025-09-12 08:02:00 EDT,2025-09-12 08:03:00 EDT,1.3514,green_wick_dip_new_high
252,C:\TSIS_Data\00_CTO\13_TRADING_SYSTEMS\03_STRATEGY_LIBRARY\LONG\DAS\runs\das_scanner_appearance_20260628T114046Z\chart_exports\event_day_details_grouped\0252_WOLF_2025-07-07_push36.36_rebreak,C:\TSIS_Data\00_CTO\13_TRADING_SYSTEMS\03_STRATEGY_LIBRARY\LONG\DAS\runs\das_scanner_appearance_20260628T114046Z\chart_exports\event_day_details_grouped\0252_WOLF_2025-07-07_push36.36_rebreak\02_three_day_overview.png,C:\TSIS_Data\00_CTO\13_TRADING_SYSTEMS\03_STRATEGY_LIBRARY\LONG\DAS\runs\das_scanner_appearance_20260628T114046Z\chart_exports\event_day_details_grouped\0252_WOLF_2025-07-07_push36.36_rebreak\03_event_day_premarket_detail.png,C:\TSIS_Data\00_CTO\13_TRADING_SYSTEMS\03_STRATEGY_LIBRARY\LONG\DAS\runs\das_scanner_appearance_20260628T114046Z\chart_exports\event_day_details_grouped\0252_WOLF_2025-07-07_push36.36_rebreak\04_event_day_detail_until_1600_ny.png,C:\TSIS_Data\00_CTO\13_TRADING_SYSTEMS\03_STRATEGY_LIBRARY\LONG\DAS\runs\das_scanner_appearance_20260628T114046Z\chart_exports\event_day_details_grouped\0252_WOLF_2025-07-07_push36.36_rebreak\05_daily_context.png,das_scanner_appearance:WOLF:2025-07-07T08:15:00+00:00,WOLF,2025-07-07,36.3636,36.3636,,,8.6777,11.440677966101696,36.36363636363636,39.83050847457627,36.3636,25.4753,25.4753,rebreak_confirmed,9.697,flat_shelf_break,2025-07-07 06:54:00 EDT,2025-07-07 06:55:00 EDT,3.2258,green_wick_dip_reactivation
253,C:\TSIS_Data\00_CTO\13_TRADING_SYSTEMS\03_STRATEGY_LIBRARY\LONG\DAS\runs\das_scanner_appearance_20260628T114046Z\chart_exports\event_day_details_grouped\0253_BZAI_2026-01-27_push36.31_rebreak,C:\TSIS_Data\00_CTO\13_TRADING_SYSTEMS\03_STRATEGY_LIBRARY\LONG\DAS\runs\das_scanner_appearance_20260628T114046Z\chart_exports\event_day_details_grouped\0253_BZAI_2026-01-27_push36.31_rebreak\02_three_day_overview.png,C:\TSIS_Data\00_CTO\13_TRADING_SYSTEMS\03_STRATEGY_LIBRARY\LONG\DAS\runs\das_scanner_appearance_20260628T114046Z\chart_exports\event_day_details_grouped\0253_BZAI_2026-01-27_push36.31_rebreak\03_event_day_premarket_detail.png,C:\TSIS_Data\00_CTO\13_TRADING_SYSTEMS\03_STRATEGY_LIBRARY\LONG\DAS\runs\das_scanner_appearance_20260628T114046Z\chart_exports\event_day_details_grouped\0253_BZAI_2026-01-27_push36.31_rebreak\04_event_day_detail_until_1600_ny.png,C:\TSIS_Data\00_CTO\13_TRADING_SYSTEMS\03_STRATEGY_LIBRARY\LONG\DAS\runs\das_scanner_appearance_20260628T114046Z\chart_exports\event_day_details_grouped\0253_BZAI_2026-01-27_push36.31_rebreak\05_daily_context.png,das_scanner_appearance:BZAI:2026-01-27T10:20:00+00:00,BZAI,2026-01-27,36.3128,36.3128,,,31.2849,35.44668587896253,44.134078212290504,48.70317002881844,44.1341,9.7872,9.7872,rebreak_confirmed,6.5574,multi_candle_flag_break,2026-01-27 05:24:00 EST,2026-01-27 05:28:00 EST,1.8605,green_wick_dip_reactivation
254,C:\TSIS_Data\00_CTO\13_TRADING_SYSTEMS\03_STRATEGY_LIBRARY\LONG\DAS\runs\das_scanner_appearance_20260628T114046Z\chart_exports\event_day_details_grouped\0254_TMQ_2024-11-06_push36.25_rebreak,C:\TSIS_Data\00_CTO\13_TRADING_SYSTEMS\03_STRATEGY_LIBRARY\LONG\DAS\runs\das_scanner_appearance_20260628T114046Z\chart_exports\event_day_details_grouped\0254_TMQ_2024-11-06_push36.25_rebreak\02_three_day_overview.png,C:\TSIS_Data\00_CTO\13_TRADING_SYSTEMS\03_STRATEGY_LIBRARY\LONG\DAS\runs\das_scanner_appearance_20260628T114046Z\chart_exports\event_day_details_grouped\0254_TMQ_2024-11-06_push36.25_rebreak\03_event_day_premarket_detail.png,C:\TSIS_Data\00_CTO\13_TRADING_SYSTEMS\03_STRATEGY_LIBRARY\LONG\DAS\runs\das_scanner_appearance_20260628T114046Z\chart_exports\event_day_details_grouped\0254_TMQ_2024-11-06_push36.25_rebreak\04_event_day_detail_until_1600_ny.png,C:\TSIS_Data\00_CTO\13_TRADING_SYSTEMS\03_STRATEGY_LIBRARY\LONG\DAS\runs\das_scanner_appearance_20260628T114046Z\chart_exports\event_day_details_grouped\0254_TMQ_2024-11-06_push36.25_rebreak\05_daily_context.png,das_scanner_appearance:TMQ:2024-11-06T13:03:00+00:00,TMQ,2024-11-06,36.252,36.252,,,24.3937,43.20159535895578,49.133858267716526,71.68237853517041,49.1339,19.8886,19.8886,rebreak_confirmed,3.2709,single_candle_rebreak,2024-11-06 08:06:00 EST,2024-11-06 08:07:00 EST,0.4094,green_wick_dip_reactivation
255,C:\TSIS_Data\00_CTO\13_TRADING_SYSTEMS\03_STRATEGY_LIBRARY\LONG\DAS\runs\das_scanner_appearance_20260628T114046Z\chart_exports\event_day_details_grouped\0255_SLNH_2025-09-10_push36.08_rebreak,C:\TSIS_Data\00_CTO\13_TRADING_SYSTEMS\03_STRATEGY_LIBRARY\LONG\DAS\runs\das_scanner_appearance_20260628T114046Z\chart_exports\event_day_details_grouped\0255_SLNH_2025-09-10_push36.08_rebreak\02_three_day_overview.png,C:\TSIS_Data\00_CTO\13_TRADING_SYSTEMS\03_STRATEGY_LIBRARY\LONG\DAS\runs\das_scanner_appearance_20260628T114046Z\chart_exports\event_day_details_grouped\0255_SLNH_2025-09-10_push36.08_rebreak\03_event_day_premarket_detail.png,C:\TSIS_Data\00_CTO\13_TRADING_SYSTEMS\03_STRATEGY_LIBRARY\LONG\DAS\runs\das_scanner_appearance_20260628T114046Z\chart_exports\event_day_details_grouped\0255_SLNH_2025-09-10_push36.08_rebreak\04_event_day_detail_until_1600_ny.png,C:\TSIS_Data\00_CTO\13_TRADING_SYSTEMS\03_STRATEGY_LIBRARY\LONG\DAS\runs\das_scanner_appearance_20260628T114046Z\chart_exports\event_day_details_grouped\0255_SLNH_2025-09-10_push36.08_rebreak\05_daily_context.png,das_scanner_appearance:SLNH:2025-09-10T10:11:00+00:00,SLNH,2025-09-10,36.0819,36.0819,56.79763881202729,63.43010959430878,25.1245,30.41722745625841,56.79763881202729,63.43010959430878,56.7976,25.3133,25.3133,rebreak_confirmed,18.6661,vwap_reclaim_rebreak,2025-09-10 06:14:00 EDT,2025-09-10 06:15:00 EDT,13.7966,green_wick_dip_new_high
256,C:\TSIS_Data\00_CTO\13_TRADING_SYSTEMS\03_STRATEGY_LIBRARY\LONG\DAS\runs\das_scanner_appearance_20260628T114046Z\chart_exports\event_day_details_grouped\0256_SGBX_2025-01-15_push36.07_rebreak,C:\TSIS_Data\00_CTO\13_TRADING_SYSTEMS\03_STRATEGY_LIBRARY\LONG\DAS\runs\das_scanner_appearance_20260628T114046Z\chart_exports\event_day_details_grouped\0256_SGBX_2025-01-15_push36.07_rebreak\02_three_day_overview.png,C:\TSIS_Data\00_CTO\13_TRADING_SYSTEMS\03_STRATEGY_LIBRARY\LONG\DAS\runs\das_scanner_appearance_20260628T114046Z\chart_exports\event_day_details_grouped\0256_SGBX_2025-01-15_push36.07_rebreak\03_event_day_premarket_detail.png,C:\TSIS_Data\00_CTO\13_TRADING_SYSTEMS\03_STRATEGY_LIBRARY\LONG\DAS\runs\das_scanner_appearance_20260628T114046Z\chart_exports\event_day_details_grouped\0256_SGBX_2025-01-15_push36.07_rebreak\04_event_day_detail_until_1600_ny.png,C:\TSIS_Data\00_CTO\13_TRADING_SYSTEMS\03_STRATEGY_LIBRARY\LONG\DAS\runs\das_scanner_appearance_20260628T114046Z\chart_exports\event_day_details_grouped\0256_SGBX_2025-01-15_push36.07_rebreak\05_daily_context.png,das_scanner_appearance:SGBX:2025-01-15T09:08:00+00:00,SGBX,2025-01-15,36.0656,36.0656,50.819672131147556,68.80733944954129,31.4918,47.1743119266055,216.3934426229508,254.12844036697243,216.3934,140.6184,140.6184,rebreak_confirmed,12.0602,vwap_reclaim_rebreak,2025-01-15 04:18:00 EST,2025-01-15 04:19:00 EST,0.3469,green_wick_dip_new_high
257,C:\TSIS_Data\00_CTO\13_TRADING_SYSTEMS\03_STRATEGY_LIBRARY\LONG\DAS\runs\das_scanner_appearance_20260628T114046Z\chart_exports\event_day_details_grouped\0257_VRAX_2025-12-03_push35.97_rebreak,C:\TSIS_Data\00_CTO\13_TRADING_SYSTEMS\03_STRATEGY_LIBRARY\LONG\DAS\runs\das_scanner_appearance_20260628T114046Z\chart_exports\event_day_details_grouped\0257_VRAX_2025-12-03_push35.97_rebreak\02_three_day_overview.png,C:\TSIS_Data\00_CTO\13_TRADING_SYSTEMS\03_STRATEGY_LIBRARY\LONG\DAS\runs\das_scanner_appearance_20260628T114046Z\chart_exports\event_day_details_grouped\0257_VRAX_2025-12-03_push35.97_rebreak\03_event_day_premarket_detail.png,C:\TSIS_Data\00_CTO\13_TRADING_SYSTEMS\03_STRATEGY_LIBRARY\LONG\DAS\runs\das_scanner_appearance_20260628T114046Z\chart_exports\event_day_details_grouped\0257_VRAX_2025-12-03_push35.97_rebreak\04_event_day_detail_until_1600_ny.png,C:\TSIS_Data\00_CTO\13_TRADING_SYSTEMS\03_STRATEGY_LIBRARY\LONG\DAS\runs\das_scanner_appearance_20260628T114046Z\chart_exports\event_day_details_grouped\0257_VRAX_2025-12-03_push35.97_rebreak\05_daily_context.png,das_scanner_appearance:VRAX:2025-12-03T13:02:00+00:00,VRAX,2025-12-03,35.9703,35.9703,65.63658838071693,70.52685161618733,35.3028,39.2975311784169,147.21878862793568,154.51768897938405,147.2188,82.7151,82.7151,rebreak_confirmed,10.6727,vwap_reclaim_rebreak,2025-12-03 08:08:00 EST,2025-12-03 08:09:00 EST,1.076,green_wick_dip_new_high
258,C:\TSIS_Data\00_CTO\13_TRADING_SYSTEMS\03_STRATEGY_LIBRARY\LONG\DAS\runs\das_scanner_appearance_20260628T114046Z\chart_exports\event_day_details_grouped\0258_CHEK_2025-09-15_push35.91_rebreak,C:\TSIS_Data\00_CTO\13_TRADING_SYSTEMS\03_STRATEGY_LIBRARY\LONG\DAS\runs\das_scanner_appearance_20260628T114046Z\chart_exports\event_day_details_grouped\0258_CHEK_2025-09-15_push35.91_rebreak\02_three_day_overview.png,C:\TSIS_Data\00_CTO\13_TRADING_SYSTEMS\03_STRATEGY_LIBRARY\LONG\DAS\runs\das_scanner_appearance_20260628T114046Z\chart_exports\event_day_details_grouped\0258_CHEK_2025-09-15_push35.91_rebreak\03_event_day_premarket_detail.png,C:\TSIS_Data\00_CTO\13_TRADING_SYSTEMS\03_STRATEGY_LIBRARY\LONG\DAS\runs\das_scanner_appearance_20260628T114046Z\chart_exports\event_day_details_grouped\0258_CHEK_2025-09-15_push35.91_rebreak\04_event_day_detail_until_1600_ny.png,C:\TSIS_Data\00_CTO\13_TRADING_SYSTEMS\03_STRATEGY_LIBRARY\LONG\DAS\runs\das_scanner_appearance_20260628T114046Z\chart_exports\event_day_details_grouped\0258_CHEK_2025-09-15_push35.91_rebreak\05_daily_context.png,das_scanner_appearance:CHEK:2025-09-15T08:00:00+00:00,CHEK,2025-09-15,35.9091,35.9091,57.72727272727273,365.2098136479421,-5.9091,177.5170934441614,100.90909090909088,492.57273092907894,100.9091,113.5266,113.5266,rebreak_confirmed,11.7057,multi_candle_flag_break,2025-09-15 07:30:00 EDT,2025-09-15 07:33:00 EDT,0.7722,green_wick_dip_new_high
259,C:\TSIS_Data\00_CTO\13_TRADING_SYSTEMS\03_STRATEGY_LIBRARY\LONG\DAS\runs\das_scanner_appearance_20260628T114046Z\chart_exports\event_day_details_grouped\0259_GXAI_2026-02-17_push35.68_rebreak,C:\TSIS_Data\00_CTO\13_TRADING_SYSTEMS\03_STRATEGY_LIBRARY\LONG\DAS\runs\das_scanner_appearance_20260628T114046Z\chart_exports\event_day_details_grouped\0259_GXAI_2026-02-17_push35.68_rebreak\02_three_day_overview.png,C:\TSIS_Data\00_CTO\13_TRADING_SYSTEMS\03_STRATEGY_LIBRARY\LONG\DAS\runs\das_scanner_appearance_20260628T114046Z\chart_exports\event_day_details_grouped\0259_GXAI_2026-02-17_push35.68_rebreak\03_event_day_premarket_detail.png,C:\TSIS_Data\00_CTO\13_TRADING_SYSTEMS\03_STRATEGY_LIBRARY\LONG\DAS\runs\das_scanner_appearance_20260628T114046Z\chart_exports\event_day_details_grouped\0259_GXAI_2026-02-17_push35.68_rebreak\04_event_day_detail_until_1600_ny.png,C:\TSIS_Data\00_CTO\13_TRADING_SYSTEMS\03_STRATEGY_LIBRARY\LONG\DAS\runs\das_scanner_appearance_20260628T114046Z\chart_exports\event_day_details_grouped\0259_GXAI_2026-02-17_push35.68_rebreak\05_daily_context.png,das_scanner_appearance:GXAI:2026-02-17T12:48:00+00:00,GXAI,2026-02-17,35.678,35.678,52.542372881355945,71.42857142857143,10.1695,23.809523809523807,66.94915254237289,87.6190476190476,66.9492,51.5385,51.5385,rebreak_confirmed,11.93,single_candle_rebreak,2026-02-17 07:53:00 EST,2026-02-17 07:55:00 EST,2.3411,green_wick_dip_reactivation
260,C:\TSIS_Data\00_CTO\13_TRADING_SYSTEMS\03_STRATEGY_LIBRARY\LONG\DAS\runs\das_scanner_appearance_20260628T114046Z\chart_exports\event_day_details_grouped\0260_BMR_2025-06-11_push35.65_rebreak,C:\TSIS_Data\00_CTO\13_TRADING_SYSTEMS\03_STRATEGY_LIBRARY\LONG\DAS\runs\das_scanner_appearance_20260628T114046Z\chart_exports\event_day_details_grouped\0260_BMR_2025-06-11_push35.65_rebreak\02_three_day_overview.png,C:\TSIS_Data\00_CTO\13_TRADING_SYSTEMS\03_STRATEGY_LIBRARY\LONG\DAS\runs\das_scanner_appearance_20260628T114046Z\chart_exports\event_day_details_grouped\0260_BMR_2025-06-11_push35.65_rebreak\03_event_day_premarket_detail.png,C:\TSIS_Data\00_CTO\13_TRADING_SYSTEMS\03_STRATEGY_LIBRARY\LONG\DAS\runs\das_scanner_appearance_20260628T114046Z\chart_exports\event_day_details_grouped\0260_BMR_2025-06-11_push35.65_rebreak\04_event_day_detail_until_1600_ny.png,C:\TSIS_Data\00_CTO\13_TRADING_SYSTEMS\03_STRATEGY_LIBRARY\LONG\DAS\runs\das_scanner_appearance_20260628T114046Z\chart_exports\event_day_details_grouped\0260_BMR_2025-06-11_push35.65_rebreak\05_daily_context.png,das_scanner_appearance:BMR:2025-06-11T11:08:00+00:00,BMR,2025-06-11,35.6522,35.6522,,,27.8261,30.86053412462908,35.65217391304346,38.87240356083085,35.6522,6.1224,6.1224,rebreak_confirmed,13.2479,vwap_reclaim_rebreak,2025-06-11 07:40:00 EDT,2025-06-11 07:43:00 EDT,2.0455,green_wick_dip_new_high
261,C:\TSIS_Data\00_CTO\13_TRADING_SYSTEMS\03_STRATEGY_LIBRARY\LONG\DAS\runs\das_scanner_appearance_20260628T114046Z\chart_exports\event_day_details_grouped\0261_SES_2024-09-17_push35.58_rebreak,C:\TSIS_Data\00_CTO\13_TRADING_SYSTEMS\03_STRATEGY_LIBRARY\LONG\DAS\runs\das_scanner_appearance_20260628T114046Z\chart_exports\event_day_details_grouped\0261_SES_2024-09-17_push35.58_rebreak\02_three_day_overview.png,C:\TSIS_Data\00_CTO\13_TRADING_SYSTEMS\03_STRATEGY_LIBRARY\LONG\DAS\runs\das_scanner_appearance_20260628T114046Z\chart_exports\event_day_details_grouped\0261_SES_2024-09-17_push35.58_rebreak\03_event_day_premarket_detail.png,C:\TSIS_Data\00_CTO\13_TRADING_SYSTEMS\03_STRATEGY_LIBRARY\LONG\DAS\runs\das_scanner_appearance_20260628T114046Z\chart_exports\event_day_details_grouped\0261_SES_2024-09-17_push35.58_rebreak\04_event_day_detail_until_1600_ny.png,C:\TSIS_Data\00_CTO\13_TRADING_SYSTEMS\03_STRATEGY_LIBRARY\LONG\DAS\runs\das_scanner_appearance_20260628T114046Z\chart_exports\event_day_details_grouped\0261_SES_2024-09-17_push35.58_rebreak\05_daily_context.png,das_scanner_appearance:SES:2024-09-17T11:07:00+00:00,SES,2024-09-17,35.5769,35.5769,53.846153846153854,58.41584158415842,23.0769,26.732673267326735,53.846153846153854,58.41584158415842,53.8462,25.0,25.0,rebreak_confirmed,7.0922,single_candle_rebreak,2024-09-17 07:11:00 EDT,2024-09-17 07:12:00 EDT,2.649,green_wick_dip_new_high
262,C:\TSIS_Data\00_CTO\13_TRADING_SYSTEMS\03_STRATEGY_LIBRARY\LONG\DAS\runs\das_scanner_appearance_20260628T114046Z\chart_exports\event_day_details_grouped\0262_BSLK_2025-09-16_push35.53_rebreak,C:\TSIS_Data\00_CTO\13_TRADING_SYSTEMS\03_STRATEGY_LIBRARY\LONG\DAS\runs\das_scanner_appearance_20260628T114046Z\chart_exports\event_day_details_grouped\0262_BSLK_2025-09-16_push35.53_rebreak\02_three_day_overview.png,C:\TSIS_Data\00_CTO\13_TRADING_SYSTEMS\03_STRATEGY_LIBRARY\LONG\DAS\runs\das_scanner_appearance_20260628T114046Z\chart_exports\event_day_details_grouped\0262_BSLK_2025-09-16_push35.53_rebreak\03_event_day_premarket_detail.png,C:\TSIS_Data\00_CTO\13_TRADING_SYSTEMS\03_STRATEGY_LIBRARY\LONG\DAS\runs\das_scanner_appearance_20260628T114046Z\chart_exports\event_day_details_grouped\0262_BSLK_2025-09-16_push35.53_rebreak\04_event_day_detail_until_1600_ny.png,C:\TSIS_Data\00_CTO\13_TRADING_SYSTEMS\03_STRATEGY_LIBRARY\LONG\DAS\runs\das_scanner_appearance_20260628T114046Z\chart_exports\event_day_details_grouped\0262_BSLK_2025-09-16_push35.53_rebreak\05_daily_context.png,das_scanner_appearance:BSLK:2025-09-16T08:09:00+00:00,BSLK,2025-09-16,35.5294,35.5294,,,15.2941,31.367292225201084,35.52941176470588,54.423592493297576,35.5294,17.551,17.551,rebreak_confirmed,21.3542,last_red_high_break,2025-09-16 04:12:00 EDT,2025-09-16 04:14:00 EDT,0.5917,green_wick_dip_new_high
263,C:\TSIS_Data\00_CTO\13_TRADING_SYSTEMS\03_STRATEGY_LIBRARY\LONG\DAS\runs\das_scanner_appearance_20260628T114046Z\chart_exports\event_day_details_grouped\0263_ISPC_2024-11-07_push35.52_rebreak,C:\TSIS_Data\00_CTO\13_TRADING_SYSTEMS\03_STRATEGY_LIBRARY\LONG\DAS\runs\das_scanner_appearance_20260628T114046Z\chart_exports\event_day_details_grouped\0263_ISPC_2024-11-07_push35.52_rebreak\02_three_day_overview.png,C:\TSIS_Data\00_CTO\13_TRADING_SYSTEMS\03_STRATEGY_LIBRARY\LONG\DAS\runs\das_scanner_appearance_20260628T114046Z\chart_exports\event_day_details_grouped\0263_ISPC_2024-11-07_push35.52_rebreak\03_event_day_premarket_detail.png,C:\TSIS_Data\00_CTO\13_TRADING_SYSTEMS\03_STRATEGY_LIBRARY\LONG\DAS\runs\das_scanner_appearance_20260628T114046Z\chart_exports\event_day_details_grouped\0263_ISPC_2024-11-07_push35.52_rebreak\04_event_day_detail_until_1600_ny.png,C:\TSIS_Data\00_CTO\13_TRADING_SYSTEMS\03_STRATEGY_LIBRARY\LONG\DAS\runs\das_scanner_appearance_20260628T114046Z\chart_exports\event_day_details_grouped\0263_ISPC_2024-11-07_push35.52_rebreak\05_daily_context.png,das_scanner_appearance:ISPC:2024-11-07T12:32:00+00:00,ISPC,2024-11-07,35.5236,35.5236,,,22.1766,35.51987245188475,35.523613963039004,50.324564400409955,35.5236,10.9244,10.9244,rebreak_confirmed,16.6667,vwap_reclaim_rebreak,2024-11-07 08:01:00 EST,2024-11-07 08:03:00 EST,0.6216,green_wick_dip_reactivation
264,C:\TSIS_Data\00_CTO\13_TRADING_SYSTEMS\03_STRATEGY_LIBRARY\LONG\DAS\runs\das_scanner_appearance_20260628T114046Z\chart_exports\event_day_details_grouped\0264_IMRX_2024-12-12_push35.51_rebreak,C:\TSIS_Data\00_CTO\13_TRADING_SYSTEMS\03_STRATEGY_LIBRARY\LONG\DAS\runs\das_scanner_appearance_20260628T114046Z\chart_exports\event_day_details_grouped\0264_IMRX_2024-12-12_push35.51_rebreak\02_three_day_overview.png,C:\TSIS_Data\00_CTO\13_TRADING_SYSTEMS\03_STRATEGY_LIBRARY\LONG\DAS\runs\das_scanner_appearance_20260628T114046Z\chart_exports\event_day_details_grouped\0264_IMRX_2024-12-12_push35.51_rebreak\03_event_day_premarket_detail.png,C:\TSIS_Data\00_CTO\13_TRADING_SYSTEMS\03_STRATEGY_LIBRARY\LONG\DAS\runs\das_scanner_appearance_20260628T114046Z\chart_exports\event_day_details_grouped\0264_IMRX_2024-12-12_push35.51_rebreak\04_event_day_detail_until_1600_ny.png,C:\TSIS_Data\00_CTO\13_TRADING_SYSTEMS\03_STRATEGY_LIBRARY\LONG\DAS\runs\das_scanner_appearance_20260628T114046Z\chart_exports\event_day_details_grouped\0264_IMRX_2024-12-12_push35.51_rebreak\05_daily_context.png,das_scanner_appearance:IMRX:2024-12-12T13:03:00+00:00,IMRX,2024-12-12,35.514,35.514,,,15.4206,14.351851851851855,35.514018691588774,34.259259259259245,35.514,17.4089,17.4089,rebreak_confirmed,28.2483,ascending_flag_break,2024-12-12 08:08:00 EST,2024-12-12 08:13:00 EST,0.3937,green_wick_dip_reactivation
265,C:\TSIS_Data\00_CTO\13_TRADING_SYSTEMS\03_STRATEGY_LIBRARY\LONG\DAS\runs\das_scanner_appearance_20260628T114046Z\chart_exports\event_day_details_grouped\0265_SPI_2024-12-13_push35.31_rebreak,C:\TSIS_Data\00_CTO\13_TRADING_SYSTEMS\03_STRATEGY_LIBRARY\LONG\DAS\runs\das_scanner_appearance_20260628T114046Z\chart_exports\event_day_details_grouped\0265_SPI_2024-12-13_push35.31_rebreak\02_three_day_overview.png,C:\TSIS_Data\00_CTO\13_TRADING_SYSTEMS\03_STRATEGY_LIBRARY\LONG\DAS\runs\das_scanner_appearance_20260628T114046Z\chart_exports\event_day_details_grouped\0265_SPI_2024-12-13_push35.31_rebreak\03_event_day_premarket_detail.png,C:\TSIS_Data\00_CTO\13_TRADING_SYSTEMS\03_STRATEGY_LIBRARY\LONG\DAS\runs\das_scanner_appearance_20260628T114046Z\chart_exports\event_day_details_grouped\0265_SPI_2024-12-13_push35.31_rebreak\04_event_day_detail_until_1600_ny.png,C:\TSIS_Data\00_CTO\13_TRADING_SYSTEMS\03_STRATEGY_LIBRARY\LONG\DAS\runs\das_scanner_appearance_20260628T114046Z\chart_exports\event_day_details_grouped\0265_SPI_2024-12-13_push35.31_rebreak\05_daily_context.png,das_scanner_appearance:SPI:2024-12-13T09:01:00+00:00,SPI,2024-12-13,35.3139,35.3139,,,21.9955,53.31079177233025,35.313901345291484,70.0479008171316,35.3139,10.9171,10.9171,rebreak_confirmed,12.5104,vwap_reclaim_rebreak,2024-12-13 04:05:00 EST,2024-12-13 04:07:00 EST,0.9544,green_wick_dip_reactivation
266,C:\TSIS_Data\00_CTO\13_TRADING_SYSTEMS\03_STRATEGY_LIBRARY\LONG\DAS\runs\das_scanner_appearance_20260628T114046Z\chart_exports\event_day_details_grouped\0266_NAOV_2025-06-11_push35.25_rebreak,C:\TSIS_Data\00_CTO\13_TRADING_SYSTEMS\03_STRATEGY_LIBRARY\LONG\DAS\runs\das_scanner_appearance_20260628T114046Z\chart_exports\event_day_details_grouped\0266_NAOV_2025-06-11_push35.25_rebreak\02_three_day_overview.png,C:\TSIS_Data\00_CTO\13_TRADING_SYSTEMS\03_STRATEGY_LIBRARY\LONG\DAS\runs\das_scanner_appearance_20260628T114046Z\chart_exports\event_day_details_grouped\0266_NAOV_2025-06-11_push35.25_rebreak\03_event_day_premarket_detail.png,C:\TSIS_Data\00_CTO\13_TRADING_SYSTEMS\03_STRATEGY_LIBRARY\LONG\DAS\runs\das_scanner_appearance_20260628T114046Z\chart_exports\event_day_details_grouped\0266_NAOV_2025-06-11_push35.25_rebreak\04_event_day_detail_until_1600_ny.png,C:\TSIS_Data\00_CTO\13_TRADING_SYSTEMS\03_STRATEGY_LIBRARY\LONG\DAS\runs\das_scanner_appearance_20260628T114046Z\chart_exports\event_day_details_grouped\0266_NAOV_2025-06-11_push35.25_rebreak\05_daily_context.png,das_scanner_appearance:NAOV:2025-06-11T12:19:00+00:00,NAOV,2025-06-11,35.2504,35.2504,,,17.412,18.66995073891625,47.43511636407944,49.01477832512314,47.4351,25.5708,25.5708,rebreak_confirmed,9.9099,vwap_reclaim_rebreak,2025-06-11 08:38:00 EDT,2025-06-11 08:40:00 EDT,1.8349,green_wick_dip_reactivation
267,C:\TSIS_Data\00_CTO\13_TRADING_SYSTEMS\03_STRATEGY_LIBRARY\LONG\DAS\runs\das_scanner_appearance_20260628T114046Z\chart_exports\event_day_details_grouped\0267_CWD_2025-09-10_push35.19_rebreak,C:\TSIS_Data\00_CTO\13_TRADING_SYSTEMS\03_STRATEGY_LIBRARY\LONG\DAS\runs\das_scanner_appearance_20260628T114046Z\chart_exports\event_day_details_grouped\0267_CWD_2025-09-10_push35.19_rebreak\02_three_day_overview.png,C:\TSIS_Data\00_CTO\13_TRADING_SYSTEMS\03_STRATEGY_LIBRARY\LONG\DAS\runs\das_scanner_appearance_20260628T114046Z\chart_exports\event_day_details_grouped\0267_CWD_2025-09-10_push35.19_rebreak\03_event_day_premarket_detail.png,C:\TSIS_Data\00_CTO\13_TRADING_SYSTEMS\03_STRATEGY_LIBRARY\LONG\DAS\runs\das_scanner_appearance_20260628T114046Z\chart_exports\event_day_details_grouped\0267_CWD_2025-09-10_push35.19_rebreak\04_event_day_detail_until_1600_ny.png,C:\TSIS_Data\00_CTO\13_TRADING_SYSTEMS\03_STRATEGY_LIBRARY\LONG\DAS\runs\das_scanner_appearance_20260628T114046Z\chart_exports\event_day_details_grouped\0267_CWD_2025-09-10_push35.19_rebreak\05_daily_context.png,das_scanner_appearance:CWD:2025-09-10T11:00:00+00:00,CWD,2025-09-10,35.1876,35.1876,60.413971539456654,36.11416026344678,-17.7232,-30.186608122941816,74.51487710219922,48.07903402854008,74.5149,112.1069,112.1069,rebreak_confirmed,9.8565,multi_candle_flag_break,2025-09-10 08:02:00 EDT,2025-09-10 08:03:00 EDT,1.4591,green_wick_dip_new_high
268,C:\TSIS_Data\00_CTO\13_TRADING_SYSTEMS\03_STRATEGY_LIBRARY\LONG\DAS\runs\das_scanner_appearance_20260628T114046Z\chart_exports\event_day_details_grouped\0268_PROK_2025-07-15_push35.10_rebreak,C:\TSIS_Data\00_CTO\13_TRADING_SYSTEMS\03_STRATEGY_LIBRARY\LONG\DAS\runs\das_scanner_appearance_20260628T114046Z\chart_exports\event_day_details_grouped\0268_PROK_2025-07-15_push35.10_rebreak\02_three_day_overview.png,C:\TSIS_Data\00_CTO\13_TRADING_SYSTEMS\03_STRATEGY_LIBRARY\LONG\DAS\runs\das_scanner_appearance_20260628T114046Z\chart_exports\event_day_details_grouped\0268_PROK_2025-07-15_push35.10_rebreak\03_event_day_premarket_detail.png,C:\TSIS_Data\00_CTO\13_TRADING_SYSTEMS\03_STRATEGY_LIBRARY\LONG\DAS\runs\das_scanner_appearance_20260628T114046Z\chart_exports\event_day_details_grouped\0268_PROK_2025-07-15_push35.10_rebreak\04_event_day_detail_until_1600_ny.png,C:\TSIS_Data\00_CTO\13_TRADING_SYSTEMS\03_STRATEGY_LIBRARY\LONG\DAS\runs\das_scanner_appearance_20260628T114046Z\chart_exports\event_day_details_grouped\0268_PROK_2025-07-15_push35.10_rebreak\05_daily_context.png,das_scanner_appearance:PROK:2025-07-15T11:36:00+00:00,PROK,2025-07-15,35.0975,35.0975,,,-0.8357,-4.172274562584113,37.610027855153206,32.97981157469717,37.61,38.7697,38.7697,rebreak_confirmed,4.1237,flat_shelf_break,2025-07-15 08:39:00 EDT,2025-07-15 08:44:00 EDT,1.4052,green_wick_dip_reactivation
269,C:\TSIS_Data\00_CTO\13_TRADING_SYSTEMS\03_STRATEGY_LIBRARY\LONG\DAS\runs\das_scanner_appearance_20260628T114046Z\chart_exports\event_day_details_grouped\0269_MDJH_2024-08-01_push35.03_rebreak,C:\TSIS_Data\00_CTO\13_TRADING_SYSTEMS\03_STRATEGY_LIBRARY\LONG\DAS\runs\das_scanner_appearance_20260628T114046Z\chart_exports\event_day_details_grouped\0269_MDJH_2024-08-01_push35.03_rebreak\02_three_day_overview.png,C:\TSIS_Data\00_CTO\13_TRADING_SYSTEMS\03_STRATEGY_LIBRARY\LONG\DAS\runs\das_scanner_appearance_20260628T114046Z\chart_exports\event_day_details_grouped\0269_MDJH_2024-08-01_push35.03_rebreak\03_event_day_premarket_detail.png,C:\TSIS_Data\00_CTO\13_TRADING_SYSTEMS\03_STRATEGY_LIBRARY\LONG\DAS\runs\das_scanner_appearance_20260628T114046Z\chart_exports\event_day_details_grouped\0269_MDJH_2024-08-01_push35.03_rebreak\04_event_day_detail_until_1600_ny.png,C:\TSIS_Data\00_CTO\13_TRADING_SYSTEMS\03_STRATEGY_LIBRARY\LONG\DAS\runs\das_scanner_appearance_20260628T114046Z\chart_exports\event_day_details_grouped\0269_MDJH_2024-08-01_push35.03_rebreak\05_daily_context.png,das_scanner_appearance:MDJH:2024-08-01T12:24:00+00:00,MDJH,2024-08-01,35.0282,35.0282,,,5.0847,15.527950310559005,36.7231638418079,50.310559006211165,36.7232,30.1075,30.1075,rebreak_confirmed,16.318,ascending_flag_break,2024-08-01 08:38:00 EDT,2024-08-01 08:42:00 EDT,2.5641,green_wick_dip_reactivation
270,C:\TSIS_Data\00_CTO\13_TRADING_SYSTEMS\03_STRATEGY_LIBRARY\LONG\DAS\runs\das_scanner_appearance_20260628T114046Z\chart_exports\event_day_details_grouped\0270_SYRS_2024-11-13_push35.00_rebreak,C:\TSIS_Data\00_CTO\13_TRADING_SYSTEMS\03_STRATEGY_LIBRARY\LONG\DAS\runs\das_scanner_appearance_20260628T114046Z\chart_exports\event_day_details_grouped\0270_SYRS_2024-11-13_push35.00_rebreak\02_three_day_overview.png,C:\TSIS_Data\00_CTO\13_TRADING_SYSTEMS\03_STRATEGY_LIBRARY\LONG\DAS\runs\das_scanner_appearance_20260628T114046Z\chart_exports\event_day_details_grouped\0270_SYRS_2024-11-13_push35.00_rebreak\03_event_day_premarket_detail.png,C:\TSIS_Data\00_CTO\13_TRADING_SYSTEMS\03_STRATEGY_LIBRARY\LONG\DAS\runs\das_scanner_appearance_20260628T114046Z\chart_exports\event_day_details_grouped\0270_SYRS_2024-11-13_push35.00_rebreak\04_event_day_detail_until_1600_ny.png,C:\TSIS_Data\00_CTO\13_TRADING_SYSTEMS\03_STRATEGY_LIBRARY\LONG\DAS\runs\das_scanner_appearance_20260628T114046Z\chart_exports\event_day_details_grouped\0270_SYRS_2024-11-13_push35.00_rebreak\05_daily_context.png,das_scanner_appearance:SYRS:2024-11-13T09:09:00+00:00,SYRS,2024-11-13,34.9975,34.9975,72.54202750891493,-75.1759014951627,30.54,-81.21885077689828,81.78807947019867,-73.84564643799473,81.7881,39.2585,39.2585,rebreak_confirmed,15.0755,single_candle_rebreak,2024-11-13 04:12:00 EST,2024-11-13 04:13:00 EST,3.8646,green_wick_dip_reactivation
271,C:\TSIS_Data\00_CTO\13_TRADING_SYSTEMS\03_STRATEGY_LIBRARY\LONG\DAS\runs\das_scanner_appearance_20260628T114046Z\chart_exports\event_day_details_grouped\0271_ALUR_2025-01-24_push34.74_rebreak,C:\TSIS_Data\00_CTO\13_TRADING_SYSTEMS\03_STRATEGY_LIBRARY\LONG\DAS\runs\das_scanner_appearance_20260628T114046Z\chart_exports\event_day_details_grouped\0271_ALUR_2025-01-24_push34.74_rebreak\02_three_day_overview.png,C:\TSIS_Data\00_CTO\13_TRADING_SYSTEMS\03_STRATEGY_LIBRARY\LONG\DAS\runs\das_scanner_appearance_20260628T114046Z\chart_exports\event_day_details_grouped\0271_ALUR_2025-01-24_push34.74_rebreak\03_event_day_premarket_detail.png,C:\TSIS_Data\00_CTO\13_TRADING_SYSTEMS\03_STRATEGY_LIBRARY\LONG\DAS\runs\das_scanner_appearance_20260628T114046Z\chart_exports\event_day_details_grouped\0271_ALUR_2025-01-24_push34.74_rebreak\04_event_day_detail_until_1600_ny.png,C:\TSIS_Data\00_CTO\13_TRADING_SYSTEMS\03_STRATEGY_LIBRARY\LONG\DAS\runs\das_scanner_appearance_20260628T114046Z\chart_exports\event_day_details_grouped\0271_ALUR_2025-01-24_push34.74_rebreak\05_daily_context.png,das_scanner_appearance:ALUR:2025-01-24T09:11:00+00:00,ALUR,2025-01-24,34.7398,34.7398,65.9634317862166,259.75609756097566,-9.9859,95.12195121951221,184.9507735583685,517.6829268292684,184.9508,216.5625,216.5625,rebreak_confirmed,3.9666,single_candle_rebreak,2025-01-24 07:05:00 EST,2025-01-24 07:07:00 EST,0.4107,green_wick_dip_new_high
272,C:\TSIS_Data\00_CTO\13_TRADING_SYSTEMS\03_STRATEGY_LIBRARY\LONG\DAS\runs\das_scanner_appearance_20260628T114046Z\chart_exports\event_day_details_grouped\0272_WISA_2025-02-12_push34.51_rebreak,C:\TSIS_Data\00_CTO\13_TRADING_SYSTEMS\03_STRATEGY_LIBRARY\LONG\DAS\runs\das_scanner_appearance_20260628T114046Z\chart_exports\event_day_details_grouped\0272_WISA_2025-02-12_push34.51_rebreak\02_three_day_overview.png,C:\TSIS_Data\00_CTO\13_TRADING_SYSTEMS\03_STRATEGY_LIBRARY\LONG\DAS\runs\das_scanner_appearance_20260628T114046Z\chart_exports\event_day_details_grouped\0272_WISA_2025-02-12_push34.51_rebreak\03_event_day_premarket_detail.png,C:\TSIS_Data\00_CTO\13_TRADING_SYSTEMS\03_STRATEGY_LIBRARY\LONG\DAS\runs\das_scanner_appearance_20260628T114046Z\chart_exports\event_day_details_grouped\0272_WISA_2025-02-12_push34.51_rebreak\04_event_day_detail_until_1600_ny.png,C:\TSIS_Data\00_CTO\13_TRADING_SYSTEMS\03_STRATEGY_LIBRARY\LONG\DAS\runs\das_scanner_appearance_20260628T114046Z\chart_exports\event_day_details_grouped\0272_WISA_2025-02-12_push34.51_rebreak\05_daily_context.png,das_scanner_appearance:WISA:2025-02-12T13:54:00+00:00,WISA,2025-02-12,34.5133,34.5133,,,23.8938,23.893805309734518,45.13274336283186,45.13274336283186,45.1327,17.1429,17.1429,rebreak_confirmed,7.2368,vwap_reclaim_rebreak,2025-02-12 09:24:00 EST,2025-02-12 09:26:00 EST,0.6558,green_wick_dip_new_high
273,C:\TSIS_Data\00_CTO\13_TRADING_SYSTEMS\03_STRATEGY_LIBRARY\LONG\DAS\runs\das_scanner_appearance_20260628T114046Z\chart_exports\event_day_details_grouped\0273_AMOD_2025-07-23_push34.45_rebreak,C:\TSIS_Data\00_CTO\13_TRADING_SYSTEMS\03_STRATEGY_LIBRARY\LONG\DAS\runs\das_scanner_appearance_20260628T114046Z\chart_exports\event_day_details_grouped\0273_AMOD_2025-07-23_push34.45_rebreak\02_three_day_overview.png,C:\TSIS_Data\00_CTO\13_TRADING_SYSTEMS\03_STRATEGY_LIBRARY\LONG\DAS\runs\das_scanner_appearance_20260628T114046Z\chart_exports\event_day_details_grouped\0273_AMOD_2025-07-23_push34.45_rebreak\03_event_day_premarket_detail.png,C:\TSIS_Data\00_CTO\13_TRADING_SYSTEMS\03_STRATEGY_LIBRARY\LONG\DAS\runs\das_scanner_appearance_20260628T114046Z\chart_exports\event_day_details_grouped\0273_AMOD_2025-07-23_push34.45_rebreak\04_event_day_detail_until_1600_ny.png,C:\TSIS_Data\00_CTO\13_TRADING_SYSTEMS\03_STRATEGY_LIBRARY\LONG\DAS\runs\das_scanner_appearance_20260628T114046Z\chart_exports\event_day_details_grouped\0273_AMOD_2025-07-23_push34.45_rebreak\05_daily_context.png,das_scanner_appearance:AMOD:2025-07-23T12:37:00+00:00,AMOD,2025-07-23,34.4538,34.4538,52.941176470588246,55.55555555555557,18.4874,20.51282051282051,100.8403361344538,104.2735042735043,100.8403,69.5035,69.5035,rebreak_confirmed,14.375,flat_shelf_break,2025-07-23 08:41:00 EDT,2025-07-23 08:43:00 EDT,3.3113,green_wick_dip_new_high
274,C:\TSIS_Data\00_CTO\13_TRADING_SYSTEMS\03_STRATEGY_LIBRARY\LONG\DAS\runs\das_scanner_appearance_20260628T114046Z\chart_exports\event_day_details_grouped\0274_SPAI_2024-11-21_push34.44_rebreak,C:\TSIS_Data\00_CTO\13_TRADING_SYSTEMS\03_STRATEGY_LIBRARY\LONG\DAS\runs\das_scanner_appearance_20260628T114046Z\chart_exports\event_day_details_grouped\0274_SPAI_2024-11-21_push34.44_rebreak\02_three_day_overview.png,C:\TSIS_Data\00_CTO\13_TRADING_SYSTEMS\03_STRATEGY_LIBRARY\LONG\DAS\runs\das_scanner_appearance_20260628T114046Z\chart_exports\event_day_details_grouped\0274_SPAI_2024-11-21_push34.44_rebreak\03_event_day_premarket_detail.png,C:\TSIS_Data\00_CTO\13_TRADING_SYSTEMS\03_STRATEGY_LIBRARY\LONG\DAS\runs\das_scanner_appearance_20260628T114046Z\chart_exports\event_day_details_grouped\0274_SPAI_2024-11-21_push34.44_rebreak\04_event_day_detail_until_1600_ny.png,C:\TSIS_Data\00_CTO\13_TRADING_SYSTEMS\03_STRATEGY_LIBRARY\LONG\DAS\runs\das_scanner_appearance_20260628T114046Z\chart_exports\event_day_details_grouped\0274_SPAI_2024-11-21_push34.44_rebreak\05_daily_context.png,das_scanner_appearance:SPAI:2024-11-21T13:05:00+00:00,SPAI,2024-11-21,34.4444,34.4444,51.38888888888889,70.84639498432603,20.0,35.42319749216302,94.44444444444444,119.435736677116,94.4444,62.037,62.037,rebreak_confirmed,10.124,single_candle_rebreak,2024-11-21 08:08:00 EST,2024-11-21 08:12:00 EST,1.378,green_wick_dip_new_high
275,C:\TSIS_Data\00_CTO\13_TRADING_SYSTEMS\03_STRATEGY_LIBRARY\LONG\DAS\runs\das_scanner_appearance_20260628T114046Z\chart_exports\event_day_details_grouped\0275_SHIM_2024-12-03_push34.36_rebreak,C:\TSIS_Data\00_CTO\13_TRADING_SYSTEMS\03_STRATEGY_LIBRARY\LONG\DAS\runs\das_scanner_appearance_20260628T114046Z\chart_exports\event_day_details_grouped\0275_SHIM_2024-12-03_push34.36_rebreak\02_three_day_overview.png,C:\TSIS_Data\00_CTO\13_TRADING_SYSTEMS\03_STRATEGY_LIBRARY\LONG\DAS\runs\das_scanner_appearance_20260628T114046Z\chart_exports\event_day_details_grouped\0275_SHIM_2024-12-03_push34.36_rebreak\03_event_day_premarket_detail.png,C:\TSIS_Data\00_CTO\13_TRADING_SYSTEMS\03_STRATEGY_LIBRARY\LONG\DAS\runs\das_scanner_appearance_20260628T114046Z\chart_exports\event_day_details_grouped\0275_SHIM_2024-12-03_push34.36_rebreak\04_event_day_detail_until_1600_ny.png,C:\TSIS_Data\00_CTO\13_TRADING_SYSTEMS\03_STRATEGY_LIBRARY\LONG\DAS\runs\das_scanner_appearance_20260628T114046Z\chart_exports\event_day_details_grouped\0275_SHIM_2024-12-03_push34.36_rebreak\05_daily_context.png,das_scanner_appearance:SHIM:2024-12-03T09:29:00+00:00,SHIM,2024-12-03,34.359,34.359,,,3.8462,42.6056338028169,36.66666666666667,87.67605633802819,36.6667,31.6049,31.6049,rebreak_confirmed,6.4885,last_red_high_break,2024-12-03 05:41:00 EST,2024-12-03 05:46:00 EST,0.6211,green_wick_dip_new_high
276,C:\TSIS_Data\00_CTO\13_TRADING_SYSTEMS\03_STRATEGY_LIBRARY\LONG\DAS\runs\das_scanner_appearance_20260628T114046Z\chart_exports\event_day_details_grouped\0276_ALLR_2025-08-26_push34.34_rebreak,C:\TSIS_Data\00_CTO\13_TRADING_SYSTEMS\03_STRATEGY_LIBRARY\LONG\DAS\runs\das_scanner_appearance_20260628T114046Z\chart_exports\event_day_details_grouped\0276_ALLR_2025-08-26_push34.34_rebreak\02_three_day_overview.png,C:\TSIS_Data\00_CTO\13_TRADING_SYSTEMS\03_STRATEGY_LIBRARY\LONG\DAS\runs\das_scanner_appearance_20260628T114046Z\chart_exports\event_day_details_grouped\0276_ALLR_2025-08-26_push34.34_rebreak\03_event_day_premarket_detail.png,C:\TSIS_Data\00_CTO\13_TRADING_SYSTEMS\03_STRATEGY_LIBRARY\LONG\DAS\runs\das_scanner_appearance_20260628T114046Z\chart_exports\event_day_details_grouped\0276_ALLR_2025-08-26_push34.34_rebreak\04_event_day_detail_until_1600_ny.png,C:\TSIS_Data\00_CTO\13_TRADING_SYSTEMS\03_STRATEGY_LIBRARY\LONG\DAS\runs\das_scanner_appearance_20260628T114046Z\chart_exports\event_day_details_grouped\0276_ALLR_2025-08-26_push34.34_rebreak\05_daily_context.png,das_scanner_appearance:ALLR:2025-08-26T12:00:00+00:00,ALLR,2025-08-26,34.3434,34.3434,57.57575757575758,65.72824816742802,29.2929,35.982152342505046,110.1010101010101,120.97099755657071,110.101,62.5,62.5,rebreak_confirmed,9.7744,vwap_reclaim_rebreak,2025-08-26 08:07:00 EDT,2025-08-26 08:12:00 EDT,1.6393,green_wick_dip_new_high
277,C:\TSIS_Data\00_CTO\13_TRADING_SYSTEMS\03_STRATEGY_LIBRARY\LONG\DAS\runs\das_scanner_appearance_20260628T114046Z\chart_exports\event_day_details_grouped\0277_SMTK_2026-02-06_push34.14_rebreak,C:\TSIS_Data\00_CTO\13_TRADING_SYSTEMS\03_STRATEGY_LIBRARY\LONG\DAS\runs\das_scanner_appearance_20260628T114046Z\chart_exports\event_day_details_grouped\0277_SMTK_2026-02-06_push34.14_rebreak\02_three_day_overview.png,C:\TSIS_Data\00_CTO\13_TRADING_SYSTEMS\03_STRATEGY_LIBRARY\LONG\DAS\runs\das_scanner_appearance_20260628T114046Z\chart_exports\event_day_details_grouped\0277_SMTK_2026-02-06_push34.14_rebreak\03_event_day_premarket_detail.png,C:\TSIS_Data\00_CTO\13_TRADING_SYSTEMS\03_STRATEGY_LIBRARY\LONG\DAS\runs\das_scanner_appearance_20260628T114046Z\chart_exports\event_day_details_grouped\0277_SMTK_2026-02-06_push34.14_rebreak\04_event_day_detail_until_1600_ny.png,C:\TSIS_Data\00_CTO\13_TRADING_SYSTEMS\03_STRATEGY_LIBRARY\LONG\DAS\runs\das_scanner_appearance_20260628T114046Z\chart_exports\event_day_details_grouped\0277_SMTK_2026-02-06_push34.14_rebreak\05_daily_context.png,das_scanner_appearance:SMTK:2026-02-06T13:07:00+00:00,SMTK,2026-02-06,34.14,34.14,,,25.8,28.367346938775512,45.10000000000001,48.061224489795926,45.1,15.3418,15.3418,rebreak_confirmed,12.7777,last_red_high_break,2026-02-06 08:10:00 EST,2026-02-06 08:12:00 EST,2.7889,green_wick_dip_reactivation
278,C:\TSIS_Data\00_CTO\13_TRADING_SYSTEMS\03_STRATEGY_LIBRARY\LONG\DAS\runs\das_scanner_appearance_20260628T114046Z\chart_exports\event_day_details_grouped\0278_SGBX_2025-10-23_push33.79_rebreak,C:\TSIS_Data\00_CTO\13_TRADING_SYSTEMS\03_STRATEGY_LIBRARY\LONG\DAS\runs\das_scanner_appearance_20260628T114046Z\chart_exports\event_day_details_grouped\0278_SGBX_2025-10-23_push33.79_rebreak\02_three_day_overview.png,C:\TSIS_Data\00_CTO\13_TRADING_SYSTEMS\03_STRATEGY_LIBRARY\LONG\DAS\runs\das_scanner_appearance_20260628T114046Z\chart_exports\event_day_details_grouped\0278_SGBX_2025-10-23_push33.79_rebreak\03_event_day_premarket_detail.png,C:\TSIS_Data\00_CTO\13_TRADING_SYSTEMS\03_STRATEGY_LIBRARY\LONG\DAS\runs\das_scanner_appearance_20260628T114046Z\chart_exports\event_day_details_grouped\0278_SGBX_2025-10-23_push33.79_rebreak\04_event_day_detail_until_1600_ny.png,C:\TSIS_Data\00_CTO\13_TRADING_SYSTEMS\03_STRATEGY_LIBRARY\LONG\DAS\runs\das_scanner_appearance_20260628T114046Z\chart_exports\event_day_details_grouped\0278_SGBX_2025-10-23_push33.79_rebreak\05_daily_context.png,das_scanner_appearance:SGBX:2025-10-23T08:22:00+00:00,SGBX,2025-10-23,33.7884,33.7884,50.170648464163826,91.72113289760351,12.2867,43.355119825708066,54.60750853242321,97.3856209150327,54.6075,37.69,37.69,rebreak_confirmed,11.9898,single_candle_rebreak,2025-10-23 04:29:00 EDT,2025-10-23 04:32:00 EDT,3.1169,green_wick_dip_new_high
279,C:\TSIS_Data\00_CTO\13_TRADING_SYSTEMS\03_STRATEGY_LIBRARY\LONG\DAS\runs\das_scanner_appearance_20260628T114046Z\chart_exports\event_day_details_grouped\0279_ADTX_2025-12-05_push33.77_rebreak,C:\TSIS_Data\00_CTO\13_TRADING_SYSTEMS\03_STRATEGY_LIBRARY\LONG\DAS\runs\das_scanner_appearance_20260628T114046Z\chart_exports\event_day_details_grouped\0279_ADTX_2025-12-05_push33.77_rebreak\02_three_day_overview.png,C:\TSIS_Data\00_CTO\13_TRADING_SYSTEMS\03_STRATEGY_LIBRARY\LONG\DAS\runs\das_scanner_appearance_20260628T114046Z\chart_exports\event_day_details_grouped\0279_ADTX_2025-12-05_push33.77_rebreak\03_event_day_premarket_detail.png,C:\TSIS_Data\00_CTO\13_TRADING_SYSTEMS\03_STRATEGY_LIBRARY\LONG\DAS\runs\das_scanner_appearance_20260628T114046Z\chart_exports\event_day_details_grouped\0279_ADTX_2025-12-05_push33.77_rebreak\04_event_day_detail_until_1600_ny.png,C:\TSIS_Data\00_CTO\13_TRADING_SYSTEMS\03_STRATEGY_LIBRARY\LONG\DAS\runs\das_scanner_appearance_20260628T114046Z\chart_exports\event_day_details_grouped\0279_ADTX_2025-12-05_push33.77_rebreak\05_daily_context.png,das_scanner_appearance:ADTX:2025-12-05T12:49:00+00:00,ADTX,2025-12-05,33.7705,33.7705,,,23.2787,29.209621993127133,33.770491803278695,40.20618556701031,33.7705,8.5106,8.5106,rebreak_confirmed,23.5294,vwap_reclaim_rebreak,2025-12-05 08:05:00 EST,2025-12-05 08:09:00 EST,0.0032,green_wick_dip_new_high
280,C:\TSIS_Data\00_CTO\13_TRADING_SYSTEMS\03_STRATEGY_LIBRARY\LONG\DAS\runs\das_scanner_appearance_20260628T114046Z\chart_exports\event_day_details_grouped\0280_DRMA_2025-12-30_push33.66_rebreak,C:\TSIS_Data\00_CTO\13_TRADING_SYSTEMS\03_STRATEGY_LIBRARY\LONG\DAS\runs\das_scanner_appearance_20260628T114046Z\chart_exports\event_day_details_grouped\0280_DRMA_2025-12-30_push33.66_rebreak\02_three_day_overview.png,C:\TSIS_Data\00_CTO\13_TRADING_SYSTEMS\03_STRATEGY_LIBRARY\LONG\DAS\runs\das_scanner_appearance_20260628T114046Z\chart_exports\event_day_details_grouped\0280_DRMA_2025-12-30_push33.66_rebreak\03_event_day_premarket_detail.png,C:\TSIS_Data\00_CTO\13_TRADING_SYSTEMS\03_STRATEGY_LIBRARY\LONG\DAS\runs\das_scanner_appearance_20260628T114046Z\chart_exports\event_day_details_grouped\0280_DRMA_2025-12-30_push33.66_rebreak\04_event_day_detail_until_1600_ny.png,C:\TSIS_Data\00_CTO\13_TRADING_SYSTEMS\03_STRATEGY_LIBRARY\LONG\DAS\runs\das_scanner_appearance_20260628T114046Z\chart_exports\event_day_details_grouped\0280_DRMA_2025-12-30_push33.66_rebreak\05_daily_context.png,das_scanner_appearance:DRMA:2025-12-30T12:12:00+00:00,DRMA,2025-12-30,33.6585,33.6585,,,28.2927,41.39784946236558,40.00000000000002,54.3010752688172,40.0,9.1255,9.1255,rebreak_confirmed,6.5693,vwap_reclaim_rebreak,2025-12-30 07:18:00 EST,2025-12-30 07:20:00 EST,0.3817,green_wick_dip_reactivation
281,C:\TSIS_Data\00_CTO\13_TRADING_SYSTEMS\03_STRATEGY_LIBRARY\LONG\DAS\runs\das_scanner_appearance_20260628T114046Z\chart_exports\event_day_details_grouped\0281_SOPA_2025-12-29_push33.66_rebreak,C:\TSIS_Data\00_CTO\13_TRADING_SYSTEMS\03_STRATEGY_LIBRARY\LONG\DAS\runs\das_scanner_appearance_20260628T114046Z\chart_exports\event_day_details_grouped\0281_SOPA_2025-12-29_push33.66_rebreak\02_three_day_overview.png,C:\TSIS_Data\00_CTO\13_TRADING_SYSTEMS\03_STRATEGY_LIBRARY\LONG\DAS\runs\das_scanner_appearance_20260628T114046Z\chart_exports\event_day_details_grouped\0281_SOPA_2025-12-29_push33.66_rebreak\03_event_day_premarket_detail.png,C:\TSIS_Data\00_CTO\13_TRADING_SYSTEMS\03_STRATEGY_LIBRARY\LONG\DAS\runs\das_scanner_appearance_20260628T114046Z\chart_exports\event_day_details_grouped\0281_SOPA_2025-12-29_push33.66_rebreak\04_event_day_detail_until_1600_ny.png,C:\TSIS_Data\00_CTO\13_TRADING_SYSTEMS\03_STRATEGY_LIBRARY\LONG\DAS\runs\das_scanner_appearance_20260628T114046Z\chart_exports\event_day_details_grouped\0281_SOPA_2025-12-29_push33.66_rebreak\05_daily_context.png,das_scanner_appearance:SOPA:2025-12-29T11:47:00+00:00,SOPA,2025-12-29,33.6585,33.6585,,,-3.9024,8.539944903581269,40.48780487804879,58.67768595041321,40.4878,46.1929,46.1929,rebreak_confirmed,7.6642,flat_shelf_break,2025-12-29 07:13:00 EST,2025-12-29 07:14:00 EST,1.0909,green_wick_dip_new_high
282,C:\TSIS_Data\00_CTO\13_TRADING_SYSTEMS\03_STRATEGY_LIBRARY\LONG\DAS\runs\das_scanner_appearance_20260628T114046Z\chart_exports\event_day_details_grouped\0282_GV_2025-03-14_push33.57_rebreak,C:\TSIS_Data\00_CTO\13_TRADING_SYSTEMS\03_STRATEGY_LIBRARY\LONG\DAS\runs\das_scanner_appearance_20260628T114046Z\chart_exports\event_day_details_grouped\0282_GV_2025-03-14_push33.57_rebreak\02_three_day_overview.png,C:\TSIS_Data\00_CTO\13_TRADING_SYSTEMS\03_STRATEGY_LIBRARY\LONG\DAS\runs\das_scanner_appearance_20260628T114046Z\chart_exports\event_day_details_grouped\0282_GV_2025-03-14_push33.57_rebreak\03_event_day_premarket_detail.png,C:\TSIS_Data\00_CTO\13_TRADING_SYSTEMS\03_STRATEGY_LIBRARY\LONG\DAS\runs\das_scanner_appearance_20260628T114046Z\chart_exports\event_day_details_grouped\0282_GV_2025-03-14_push33.57_rebreak\04_event_day_detail_until_1600_ny.png,C:\TSIS_Data\00_CTO\13_TRADING_SYSTEMS\03_STRATEGY_LIBRARY\LONG\DAS\runs\das_scanner_appearance_20260628T114046Z\chart_exports\event_day_details_grouped\0282_GV_2025-03-14_push33.57_rebreak\05_daily_context.png,das_scanner_appearance:GV:2025-03-14T13:01:00+00:00,GV,2025-03-14,33.5727,33.5727,,,28.3662,27.2264631043257,49.19210053859964,47.86739977579672,49.1921,16.2238,16.2238,rebreak_confirmed,4.5699,multi_candle_flag_break,2025-03-14 09:07:00 EDT,2025-03-14 09:08:00 EDT,1.0296,green_wick_dip_new_high
283,C:\TSIS_Data\00_CTO\13_TRADING_SYSTEMS\03_STRATEGY_LIBRARY\LONG\DAS\runs\das_scanner_appearance_20260628T114046Z\chart_exports\event_day_details_grouped\0283_VVPR_2025-05-30_push33.55_rebreak,C:\TSIS_Data\00_CTO\13_TRADING_SYSTEMS\03_STRATEGY_LIBRARY\LONG\DAS\runs\das_scanner_appearance_20260628T114046Z\chart_exports\event_day_details_grouped\0283_VVPR_2025-05-30_push33.55_rebreak\02_three_day_overview.png,C:\TSIS_Data\00_CTO\13_TRADING_SYSTEMS\03_STRATEGY_LIBRARY\LONG\DAS\runs\das_scanner_appearance_20260628T114046Z\chart_exports\event_day_details_grouped\0283_VVPR_2025-05-30_push33.55_rebreak\03_event_day_premarket_detail.png,C:\TSIS_Data\00_CTO\13_TRADING_SYSTEMS\03_STRATEGY_LIBRARY\LONG\DAS\runs\das_scanner_appearance_20260628T114046Z\chart_exports\event_day_details_grouped\0283_VVPR_2025-05-30_push33.55_rebreak\04_event_day_detail_until_1600_ny.png,C:\TSIS_Data\00_CTO\13_TRADING_SYSTEMS\03_STRATEGY_LIBRARY\LONG\DAS\runs\das_scanner_appearance_20260628T114046Z\chart_exports\event_day_details_grouped\0283_VVPR_2025-05-30_push33.55_rebreak\05_daily_context.png,das_scanner_appearance:VVPR:2025-05-30T11:38:00+00:00,VVPR,2025-05-30,33.547,33.547,,,21.7949,34.75177304964538,33.54700854700855,47.75413711583923,33.547,9.6491,9.6491,rebreak_confirmed,21.76,vwap_reclaim_rebreak,2025-05-30 08:05:00 EDT,2025-05-30 08:10:00 EDT,0.0166,green_wick_dip_new_high
284,C:\TSIS_Data\00_CTO\13_TRADING_SYSTEMS\03_STRATEGY_LIBRARY\LONG\DAS\runs\das_scanner_appearance_20260628T114046Z\chart_exports\event_day_details_grouped\0284_KAVL_2025-10-01_push33.48_rebreak,C:\TSIS_Data\00_CTO\13_TRADING_SYSTEMS\03_STRATEGY_LIBRARY\LONG\DAS\runs\das_scanner_appearance_20260628T114046Z\chart_exports\event_day_details_grouped\0284_KAVL_2025-10-01_push33.48_rebreak\02_three_day_overview.png,C:\TSIS_Data\00_CTO\13_TRADING_SYSTEMS\03_STRATEGY_LIBRARY\LONG\DAS\runs\das_scanner_appearance_20260628T114046Z\chart_exports\event_day_details_grouped\0284_KAVL_2025-10-01_push33.48_rebreak\03_event_day_premarket_detail.png,C:\TSIS_Data\00_CTO\13_TRADING_SYSTEMS\03_STRATEGY_LIBRARY\LONG\DAS\runs\das_scanner_appearance_20260628T114046Z\chart_exports\event_day_details_grouped\0284_KAVL_2025-10-01_push33.48_rebreak\04_event_day_detail_until_1600_ny.png,C:\TSIS_Data\00_CTO\13_TRADING_SYSTEMS\03_STRATEGY_LIBRARY\LONG\DAS\runs\das_scanner_appearance_20260628T114046Z\chart_exports\event_day_details_grouped\0284_KAVL_2025-10-01_push33.48_rebreak\05_daily_context.png,das_scanner_appearance:KAVL:2025-10-01T12:15:00+00:00,KAVL,2025-10-01,33.4816,33.4816,,,21.2013,27.827311121539168,40.15572858731924,47.81792585640544,40.1557,15.6388,15.6388,rebreak_confirmed,10.7,vwap_reclaim_rebreak,2025-10-01 08:21:00 EDT,2025-10-01 08:22:00 EDT,4.0517,green_wick_dip_new_high
285,C:\TSIS_Data\00_CTO\13_TRADING_SYSTEMS\03_STRATEGY_LIBRARY\LONG\DAS\runs\das_scanner_appearance_20260628T114046Z\chart_exports\event_day_details_grouped\0285_BPTH_2024-10-08_push33.35_rebreak,C:\TSIS_Data\00_CTO\13_TRADING_SYSTEMS\03_STRATEGY_LIBRARY\LONG\DAS\runs\das_scanner_appearance_20260628T114046Z\chart_exports\event_day_details_grouped\0285_BPTH_2024-10-08_push33.35_rebreak\02_three_day_overview.png,C:\TSIS_Data\00_CTO\13_TRADING_SYSTEMS\03_STRATEGY_LIBRARY\LONG\DAS\runs\das_scanner_appearance_20260628T114046Z\chart_exports\event_day_details_grouped\0285_BPTH_2024-10-08_push33.35_rebreak\03_event_day_premarket_detail.png,C:\TSIS_Data\00_CTO\13_TRADING_SYSTEMS\03_STRATEGY_LIBRARY\LONG\DAS\runs\das_scanner_appearance_20260628T114046Z\chart_exports\event_day_details_grouped\0285_BPTH_2024-10-08_push33.35_rebreak\04_event_day_detail_until_1600_ny.png,C:\TSIS_Data\00_CTO\13_TRADING_SYSTEMS\03_STRATEGY_LIBRARY\LONG\DAS\runs\das_scanner_appearance_20260628T114046Z\chart_exports\event_day_details_grouped\0285_BPTH_2024-10-08_push33.35_rebreak\05_daily_context.png,das_scanner_appearance:BPTH:2024-10-08T11:04:00+00:00,BPTH,2024-10-08,33.3481,33.3481,55.57284142682519,64.45436391401385,24.4583,31.56349113121111,68.90765640626736,78.55045224950078,68.9077,35.7143,35.7143,rebreak_confirmed,12.5,vwap_reclaim_rebreak,2024-10-08 07:24:00 EDT,2024-10-08 07:25:00 EDT,1.5748,green_wick_dip_new_high
286,C:\TSIS_Data\00_CTO\13_TRADING_SYSTEMS\03_STRATEGY_LIBRARY\LONG\DAS\runs\das_scanner_appearance_20260628T114046Z\chart_exports\event_day_details_grouped\0286_UAVS_2025-07-18_push33.33_rebreak,C:\TSIS_Data\00_CTO\13_TRADING_SYSTEMS\03_STRATEGY_LIBRARY\LONG\DAS\runs\das_scanner_appearance_20260628T114046Z\chart_exports\event_day_details_grouped\0286_UAVS_2025-07-18_push33.33_rebreak\02_three_day_overview.png,C:\TSIS_Data\00_CTO\13_TRADING_SYSTEMS\03_STRATEGY_LIBRARY\LONG\DAS\runs\das_scanner_appearance_20260628T114046Z\chart_exports\event_day_details_grouped\0286_UAVS_2025-07-18_push33.33_rebreak\03_event_day_premarket_detail.png,C:\TSIS_Data\00_CTO\13_TRADING_SYSTEMS\03_STRATEGY_LIBRARY\LONG\DAS\runs\das_scanner_appearance_20260628T114046Z\chart_exports\event_day_details_grouped\0286_UAVS_2025-07-18_push33.33_rebreak\04_event_day_detail_until_1600_ny.png,C:\TSIS_Data\00_CTO\13_TRADING_SYSTEMS\03_STRATEGY_LIBRARY\LONG\DAS\runs\das_scanner_appearance_20260628T114046Z\chart_exports\event_day_details_grouped\0286_UAVS_2025-07-18_push33.33_rebreak\05_daily_context.png,das_scanner_appearance:UAVS:2025-07-18T12:01:00+00:00,UAVS,2025-07-18,33.3333,33.3333,,,25.8503,26.712328767123296,46.25850340136054,47.26027397260274,46.2585,16.2162,16.2162,rebreak_confirmed,6.6327,vwap_reclaim_rebreak,2025-07-18 08:14:00 EDT,2025-07-18 08:16:00 EDT,0.9901,green_wick_dip_new_high
287,C:\TSIS_Data\00_CTO\13_TRADING_SYSTEMS\03_STRATEGY_LIBRARY\LONG\DAS\runs\das_scanner_appearance_20260628T114046Z\chart_exports\event_day_details_grouped\0287_LNAI_2025-11-25_push33.33_rebreak,C:\TSIS_Data\00_CTO\13_TRADING_SYSTEMS\03_STRATEGY_LIBRARY\LONG\DAS\runs\das_scanner_appearance_20260628T114046Z\chart_exports\event_day_details_grouped\0287_LNAI_2025-11-25_push33.33_rebreak\02_three_day_overview.png,C:\TSIS_Data\00_CTO\13_TRADING_SYSTEMS\03_STRATEGY_LIBRARY\LONG\DAS\runs\das_scanner_appearance_20260628T114046Z\chart_exports\event_day_details_grouped\0287_LNAI_2025-11-25_push33.33_rebreak\03_event_day_premarket_detail.png,C:\TSIS_Data\00_CTO\13_TRADING_SYSTEMS\03_STRATEGY_LIBRARY\LONG\DAS\runs\das_scanner_appearance_20260628T114046Z\chart_exports\event_day_details_grouped\0287_LNAI_2025-11-25_push33.33_rebreak\04_event_day_detail_until_1600_ny.png,C:\TSIS_Data\00_CTO\13_TRADING_SYSTEMS\03_STRATEGY_LIBRARY\LONG\DAS\runs\das_scanner_appearance_20260628T114046Z\chart_exports\event_day_details_grouped\0287_LNAI_2025-11-25_push33.33_rebreak\05_daily_context.png,das_scanner_appearance:LNAI:2025-11-25T12:48:00+00:00,LNAI,2025-11-25,33.3333,33.3333,,,25.3968,25.396825396825403,34.92063492063492,34.92063492063492,34.9206,7.5949,7.5949,rebreak_confirmed,9.5238,single_candle_rebreak,2025-11-25 07:50:00 EST,2025-11-25 07:54:00 EST,1.2739,green_wick_dip_new_high
288,C:\TSIS_Data\00_CTO\13_TRADING_SYSTEMS\03_STRATEGY_LIBRARY\LONG\DAS\runs\das_scanner_appearance_20260628T114046Z\chart_exports\event_day_details_grouped\0288_ZAPP_2024-07-05_push33.22_rebreak,C:\TSIS_Data\00_CTO\13_TRADING_SYSTEMS\03_STRATEGY_LIBRARY\LONG\DAS\runs\das_scanner_appearance_20260628T114046Z\chart_exports\event_day_details_grouped\0288_ZAPP_2024-07-05_push33.22_rebreak\02_three_day_overview.png,C:\TSIS_Data\00_CTO\13_TRADING_SYSTEMS\03_STRATEGY_LIBRARY\LONG\DAS\runs\das_scanner_appearance_20260628T114046Z\chart_exports\event_day_details_grouped\0288_ZAPP_2024-07-05_push33.22_rebreak\03_event_day_premarket_detail.png,C:\TSIS_Data\00_CTO\13_TRADING_SYSTEMS\03_STRATEGY_LIBRARY\LONG\DAS\runs\das_scanner_appearance_20260628T114046Z\chart_exports\event_day_details_grouped\0288_ZAPP_2024-07-05_push33.22_rebreak\04_event_day_detail_until_1600_ny.png,C:\TSIS_Data\00_CTO\13_TRADING_SYSTEMS\03_STRATEGY_LIBRARY\LONG\DAS\runs\das_scanner_appearance_20260628T114046Z\chart_exports\event_day_details_grouped\0288_ZAPP_2024-07-05_push33.22_rebreak\05_daily_context.png,das_scanner_appearance:ZAPP:2024-07-05T11:01:00+00:00,ZAPP,2024-07-05,33.2155,33.2155,54.416961130742045,60.66176470588235,30.3887,35.66176470588234,69.25795053003533,76.10294117647058,69.258,29.8103,29.8103,rebreak_confirmed,6.4987,single_candle_rebreak,2024-07-05 07:03:00 EDT,2024-07-05 07:04:00 EDT,2.3499,green_wick_dip_new_high
289,C:\TSIS_Data\00_CTO\13_TRADING_SYSTEMS\03_STRATEGY_LIBRARY\LONG\DAS\runs\das_scanner_appearance_20260628T114046Z\chart_exports\event_day_details_grouped\0289_NDRA_2025-07-08_push33.20_rebreak,C:\TSIS_Data\00_CTO\13_TRADING_SYSTEMS\03_STRATEGY_LIBRARY\LONG\DAS\runs\das_scanner_appearance_20260628T114046Z\chart_exports\event_day_details_grouped\0289_NDRA_2025-07-08_push33.20_rebreak\02_three_day_overview.png,C:\TSIS_Data\00_CTO\13_TRADING_SYSTEMS\03_STRATEGY_LIBRARY\LONG\DAS\runs\das_scanner_appearance_20260628T114046Z\chart_exports\event_day_details_grouped\0289_NDRA_2025-07-08_push33.20_rebreak\03_event_day_premarket_detail.png,C:\TSIS_Data\00_CTO\13_TRADING_SYSTEMS\03_STRATEGY_LIBRARY\LONG\DAS\runs\das_scanner_appearance_20260628T114046Z\chart_exports\event_day_details_grouped\0289_NDRA_2025-07-08_push33.20_rebreak\04_event_day_detail_until_1600_ny.png,C:\TSIS_Data\00_CTO\13_TRADING_SYSTEMS\03_STRATEGY_LIBRARY\LONG\DAS\runs\das_scanner_appearance_20260628T114046Z\chart_exports\event_day_details_grouped\0289_NDRA_2025-07-08_push33.20_rebreak\05_daily_context.png,das_scanner_appearance:NDRA:2025-07-08T08:02:00+00:00,NDRA,2025-07-08,33.2046,33.2046,66.79536679536682,149.95660475611876,23.9382,85.73164381183823,115.05791505791507,222.2820112249031,115.0579,73.5202,73.5202,rebreak_confirmed,13.0435,vwap_reclaim_rebreak,2025-07-08 04:14:00 EDT,2025-07-08 04:20:00 EDT,0.6515,green_wick_dip_reactivation
290,C:\TSIS_Data\00_CTO\13_TRADING_SYSTEMS\03_STRATEGY_LIBRARY\LONG\DAS\runs\das_scanner_appearance_20260628T114046Z\chart_exports\event_day_details_grouped\0290_GELS_2025-11-24_push33.15_rebreak,C:\TSIS_Data\00_CTO\13_TRADING_SYSTEMS\03_STRATEGY_LIBRARY\LONG\DAS\runs\das_scanner_appearance_20260628T114046Z\chart_exports\event_day_details_grouped\0290_GELS_2025-11-24_push33.15_rebreak\02_three_day_overview.png,C:\TSIS_Data\00_CTO\13_TRADING_SYSTEMS\03_STRATEGY_LIBRARY\LONG\DAS\runs\das_scanner_appearance_20260628T114046Z\chart_exports\event_day_details_grouped\0290_GELS_2025-11-24_push33.15_rebreak\03_event_day_premarket_detail.png,C:\TSIS_Data\00_CTO\13_TRADING_SYSTEMS\03_STRATEGY_LIBRARY\LONG\DAS\runs\das_scanner_appearance_20260628T114046Z\chart_exports\event_day_details_grouped\0290_GELS_2025-11-24_push33.15_rebreak\04_event_day_detail_until_1600_ny.png,C:\TSIS_Data\00_CTO\13_TRADING_SYSTEMS\03_STRATEGY_LIBRARY\LONG\DAS\runs\das_scanner_appearance_20260628T114046Z\chart_exports\event_day_details_grouped\0290_GELS_2025-11-24_push33.15_rebreak\05_daily_context.png,das_scanner_appearance:GELS:2025-11-24T13:32:00+00:00,GELS,2025-11-24,33.1457,33.1457,,,27.192,33.44690516751847,47.2180125568305,54.45769449176606,47.218,15.7447,15.7447,rebreak_confirmed,8.1301,vwap_reclaim_rebreak,2025-11-24 08:53:00 EST,2025-11-24 08:55:00 EST,3.3613,green_wick_dip_reactivation
291,C:\TSIS_Data\00_CTO\13_TRADING_SYSTEMS\03_STRATEGY_LIBRARY\LONG\DAS\runs\das_scanner_appearance_20260628T114046Z\chart_exports\event_day_details_grouped\0291_SGMO_2025-11-21_push33.04_rebreak,C:\TSIS_Data\00_CTO\13_TRADING_SYSTEMS\03_STRATEGY_LIBRARY\LONG\DAS\runs\das_scanner_appearance_20260628T114046Z\chart_exports\event_day_details_grouped\0291_SGMO_2025-11-21_push33.04_rebreak\02_three_day_overview.png,C:\TSIS_Data\00_CTO\13_TRADING_SYSTEMS\03_STRATEGY_LIBRARY\LONG\DAS\runs\das_scanner_appearance_20260628T114046Z\chart_exports\event_day_details_grouped\0291_SGMO_2025-11-21_push33.04_rebreak\03_event_day_premarket_detail.png,C:\TSIS_Data\00_CTO\13_TRADING_SYSTEMS\03_STRATEGY_LIBRARY\LONG\DAS\runs\das_scanner_appearance_20260628T114046Z\chart_exports\event_day_details_grouped\0291_SGMO_2025-11-21_push33.04_rebreak\04_event_day_detail_until_1600_ny.png,C:\TSIS_Data\00_CTO\13_TRADING_SYSTEMS\03_STRATEGY_LIBRARY\LONG\DAS\runs\das_scanner_appearance_20260628T114046Z\chart_exports\event_day_details_grouped\0291_SGMO_2025-11-21_push33.04_rebreak\05_daily_context.png,das_scanner_appearance:SGMO:2025-11-21T14:08:00+00:00,SGMO,2025-11-21,33.0428,33.0428,,,29.5309,30.90673575129533,46.090745962573685,47.64248704663211,46.0907,12.7845,12.7845,rebreak_confirmed,4.605,multi_candle_flag_break,2025-11-21 09:19:00 EST,2025-11-21 09:21:00 EST,2.3371,green_wick_dip_new_high
292,C:\TSIS_Data\00_CTO\13_TRADING_SYSTEMS\03_STRATEGY_LIBRARY\LONG\DAS\runs\das_scanner_appearance_20260628T114046Z\chart_exports\event_day_details_grouped\0292_MDAI_2024-03-12_push32.96_rebreak,C:\TSIS_Data\00_CTO\13_TRADING_SYSTEMS\03_STRATEGY_LIBRARY\LONG\DAS\runs\das_scanner_appearance_20260628T114046Z\chart_exports\event_day_details_grouped\0292_MDAI_2024-03-12_push32.96_rebreak\02_three_day_overview.png,C:\TSIS_Data\00_CTO\13_TRADING_SYSTEMS\03_STRATEGY_LIBRARY\LONG\DAS\runs\das_scanner_appearance_20260628T114046Z\chart_exports\event_day_details_grouped\0292_MDAI_2024-03-12_push32.96_rebreak\03_event_day_premarket_detail.png,C:\TSIS_Data\00_CTO\13_TRADING_SYSTEMS\03_STRATEGY_LIBRARY\LONG\DAS\runs\das_scanner_appearance_20260628T114046Z\chart_exports\event_day_details_grouped\0292_MDAI_2024-03-12_push32.96_rebreak\04_event_day_detail_until_1600_ny.png,C:\TSIS_Data\00_CTO\13_TRADING_SYSTEMS\03_STRATEGY_LIBRARY\LONG\DAS\runs\das_scanner_appearance_20260628T114046Z\chart_exports\event_day_details_grouped\0292_MDAI_2024-03-12_push32.96_rebreak\05_daily_context.png,das_scanner_appearance:MDAI:2024-03-12T12:02:00+00:00,MDAI,2024-03-12,32.9609,32.9609,,,22.3464,28.815952002823366,39.66480446927374,47.050173519204755,39.6648,14.1553,14.1553,rebreak_confirmed,21.4286,single_candle_rebreak,2024-03-12 08:04:00 EDT,2024-03-12 08:08:00 EDT,1.722,green_wick_dip_new_high
293,C:\TSIS_Data\00_CTO\13_TRADING_SYSTEMS\03_STRATEGY_LIBRARY\LONG\DAS\runs\das_scanner_appearance_20260628T114046Z\chart_exports\event_day_details_grouped\0293_BON_2025-06-04_push32.95_rebreak,C:\TSIS_Data\00_CTO\13_TRADING_SYSTEMS\03_STRATEGY_LIBRARY\LONG\DAS\runs\das_scanner_appearance_20260628T114046Z\chart_exports\event_day_details_grouped\0293_BON_2025-06-04_push32.95_rebreak\02_three_day_overview.png,C:\TSIS_Data\00_CTO\13_TRADING_SYSTEMS\03_STRATEGY_LIBRARY\LONG\DAS\runs\das_scanner_appearance_20260628T114046Z\chart_exports\event_day_details_grouped\0293_BON_2025-06-04_push32.95_rebreak\03_event_day_premarket_detail.png,C:\TSIS_Data\00_CTO\13_TRADING_SYSTEMS\03_STRATEGY_LIBRARY\LONG\DAS\runs\das_scanner_appearance_20260628T114046Z\chart_exports\event_day_details_grouped\0293_BON_2025-06-04_push32.95_rebreak\04_event_day_detail_until_1600_ny.png,C:\TSIS_Data\00_CTO\13_TRADING_SYSTEMS\03_STRATEGY_LIBRARY\LONG\DAS\runs\das_scanner_appearance_20260628T114046Z\chart_exports\event_day_details_grouped\0293_BON_2025-06-04_push32.95_rebreak\05_daily_context.png,das_scanner_appearance:BON:2025-06-04T11:27:00+00:00,BON,2025-06-04,32.948,32.948,,,19.0751,22.619047619047628,49.71098265895953,54.166666666666664,49.711,25.7282,25.7282,rebreak_confirmed,15.2174,vwap_reclaim_rebreak,2025-06-04 07:49:00 EDT,2025-06-04 07:50:00 EDT,0.4673,green_wick_dip_new_high
294,C:\TSIS_Data\00_CTO\13_TRADING_SYSTEMS\03_STRATEGY_LIBRARY\LONG\DAS\runs\das_scanner_appearance_20260628T114046Z\chart_exports\event_day_details_grouped\0294_BLMZ_2025-06-20_push32.89_rebreak,C:\TSIS_Data\00_CTO\13_TRADING_SYSTEMS\03_STRATEGY_LIBRARY\LONG\DAS\runs\das_scanner_appearance_20260628T114046Z\chart_exports\event_day_details_grouped\0294_BLMZ_2025-06-20_push32.89_rebreak\02_three_day_overview.png,C:\TSIS_Data\00_CTO\13_TRADING_SYSTEMS\03_STRATEGY_LIBRARY\LONG\DAS\runs\das_scanner_appearance_20260628T114046Z\chart_exports\event_day_details_grouped\0294_BLMZ_2025-06-20_push32.89_rebreak\03_event_day_premarket_detail.png,C:\TSIS_Data\00_CTO\13_TRADING_SYSTEMS\03_STRATEGY_LIBRARY\LONG\DAS\runs\das_scanner_appearance_20260628T114046Z\chart_exports\event_day_details_grouped\0294_BLMZ_2025-06-20_push32.89_rebreak\04_event_day_detail_until_1600_ny.png,C:\TSIS_Data\00_CTO\13_TRADING_SYSTEMS\03_STRATEGY_LIBRARY\LONG\DAS\runs\das_scanner_appearance_20260628T114046Z\chart_exports\event_day_details_grouped\0294_BLMZ_2025-06-20_push32.89_rebreak\05_daily_context.png,das_scanner_appearance:BLMZ:2025-06-20T09:58:00+00:00,BLMZ,2025-06-20,32.8889,32.8889,,,7.7778,20.7970112079701,32.88888888888888,48.94146948941468,32.8889,23.299,23.299,rebreak_confirmed,21.8227,single_candle_rebreak,2025-06-20 06:00:00 EDT,2025-06-20 06:06:00 EDT,0.0656,green_wick_dip_new_high
295,C:\TSIS_Data\00_CTO\13_TRADING_SYSTEMS\03_STRATEGY_LIBRARY\LONG\DAS\runs\das_scanner_appearance_20260628T114046Z\chart_exports\event_day_details_grouped\0295_JBDI_2025-01-08_push32.86_rebreak,C:\TSIS_Data\00_CTO\13_TRADING_SYSTEMS\03_STRATEGY_LIBRARY\LONG\DAS\runs\das_scanner_appearance_20260628T114046Z\chart_exports\event_day_details_grouped\0295_JBDI_2025-01-08_push32.86_rebreak\02_three_day_overview.png,C:\TSIS_Data\00_CTO\13_TRADING_SYSTEMS\03_STRATEGY_LIBRARY\LONG\DAS\runs\das_scanner_appearance_20260628T114046Z\chart_exports\event_day_details_grouped\0295_JBDI_2025-01-08_push32.86_rebreak\03_event_day_premarket_detail.png,C:\TSIS_Data\00_CTO\13_TRADING_SYSTEMS\03_STRATEGY_LIBRARY\LONG\DAS\runs\das_scanner_appearance_20260628T114046Z\chart_exports\event_day_details_grouped\0295_JBDI_2025-01-08_push32.86_rebreak\04_event_day_detail_until_1600_ny.png,C:\TSIS_Data\00_CTO\13_TRADING_SYSTEMS\03_STRATEGY_LIBRARY\LONG\DAS\runs\das_scanner_appearance_20260628T114046Z\chart_exports\event_day_details_grouped\0295_JBDI_2025-01-08_push32.86_rebreak\05_daily_context.png,das_scanner_appearance:JBDI:2025-01-08T09:02:00+00:00,JBDI,2025-01-08,32.8564,32.8564,52.273888605007656,110.00704721634953,15.4829,59.26708949964762,69.64741951967297,133.96758280479207,69.6474,46.9027,46.9027,rebreak_confirmed,10.0,single_candle_rebreak,2025-01-08 04:05:00 EST,2025-01-08 04:07:00 EST,5.4264,green_wick_dip_reactivation
296,C:\TSIS_Data\00_CTO\13_TRADING_SYSTEMS\03_STRATEGY_LIBRARY\LONG\DAS\runs\das_scanner_appearance_20260628T114046Z\chart_exports\event_day_details_grouped\0296_XPON_2025-08-14_push32.85_rebreak,C:\TSIS_Data\00_CTO\13_TRADING_SYSTEMS\03_STRATEGY_LIBRARY\LONG\DAS\runs\das_scanner_appearance_20260628T114046Z\chart_exports\event_day_details_grouped\0296_XPON_2025-08-14_push32.85_rebreak\02_three_day_overview.png,C:\TSIS_Data\00_CTO\13_TRADING_SYSTEMS\03_STRATEGY_LIBRARY\LONG\DAS\runs\das_scanner_appearance_20260628T114046Z\chart_exports\event_day_details_grouped\0296_XPON_2025-08-14_push32.85_rebreak\03_event_day_premarket_detail.png,C:\TSIS_Data\00_CTO\13_TRADING_SYSTEMS\03_STRATEGY_LIBRARY\LONG\DAS\runs\das_scanner_appearance_20260628T114046Z\chart_exports\event_day_details_grouped\0296_XPON_2025-08-14_push32.85_rebreak\04_event_day_detail_until_1600_ny.png,C:\TSIS_Data\00_CTO\13_TRADING_SYSTEMS\03_STRATEGY_LIBRARY\LONG\DAS\runs\das_scanner_appearance_20260628T114046Z\chart_exports\event_day_details_grouped\0296_XPON_2025-08-14_push32.85_rebreak\05_daily_context.png,das_scanner_appearance:XPON:2025-08-14T08:01:00+00:00,XPON,2025-08-14,32.8502,32.8502,54.10628019323672,153.17460317460316,-3.3816,58.730158730158735,98.06763285024155,225.3968253968254,98.0676,105.0,105.0,rebreak_confirmed,14.5455,vwap_reclaim_rebreak,2025-08-14 04:12:00 EDT,2025-08-14 04:13:00 EDT,2.7237,green_wick_dip_new_high
297,C:\TSIS_Data\00_CTO\13_TRADING_SYSTEMS\03_STRATEGY_LIBRARY\LONG\DAS\runs\das_scanner_appearance_20260628T114046Z\chart_exports\event_day_details_grouped\0297_STI_2025-09-03_push32.79_rebreak,C:\TSIS_Data\00_CTO\13_TRADING_SYSTEMS\03_STRATEGY_LIBRARY\LONG\DAS\runs\das_scanner_appearance_20260628T114046Z\chart_exports\event_day_details_grouped\0297_STI_2025-09-03_push32.79_rebreak\02_three_day_overview.png,C:\TSIS_Data\00_CTO\13_TRADING_SYSTEMS\03_STRATEGY_LIBRARY\LONG\DAS\runs\das_scanner_appearance_20260628T114046Z\chart_exports\event_day_details_grouped\0297_STI_2025-09-03_push32.79_rebreak\03_event_day_premarket_detail.png,C:\TSIS_Data\00_CTO\13_TRADING_SYSTEMS\03_STRATEGY_LIBRARY\LONG\DAS\runs\das_scanner_appearance_20260628T114046Z\chart_exports\event_day_details_grouped\0297_STI_2025-09-03_push32.79_rebreak\04_event_day_detail_until_1600_ny.png,C:\TSIS_Data\00_CTO\13_TRADING_SYSTEMS\03_STRATEGY_LIBRARY\LONG\DAS\runs\das_scanner_appearance_20260628T114046Z\chart_exports\event_day_details_grouped\0297_STI_2025-09-03_push32.79_rebreak\05_daily_context.png,das_scanner_appearance:STI:2025-09-03T08:02:00+00:00,STI,2025-09-03,32.7869,32.7869,52.9274004683841,95.50898203592816,28.8056,64.67065868263474,106.79156908665108,164.37125748502996,106.7916,60.5455,60.5455,rebreak_confirmed,8.8183,vwap_reclaim_rebreak,2025-09-03 04:12:00 EDT,2025-09-03 04:14:00 EDT,0.3571,green_wick_dip_new_high
298,C:\TSIS_Data\00_CTO\13_TRADING_SYSTEMS\03_STRATEGY_LIBRARY\LONG\DAS\runs\das_scanner_appearance_20260628T114046Z\chart_exports\event_day_details_grouped\0298_MSPR_2025-11-04_push32.74_rebreak,C:\TSIS_Data\00_CTO\13_TRADING_SYSTEMS\03_STRATEGY_LIBRARY\LONG\DAS\runs\das_scanner_appearance_20260628T114046Z\chart_exports\event_day_details_grouped\0298_MSPR_2025-11-04_push32.74_rebreak\02_three_day_overview.png,C:\TSIS_Data\00_CTO\13_TRADING_SYSTEMS\03_STRATEGY_LIBRARY\LONG\DAS\runs\das_scanner_appearance_20260628T114046Z\chart_exports\event_day_details_grouped\0298_MSPR_2025-11-04_push32.74_rebreak\03_event_day_premarket_detail.png,C:\TSIS_Data\00_CTO\13_TRADING_SYSTEMS\03_STRATEGY_LIBRARY\LONG\DAS\runs\das_scanner_appearance_20260628T114046Z\chart_exports\event_day_details_grouped\0298_MSPR_2025-11-04_push32.74_rebreak\04_event_day_detail_until_1600_ny.png,C:\TSIS_Data\00_CTO\13_TRADING_SYSTEMS\03_STRATEGY_LIBRARY\LONG\DAS\runs\das_scanner_appearance_20260628T114046Z\chart_exports\event_day_details_grouped\0298_MSPR_2025-11-04_push32.74_rebreak\05_daily_context.png,das_scanner_appearance:MSPR:2025-11-04T09:03:00+00:00,MSPR,2025-11-04,32.7449,32.7449,50.450132391879954,63.49510838288892,11.5799,21.254555917897566,50.697263901147394,63.7636677536927,50.6973,35.0577,35.0577,rebreak_confirmed,6.2234,last_red_high_break,2025-11-04 05:06:00 EST,2025-11-04 05:10:00 EST,2.8615,green_wick_dip_reactivation
299,C:\TSIS_Data\00_CTO\13_TRADING_SYSTEMS\03_STRATEGY_LIBRARY\LONG\DAS\runs\das_scanner_appearance_20260628T114046Z\chart_exports\event_day_details_grouped\0299_PHIO_2026-02-10_push32.69_rebreak,C:\TSIS_Data\00_CTO\13_TRADING_SYSTEMS\03_STRATEGY_LIBRARY\LONG\DAS\runs\das_scanner_appearance_20260628T114046Z\chart_exports\event_day_details_grouped\0299_PHIO_2026-02-10_push32.69_rebreak\02_three_day_overview.png,C:\TSIS_Data\00_CTO\13_TRADING_SYSTEMS\03_STRATEGY_LIBRARY\LONG\DAS\runs\das_scanner_appearance_20260628T114046Z\chart_exports\event_day_details_grouped\0299_PHIO_2026-02-10_push32.69_rebreak\03_event_day_premarket_detail.png,C:\TSIS_Data\00_CTO\13_TRADING_SYSTEMS\03_STRATEGY_LIBRARY\LONG\DAS\runs\das_scanner_appearance_20260628T114046Z\chart_exports\event_day_details_grouped\0299_PHIO_2026-02-10_push32.69_rebreak\04_event_day_detail_until_1600_ny.png,C:\TSIS_Data\00_CTO\13_TRADING_SYSTEMS\03_STRATEGY_LIBRARY\LONG\DAS\runs\das_scanner_appearance_20260628T114046Z\chart_exports\event_day_details_grouped\0299_PHIO_2026-02-10_push32.69_rebreak\05_daily_context.png,das_scanner_appearance:PHIO:2026-02-10T12:04:00+00:00,PHIO,2026-02-10,32.6887,32.6887,52.232051018309,65.45556176634992,10.0597,19.61989938513137,62.51800041143799,76.63499161542762,62.518,47.6636,47.6636,rebreak_confirmed,7.7519,flat_shelf_break,2026-02-10 08:02:00 EST,2026-02-10 08:03:00 EST,0.6863,green_wick_dip_reactivation
300,C:\TSIS_Data\00_CTO\13_TRADING_SYSTEMS\03_STRATEGY_LIBRARY\LONG\DAS\runs\das_scanner_appearance_20260628T114046Z\chart_exports\event_day_details_grouped\0300_BLMZ_2025-07-22_push32.66_rebreak,C:\TSIS_Data\00_CTO\13_TRADING_SYSTEMS\03_STRATEGY_LIBRARY\LONG\DAS\runs\das_scanner_appearance_20260628T114046Z\chart_exports\event_day_details_grouped\0300_BLMZ_2025-07-22_push32.66_rebreak\02_three_day_overview.png,C:\TSIS_Data\00_CTO\13_TRADING_SYSTEMS\03_STRATEGY_LIBRARY\LONG\DAS\runs\das_scanner_appearance_20260628T114046Z\chart_exports\event_day_details_grouped\0300_BLMZ_2025-07-22_push32.66_rebreak\03_event_day_premarket_detail.png,C:\TSIS_Data\00_CTO\13_TRADING_SYSTEMS\03_STRATEGY_LIBRARY\LONG\DAS\runs\das_scanner_appearance_20260628T114046Z\chart_exports\event_day_details_grouped\0300_BLMZ_2025-07-22_push32.66_rebreak\04_event_day_detail_until_1600_ny.png,C:\TSIS_Data\00_CTO\13_TRADING_SYSTEMS\03_STRATEGY_LIBRARY\LONG\DAS\runs\das_scanner_appearance_20260628T114046Z\chart_exports\event_day_details_grouped\0300_BLMZ_2025-07-22_push32.66_rebreak\05_daily_context.png,das_scanner_appearance:BLMZ:2025-07-22T08:05:00+00:00,BLMZ,2025-07-22,32.6641,32.6641,,,6.4865,45.15789473684212,37.83783783783784,87.89473684210526,37.8378,29.4416,29.4416,rebreak_confirmed,8.3527,flat_shelf_break,2025-07-22 04:31:00 EDT,2025-07-22 04:32:00 EDT,1.7502,green_wick_dip_reactivation
301,C:\TSIS_Data\00_CTO\13_TRADING_SYSTEMS\03_STRATEGY_LIBRARY\LONG\DAS\runs\das_scanner_appearance_20260628T114046Z\chart_exports\event_day_details_grouped\0301_JZXN_2026-03-06_push32.58_rebreak,C:\TSIS_Data\00_CTO\13_TRADING_SYSTEMS\03_STRATEGY_LIBRARY\LONG\DAS\runs\das_scanner_appearance_20260628T114046Z\chart_exports\event_day_details_grouped\0301_JZXN_2026-03-06_push32.58_rebreak\02_three_day_overview.png,C:\TSIS_Data\00_CTO\13_TRADING_SYSTEMS\03_STRATEGY_LIBRARY\LONG\DAS\runs\das_scanner_appearance_20260628T114046Z\chart_exports\event_day_details_grouped\0301_JZXN_2026-03-06_push32.58_rebreak\03_event_day_premarket_detail.png,C:\TSIS_Data\00_CTO\13_TRADING_SYSTEMS\03_STRATEGY_LIBRARY\LONG\DAS\runs\das_scanner_appearance_20260628T114046Z\chart_exports\event_day_details_grouped\0301_JZXN_2026-03-06_push32.58_rebreak\04_event_day_detail_until_1600_ny.png,C:\TSIS_Data\00_CTO\13_TRADING_SYSTEMS\03_STRATEGY_LIBRARY\LONG\DAS\runs\das_scanner_appearance_20260628T114046Z\chart_exports\event_day_details_grouped\0301_JZXN_2026-03-06_push32.58_rebreak\05_daily_context.png,das_scanner_appearance:JZXN:2026-03-06T12:17:00+00:00,JZXN,2026-03-06,32.5758,32.5758,49.999999999999986,51.14503816793893,31.0606,32.06106870229007,49.999999999999986,51.14503816793893,50.0,14.4509,14.4509,rebreak_confirmed,14.8571,vwap_reclaim_rebreak,2026-03-06 07:21:00 EST,2026-03-06 07:22:00 EST,1.2048,green_wick_dip_new_high
302,C:\TSIS_Data\00_CTO\13_TRADING_SYSTEMS\03_STRATEGY_LIBRARY\LONG\DAS\runs\das_scanner_appearance_20260628T114046Z\chart_exports\event_day_details_grouped\0302_IOBT_2025-10-20_push32.53_rebreak,C:\TSIS_Data\00_CTO\13_TRADING_SYSTEMS\03_STRATEGY_LIBRARY\LONG\DAS\runs\das_scanner_appearance_20260628T114046Z\chart_exports\event_day_details_grouped\0302_IOBT_2025-10-20_push32.53_rebreak\02_three_day_overview.png,C:\TSIS_Data\00_CTO\13_TRADING_SYSTEMS\03_STRATEGY_LIBRARY\LONG\DAS\runs\das_scanner_appearance_20260628T114046Z\chart_exports\event_day_details_grouped\0302_IOBT_2025-10-20_push32.53_rebreak\03_event_day_premarket_detail.png,C:\TSIS_Data\00_CTO\13_TRADING_SYSTEMS\03_STRATEGY_LIBRARY\LONG\DAS\runs\das_scanner_appearance_20260628T114046Z\chart_exports\event_day_details_grouped\0302_IOBT_2025-10-20_push32.53_rebreak\04_event_day_detail_until_1600_ny.png,C:\TSIS_Data\00_CTO\13_TRADING_SYSTEMS\03_STRATEGY_LIBRARY\LONG\DAS\runs\das_scanner_appearance_20260628T114046Z\chart_exports\event_day_details_grouped\0302_IOBT_2025-10-20_push32.53_rebreak\05_daily_context.png,das_scanner_appearance:IOBT:2025-10-20T11:13:00+00:00,IOBT,2025-10-20,32.5333,32.5333,51.11111111111111,55.67765567765568,30.6667,34.61538461538461,52.59259259259259,57.203907203907214,52.5926,16.78,16.78,rebreak_confirmed,13.548,single_candle_rebreak,2025-10-20 07:16:00 EDT,2025-10-20 07:19:00 EDT,3.5644,green_wick_dip_new_high
303,C:\TSIS_Data\00_CTO\13_TRADING_SYSTEMS\03_STRATEGY_LIBRARY\LONG\DAS\runs\das_scanner_appearance_20260628T114046Z\chart_exports\event_day_details_grouped\0303_DPRO_2025-07-16_push32.43_rebreak,C:\TSIS_Data\00_CTO\13_TRADING_SYSTEMS\03_STRATEGY_LIBRARY\LONG\DAS\runs\das_scanner_appearance_20260628T114046Z\chart_exports\event_day_details_grouped\0303_DPRO_2025-07-16_push32.43_rebreak\02_three_day_overview.png,C:\TSIS_Data\00_CTO\13_TRADING_SYSTEMS\03_STRATEGY_LIBRARY\LONG\DAS\runs\das_scanner_appearance_20260628T114046Z\chart_exports\event_day_details_grouped\0303_DPRO_2025-07-16_push32.43_rebreak\03_event_day_premarket_detail.png,C:\TSIS_Data\00_CTO\13_TRADING_SYSTEMS\03_STRATEGY_LIBRARY\LONG\DAS\runs\das_scanner_appearance_20260628T114046Z\chart_exports\event_day_details_grouped\0303_DPRO_2025-07-16_push32.43_rebreak\04_event_day_detail_until_1600_ny.png,C:\TSIS_Data\00_CTO\13_TRADING_SYSTEMS\03_STRATEGY_LIBRARY\LONG\DAS\runs\das_scanner_appearance_20260628T114046Z\chart_exports\event_day_details_grouped\0303_DPRO_2025-07-16_push32.43_rebreak\05_daily_context.png,das_scanner_appearance:DPRO:2025-07-16T11:21:00+00:00,DPRO,2025-07-16,32.4324,32.4324,,,23.7838,27.932960893854748,32.432432432432435,36.871508379888276,32.4324,6.9869,6.9869,rebreak_confirmed,16.1224,vwap_reclaim_rebreak,2025-07-16 07:28:00 EDT,2025-07-16 07:31:00 EDT,1.1211,green_wick_dip_new_high
304,C:\TSIS_Data\00_CTO\13_TRADING_SYSTEMS\03_STRATEGY_LIBRARY\LONG\DAS\runs\das_scanner_appearance_20260628T114046Z\chart_exports\event_day_details_grouped\0304_PDYN_2026-01-28_push32.37_rebreak,C:\TSIS_Data\00_CTO\13_TRADING_SYSTEMS\03_STRATEGY_LIBRARY\LONG\DAS\runs\das_scanner_appearance_20260628T114046Z\chart_exports\event_day_details_grouped\0304_PDYN_2026-01-28_push32.37_rebreak\02_three_day_overview.png,C:\TSIS_Data\00_CTO\13_TRADING_SYSTEMS\03_STRATEGY_LIBRARY\LONG\DAS\runs\das_scanner_appearance_20260628T114046Z\chart_exports\event_day_details_grouped\0304_PDYN_2026-01-28_push32.37_rebreak\03_event_day_premarket_detail.png,C:\TSIS_Data\00_CTO\13_TRADING_SYSTEMS\03_STRATEGY_LIBRARY\LONG\DAS\runs\das_scanner_appearance_20260628T114046Z\chart_exports\event_day_details_grouped\0304_PDYN_2026-01-28_push32.37_rebreak\04_event_day_detail_until_1600_ny.png,C:\TSIS_Data\00_CTO\13_TRADING_SYSTEMS\03_STRATEGY_LIBRARY\LONG\DAS\runs\das_scanner_appearance_20260628T114046Z\chart_exports\event_day_details_grouped\0304_PDYN_2026-01-28_push32.37_rebreak\05_daily_context.png,das_scanner_appearance:PDYN:2026-01-28T12:06:00+00:00,PDYN,2026-01-28,32.3664,32.3664,50.229007633587784,50.92024539877301,14.5038,15.030674846625775,51.908396946564885,52.60736196319018,51.9084,32.6667,32.6667,rebreak_confirmed,3.9216,flat_shelf_break,2026-01-28 07:32:00 EST,2026-01-28 07:35:00 EST,1.0262,green_wick_dip_new_high
305,C:\TSIS_Data\00_CTO\13_TRADING_SYSTEMS\03_STRATEGY_LIBRARY\LONG\DAS\runs\das_scanner_appearance_20260628T114046Z\chart_exports\event_day_details_grouped\0305_SNGX_2025-07-31_push32.31_rebreak,C:\TSIS_Data\00_CTO\13_TRADING_SYSTEMS\03_STRATEGY_LIBRARY\LONG\DAS\runs\das_scanner_appearance_20260628T114046Z\chart_exports\event_day_details_grouped\0305_SNGX_2025-07-31_push32.31_rebreak\02_three_day_overview.png,C:\TSIS_Data\00_CTO\13_TRADING_SYSTEMS\03_STRATEGY_LIBRARY\LONG\DAS\runs\das_scanner_appearance_20260628T114046Z\chart_exports\event_day_details_grouped\0305_SNGX_2025-07-31_push32.31_rebreak\03_event_day_premarket_detail.png,C:\TSIS_Data\00_CTO\13_TRADING_SYSTEMS\03_STRATEGY_LIBRARY\LONG\DAS\runs\das_scanner_appearance_20260628T114046Z\chart_exports\event_day_details_grouped\0305_SNGX_2025-07-31_push32.31_rebreak\04_event_day_detail_until_1600_ny.png,C:\TSIS_Data\00_CTO\13_TRADING_SYSTEMS\03_STRATEGY_LIBRARY\LONG\DAS\runs\das_scanner_appearance_20260628T114046Z\chart_exports\event_day_details_grouped\0305_SNGX_2025-07-31_push32.31_rebreak\05_daily_context.png,das_scanner_appearance:SNGX:2025-07-31T11:31:00+00:00,SNGX,2025-07-31,32.3077,32.3077,57.69230769230768,63.99999999999999,16.8462,21.519999999999992,63.84615384615383,70.39999999999999,63.8462,40.2238,40.2238,rebreak_confirmed,18.0233,ascending_flag_break,2025-07-31 07:35:00 EDT,2025-07-31 07:36:00 EDT,2.8409,green_wick_dip_new_high
306,C:\TSIS_Data\00_CTO\13_TRADING_SYSTEMS\03_STRATEGY_LIBRARY\LONG\DAS\runs\das_scanner_appearance_20260628T114046Z\chart_exports\event_day_details_grouped\0306_MIRA_2025-04-16_push32.26_rebreak,C:\TSIS_Data\00_CTO\13_TRADING_SYSTEMS\03_STRATEGY_LIBRARY\LONG\DAS\runs\das_scanner_appearance_20260628T114046Z\chart_exports\event_day_details_grouped\0306_MIRA_2025-04-16_push32.26_rebreak\02_three_day_overview.png,C:\TSIS_Data\00_CTO\13_TRADING_SYSTEMS\03_STRATEGY_LIBRARY\LONG\DAS\runs\das_scanner_appearance_20260628T114046Z\chart_exports\event_day_details_grouped\0306_MIRA_2025-04-16_push32.26_rebreak\03_event_day_premarket_detail.png,C:\TSIS_Data\00_CTO\13_TRADING_SYSTEMS\03_STRATEGY_LIBRARY\LONG\DAS\runs\das_scanner_appearance_20260628T114046Z\chart_exports\event_day_details_grouped\0306_MIRA_2025-04-16_push32.26_rebreak\04_event_day_detail_until_1600_ny.png,C:\TSIS_Data\00_CTO\13_TRADING_SYSTEMS\03_STRATEGY_LIBRARY\LONG\DAS\runs\das_scanner_appearance_20260628T114046Z\chart_exports\event_day_details_grouped\0306_MIRA_2025-04-16_push32.26_rebreak\05_daily_context.png,das_scanner_appearance:MIRA:2025-04-16T12:29:00+00:00,MIRA,2025-04-16,32.2581,32.2581,50.53763440860213,55.55555555555555,22.5806,26.666666666666654,52.68817204301074,57.777777777777764,52.6882,24.5614,24.5614,rebreak_confirmed,11.3821,vwap_reclaim_rebreak,2025-04-16 08:50:00 EDT,2025-04-16 08:51:00 EDT,1.6667,green_wick_dip_new_high
307,C:\TSIS_Data\00_CTO\13_TRADING_SYSTEMS\03_STRATEGY_LIBRARY\LONG\DAS\runs\das_scanner_appearance_20260628T114046Z\chart_exports\event_day_details_grouped\0307_ACB_2025-02-05_push32.16_rebreak,C:\TSIS_Data\00_CTO\13_TRADING_SYSTEMS\03_STRATEGY_LIBRARY\LONG\DAS\runs\das_scanner_appearance_20260628T114046Z\chart_exports\event_day_details_grouped\0307_ACB_2025-02-05_push32.16_rebreak\02_three_day_overview.png,C:\TSIS_Data\00_CTO\13_TRADING_SYSTEMS\03_STRATEGY_LIBRARY\LONG\DAS\runs\das_scanner_appearance_20260628T114046Z\chart_exports\event_day_details_grouped\0307_ACB_2025-02-05_push32.16_rebreak\03_event_day_premarket_detail.png,C:\TSIS_Data\00_CTO\13_TRADING_SYSTEMS\03_STRATEGY_LIBRARY\LONG\DAS\runs\das_scanner_appearance_20260628T114046Z\chart_exports\event_day_details_grouped\0307_ACB_2025-02-05_push32.16_rebreak\04_event_day_detail_until_1600_ny.png,C:\TSIS_Data\00_CTO\13_TRADING_SYSTEMS\03_STRATEGY_LIBRARY\LONG\DAS\runs\das_scanner_appearance_20260628T114046Z\chart_exports\event_day_details_grouped\0307_ACB_2025-02-05_push32.16_rebreak\05_daily_context.png,das_scanner_appearance:ACB:2025-02-05T13:00:00+00:00,ACB,2025-02-05,32.1622,32.1622,,,13.5638,15.875169606512877,32.71276595744682,35.413839891451836,32.7128,16.8618,16.8618,rebreak_confirmed,7.4316,single_candle_rebreak,2025-02-05 08:30:00 EST,2025-02-05 08:33:00 EST,0.4329,green_wick_dip_reactivation
308,C:\TSIS_Data\00_CTO\13_TRADING_SYSTEMS\03_STRATEGY_LIBRARY\LONG\DAS\runs\das_scanner_appearance_20260628T114046Z\chart_exports\event_day_details_grouped\0308_MCTR_2025-06-03_push32.08_rebreak,C:\TSIS_Data\00_CTO\13_TRADING_SYSTEMS\03_STRATEGY_LIBRARY\LONG\DAS\runs\das_scanner_appearance_20260628T114046Z\chart_exports\event_day_details_grouped\0308_MCTR_2025-06-03_push32.08_rebreak\02_three_day_overview.png,C:\TSIS_Data\00_CTO\13_TRADING_SYSTEMS\03_STRATEGY_LIBRARY\LONG\DAS\runs\das_scanner_appearance_20260628T114046Z\chart_exports\event_day_details_grouped\0308_MCTR_2025-06-03_push32.08_rebreak\03_event_day_premarket_detail.png,C:\TSIS_Data\00_CTO\13_TRADING_SYSTEMS\03_STRATEGY_LIBRARY\LONG\DAS\runs\das_scanner_appearance_20260628T114046Z\chart_exports\event_day_details_grouped\0308_MCTR_2025-06-03_push32.08_rebreak\04_event_day_detail_until_1600_ny.png,C:\TSIS_Data\00_CTO\13_TRADING_SYSTEMS\03_STRATEGY_LIBRARY\LONG\DAS\runs\das_scanner_appearance_20260628T114046Z\chart_exports\event_day_details_grouped\0308_MCTR_2025-06-03_push32.08_rebreak\05_daily_context.png,das_scanner_appearance:MCTR:2025-06-03T12:45:00+00:00,MCTR,2025-06-03,32.0755,32.0755,52.26415094339624,64.69723871915754,10.1887,19.186105838894676,88.86792452830188,104.28988346700953,88.8679,71.4041,71.4041,rebreak_confirmed,11.7143,vwap_reclaim_rebreak,2025-06-03 09:05:00 EDT,2025-06-03 09:08:00 EDT,1.2638,green_wick_dip_reactivation
309,C:\TSIS_Data\00_CTO\13_TRADING_SYSTEMS\03_STRATEGY_LIBRARY\LONG\DAS\runs\das_scanner_appearance_20260628T114046Z\chart_exports\event_day_details_grouped\0309_BCDA_2024-08-30_push32.05_rebreak,C:\TSIS_Data\00_CTO\13_TRADING_SYSTEMS\03_STRATEGY_LIBRARY\LONG\DAS\runs\das_scanner_appearance_20260628T114046Z\chart_exports\event_day_details_grouped\0309_BCDA_2024-08-30_push32.05_rebreak\02_three_day_overview.png,C:\TSIS_Data\00_CTO\13_TRADING_SYSTEMS\03_STRATEGY_LIBRARY\LONG\DAS\runs\das_scanner_appearance_20260628T114046Z\chart_exports\event_day_details_grouped\0309_BCDA_2024-08-30_push32.05_rebreak\03_event_day_premarket_detail.png,C:\TSIS_Data\00_CTO\13_TRADING_SYSTEMS\03_STRATEGY_LIBRARY\LONG\DAS\runs\das_scanner_appearance_20260628T114046Z\chart_exports\event_day_details_grouped\0309_BCDA_2024-08-30_push32.05_rebreak\04_event_day_detail_until_1600_ny.png,C:\TSIS_Data\00_CTO\13_TRADING_SYSTEMS\03_STRATEGY_LIBRARY\LONG\DAS\runs\das_scanner_appearance_20260628T114046Z\chart_exports\event_day_details_grouped\0309_BCDA_2024-08-30_push32.05_rebreak\05_daily_context.png,das_scanner_appearance:BCDA:2024-08-30T11:20:00+00:00,BCDA,2024-08-30,32.0548,32.0548,,,-9.589,-17.351232217992386,32.05479452054796,20.71729112402325,32.0548,46.0606,46.0606,rebreak_confirmed,19.0871,ascending_flag_break,2024-08-30 08:06:00 EDT,2024-08-30 08:16:00 EDT,0.2584,green_wick_dip_reactivation
310,C:\TSIS_Data\00_CTO\13_TRADING_SYSTEMS\03_STRATEGY_LIBRARY\LONG\DAS\runs\das_scanner_appearance_20260628T114046Z\chart_exports\event_day_details_grouped\0310_STAK_2026-03-02_push32.00_rebreak,C:\TSIS_Data\00_CTO\13_TRADING_SYSTEMS\03_STRATEGY_LIBRARY\LONG\DAS\runs\das_scanner_appearance_20260628T114046Z\chart_exports\event_day_details_grouped\0310_STAK_2026-03-02_push32.00_rebreak\02_three_day_overview.png,C:\TSIS_Data\00_CTO\13_TRADING_SYSTEMS\03_STRATEGY_LIBRARY\LONG\DAS\runs\das_scanner_appearance_20260628T114046Z\chart_exports\event_day_details_grouped\0310_STAK_2026-03-02_push32.00_rebreak\03_event_day_premarket_detail.png,C:\TSIS_Data\00_CTO\13_TRADING_SYSTEMS\03_STRATEGY_LIBRARY\LONG\DAS\runs\das_scanner_appearance_20260628T114046Z\chart_exports\event_day_details_grouped\0310_STAK_2026-03-02_push32.00_rebreak\04_event_day_detail_until_1600_ny.png,C:\TSIS_Data\00_CTO\13_TRADING_SYSTEMS\03_STRATEGY_LIBRARY\LONG\DAS\runs\das_scanner_appearance_20260628T114046Z\chart_exports\event_day_details_grouped\0310_STAK_2026-03-02_push32.00_rebreak\05_daily_context.png,das_scanner_appearance:STAK:2026-03-02T12:27:00+00:00,STAK,2026-03-02,32.0,32.0,,,24.8,46.82352941176471,37.999999999999986,62.35294117647058,38.0,10.5769,10.5769,rebreak_confirmed,11.9091,vwap_reclaim_rebreak,2026-03-02 07:39:00 EST,2026-03-02 07:44:00 EST,2.6595,green_wick_dip_new_high
311,C:\TSIS_Data\00_CTO\13_TRADING_SYSTEMS\03_STRATEGY_LIBRARY\LONG\DAS\runs\das_scanner_appearance_20260628T114046Z\chart_exports\event_day_details_grouped\0311_HOUR_2025-09-05_push32.00_rebreak,C:\TSIS_Data\00_CTO\13_TRADING_SYSTEMS\03_STRATEGY_LIBRARY\LONG\DAS\runs\das_scanner_appearance_20260628T114046Z\chart_exports\event_day_details_grouped\0311_HOUR_2025-09-05_push32.00_rebreak\02_three_day_overview.png,C:\TSIS_Data\00_CTO\13_TRADING_SYSTEMS\03_STRATEGY_LIBRARY\LONG\DAS\runs\das_scanner_appearance_20260628T114046Z\chart_exports\event_day_details_grouped\0311_HOUR_2025-09-05_push32.00_rebreak\03_event_day_premarket_detail.png,C:\TSIS_Data\00_CTO\13_TRADING_SYSTEMS\03_STRATEGY_LIBRARY\LONG\DAS\runs\das_scanner_appearance_20260628T114046Z\chart_exports\event_day_details_grouped\0311_HOUR_2025-09-05_push32.00_rebreak\04_event_day_detail_until_1600_ny.png,C:\TSIS_Data\00_CTO\13_TRADING_SYSTEMS\03_STRATEGY_LIBRARY\LONG\DAS\runs\das_scanner_appearance_20260628T114046Z\chart_exports\event_day_details_grouped\0311_HOUR_2025-09-05_push32.00_rebreak\05_daily_context.png,das_scanner_appearance:HOUR:2025-09-05T08:01:00+00:00,HOUR,2025-09-05,32.0,32.0,,,22.8,64.17112299465238,49.2,99.46524064171122,49.2,21.4984,21.4984,rebreak_confirmed,15.1515,vwap_reclaim_rebreak,2025-09-05 04:05:00 EDT,2025-09-05 04:07:00 EDT,2.069,green_wick_dip_new_high
312,C:\TSIS_Data\00_CTO\13_TRADING_SYSTEMS\03_STRATEGY_LIBRARY\LONG\DAS\runs\das_scanner_appearance_20260628T114046Z\chart_exports\event_day_details_grouped\0312_FEMY_2025-11-03_push31.85_rebreak,C:\TSIS_Data\00_CTO\13_TRADING_SYSTEMS\03_STRATEGY_LIBRARY\LONG\DAS\runs\das_scanner_appearance_20260628T114046Z\chart_exports\event_day_details_grouped\0312_FEMY_2025-11-03_push31.85_rebreak\02_three_day_overview.png,C:\TSIS_Data\00_CTO\13_TRADING_SYSTEMS\03_STRATEGY_LIBRARY\LONG\DAS\runs\das_scanner_appearance_20260628T114046Z\chart_exports\event_day_details_grouped\0312_FEMY_2025-11-03_push31.85_rebreak\03_event_day_premarket_detail.png,C:\TSIS_Data\00_CTO\13_TRADING_SYSTEMS\03_STRATEGY_LIBRARY\LONG\DAS\runs\das_scanner_appearance_20260628T114046Z\chart_exports\event_day_details_grouped\0312_FEMY_2025-11-03_push31.85_rebreak\04_event_day_detail_until_1600_ny.png,C:\TSIS_Data\00_CTO\13_TRADING_SYSTEMS\03_STRATEGY_LIBRARY\LONG\DAS\runs\das_scanner_appearance_20260628T114046Z\chart_exports\event_day_details_grouped\0312_FEMY_2025-11-03_push31.85_rebreak\05_daily_context.png,das_scanner_appearance:FEMY:2025-11-03T13:30:00+00:00,FEMY,2025-11-03,31.8474,31.8474,50.6827813530058,50.04688965301656,12.086,11.613004063769914,63.23967979908963,62.55079712410128,63.2397,45.6379,45.6379,rebreak_confirmed,9.6429,vwap_reclaim_rebreak,2025-11-03 08:40:00 EST,2025-11-03 08:43:00 EST,0.012,green_wick_dip_new_high
313,C:\TSIS_Data\00_CTO\13_TRADING_SYSTEMS\03_STRATEGY_LIBRARY\LONG\DAS\runs\das_scanner_appearance_20260628T114046Z\chart_exports\event_day_details_grouped\0313_OPTX_2024-12-17_push31.73_rebreak,C:\TSIS_Data\00_CTO\13_TRADING_SYSTEMS\03_STRATEGY_LIBRARY\LONG\DAS\runs\das_scanner_appearance_20260628T114046Z\chart_exports\event_day_details_grouped\0313_OPTX_2024-12-17_push31.73_rebreak\02_three_day_overview.png,C:\TSIS_Data\00_CTO\13_TRADING_SYSTEMS\03_STRATEGY_LIBRARY\LONG\DAS\runs\das_scanner_appearance_20260628T114046Z\chart_exports\event_day_details_grouped\0313_OPTX_2024-12-17_push31.73_rebreak\03_event_day_premarket_detail.png,C:\TSIS_Data\00_CTO\13_TRADING_SYSTEMS\03_STRATEGY_LIBRARY\LONG\DAS\runs\das_scanner_appearance_20260628T114046Z\chart_exports\event_day_details_grouped\0313_OPTX_2024-12-17_push31.73_rebreak\04_event_day_detail_until_1600_ny.png,C:\TSIS_Data\00_CTO\13_TRADING_SYSTEMS\03_STRATEGY_LIBRARY\LONG\DAS\runs\das_scanner_appearance_20260628T114046Z\chart_exports\event_day_details_grouped\0313_OPTX_2024-12-17_push31.73_rebreak\05_daily_context.png,das_scanner_appearance:OPTX:2024-12-17T09:04:00+00:00,OPTX,2024-12-17,31.7269,31.7269,55.02008032128513,115.64245810055864,21.6867,69.27374301675975,163.45381526104416,266.48044692737426,163.4538,116.5017,116.5017,rebreak_confirmed,10.6707,vwap_reclaim_rebreak,2024-12-17 04:18:00 EST,2024-12-17 04:22:00 EST,0.3077,green_wick_dip_new_high
314,C:\TSIS_Data\00_CTO\13_TRADING_SYSTEMS\03_STRATEGY_LIBRARY\LONG\DAS\runs\das_scanner_appearance_20260628T114046Z\chart_exports\event_day_details_grouped\0314_LGVN_2024-07-17_push31.62_rebreak,C:\TSIS_Data\00_CTO\13_TRADING_SYSTEMS\03_STRATEGY_LIBRARY\LONG\DAS\runs\das_scanner_appearance_20260628T114046Z\chart_exports\event_day_details_grouped\0314_LGVN_2024-07-17_push31.62_rebreak\02_three_day_overview.png,C:\TSIS_Data\00_CTO\13_TRADING_SYSTEMS\03_STRATEGY_LIBRARY\LONG\DAS\runs\das_scanner_appearance_20260628T114046Z\chart_exports\event_day_details_grouped\0314_LGVN_2024-07-17_push31.62_rebreak\03_event_day_premarket_detail.png,C:\TSIS_Data\00_CTO\13_TRADING_SYSTEMS\03_STRATEGY_LIBRARY\LONG\DAS\runs\das_scanner_appearance_20260628T114046Z\chart_exports\event_day_details_grouped\0314_LGVN_2024-07-17_push31.62_rebreak\04_event_day_detail_until_1600_ny.png,C:\TSIS_Data\00_CTO\13_TRADING_SYSTEMS\03_STRATEGY_LIBRARY\LONG\DAS\runs\das_scanner_appearance_20260628T114046Z\chart_exports\event_day_details_grouped\0314_LGVN_2024-07-17_push31.62_rebreak\05_daily_context.png,das_scanner_appearance:LGVN:2024-07-17T12:02:00+00:00,LGVN,2024-07-17,31.6239,31.6239,,,26.4957,26.136363636363647,41.8803418803419,41.47727272727274,41.8803,12.1622,12.1622,rebreak_confirmed,21.2121,single_candle_rebreak,2024-07-17 08:05:00 EDT,2024-07-17 08:06:00 EDT,0.9242,green_wick_dip_new_high
315,C:\TSIS_Data\00_CTO\13_TRADING_SYSTEMS\03_STRATEGY_LIBRARY\LONG\DAS\runs\das_scanner_appearance_20260628T114046Z\chart_exports\event_day_details_grouped\0315_SPWR_2024-05-14_push31.58_rebreak,C:\TSIS_Data\00_CTO\13_TRADING_SYSTEMS\03_STRATEGY_LIBRARY\LONG\DAS\runs\das_scanner_appearance_20260628T114046Z\chart_exports\event_day_details_grouped\0315_SPWR_2024-05-14_push31.58_rebreak\02_three_day_overview.png,C:\TSIS_Data\00_CTO\13_TRADING_SYSTEMS\03_STRATEGY_LIBRARY\LONG\DAS\runs\das_scanner_appearance_20260628T114046Z\chart_exports\event_day_details_grouped\0315_SPWR_2024-05-14_push31.58_rebreak\03_event_day_premarket_detail.png,C:\TSIS_Data\00_CTO\13_TRADING_SYSTEMS\03_STRATEGY_LIBRARY\LONG\DAS\runs\das_scanner_appearance_20260628T114046Z\chart_exports\event_day_details_grouped\0315_SPWR_2024-05-14_push31.58_rebreak\04_event_day_detail_until_1600_ny.png,C:\TSIS_Data\00_CTO\13_TRADING_SYSTEMS\03_STRATEGY_LIBRARY\LONG\DAS\runs\das_scanner_appearance_20260628T114046Z\chart_exports\event_day_details_grouped\0315_SPWR_2024-05-14_push31.58_rebreak\05_daily_context.png,das_scanner_appearance:SPWR:2024-05-14T10:55:00+00:00,SPWR,2024-05-14,31.5789,31.5789,50.526315789473685,56.00000000000001,20.7018,25.09090909090909,163.1578947368421,172.72727272727272,163.1579,118.0233,118.0233,rebreak_confirmed,4.0,flat_shelf_break,2024-05-14 07:01:00 EDT,2024-05-14 07:02:00 EDT,3.3943,green_wick_dip_reactivation
316,C:\TSIS_Data\00_CTO\13_TRADING_SYSTEMS\03_STRATEGY_LIBRARY\LONG\DAS\runs\das_scanner_appearance_20260628T114046Z\chart_exports\event_day_details_grouped\0316_BLMZ_2025-05-23_push31.53_rebreak,C:\TSIS_Data\00_CTO\13_TRADING_SYSTEMS\03_STRATEGY_LIBRARY\LONG\DAS\runs\das_scanner_appearance_20260628T114046Z\chart_exports\event_day_details_grouped\0316_BLMZ_2025-05-23_push31.53_rebreak\02_three_day_overview.png,C:\TSIS_Data\00_CTO\13_TRADING_SYSTEMS\03_STRATEGY_LIBRARY\LONG\DAS\runs\das_scanner_appearance_20260628T114046Z\chart_exports\event_day_details_grouped\0316_BLMZ_2025-05-23_push31.53_rebreak\03_event_day_premarket_detail.png,C:\TSIS_Data\00_CTO\13_TRADING_SYSTEMS\03_STRATEGY_LIBRARY\LONG\DAS\runs\das_scanner_appearance_20260628T114046Z\chart_exports\event_day_details_grouped\0316_BLMZ_2025-05-23_push31.53_rebreak\04_event_day_detail_until_1600_ny.png,C:\TSIS_Data\00_CTO\13_TRADING_SYSTEMS\03_STRATEGY_LIBRARY\LONG\DAS\runs\das_scanner_appearance_20260628T114046Z\chart_exports\event_day_details_grouped\0316_BLMZ_2025-05-23_push31.53_rebreak\05_daily_context.png,das_scanner_appearance:BLMZ:2025-05-23T08:06:00+00:00,BLMZ,2025-05-23,31.5263,31.5263,52.63157894736842,118.86792452830188,0.5263,44.15094339622642,55.10526315789475,122.41509433962266,55.1053,54.2932,54.2932,rebreak_confirmed,6.5626,last_red_high_break,2025-05-23 08:08:00 EDT,2025-05-23 08:12:00 EDT,0.6672,green_wick_dip_new_high
317,C:\TSIS_Data\00_CTO\13_TRADING_SYSTEMS\03_STRATEGY_LIBRARY\LONG\DAS\runs\das_scanner_appearance_20260628T114046Z\chart_exports\event_day_details_grouped\0317_IPA_2024-10-28_push31.43_rebreak,C:\TSIS_Data\00_CTO\13_TRADING_SYSTEMS\03_STRATEGY_LIBRARY\LONG\DAS\runs\das_scanner_appearance_20260628T114046Z\chart_exports\event_day_details_grouped\0317_IPA_2024-10-28_push31.43_rebreak\02_three_day_overview.png,C:\TSIS_Data\00_CTO\13_TRADING_SYSTEMS\03_STRATEGY_LIBRARY\LONG\DAS\runs\das_scanner_appearance_20260628T114046Z\chart_exports\event_day_details_grouped\0317_IPA_2024-10-28_push31.43_rebreak\03_event_day_premarket_detail.png,C:\TSIS_Data\00_CTO\13_TRADING_SYSTEMS\03_STRATEGY_LIBRARY\LONG\DAS\runs\das_scanner_appearance_20260628T114046Z\chart_exports\event_day_details_grouped\0317_IPA_2024-10-28_push31.43_rebreak\04_event_day_detail_until_1600_ny.png,C:\TSIS_Data\00_CTO\13_TRADING_SYSTEMS\03_STRATEGY_LIBRARY\LONG\DAS\runs\das_scanner_appearance_20260628T114046Z\chart_exports\event_day_details_grouped\0317_IPA_2024-10-28_push31.43_rebreak\05_daily_context.png,das_scanner_appearance:IPA:2024-10-28T11:31:00+00:00,IPA,2024-10-28,31.4331,31.4331,,,10.0157,13.235294117647053,35.73367623946278,39.70588235294116,35.7337,23.3766,23.3766,rebreak_confirmed,16.9584,vwap_reclaim_rebreak,2024-10-28 07:38:00 EDT,2024-10-28 07:41:00 EDT,1.9975,green_wick_dip_reactivation
318,C:\TSIS_Data\00_CTO\13_TRADING_SYSTEMS\03_STRATEGY_LIBRARY\LONG\DAS\runs\das_scanner_appearance_20260628T114046Z\chart_exports\event_day_details_grouped\0318_SNTI_2025-12-09_push31.33_rebreak,C:\TSIS_Data\00_CTO\13_TRADING_SYSTEMS\03_STRATEGY_LIBRARY\LONG\DAS\runs\das_scanner_appearance_20260628T114046Z\chart_exports\event_day_details_grouped\0318_SNTI_2025-12-09_push31.33_rebreak\02_three_day_overview.png,C:\TSIS_Data\00_CTO\13_TRADING_SYSTEMS\03_STRATEGY_LIBRARY\LONG\DAS\runs\das_scanner_appearance_20260628T114046Z\chart_exports\event_day_details_grouped\0318_SNTI_2025-12-09_push31.33_rebreak\03_event_day_premarket_detail.png,C:\TSIS_Data\00_CTO\13_TRADING_SYSTEMS\03_STRATEGY_LIBRARY\LONG\DAS\runs\das_scanner_appearance_20260628T114046Z\chart_exports\event_day_details_grouped\0318_SNTI_2025-12-09_push31.33_rebreak\04_event_day_detail_until_1600_ny.png,C:\TSIS_Data\00_CTO\13_TRADING_SYSTEMS\03_STRATEGY_LIBRARY\LONG\DAS\runs\das_scanner_appearance_20260628T114046Z\chart_exports\event_day_details_grouped\0318_SNTI_2025-12-09_push31.33_rebreak\05_daily_context.png,das_scanner_appearance:SNTI:2025-12-09T12:04:00+00:00,SNTI,2025-12-09,31.3253,31.3253,50.2008032128514,57.80590717299579,19.6787,25.738396624472564,60.642570281124485,68.77637130801688,60.6426,34.2282,34.2282,rebreak_confirmed,13.1498,vwap_reclaim_rebreak,2025-12-09 07:18:00 EST,2025-12-09 07:20:00 EST,1.8127,green_wick_dip_reactivation
319,C:\TSIS_Data\00_CTO\13_TRADING_SYSTEMS\03_STRATEGY_LIBRARY\LONG\DAS\runs\das_scanner_appearance_20260628T114046Z\chart_exports\event_day_details_grouped\0319_SIDU_2025-12-22_push31.29_rebreak,C:\TSIS_Data\00_CTO\13_TRADING_SYSTEMS\03_STRATEGY_LIBRARY\LONG\DAS\runs\das_scanner_appearance_20260628T114046Z\chart_exports\event_day_details_grouped\0319_SIDU_2025-12-22_push31.29_rebreak\02_three_day_overview.png,C:\TSIS_Data\00_CTO\13_TRADING_SYSTEMS\03_STRATEGY_LIBRARY\LONG\DAS\runs\das_scanner_appearance_20260628T114046Z\chart_exports\event_day_details_grouped\0319_SIDU_2025-12-22_push31.29_rebreak\03_event_day_premarket_detail.png,C:\TSIS_Data\00_CTO\13_TRADING_SYSTEMS\03_STRATEGY_LIBRARY\LONG\DAS\runs\das_scanner_appearance_20260628T114046Z\chart_exports\event_day_details_grouped\0319_SIDU_2025-12-22_push31.29_rebreak\04_event_day_detail_until_1600_ny.png,C:\TSIS_Data\00_CTO\13_TRADING_SYSTEMS\03_STRATEGY_LIBRARY\LONG\DAS\runs\das_scanner_appearance_20260628T114046Z\chart_exports\event_day_details_grouped\0319_SIDU_2025-12-22_push31.29_rebreak\05_daily_context.png,das_scanner_appearance:SIDU:2025-12-22T09:08:00+00:00,SIDU,2025-12-22,31.2925,31.2925,,,-4.7619,22.80701754385965,40.81632653061224,81.57894736842105,40.8163,47.8571,47.8571,rebreak_confirmed,5.1813,multi_candle_flag_break,2025-12-22 09:05:00 EST,2025-12-22 09:07:00 EST,0.2611,green_wick_dip_reactivation
320,C:\TSIS_Data\00_CTO\13_TRADING_SYSTEMS\03_STRATEGY_LIBRARY\LONG\DAS\runs\das_scanner_appearance_20260628T114046Z\chart_exports\event_day_details_grouped\0320_GLE_2025-10-30_push31.25_rebreak,C:\TSIS_Data\00_CTO\13_TRADING_SYSTEMS\03_STRATEGY_LIBRARY\LONG\DAS\runs\das_scanner_appearance_20260628T114046Z\chart_exports\event_day_details_grouped\0320_GLE_2025-10-30_push31.25_rebreak\02_three_day_overview.png,C:\TSIS_Data\00_CTO\13_TRADING_SYSTEMS\03_STRATEGY_LIBRARY\LONG\DAS\runs\das_scanner_appearance_20260628T114046Z\chart_exports\event_day_details_grouped\0320_GLE_2025-10-30_push31.25_rebreak\03_event_day_premarket_detail.png,C:\TSIS_Data\00_CTO\13_TRADING_SYSTEMS\03_STRATEGY_LIBRARY\LONG\DAS\runs\das_scanner_appearance_20260628T114046Z\chart_exports\event_day_details_grouped\0320_GLE_2025-10-30_push31.25_rebreak\04_event_day_detail_until_1600_ny.png,C:\TSIS_Data\00_CTO\13_TRADING_SYSTEMS\03_STRATEGY_LIBRARY\LONG\DAS\runs\das_scanner_appearance_20260628T114046Z\chart_exports\event_day_details_grouped\0320_GLE_2025-10-30_push31.25_rebreak\05_daily_context.png,das_scanner_appearance:GLE:2025-10-30T08:04:00+00:00,GLE,2025-10-30,31.25,31.25,52.49999999999999,86.94452957401165,19.4625,46.444989273674544,66.25,103.80018387986519,66.25,39.165,39.165,rebreak_confirmed,16.1905,vwap_reclaim_rebreak,2025-10-30 04:09:00 EDT,2025-10-30 04:10:00 EDT,1.8598,green_wick_dip_new_high
321,C:\TSIS_Data\00_CTO\13_TRADING_SYSTEMS\03_STRATEGY_LIBRARY\LONG\DAS\runs\das_scanner_appearance_20260628T114046Z\chart_exports\event_day_details_grouped\0321_BDTX_2024-09-23_push31.20_rebreak,C:\TSIS_Data\00_CTO\13_TRADING_SYSTEMS\03_STRATEGY_LIBRARY\LONG\DAS\runs\das_scanner_appearance_20260628T114046Z\chart_exports\event_day_details_grouped\0321_BDTX_2024-09-23_push31.20_rebreak\02_three_day_overview.png,C:\TSIS_Data\00_CTO\13_TRADING_SYSTEMS\03_STRATEGY_LIBRARY\LONG\DAS\runs\das_scanner_appearance_20260628T114046Z\chart_exports\event_day_details_grouped\0321_BDTX_2024-09-23_push31.20_rebreak\03_event_day_premarket_detail.png,C:\TSIS_Data\00_CTO\13_TRADING_SYSTEMS\03_STRATEGY_LIBRARY\LONG\DAS\runs\das_scanner_appearance_20260628T114046Z\chart_exports\event_day_details_grouped\0321_BDTX_2024-09-23_push31.20_rebreak\04_event_day_detail_until_1600_ny.png,C:\TSIS_Data\00_CTO\13_TRADING_SYSTEMS\03_STRATEGY_LIBRARY\LONG\DAS\runs\das_scanner_appearance_20260628T114046Z\chart_exports\event_day_details_grouped\0321_BDTX_2024-09-23_push31.20_rebreak\05_daily_context.png,das_scanner_appearance:BDTX:2024-09-23T11:06:00+00:00,BDTX,2024-09-23,31.203,31.203,,,18.0451,31.932773109243705,38.15789473684209,54.41176470588235,38.1579,17.0382,17.0382,rebreak_confirmed,8.3095,multi_candle_flag_break,2024-09-23 07:28:00 EDT,2024-09-23 07:31:00 EDT,1.0355,green_wick_dip_new_high
322,C:\TSIS_Data\00_CTO\13_TRADING_SYSTEMS\03_STRATEGY_LIBRARY\LONG\DAS\runs\das_scanner_appearance_20260628T114046Z\chart_exports\event_day_details_grouped\0322_REPL_2025-07-30_push31.16_rebreak,C:\TSIS_Data\00_CTO\13_TRADING_SYSTEMS\03_STRATEGY_LIBRARY\LONG\DAS\runs\das_scanner_appearance_20260628T114046Z\chart_exports\event_day_details_grouped\0322_REPL_2025-07-30_push31.16_rebreak\02_three_day_overview.png,C:\TSIS_Data\00_CTO\13_TRADING_SYSTEMS\03_STRATEGY_LIBRARY\LONG\DAS\runs\das_scanner_appearance_20260628T114046Z\chart_exports\event_day_details_grouped\0322_REPL_2025-07-30_push31.16_rebreak\03_event_day_premarket_detail.png,C:\TSIS_Data\00_CTO\13_TRADING_SYSTEMS\03_STRATEGY_LIBRARY\LONG\DAS\runs\das_scanner_appearance_20260628T114046Z\chart_exports\event_day_details_grouped\0322_REPL_2025-07-30_push31.16_rebreak\04_event_day_detail_until_1600_ny.png,C:\TSIS_Data\00_CTO\13_TRADING_SYSTEMS\03_STRATEGY_LIBRARY\LONG\DAS\runs\das_scanner_appearance_20260628T114046Z\chart_exports\event_day_details_grouped\0322_REPL_2025-07-30_push31.16_rebreak\05_daily_context.png,das_scanner_appearance:REPL:2025-07-30T08:02:00+00:00,REPL,2025-07-30,31.1628,31.1628,50.000000000000014,71.54255319148938,21.8605,39.36170212765958,64.41860465116281,88.03191489361704,64.4186,34.9237,34.9237,rebreak_confirmed,12.234,ascending_flag_break,2025-07-30 04:06:00 EDT,2025-07-30 04:08:00 EDT,1.6667,green_wick_dip_new_high
323,C:\TSIS_Data\00_CTO\13_TRADING_SYSTEMS\03_STRATEGY_LIBRARY\LONG\DAS\runs\das_scanner_appearance_20260628T114046Z\chart_exports\event_day_details_grouped\0323_EVGO_2024-10-03_push30.98_rebreak,C:\TSIS_Data\00_CTO\13_TRADING_SYSTEMS\03_STRATEGY_LIBRARY\LONG\DAS\runs\das_scanner_appearance_20260628T114046Z\chart_exports\event_day_details_grouped\0323_EVGO_2024-10-03_push30.98_rebreak\02_three_day_overview.png,C:\TSIS_Data\00_CTO\13_TRADING_SYSTEMS\03_STRATEGY_LIBRARY\LONG\DAS\runs\das_scanner_appearance_20260628T114046Z\chart_exports\event_day_details_grouped\0323_EVGO_2024-10-03_push30.98_rebreak\03_event_day_premarket_detail.png,C:\TSIS_Data\00_CTO\13_TRADING_SYSTEMS\03_STRATEGY_LIBRARY\LONG\DAS\runs\das_scanner_appearance_20260628T114046Z\chart_exports\event_day_details_grouped\0323_EVGO_2024-10-03_push30.98_rebreak\04_event_day_detail_until_1600_ny.png,C:\TSIS_Data\00_CTO\13_TRADING_SYSTEMS\03_STRATEGY_LIBRARY\LONG\DAS\runs\das_scanner_appearance_20260628T114046Z\chart_exports\event_day_details_grouped\0323_EVGO_2024-10-03_push30.98_rebreak\05_daily_context.png,das_scanner_appearance:EVGO:2024-10-03T12:14:00+00:00,EVGO,2024-10-03,30.9756,30.9756,,,14.1463,19.083969465648842,30.975609756097576,36.6412213740458,30.9756,14.7436,14.7436,rebreak_confirmed,3.7244,flat_shelf_break,2024-10-03 09:24:00 EDT,2024-10-03 09:29:00 EDT,0.1976,green_wick_dip_reactivation
324,C:\TSIS_Data\00_CTO\13_TRADING_SYSTEMS\03_STRATEGY_LIBRARY\LONG\DAS\runs\das_scanner_appearance_20260628T114046Z\chart_exports\event_day_details_grouped\0324_QUBT_2024-12-17_push30.93_rebreak,C:\TSIS_Data\00_CTO\13_TRADING_SYSTEMS\03_STRATEGY_LIBRARY\LONG\DAS\runs\das_scanner_appearance_20260628T114046Z\chart_exports\event_day_details_grouped\0324_QUBT_2024-12-17_push30.93_rebreak\02_three_day_overview.png,C:\TSIS_Data\00_CTO\13_TRADING_SYSTEMS\03_STRATEGY_LIBRARY\LONG\DAS\runs\das_scanner_appearance_20260628T114046Z\chart_exports\event_day_details_grouped\0324_QUBT_2024-12-17_push30.93_rebreak\03_event_day_premarket_detail.png,C:\TSIS_Data\00_CTO\13_TRADING_SYSTEMS\03_STRATEGY_LIBRARY\LONG\DAS\runs\das_scanner_appearance_20260628T114046Z\chart_exports\event_day_details_grouped\0324_QUBT_2024-12-17_push30.93_rebreak\04_event_day_detail_until_1600_ny.png,C:\TSIS_Data\00_CTO\13_TRADING_SYSTEMS\03_STRATEGY_LIBRARY\LONG\DAS\runs\das_scanner_appearance_20260628T114046Z\chart_exports\event_day_details_grouped\0324_QUBT_2024-12-17_push30.93_rebreak\05_daily_context.png,das_scanner_appearance:QUBT:2024-12-17T09:16:00+00:00,QUBT,2024-12-17,30.9315,30.9315,,,7.645,10.60948081264109,30.931458699472753,34.53724604966141,30.9315,21.6327,21.6327,rebreak_confirmed,5.0336,ascending_flag_break,2024-12-17 09:01:00 EST,2024-12-17 09:07:00 EST,0.211,green_wick_dip_reactivation
325,C:\TSIS_Data\00_CTO\13_TRADING_SYSTEMS\03_STRATEGY_LIBRARY\LONG\DAS\runs\das_scanner_appearance_20260628T114046Z\chart_exports\event_day_details_grouped\0325_BTAI_2026-03-05_push30.91_rebreak,C:\TSIS_Data\00_CTO\13_TRADING_SYSTEMS\03_STRATEGY_LIBRARY\LONG\DAS\runs\das_scanner_appearance_20260628T114046Z\chart_exports\event_day_details_grouped\0325_BTAI_2026-03-05_push30.91_rebreak\02_three_day_overview.png,C:\TSIS_Data\00_CTO\13_TRADING_SYSTEMS\03_STRATEGY_LIBRARY\LONG\DAS\runs\das_scanner_appearance_20260628T114046Z\chart_exports\event_day_details_grouped\0325_BTAI_2026-03-05_push30.91_rebreak\03_event_day_premarket_detail.png,C:\TSIS_Data\00_CTO\13_TRADING_SYSTEMS\03_STRATEGY_LIBRARY\LONG\DAS\runs\das_scanner_appearance_20260628T114046Z\chart_exports\event_day_details_grouped\0325_BTAI_2026-03-05_push30.91_rebreak\04_event_day_detail_until_1600_ny.png,C:\TSIS_Data\00_CTO\13_TRADING_SYSTEMS\03_STRATEGY_LIBRARY\LONG\DAS\runs\das_scanner_appearance_20260628T114046Z\chart_exports\event_day_details_grouped\0325_BTAI_2026-03-05_push30.91_rebreak\05_daily_context.png,das_scanner_appearance:BTAI:2026-03-05T12:04:00+00:00,BTAI,2026-03-05,30.9091,30.9091,,,26.6667,26.666666666666668,32.12121212121214,32.12121212121214,32.1212,4.3062,4.3062,rebreak_confirmed,9.4907,vwap_reclaim_rebreak,2026-03-05 07:10:00 EST,2026-03-05 07:12:00 EST,0.2545,green_wick_dip_reactivation
326,C:\TSIS_Data\00_CTO\13_TRADING_SYSTEMS\03_STRATEGY_LIBRARY\LONG\DAS\runs\das_scanner_appearance_20260628T114046Z\chart_exports\event_day_details_grouped\0326_GLMD_2024-09-19_push30.87_rebreak,C:\TSIS_Data\00_CTO\13_TRADING_SYSTEMS\03_STRATEGY_LIBRARY\LONG\DAS\runs\das_scanner_appearance_20260628T114046Z\chart_exports\event_day_details_grouped\0326_GLMD_2024-09-19_push30.87_rebreak\02_three_day_overview.png,C:\TSIS_Data\00_CTO\13_TRADING_SYSTEMS\03_STRATEGY_LIBRARY\LONG\DAS\runs\das_scanner_appearance_20260628T114046Z\chart_exports\event_day_details_grouped\0326_GLMD_2024-09-19_push30.87_rebreak\03_event_day_premarket_detail.png,C:\TSIS_Data\00_CTO\13_TRADING_SYSTEMS\03_STRATEGY_LIBRARY\LONG\DAS\runs\das_scanner_appearance_20260628T114046Z\chart_exports\event_day_details_grouped\0326_GLMD_2024-09-19_push30.87_rebreak\04_event_day_detail_until_1600_ny.png,C:\TSIS_Data\00_CTO\13_TRADING_SYSTEMS\03_STRATEGY_LIBRARY\LONG\DAS\runs\das_scanner_appearance_20260628T114046Z\chart_exports\event_day_details_grouped\0326_GLMD_2024-09-19_push30.87_rebreak\05_daily_context.png,das_scanner_appearance:GLMD:2024-09-19T11:07:00+00:00,GLMD,2024-09-19,30.8696,30.8696,53.47826086956521,54.596283265937714,26.8116,27.735361527568937,59.42028985507245,60.5815973489438,59.4203,25.7143,25.7143,rebreak_confirmed,10.299,vwap_reclaim_rebreak,2024-09-19 07:13:00 EDT,2024-09-19 07:28:00 EDT,1.2195,green_wick_dip_new_high
327,C:\TSIS_Data\00_CTO\13_TRADING_SYSTEMS\03_STRATEGY_LIBRARY\LONG\DAS\runs\das_scanner_appearance_20260628T114046Z\chart_exports\event_day_details_grouped\0327_AIRE_2025-05-16_push30.83_rebreak,C:\TSIS_Data\00_CTO\13_TRADING_SYSTEMS\03_STRATEGY_LIBRARY\LONG\DAS\runs\das_scanner_appearance_20260628T114046Z\chart_exports\event_day_details_grouped\0327_AIRE_2025-05-16_push30.83_rebreak\02_three_day_overview.png,C:\TSIS_Data\00_CTO\13_TRADING_SYSTEMS\03_STRATEGY_LIBRARY\LONG\DAS\runs\das_scanner_appearance_20260628T114046Z\chart_exports\event_day_details_grouped\0327_AIRE_2025-05-16_push30.83_rebreak\03_event_day_premarket_detail.png,C:\TSIS_Data\00_CTO\13_TRADING_SYSTEMS\03_STRATEGY_LIBRARY\LONG\DAS\runs\das_scanner_appearance_20260628T114046Z\chart_exports\event_day_details_grouped\0327_AIRE_2025-05-16_push30.83_rebreak\04_event_day_detail_until_1600_ny.png,C:\TSIS_Data\00_CTO\13_TRADING_SYSTEMS\03_STRATEGY_LIBRARY\LONG\DAS\runs\das_scanner_appearance_20260628T114046Z\chart_exports\event_day_details_grouped\0327_AIRE_2025-05-16_push30.83_rebreak\05_daily_context.png,das_scanner_appearance:AIRE:2025-05-16T11:16:00+00:00,AIRE,2025-05-16,30.831,30.831,,,29.5775,32.013201320132026,34.36619718309859,36.891950064571674,34.3662,3.6957,3.6957,rebreak_confirmed,6.3947,vwap_reclaim_rebreak,2025-05-16 07:28:00 EDT,2025-05-16 07:33:00 EDT,10.504,green_wick_dip_reactivation
328,C:\TSIS_Data\00_CTO\13_TRADING_SYSTEMS\03_STRATEGY_LIBRARY\LONG\DAS\runs\das_scanner_appearance_20260628T114046Z\chart_exports\event_day_details_grouped\0328_MNDR_2025-11-21_push30.77_rebreak,C:\TSIS_Data\00_CTO\13_TRADING_SYSTEMS\03_STRATEGY_LIBRARY\LONG\DAS\runs\das_scanner_appearance_20260628T114046Z\chart_exports\event_day_details_grouped\0328_MNDR_2025-11-21_push30.77_rebreak\02_three_day_overview.png,C:\TSIS_Data\00_CTO\13_TRADING_SYSTEMS\03_STRATEGY_LIBRARY\LONG\DAS\runs\das_scanner_appearance_20260628T114046Z\chart_exports\event_day_details_grouped\0328_MNDR_2025-11-21_push30.77_rebreak\03_event_day_premarket_detail.png,C:\TSIS_Data\00_CTO\13_TRADING_SYSTEMS\03_STRATEGY_LIBRARY\LONG\DAS\runs\das_scanner_appearance_20260628T114046Z\chart_exports\event_day_details_grouped\0328_MNDR_2025-11-21_push30.77_rebreak\04_event_day_detail_until_1600_ny.png,C:\TSIS_Data\00_CTO\13_TRADING_SYSTEMS\03_STRATEGY_LIBRARY\LONG\DAS\runs\das_scanner_appearance_20260628T114046Z\chart_exports\event_day_details_grouped\0328_MNDR_2025-11-21_push30.77_rebreak\05_daily_context.png,das_scanner_appearance:MNDR:2025-11-21T09:14:00+00:00,MNDR,2025-11-21,30.7692,30.7692,,,-1.9851,30.363036303630373,33.25062034739453,77.22772277227725,33.2506,35.9494,35.9494,rebreak_confirmed,4.9336,multi_candle_flag_break,2025-11-21 04:37:00 EST,2025-11-21 04:41:00 EST,0.7813,green_wick_dip_new_high
329,C:\TSIS_Data\00_CTO\13_TRADING_SYSTEMS\03_STRATEGY_LIBRARY\LONG\DAS\runs\das_scanner_appearance_20260628T114046Z\chart_exports\event_day_details_grouped\0329_AZI_2025-12-17_push30.68_rebreak,C:\TSIS_Data\00_CTO\13_TRADING_SYSTEMS\03_STRATEGY_LIBRARY\LONG\DAS\runs\das_scanner_appearance_20260628T114046Z\chart_exports\event_day_details_grouped\0329_AZI_2025-12-17_push30.68_rebreak\02_three_day_overview.png,C:\TSIS_Data\00_CTO\13_TRADING_SYSTEMS\03_STRATEGY_LIBRARY\LONG\DAS\runs\das_scanner_appearance_20260628T114046Z\chart_exports\event_day_details_grouped\0329_AZI_2025-12-17_push30.68_rebreak\03_event_day_premarket_detail.png,C:\TSIS_Data\00_CTO\13_TRADING_SYSTEMS\03_STRATEGY_LIBRARY\LONG\DAS\runs\das_scanner_appearance_20260628T114046Z\chart_exports\event_day_details_grouped\0329_AZI_2025-12-17_push30.68_rebreak\04_event_day_detail_until_1600_ny.png,C:\TSIS_Data\00_CTO\13_TRADING_SYSTEMS\03_STRATEGY_LIBRARY\LONG\DAS\runs\das_scanner_appearance_20260628T114046Z\chart_exports\event_day_details_grouped\0329_AZI_2025-12-17_push30.68_rebreak\05_daily_context.png,das_scanner_appearance:AZI:2025-12-17T12:17:00+00:00,AZI,2025-12-17,30.6818,30.6818,,,24.4318,17.112299465240632,42.04545454545455,33.689839572192504,42.0455,14.1553,14.1553,rebreak_confirmed,6.087,last_red_high_break,2025-12-17 07:20:00 EST,2025-12-17 07:22:00 EST,3.0435,green_wick_dip_reactivation
330,C:\TSIS_Data\00_CTO\13_TRADING_SYSTEMS\03_STRATEGY_LIBRARY\LONG\DAS\runs\das_scanner_appearance_20260628T114046Z\chart_exports\event_day_details_grouped\0330_FUBO_2025-01-06_push30.56_rebreak,C:\TSIS_Data\00_CTO\13_TRADING_SYSTEMS\03_STRATEGY_LIBRARY\LONG\DAS\runs\das_scanner_appearance_20260628T114046Z\chart_exports\event_day_details_grouped\0330_FUBO_2025-01-06_push30.56_rebreak\02_three_day_overview.png,C:\TSIS_Data\00_CTO\13_TRADING_SYSTEMS\03_STRATEGY_LIBRARY\LONG\DAS\runs\das_scanner_appearance_20260628T114046Z\chart_exports\event_day_details_grouped\0330_FUBO_2025-01-06_push30.56_rebreak\03_event_day_premarket_detail.png,C:\TSIS_Data\00_CTO\13_TRADING_SYSTEMS\03_STRATEGY_LIBRARY\LONG\DAS\runs\das_scanner_appearance_20260628T114046Z\chart_exports\event_day_details_grouped\0330_FUBO_2025-01-06_push30.56_rebreak\04_event_day_detail_until_1600_ny.png,C:\TSIS_Data\00_CTO\13_TRADING_SYSTEMS\03_STRATEGY_LIBRARY\LONG\DAS\runs\das_scanner_appearance_20260628T114046Z\chart_exports\event_day_details_grouped\0330_FUBO_2025-01-06_push30.56_rebreak\05_daily_context.png,das_scanner_appearance:FUBO:2025-01-06T12:00:00+00:00,FUBO,2025-01-06,30.5556,30.5556,50.69444444444444,51.74825174825175,19.4444,20.279720279720284,236.11111111111111,238.4615384615385,236.1111,181.3953,181.3953,rebreak_confirmed,23.4043,vwap_reclaim_rebreak,2025-01-06 07:23:00 EST,2025-01-06 07:24:00 EST,0.3021,green_wick_dip_new_high
331,C:\TSIS_Data\00_CTO\13_TRADING_SYSTEMS\03_STRATEGY_LIBRARY\LONG\DAS\runs\das_scanner_appearance_20260628T114046Z\chart_exports\event_day_details_grouped\0331_BYND_2025-10-22_push30.47_rebreak,C:\TSIS_Data\00_CTO\13_TRADING_SYSTEMS\03_STRATEGY_LIBRARY\LONG\DAS\runs\das_scanner_appearance_20260628T114046Z\chart_exports\event_day_details_grouped\0331_BYND_2025-10-22_push30.47_rebreak\02_three_day_overview.png,C:\TSIS_Data\00_CTO\13_TRADING_SYSTEMS\03_STRATEGY_LIBRARY\LONG\DAS\runs\das_scanner_appearance_20260628T114046Z\chart_exports\event_day_details_grouped\0331_BYND_2025-10-22_push30.47_rebreak\03_event_day_premarket_detail.png,C:\TSIS_Data\00_CTO\13_TRADING_SYSTEMS\03_STRATEGY_LIBRARY\LONG\DAS\runs\das_scanner_appearance_20260628T114046Z\chart_exports\event_day_details_grouped\0331_BYND_2025-10-22_push30.47_rebreak\04_event_day_detail_until_1600_ny.png,C:\TSIS_Data\00_CTO\13_TRADING_SYSTEMS\03_STRATEGY_LIBRARY\LONG\DAS\runs\das_scanner_appearance_20260628T114046Z\chart_exports\event_day_details_grouped\0331_BYND_2025-10-22_push30.47_rebreak\05_daily_context.png,das_scanner_appearance:BYND:2025-10-22T08:00:00+00:00,BYND,2025-10-22,30.4703,30.4703,51.53374233128836,104.68482404287056,3.272,39.49505552179437,81.18609406952966,144.7378597867521,81.1861,75.4455,75.4455,rebreak_confirmed,4.7022,single_candle_rebreak,2025-10-22 04:53:00 EDT,2025-10-22 04:54:00 EDT,0.3125,green_wick_dip_new_high
332,C:\TSIS_Data\00_CTO\13_TRADING_SYSTEMS\03_STRATEGY_LIBRARY\LONG\DAS\runs\das_scanner_appearance_20260628T114046Z\chart_exports\event_day_details_grouped\0332_INMB_2025-08-04_push30.27_rebreak,C:\TSIS_Data\00_CTO\13_TRADING_SYSTEMS\03_STRATEGY_LIBRARY\LONG\DAS\runs\das_scanner_appearance_20260628T114046Z\chart_exports\event_day_details_grouped\0332_INMB_2025-08-04_push30.27_rebreak\02_three_day_overview.png,C:\TSIS_Data\00_CTO\13_TRADING_SYSTEMS\03_STRATEGY_LIBRARY\LONG\DAS\runs\das_scanner_appearance_20260628T114046Z\chart_exports\event_day_details_grouped\0332_INMB_2025-08-04_push30.27_rebreak\03_event_day_premarket_detail.png,C:\TSIS_Data\00_CTO\13_TRADING_SYSTEMS\03_STRATEGY_LIBRARY\LONG\DAS\runs\das_scanner_appearance_20260628T114046Z\chart_exports\event_day_details_grouped\0332_INMB_2025-08-04_push30.27_rebreak\04_event_day_detail_until_1600_ny.png,C:\TSIS_Data\00_CTO\13_TRADING_SYSTEMS\03_STRATEGY_LIBRARY\LONG\DAS\runs\das_scanner_appearance_20260628T114046Z\chart_exports\event_day_details_grouped\0332_INMB_2025-08-04_push30.27_rebreak\05_daily_context.png,das_scanner_appearance:INMB:2025-08-04T12:03:00+00:00,INMB,2025-08-04,30.2682,30.2682,,,20.6897,22.807017543859647,38.697318007662844,41.130604288499036,38.6973,14.9206,14.9206,rebreak_confirmed,15.2941,vwap_reclaim_rebreak,2025-08-04 08:15:00 EDT,2025-08-04 08:16:00 EDT,0.6472,green_wick_dip_new_high
333,C:\TSIS_Data\00_CTO\13_TRADING_SYSTEMS\03_STRATEGY_LIBRARY\LONG\DAS\runs\das_scanner_appearance_20260628T114046Z\chart_exports\event_day_details_grouped\0333_CPIX_2024-12-10_push30.16_rebreak,C:\TSIS_Data\00_CTO\13_TRADING_SYSTEMS\03_STRATEGY_LIBRARY\LONG\DAS\runs\das_scanner_appearance_20260628T114046Z\chart_exports\event_day_details_grouped\0333_CPIX_2024-12-10_push30.16_rebreak\02_three_day_overview.png,C:\TSIS_Data\00_CTO\13_TRADING_SYSTEMS\03_STRATEGY_LIBRARY\LONG\DAS\runs\das_scanner_appearance_20260628T114046Z\chart_exports\event_day_details_grouped\0333_CPIX_2024-12-10_push30.16_rebreak\03_event_day_premarket_detail.png,C:\TSIS_Data\00_CTO\13_TRADING_SYSTEMS\03_STRATEGY_LIBRARY\LONG\DAS\runs\das_scanner_appearance_20260628T114046Z\chart_exports\event_day_details_grouped\0333_CPIX_2024-12-10_push30.16_rebreak\04_event_day_detail_until_1600_ny.png,C:\TSIS_Data\00_CTO\13_TRADING_SYSTEMS\03_STRATEGY_LIBRARY\LONG\DAS\runs\das_scanner_appearance_20260628T114046Z\chart_exports\event_day_details_grouped\0333_CPIX_2024-12-10_push30.16_rebreak\05_daily_context.png,das_scanner_appearance:CPIX:2024-12-10T09:00:00+00:00,CPIX,2024-12-10,30.1587,30.1587,54.4973544973545,131.74603174603175,11.3757,67.06349206349206,71.95767195767196,157.93650793650792,71.9577,54.3943,54.3943,rebreak_confirmed,15.0407,ascending_flag_break,2024-12-10 04:04:00 EST,2024-12-10 04:07:00 EST,0.4545,green_wick_dip_reactivation
334,C:\TSIS_Data\00_CTO\13_TRADING_SYSTEMS\03_STRATEGY_LIBRARY\LONG\DAS\runs\das_scanner_appearance_20260628T114046Z\chart_exports\event_day_details_grouped\0334_PSTV_2025-03-27_push30.14_rebreak,C:\TSIS_Data\00_CTO\13_TRADING_SYSTEMS\03_STRATEGY_LIBRARY\LONG\DAS\runs\das_scanner_appearance_20260628T114046Z\chart_exports\event_day_details_grouped\0334_PSTV_2025-03-27_push30.14_rebreak\02_three_day_overview.png,C:\TSIS_Data\00_CTO\13_TRADING_SYSTEMS\03_STRATEGY_LIBRARY\LONG\DAS\runs\das_scanner_appearance_20260628T114046Z\chart_exports\event_day_details_grouped\0334_PSTV_2025-03-27_push30.14_rebreak\03_event_day_premarket_detail.png,C:\TSIS_Data\00_CTO\13_TRADING_SYSTEMS\03_STRATEGY_LIBRARY\LONG\DAS\runs\das_scanner_appearance_20260628T114046Z\chart_exports\event_day_details_grouped\0334_PSTV_2025-03-27_push30.14_rebreak\04_event_day_detail_until_1600_ny.png,C:\TSIS_Data\00_CTO\13_TRADING_SYSTEMS\03_STRATEGY_LIBRARY\LONG\DAS\runs\das_scanner_appearance_20260628T114046Z\chart_exports\event_day_details_grouped\0334_PSTV_2025-03-27_push30.14_rebreak\05_daily_context.png,das_scanner_appearance:PSTV:2025-03-27T12:08:00+00:00,PSTV,2025-03-27,30.137,30.137,,,22.6164,21.774028977620574,30.136986301369863,29.24290864567036,30.137,6.1334,6.1334,rebreak_confirmed,14.2105,ascending_flag_break,2025-03-27 08:14:00 EDT,2025-03-27 08:17:00 EDT,0.5809,green_wick_dip_reactivation
335,C:\TSIS_Data\00_CTO\13_TRADING_SYSTEMS\03_STRATEGY_LIBRARY\LONG\DAS\runs\das_scanner_appearance_20260628T114046Z\chart_exports\event_day_details_grouped\0335_PRSO_2025-09-05_push30.06_rebreak,C:\TSIS_Data\00_CTO\13_TRADING_SYSTEMS\03_STRATEGY_LIBRARY\LONG\DAS\runs\das_scanner_appearance_20260628T114046Z\chart_exports\event_day_details_grouped\0335_PRSO_2025-09-05_push30.06_rebreak\02_three_day_overview.png,C:\TSIS_Data\00_CTO\13_TRADING_SYSTEMS\03_STRATEGY_LIBRARY\LONG\DAS\runs\das_scanner_appearance_20260628T114046Z\chart_exports\event_day_details_grouped\0335_PRSO_2025-09-05_push30.06_rebreak\03_event_day_premarket_detail.png,C:\TSIS_Data\00_CTO\13_TRADING_SYSTEMS\03_STRATEGY_LIBRARY\LONG\DAS\runs\das_scanner_appearance_20260628T114046Z\chart_exports\event_day_details_grouped\0335_PRSO_2025-09-05_push30.06_rebreak\04_event_day_detail_until_1600_ny.png,C:\TSIS_Data\00_CTO\13_TRADING_SYSTEMS\03_STRATEGY_LIBRARY\LONG\DAS\runs\das_scanner_appearance_20260628T114046Z\chart_exports\event_day_details_grouped\0335_PRSO_2025-09-05_push30.06_rebreak\05_daily_context.png,das_scanner_appearance:PRSO:2025-09-05T11:02:00+00:00,PRSO,2025-09-05,30.0627,30.0627,52.8807758128922,63.414634146341484,24.3582,32.9268292682927,90.53051911009699,103.65853658536585,90.5305,53.211,53.211,rebreak_confirmed,15.3509,single_candle_rebreak,2025-09-05 07:05:00 EDT,2025-09-05 07:10:00 EDT,1.01,green_wick_dip_reactivation
336,C:\TSIS_Data\00_CTO\13_TRADING_SYSTEMS\03_STRATEGY_LIBRARY\LONG\DAS\runs\das_scanner_appearance_20260628T114046Z\chart_exports\event_day_details_grouped\0336_LIDR_2025-06-30_push30.03_rebreak,C:\TSIS_Data\00_CTO\13_TRADING_SYSTEMS\03_STRATEGY_LIBRARY\LONG\DAS\runs\das_scanner_appearance_20260628T114046Z\chart_exports\event_day_details_grouped\0336_LIDR_2025-06-30_push30.03_rebreak\02_three_day_overview.png,C:\TSIS_Data\00_CTO\13_TRADING_SYSTEMS\03_STRATEGY_LIBRARY\LONG\DAS\runs\das_scanner_appearance_20260628T114046Z\chart_exports\event_day_details_grouped\0336_LIDR_2025-06-30_push30.03_rebreak\03_event_day_premarket_detail.png,C:\TSIS_Data\00_CTO\13_TRADING_SYSTEMS\03_STRATEGY_LIBRARY\LONG\DAS\runs\das_scanner_appearance_20260628T114046Z\chart_exports\event_day_details_grouped\0336_LIDR_2025-06-30_push30.03_rebreak\04_event_day_detail_until_1600_ny.png,C:\TSIS_Data\00_CTO\13_TRADING_SYSTEMS\03_STRATEGY_LIBRARY\LONG\DAS\runs\das_scanner_appearance_20260628T114046Z\chart_exports\event_day_details_grouped\0336_LIDR_2025-06-30_push30.03_rebreak\05_daily_context.png,das_scanner_appearance:LIDR:2025-06-30T12:28:00+00:00,LIDR,2025-06-30,30.026,30.026,,,14.0228,26.638524772272813,30.026005201040213,44.41235281048657,30.026,14.0351,14.0351,rebreak_confirmed,21.5385,vwap_reclaim_rebreak,2025-06-30 09:15:00 EDT,2025-06-30 09:18:00 EDT,0.892,green_wick_dip_reactivation
337,C:\TSIS_Data\00_CTO\13_TRADING_SYSTEMS\03_STRATEGY_LIBRARY\LONG\DAS\runs\das_scanner_appearance_20260628T114046Z\chart_exports\event_day_details_grouped\0337_HBIO_2025-10-30_push30.00_rebreak,C:\TSIS_Data\00_CTO\13_TRADING_SYSTEMS\03_STRATEGY_LIBRARY\LONG\DAS\runs\das_scanner_appearance_20260628T114046Z\chart_exports\event_day_details_grouped\0337_HBIO_2025-10-30_push30.00_rebreak\02_three_day_overview.png,C:\TSIS_Data\00_CTO\13_TRADING_SYSTEMS\03_STRATEGY_LIBRARY\LONG\DAS\runs\das_scanner_appearance_20260628T114046Z\chart_exports\event_day_details_grouped\0337_HBIO_2025-10-30_push30.00_rebreak\03_event_day_premarket_detail.png,C:\TSIS_Data\00_CTO\13_TRADING_SYSTEMS\03_STRATEGY_LIBRARY\LONG\DAS\runs\das_scanner_appearance_20260628T114046Z\chart_exports\event_day_details_grouped\0337_HBIO_2025-10-30_push30.00_rebreak\04_event_day_detail_until_1600_ny.png,C:\TSIS_Data\00_CTO\13_TRADING_SYSTEMS\03_STRATEGY_LIBRARY\LONG\DAS\runs\das_scanner_appearance_20260628T114046Z\chart_exports\event_day_details_grouped\0337_HBIO_2025-10-30_push30.00_rebreak\05_daily_context.png,das_scanner_appearance:HBIO:2025-10-30T08:18:00+00:00,HBIO,2025-10-30,30.0,30.0,,,8.24,21.073825503355707,42.99999999999999,59.95525727069351,43.0,32.1138,32.1138,rebreak_confirmed,11.8154,vwap_reclaim_rebreak,2025-10-30 04:30:00 EDT,2025-10-30 04:32:00 EDT,2.5538,green_wick_dip_reactivation
338,C:\TSIS_Data\00_CTO\13_TRADING_SYSTEMS\03_STRATEGY_LIBRARY\LONG\DAS\runs\das_scanner_appearance_20260628T114046Z\chart_exports\event_day_details_grouped\0338_SDOT_2025-10-15_push29.96_rebreak,C:\TSIS_Data\00_CTO\13_TRADING_SYSTEMS\03_STRATEGY_LIBRARY\LONG\DAS\runs\das_scanner_appearance_20260628T114046Z\chart_exports\event_day_details_grouped\0338_SDOT_2025-10-15_push29.96_rebreak\02_three_day_overview.png,C:\TSIS_Data\00_CTO\13_TRADING_SYSTEMS\03_STRATEGY_LIBRARY\LONG\DAS\runs\das_scanner_appearance_20260628T114046Z\chart_exports\event_day_details_grouped\0338_SDOT_2025-10-15_push29.96_rebreak\03_event_day_premarket_detail.png,C:\TSIS_Data\00_CTO\13_TRADING_SYSTEMS\03_STRATEGY_LIBRARY\LONG\DAS\runs\das_scanner_appearance_20260628T114046Z\chart_exports\event_day_details_grouped\0338_SDOT_2025-10-15_push29.96_rebreak\04_event_day_detail_until_1600_ny.png,C:\TSIS_Data\00_CTO\13_TRADING_SYSTEMS\03_STRATEGY_LIBRARY\LONG\DAS\runs\das_scanner_appearance_20260628T114046Z\chart_exports\event_day_details_grouped\0338_SDOT_2025-10-15_push29.96_rebreak\05_daily_context.png,das_scanner_appearance:SDOT:2025-10-15T08:02:00+00:00,SDOT,2025-10-15,29.9578,29.9578,,,23.7975,182.65895953757226,45.99156118143461,233.33333333333331,45.9916,17.9277,17.9277,rebreak_confirmed,6.2338,vwap_reclaim_rebreak,2025-10-15 04:25:00 EDT,2025-10-15 04:27:00 EDT,0.6452,green_wick_dip_reactivation
339,C:\TSIS_Data\00_CTO\13_TRADING_SYSTEMS\03_STRATEGY_LIBRARY\LONG\DAS\runs\das_scanner_appearance_20260628T114046Z\chart_exports\event_day_details_grouped\0339_CYN_2025-07-02_push29.94_rebreak,C:\TSIS_Data\00_CTO\13_TRADING_SYSTEMS\03_STRATEGY_LIBRARY\LONG\DAS\runs\das_scanner_appearance_20260628T114046Z\chart_exports\event_day_details_grouped\0339_CYN_2025-07-02_push29.94_rebreak\02_three_day_overview.png,C:\TSIS_Data\00_CTO\13_TRADING_SYSTEMS\03_STRATEGY_LIBRARY\LONG\DAS\runs\das_scanner_appearance_20260628T114046Z\chart_exports\event_day_details_grouped\0339_CYN_2025-07-02_push29.94_rebreak\03_event_day_premarket_detail.png,C:\TSIS_Data\00_CTO\13_TRADING_SYSTEMS\03_STRATEGY_LIBRARY\LONG\DAS\runs\das_scanner_appearance_20260628T114046Z\chart_exports\event_day_details_grouped\0339_CYN_2025-07-02_push29.94_rebreak\04_event_day_detail_until_1600_ny.png,C:\TSIS_Data\00_CTO\13_TRADING_SYSTEMS\03_STRATEGY_LIBRARY\LONG\DAS\runs\das_scanner_appearance_20260628T114046Z\chart_exports\event_day_details_grouped\0339_CYN_2025-07-02_push29.94_rebreak\05_daily_context.png,das_scanner_appearance:CYN:2025-07-02T11:04:00+00:00,CYN,2025-07-02,29.9363,29.9363,,,21.0987,18.365758754863823,30.49363057324841,27.54863813229573,30.4936,7.7581,7.7581,rebreak_confirmed,13.7868,single_candle_rebreak,2025-07-02 07:06:00 EDT,2025-07-02 07:08:00 EDT,1.3743,green_wick_dip_new_high
340,C:\TSIS_Data\00_CTO\13_TRADING_SYSTEMS\03_STRATEGY_LIBRARY\LONG\DAS\runs\das_scanner_appearance_20260628T114046Z\chart_exports\event_day_details_grouped\0340_OGEN_2025-10-07_push29.92_rebreak,C:\TSIS_Data\00_CTO\13_TRADING_SYSTEMS\03_STRATEGY_LIBRARY\LONG\DAS\runs\das_scanner_appearance_20260628T114046Z\chart_exports\event_day_details_grouped\0340_OGEN_2025-10-07_push29.92_rebreak\02_three_day_overview.png,C:\TSIS_Data\00_CTO\13_TRADING_SYSTEMS\03_STRATEGY_LIBRARY\LONG\DAS\runs\das_scanner_appearance_20260628T114046Z\chart_exports\event_day_details_grouped\0340_OGEN_2025-10-07_push29.92_rebreak\03_event_day_premarket_detail.png,C:\TSIS_Data\00_CTO\13_TRADING_SYSTEMS\03_STRATEGY_LIBRARY\LONG\DAS\runs\das_scanner_appearance_20260628T114046Z\chart_exports\event_day_details_grouped\0340_OGEN_2025-10-07_push29.92_rebreak\04_event_day_detail_until_1600_ny.png,C:\TSIS_Data\00_CTO\13_TRADING_SYSTEMS\03_STRATEGY_LIBRARY\LONG\DAS\runs\das_scanner_appearance_20260628T114046Z\chart_exports\event_day_details_grouped\0340_OGEN_2025-10-07_push29.92_rebreak\05_daily_context.png,das_scanner_appearance:OGEN:2025-10-07T12:32:00+00:00,OGEN,2025-10-07,29.9213,29.9213,,,7.0866,4.454685099846394,29.921259842519675,26.72811059907833,29.9213,21.3235,21.3235,rebreak_confirmed,20.6061,ascending_flag_break,2025-10-07 08:36:00 EDT,2025-10-07 08:41:00 EDT,2.1471,green_wick_dip_new_high
341,C:\TSIS_Data\00_CTO\13_TRADING_SYSTEMS\03_STRATEGY_LIBRARY\LONG\DAS\runs\das_scanner_appearance_20260628T114046Z\chart_exports\event_day_details_grouped\0341_VSEE_2024-11-26_push29.80_rebreak,C:\TSIS_Data\00_CTO\13_TRADING_SYSTEMS\03_STRATEGY_LIBRARY\LONG\DAS\runs\das_scanner_appearance_20260628T114046Z\chart_exports\event_day_details_grouped\0341_VSEE_2024-11-26_push29.80_rebreak\02_three_day_overview.png,C:\TSIS_Data\00_CTO\13_TRADING_SYSTEMS\03_STRATEGY_LIBRARY\LONG\DAS\runs\das_scanner_appearance_20260628T114046Z\chart_exports\event_day_details_grouped\0341_VSEE_2024-11-26_push29.80_rebreak\03_event_day_premarket_detail.png,C:\TSIS_Data\00_CTO\13_TRADING_SYSTEMS\03_STRATEGY_LIBRARY\LONG\DAS\runs\das_scanner_appearance_20260628T114046Z\chart_exports\event_day_details_grouped\0341_VSEE_2024-11-26_push29.80_rebreak\04_event_day_detail_until_1600_ny.png,C:\TSIS_Data\00_CTO\13_TRADING_SYSTEMS\03_STRATEGY_LIBRARY\LONG\DAS\runs\das_scanner_appearance_20260628T114046Z\chart_exports\event_day_details_grouped\0341_VSEE_2024-11-26_push29.80_rebreak\05_daily_context.png,das_scanner_appearance:VSEE:2024-11-26T11:20:00+00:00,VSEE,2024-11-26,29.798,29.798,,,26.7677,45.904784049293724,45.45454545454545,67.41266058245655,45.4545,14.741,14.741,rebreak_confirmed,10.5058,vwap_reclaim_rebreak,2024-11-26 06:31:00 EST,2024-11-26 06:33:00 EST,0.3774,green_wick_dip_reactivation
342,C:\TSIS_Data\00_CTO\13_TRADING_SYSTEMS\03_STRATEGY_LIBRARY\LONG\DAS\runs\das_scanner_appearance_20260628T114046Z\chart_exports\event_day_details_grouped\0342_WINT_2025-07-02_push29.76_rebreak,C:\TSIS_Data\00_CTO\13_TRADING_SYSTEMS\03_STRATEGY_LIBRARY\LONG\DAS\runs\das_scanner_appearance_20260628T114046Z\chart_exports\event_day_details_grouped\0342_WINT_2025-07-02_push29.76_rebreak\02_three_day_overview.png,C:\TSIS_Data\00_CTO\13_TRADING_SYSTEMS\03_STRATEGY_LIBRARY\LONG\DAS\runs\das_scanner_appearance_20260628T114046Z\chart_exports\event_day_details_grouped\0342_WINT_2025-07-02_push29.76_rebreak\03_event_day_premarket_detail.png,C:\TSIS_Data\00_CTO\13_TRADING_SYSTEMS\03_STRATEGY_LIBRARY\LONG\DAS\runs\das_scanner_appearance_20260628T114046Z\chart_exports\event_day_details_grouped\0342_WINT_2025-07-02_push29.76_rebreak\04_event_day_detail_until_1600_ny.png,C:\TSIS_Data\00_CTO\13_TRADING_SYSTEMS\03_STRATEGY_LIBRARY\LONG\DAS\runs\das_scanner_appearance_20260628T114046Z\chart_exports\event_day_details_grouped\0342_WINT_2025-07-02_push29.76_rebreak\05_daily_context.png,das_scanner_appearance:WINT:2025-07-02T13:02:00+00:00,WINT,2025-07-02,29.7636,29.7636,54.54545454545453,55.963302752293565,14.5455,15.59633027522935,107.27272727272722,109.17431192660547,107.2727,80.9524,80.9524,rebreak_confirmed,13.395,ascending_flag_break,2025-07-02 09:06:00 EDT,2025-07-02 09:08:00 EDT,2.0294,green_wick_dip_reactivation
343,C:\TSIS_Data\00_CTO\13_TRADING_SYSTEMS\03_STRATEGY_LIBRARY\LONG\DAS\runs\das_scanner_appearance_20260628T114046Z\chart_exports\event_day_details_grouped\0343_IBIO_2024-03-27_push29.76_rebreak,C:\TSIS_Data\00_CTO\13_TRADING_SYSTEMS\03_STRATEGY_LIBRARY\LONG\DAS\runs\das_scanner_appearance_20260628T114046Z\chart_exports\event_day_details_grouped\0343_IBIO_2024-03-27_push29.76_rebreak\02_three_day_overview.png,C:\TSIS_Data\00_CTO\13_TRADING_SYSTEMS\03_STRATEGY_LIBRARY\LONG\DAS\runs\das_scanner_appearance_20260628T114046Z\chart_exports\event_day_details_grouped\0343_IBIO_2024-03-27_push29.76_rebreak\03_event_day_premarket_detail.png,C:\TSIS_Data\00_CTO\13_TRADING_SYSTEMS\03_STRATEGY_LIBRARY\LONG\DAS\runs\das_scanner_appearance_20260628T114046Z\chart_exports\event_day_details_grouped\0343_IBIO_2024-03-27_push29.76_rebreak\04_event_day_detail_until_1600_ny.png,C:\TSIS_Data\00_CTO\13_TRADING_SYSTEMS\03_STRATEGY_LIBRARY\LONG\DAS\runs\das_scanner_appearance_20260628T114046Z\chart_exports\event_day_details_grouped\0343_IBIO_2024-03-27_push29.76_rebreak\05_daily_context.png,das_scanner_appearance:IBIO:2024-03-27T08:08:00+00:00,IBIO,2024-03-27,29.7619,29.7619,55.35714285714286,126.95652173913044,2.9762,50.43478260869566,71.42857142857143,150.43478260869568,71.4286,66.474,66.474,rebreak_confirmed,9.1743,ascending_flag_break,2024-03-27 05:57:00 EDT,2024-03-27 05:58:00 EDT,1.9608,green_wick_dip_new_high
344,C:\TSIS_Data\00_CTO\13_TRADING_SYSTEMS\03_STRATEGY_LIBRARY\LONG\DAS\runs\das_scanner_appearance_20260628T114046Z\chart_exports\event_day_details_grouped\0344_IMNN_2025-05-23_push29.72_rebreak,C:\TSIS_Data\00_CTO\13_TRADING_SYSTEMS\03_STRATEGY_LIBRARY\LONG\DAS\runs\das_scanner_appearance_20260628T114046Z\chart_exports\event_day_details_grouped\0344_IMNN_2025-05-23_push29.72_rebreak\02_three_day_overview.png,C:\TSIS_Data\00_CTO\13_TRADING_SYSTEMS\03_STRATEGY_LIBRARY\LONG\DAS\runs\das_scanner_appearance_20260628T114046Z\chart_exports\event_day_details_grouped\0344_IMNN_2025-05-23_push29.72_rebreak\03_event_day_premarket_detail.png,C:\TSIS_Data\00_CTO\13_TRADING_SYSTEMS\03_STRATEGY_LIBRARY\LONG\DAS\runs\das_scanner_appearance_20260628T114046Z\chart_exports\event_day_details_grouped\0344_IMNN_2025-05-23_push29.72_rebreak\04_event_day_detail_until_1600_ny.png,C:\TSIS_Data\00_CTO\13_TRADING_SYSTEMS\03_STRATEGY_LIBRARY\LONG\DAS\runs\das_scanner_appearance_20260628T114046Z\chart_exports\event_day_details_grouped\0344_IMNN_2025-05-23_push29.72_rebreak\05_daily_context.png,das_scanner_appearance:IMNN:2025-05-23T12:12:00+00:00,IMNN,2025-05-23,29.7241,29.7241,51.425287356321824,82.2634200332042,24.1149,49.39125622578858,195.8620689655172,256.1151079136691,195.8621,138.3775,138.3775,rebreak_confirmed,7.5492,vwap_reclaim_rebreak,2025-05-23 08:25:00 EDT,2025-05-23 08:28:00 EDT,0.4545,green_wick_dip_reactivation
345,C:\TSIS_Data\00_CTO\13_TRADING_SYSTEMS\03_STRATEGY_LIBRARY\LONG\DAS\runs\das_scanner_appearance_20260628T114046Z\chart_exports\event_day_details_grouped\0345_AZI_2025-11-07_push29.69_rebreak,C:\TSIS_Data\00_CTO\13_TRADING_SYSTEMS\03_STRATEGY_LIBRARY\LONG\DAS\runs\das_scanner_appearance_20260628T114046Z\chart_exports\event_day_details_grouped\0345_AZI_2025-11-07_push29.69_rebreak\02_three_day_overview.png,C:\TSIS_Data\00_CTO\13_TRADING_SYSTEMS\03_STRATEGY_LIBRARY\LONG\DAS\runs\das_scanner_appearance_20260628T114046Z\chart_exports\event_day_details_grouped\0345_AZI_2025-11-07_push29.69_rebreak\03_event_day_premarket_detail.png,C:\TSIS_Data\00_CTO\13_TRADING_SYSTEMS\03_STRATEGY_LIBRARY\LONG\DAS\runs\das_scanner_appearance_20260628T114046Z\chart_exports\event_day_details_grouped\0345_AZI_2025-11-07_push29.69_rebreak\04_event_day_detail_until_1600_ny.png,C:\TSIS_Data\00_CTO\13_TRADING_SYSTEMS\03_STRATEGY_LIBRARY\LONG\DAS\runs\das_scanner_appearance_20260628T114046Z\chart_exports\event_day_details_grouped\0345_AZI_2025-11-07_push29.69_rebreak\05_daily_context.png,das_scanner_appearance:AZI:2025-11-07T12:45:00+00:00,AZI,2025-11-07,29.6875,29.6875,,,5.2344,36.336032388663966,34.76562499999999,74.59514170040484,34.7656,28.0624,28.0624,rebreak_confirmed,7.0482,last_red_high_break,2025-11-07 08:31:00 EST,2025-11-07 08:32:00 EST,0.0607,green_wick_dip_new_high
346,C:\TSIS_Data\00_CTO\13_TRADING_SYSTEMS\03_STRATEGY_LIBRARY\LONG\DAS\runs\das_scanner_appearance_20260628T114046Z\chart_exports\event_day_details_grouped\0346_OBIO_2025-04-22_push29.69_rebreak,C:\TSIS_Data\00_CTO\13_TRADING_SYSTEMS\03_STRATEGY_LIBRARY\LONG\DAS\runs\das_scanner_appearance_20260628T114046Z\chart_exports\event_day_details_grouped\0346_OBIO_2025-04-22_push29.69_rebreak\02_three_day_overview.png,C:\TSIS_Data\00_CTO\13_TRADING_SYSTEMS\03_STRATEGY_LIBRARY\LONG\DAS\runs\das_scanner_appearance_20260628T114046Z\chart_exports\event_day_details_grouped\0346_OBIO_2025-04-22_push29.69_rebreak\03_event_day_premarket_detail.png,C:\TSIS_Data\00_CTO\13_TRADING_SYSTEMS\03_STRATEGY_LIBRARY\LONG\DAS\runs\das_scanner_appearance_20260628T114046Z\chart_exports\event_day_details_grouped\0346_OBIO_2025-04-22_push29.69_rebreak\04_event_day_detail_until_1600_ny.png,C:\TSIS_Data\00_CTO\13_TRADING_SYSTEMS\03_STRATEGY_LIBRARY\LONG\DAS\runs\das_scanner_appearance_20260628T114046Z\chart_exports\event_day_details_grouped\0346_OBIO_2025-04-22_push29.69_rebreak\05_daily_context.png,das_scanner_appearance:OBIO:2025-04-22T11:21:00+00:00,OBIO,2025-04-22,29.6875,29.6875,,,10.9375,24.343257443082305,33.43749999999998,49.56217162872153,33.4375,20.2817,20.2817,rebreak_confirmed,7.7108,single_candle_rebreak,2025-04-22 07:35:00 EDT,2025-04-22 07:43:00 EDT,0.8242,green_wick_dip_new_high
347,C:\TSIS_Data\00_CTO\13_TRADING_SYSTEMS\03_STRATEGY_LIBRARY\LONG\DAS\runs\das_scanner_appearance_20260628T114046Z\chart_exports\event_day_details_grouped\0347_OTLK_2025-09-29_push29.63_rebreak,C:\TSIS_Data\00_CTO\13_TRADING_SYSTEMS\03_STRATEGY_LIBRARY\LONG\DAS\runs\das_scanner_appearance_20260628T114046Z\chart_exports\event_day_details_grouped\0347_OTLK_2025-09-29_push29.63_rebreak\02_three_day_overview.png,C:\TSIS_Data\00_CTO\13_TRADING_SYSTEMS\03_STRATEGY_LIBRARY\LONG\DAS\runs\das_scanner_appearance_20260628T114046Z\chart_exports\event_day_details_grouped\0347_OTLK_2025-09-29_push29.63_rebreak\03_event_day_premarket_detail.png,C:\TSIS_Data\00_CTO\13_TRADING_SYSTEMS\03_STRATEGY_LIBRARY\LONG\DAS\runs\das_scanner_appearance_20260628T114046Z\chart_exports\event_day_details_grouped\0347_OTLK_2025-09-29_push29.63_rebreak\04_event_day_detail_until_1600_ny.png,C:\TSIS_Data\00_CTO\13_TRADING_SYSTEMS\03_STRATEGY_LIBRARY\LONG\DAS\runs\das_scanner_appearance_20260628T114046Z\chart_exports\event_day_details_grouped\0347_OTLK_2025-09-29_push29.63_rebreak\05_daily_context.png,das_scanner_appearance:OTLK:2025-09-29T12:55:00+00:00,OTLK,2025-09-29,29.6315,29.6315,67.39818311728078,66.1769176208329,17.8932,17.033134056135378,67.39818311728078,66.1769176208329,67.3982,41.9913,41.9913,rebreak_confirmed,8.6614,vwap_reclaim_rebreak,2025-09-29 09:05:00 EDT,2025-09-29 09:06:00 EDT,0.0077,green_wick_dip_new_high
348,C:\TSIS_Data\00_CTO\13_TRADING_SYSTEMS\03_STRATEGY_LIBRARY\LONG\DAS\runs\das_scanner_appearance_20260628T114046Z\chart_exports\event_day_details_grouped\0348_MWG_2025-12-24_push29.59_rebreak,C:\TSIS_Data\00_CTO\13_TRADING_SYSTEMS\03_STRATEGY_LIBRARY\LONG\DAS\runs\das_scanner_appearance_20260628T114046Z\chart_exports\event_day_details_grouped\0348_MWG_2025-12-24_push29.59_rebreak\02_three_day_overview.png,C:\TSIS_Data\00_CTO\13_TRADING_SYSTEMS\03_STRATEGY_LIBRARY\LONG\DAS\runs\das_scanner_appearance_20260628T114046Z\chart_exports\event_day_details_grouped\0348_MWG_2025-12-24_push29.59_rebreak\03_event_day_premarket_detail.png,C:\TSIS_Data\00_CTO\13_TRADING_SYSTEMS\03_STRATEGY_LIBRARY\LONG\DAS\runs\das_scanner_appearance_20260628T114046Z\chart_exports\event_day_details_grouped\0348_MWG_2025-12-24_push29.59_rebreak\04_event_day_detail_until_1600_ny.png,C:\TSIS_Data\00_CTO\13_TRADING_SYSTEMS\03_STRATEGY_LIBRARY\LONG\DAS\runs\das_scanner_appearance_20260628T114046Z\chart_exports\event_day_details_grouped\0348_MWG_2025-12-24_push29.59_rebreak\05_daily_context.png,das_scanner_appearance:MWG:2025-12-24T09:24:00+00:00,MWG,2025-12-24,29.5894,29.5894,55.07246376811595,153.65468194389567,-0.7488,62.34689845910706,55.07246376811595,153.65468194389567,55.0725,56.2424,56.2424,rebreak_confirmed,5.5359,flat_shelf_break,2025-12-24 05:39:00 EST,2025-12-24 05:40:00 EST,1.9817,green_wick_dip_new_high
349,C:\TSIS_Data\00_CTO\13_TRADING_SYSTEMS\03_STRATEGY_LIBRARY\LONG\DAS\runs\das_scanner_appearance_20260628T114046Z\chart_exports\event_day_details_grouped\0349_ATCH_2025-10-15_push29.55_rebreak,C:\TSIS_Data\00_CTO\13_TRADING_SYSTEMS\03_STRATEGY_LIBRARY\LONG\DAS\runs\das_scanner_appearance_20260628T114046Z\chart_exports\event_day_details_grouped\0349_ATCH_2025-10-15_push29.55_rebreak\02_three_day_overview.png,C:\TSIS_Data\00_CTO\13_TRADING_SYSTEMS\03_STRATEGY_LIBRARY\LONG\DAS\runs\das_scanner_appearance_20260628T114046Z\chart_exports\event_day_details_grouped\0349_ATCH_2025-10-15_push29.55_rebreak\03_event_day_premarket_detail.png,C:\TSIS_Data\00_CTO\13_TRADING_SYSTEMS\03_STRATEGY_LIBRARY\LONG\DAS\runs\das_scanner_appearance_20260628T114046Z\chart_exports\event_day_details_grouped\0349_ATCH_2025-10-15_push29.55_rebreak\04_event_day_detail_until_1600_ny.png,C:\TSIS_Data\00_CTO\13_TRADING_SYSTEMS\03_STRATEGY_LIBRARY\LONG\DAS\runs\das_scanner_appearance_20260628T114046Z\chart_exports\event_day_details_grouped\0349_ATCH_2025-10-15_push29.55_rebreak\05_daily_context.png,das_scanner_appearance:ATCH:2025-10-15T12:20:00+00:00,ATCH,2025-10-15,29.5466,29.5466,,,28.0518,28.179551122194507,30.941704035874434,31.072319201994997,30.9417,2.2568,2.2568,rebreak_confirmed,5.7692,single_candle_rebreak,2025-10-15 08:22:00 EDT,2025-10-15 08:24:00 EDT,0.5536,green_wick_dip_new_high
350,C:\TSIS_Data\00_CTO\13_TRADING_SYSTEMS\03_STRATEGY_LIBRARY\LONG\DAS\runs\das_scanner_appearance_20260628T114046Z\chart_exports\event_day_details_grouped\0350_RR_2024-08-07_push29.54_rebreak,C:\TSIS_Data\00_CTO\13_TRADING_SYSTEMS\03_STRATEGY_LIBRARY\LONG\DAS\runs\das_scanner_appearance_20260628T114046Z\chart_exports\event_day_details_grouped\0350_RR_2024-08-07_push29.54_rebreak\02_three_day_overview.png,C:\TSIS_Data\00_CTO\13_TRADING_SYSTEMS\03_STRATEGY_LIBRARY\LONG\DAS\runs\das_scanner_appearance_20260628T114046Z\chart_exports\event_day_details_grouped\0350_RR_2024-08-07_push29.54_rebreak\03_event_day_premarket_detail.png,C:\TSIS_Data\00_CTO\13_TRADING_SYSTEMS\03_STRATEGY_LIBRARY\LONG\DAS\runs\das_scanner_appearance_20260628T114046Z\chart_exports\event_day_details_grouped\0350_RR_2024-08-07_push29.54_rebreak\04_event_day_detail_until_1600_ny.png,C:\TSIS_Data\00_CTO\13_TRADING_SYSTEMS\03_STRATEGY_LIBRARY\LONG\DAS\runs\das_scanner_appearance_20260628T114046Z\chart_exports\event_day_details_grouped\0350_RR_2024-08-07_push29.54_rebreak\05_daily_context.png,das_scanner_appearance:RR:2024-08-07T08:18:00+00:00,RR,2024-08-07,29.5366,29.5366,51.219512195121965,65.77540106951871,21.9512,33.68983957219251,69.97560975609757,86.33689839572192,69.9756,39.38,39.38,rebreak_confirmed,4.7637,single_candle_rebreak,2024-08-07 04:22:00 EDT,2024-08-07 04:23:00 EDT,2.2803,green_wick_dip_reactivation
351,C:\TSIS_Data\00_CTO\13_TRADING_SYSTEMS\03_STRATEGY_LIBRARY\LONG\DAS\runs\das_scanner_appearance_20260628T114046Z\chart_exports\event_day_details_grouped\0351_ONMD_2024-06-14_push29.27_rebreak,C:\TSIS_Data\00_CTO\13_TRADING_SYSTEMS\03_STRATEGY_LIBRARY\LONG\DAS\runs\das_scanner_appearance_20260628T114046Z\chart_exports\event_day_details_grouped\0351_ONMD_2024-06-14_push29.27_rebreak\02_three_day_overview.png,C:\TSIS_Data\00_CTO\13_TRADING_SYSTEMS\03_STRATEGY_LIBRARY\LONG\DAS\runs\das_scanner_appearance_20260628T114046Z\chart_exports\event_day_details_grouped\0351_ONMD_2024-06-14_push29.27_rebreak\03_event_day_premarket_detail.png,C:\TSIS_Data\00_CTO\13_TRADING_SYSTEMS\03_STRATEGY_LIBRARY\LONG\DAS\runs\das_scanner_appearance_20260628T114046Z\chart_exports\event_day_details_grouped\0351_ONMD_2024-06-14_push29.27_rebreak\04_event_day_detail_until_1600_ny.png,C:\TSIS_Data\00_CTO\13_TRADING_SYSTEMS\03_STRATEGY_LIBRARY\LONG\DAS\runs\das_scanner_appearance_20260628T114046Z\chart_exports\event_day_details_grouped\0351_ONMD_2024-06-14_push29.27_rebreak\05_daily_context.png,das_scanner_appearance:ONMD:2024-06-14T12:49:00+00:00,ONMD,2024-06-14,29.2683,29.2683,,,17.8862,18.969478175254334,29.268292682926838,30.45618641286511,29.2683,9.6552,9.6552,rebreak_confirmed,11.9497,vwap_reclaim_rebreak,2024-06-14 09:14:00 EDT,,,
352,C:\TSIS_Data\00_CTO\13_TRADING_SYSTEMS\03_STRATEGY_LIBRARY\LONG\DAS\runs\das_scanner_appearance_20260628T114046Z\chart_exports\event_day_details_grouped\0352_AIFF_2025-07-14_push29.24_rebreak,C:\TSIS_Data\00_CTO\13_TRADING_SYSTEMS\03_STRATEGY_LIBRARY\LONG\DAS\runs\das_scanner_appearance_20260628T114046Z\chart_exports\event_day_details_grouped\0352_AIFF_2025-07-14_push29.24_rebreak\02_three_day_overview.png,C:\TSIS_Data\00_CTO\13_TRADING_SYSTEMS\03_STRATEGY_LIBRARY\LONG\DAS\runs\das_scanner_appearance_20260628T114046Z\chart_exports\event_day_details_grouped\0352_AIFF_2025-07-14_push29.24_rebreak\03_event_day_premarket_detail.png,C:\TSIS_Data\00_CTO\13_TRADING_SYSTEMS\03_STRATEGY_LIBRARY\LONG\DAS\runs\das_scanner_appearance_20260628T114046Z\chart_exports\event_day_details_grouped\0352_AIFF_2025-07-14_push29.24_rebreak\04_event_day_detail_until_1600_ny.png,C:\TSIS_Data\00_CTO\13_TRADING_SYSTEMS\03_STRATEGY_LIBRARY\LONG\DAS\runs\das_scanner_appearance_20260628T114046Z\chart_exports\event_day_details_grouped\0352_AIFF_2025-07-14_push29.24_rebreak\05_daily_context.png,das_scanner_appearance:AIFF:2025-07-14T11:46:00+00:00,AIFF,2025-07-14,29.2359,29.2359,53.15614617940202,53.15614617940202,21.5947,21.594684385382074,53.15946843853821,53.15946843853821,53.1595,25.959,25.959,rebreak_confirmed,15.1671,vwap_reclaim_rebreak,2025-07-14 07:51:00 EDT,2025-07-14 07:52:00 EDT,0.1362,green_wick_dip_new_high
353,C:\TSIS_Data\00_CTO\13_TRADING_SYSTEMS\03_STRATEGY_LIBRARY\LONG\DAS\runs\das_scanner_appearance_20260628T114046Z\chart_exports\event_day_details_grouped\0353_CMCT_2025-12-03_push29.16_rebreak,C:\TSIS_Data\00_CTO\13_TRADING_SYSTEMS\03_STRATEGY_LIBRARY\LONG\DAS\runs\das_scanner_appearance_20260628T114046Z\chart_exports\event_day_details_grouped\0353_CMCT_2025-12-03_push29.16_rebreak\02_three_day_overview.png,C:\TSIS_Data\00_CTO\13_TRADING_SYSTEMS\03_STRATEGY_LIBRARY\LONG\DAS\runs\das_scanner_appearance_20260628T114046Z\chart_exports\event_day_details_grouped\0353_CMCT_2025-12-03_push29.16_rebreak\03_event_day_premarket_detail.png,C:\TSIS_Data\00_CTO\13_TRADING_SYSTEMS\03_STRATEGY_LIBRARY\LONG\DAS\runs\das_scanner_appearance_20260628T114046Z\chart_exports\event_day_details_grouped\0353_CMCT_2025-12-03_push29.16_rebreak\04_event_day_detail_until_1600_ny.png,C:\TSIS_Data\00_CTO\13_TRADING_SYSTEMS\03_STRATEGY_LIBRARY\LONG\DAS\runs\das_scanner_appearance_20260628T114046Z\chart_exports\event_day_details_grouped\0353_CMCT_2025-12-03_push29.16_rebreak\05_daily_context.png,das_scanner_appearance:CMCT:2025-12-03T09:19:00+00:00,CMCT,2025-12-03,29.1566,29.1566,,,6.506,27.011494252873565,34.4578313253012,60.3448275862069,34.4578,26.2443,26.2443,rebreak_confirmed,7.4627,single_candle_rebreak,2025-12-03 04:29:00 EST,2025-12-03 04:32:00 EST,0.4,green_wick_dip_reactivation
354,C:\TSIS_Data\00_CTO\13_TRADING_SYSTEMS\03_STRATEGY_LIBRARY\LONG\DAS\runs\das_scanner_appearance_20260628T114046Z\chart_exports\event_day_details_grouped\0354_SOPA_2026-01-23_push29.15_rebreak,C:\TSIS_Data\00_CTO\13_TRADING_SYSTEMS\03_STRATEGY_LIBRARY\LONG\DAS\runs\das_scanner_appearance_20260628T114046Z\chart_exports\event_day_details_grouped\0354_SOPA_2026-01-23_push29.15_rebreak\02_three_day_overview.png,C:\TSIS_Data\00_CTO\13_TRADING_SYSTEMS\03_STRATEGY_LIBRARY\LONG\DAS\runs\das_scanner_appearance_20260628T114046Z\chart_exports\event_day_details_grouped\0354_SOPA_2026-01-23_push29.15_rebreak\03_event_day_premarket_detail.png,C:\TSIS_Data\00_CTO\13_TRADING_SYSTEMS\03_STRATEGY_LIBRARY\LONG\DAS\runs\das_scanner_appearance_20260628T114046Z\chart_exports\event_day_details_grouped\0354_SOPA_2026-01-23_push29.15_rebreak\04_event_day_detail_until_1600_ny.png,C:\TSIS_Data\00_CTO\13_TRADING_SYSTEMS\03_STRATEGY_LIBRARY\LONG\DAS\runs\das_scanner_appearance_20260628T114046Z\chart_exports\event_day_details_grouped\0354_SOPA_2026-01-23_push29.15_rebreak\05_daily_context.png,das_scanner_appearance:SOPA:2026-01-23T12:33:00+00:00,SOPA,2026-01-23,29.148,29.148,,,25.5605,17.64705882352941,30.04484304932735,21.848739495798323,30.0448,3.5714,3.5714,rebreak_confirmed,9.375,vwap_reclaim_rebreak,2026-01-23 07:45:00 EST,2026-01-23 07:48:00 EST,0.369,green_wick_dip_reactivation
355,C:\TSIS_Data\00_CTO\13_TRADING_SYSTEMS\03_STRATEGY_LIBRARY\LONG\DAS\runs\das_scanner_appearance_20260628T114046Z\chart_exports\event_day_details_grouped\0355_MSAI_2025-01-07_push28.97_rebreak,C:\TSIS_Data\00_CTO\13_TRADING_SYSTEMS\03_STRATEGY_LIBRARY\LONG\DAS\runs\das_scanner_appearance_20260628T114046Z\chart_exports\event_day_details_grouped\0355_MSAI_2025-01-07_push28.97_rebreak\02_three_day_overview.png,C:\TSIS_Data\00_CTO\13_TRADING_SYSTEMS\03_STRATEGY_LIBRARY\LONG\DAS\runs\das_scanner_appearance_20260628T114046Z\chart_exports\event_day_details_grouped\0355_MSAI_2025-01-07_push28.97_rebreak\03_event_day_premarket_detail.png,C:\TSIS_Data\00_CTO\13_TRADING_SYSTEMS\03_STRATEGY_LIBRARY\LONG\DAS\runs\das_scanner_appearance_20260628T114046Z\chart_exports\event_day_details_grouped\0355_MSAI_2025-01-07_push28.97_rebreak\04_event_day_detail_until_1600_ny.png,C:\TSIS_Data\00_CTO\13_TRADING_SYSTEMS\03_STRATEGY_LIBRARY\LONG\DAS\runs\das_scanner_appearance_20260628T114046Z\chart_exports\event_day_details_grouped\0355_MSAI_2025-01-07_push28.97_rebreak\05_daily_context.png,das_scanner_appearance:MSAI:2025-01-07T09:12:00+00:00,MSAI,2025-01-07,28.9655,28.9655,53.448275862068975,120.29702970297029,8.2759,55.44554455445545,85.51724137931035,166.33663366336634,85.5172,71.3376,71.3376,rebreak_confirmed,6.4171,last_red_high_break,2025-01-07 04:56:00 EST,2025-01-07 04:57:00 EST,1.9178,green_wick_dip_new_high
356,C:\TSIS_Data\00_CTO\13_TRADING_SYSTEMS\03_STRATEGY_LIBRARY\LONG\DAS\runs\das_scanner_appearance_20260628T114046Z\chart_exports\event_day_details_grouped\0356_XLO_2025-09-09_push28.82_rebreak,C:\TSIS_Data\00_CTO\13_TRADING_SYSTEMS\03_STRATEGY_LIBRARY\LONG\DAS\runs\das_scanner_appearance_20260628T114046Z\chart_exports\event_day_details_grouped\0356_XLO_2025-09-09_push28.82_rebreak\02_three_day_overview.png,C:\TSIS_Data\00_CTO\13_TRADING_SYSTEMS\03_STRATEGY_LIBRARY\LONG\DAS\runs\das_scanner_appearance_20260628T114046Z\chart_exports\event_day_details_grouped\0356_XLO_2025-09-09_push28.82_rebreak\03_event_day_premarket_detail.png,C:\TSIS_Data\00_CTO\13_TRADING_SYSTEMS\03_STRATEGY_LIBRARY\LONG\DAS\runs\das_scanner_appearance_20260628T114046Z\chart_exports\event_day_details_grouped\0356_XLO_2025-09-09_push28.82_rebreak\04_event_day_detail_until_1600_ny.png,C:\TSIS_Data\00_CTO\13_TRADING_SYSTEMS\03_STRATEGY_LIBRARY\LONG\DAS\runs\das_scanner_appearance_20260628T114046Z\chart_exports\event_day_details_grouped\0356_XLO_2025-09-09_push28.82_rebreak\05_daily_context.png,das_scanner_appearance:XLO:2025-09-09T11:44:00+00:00,XLO,2025-09-09,28.8219,28.8219,,,28.8074,27.00385769395629,41.15345602086652,39.17702528932705,41.1535,9.5849,9.5849,rebreak_confirmed,13.7233,vwap_reclaim_rebreak,2025-09-09 07:53:00 EDT,2025-09-09 08:00:00 EDT,12.0513,green_wick_dip_new_high
357,C:\TSIS_Data\00_CTO\13_TRADING_SYSTEMS\03_STRATEGY_LIBRARY\LONG\DAS\runs\das_scanner_appearance_20260628T114046Z\chart_exports\event_day_details_grouped\0357_TPET_2026-03-03_push28.70_rebreak,C:\TSIS_Data\00_CTO\13_TRADING_SYSTEMS\03_STRATEGY_LIBRARY\LONG\DAS\runs\das_scanner_appearance_20260628T114046Z\chart_exports\event_day_details_grouped\0357_TPET_2026-03-03_push28.70_rebreak\02_three_day_overview.png,C:\TSIS_Data\00_CTO\13_TRADING_SYSTEMS\03_STRATEGY_LIBRARY\LONG\DAS\runs\das_scanner_appearance_20260628T114046Z\chart_exports\event_day_details_grouped\0357_TPET_2026-03-03_push28.70_rebreak\03_event_day_premarket_detail.png,C:\TSIS_Data\00_CTO\13_TRADING_SYSTEMS\03_STRATEGY_LIBRARY\LONG\DAS\runs\das_scanner_appearance_20260628T114046Z\chart_exports\event_day_details_grouped\0357_TPET_2026-03-03_push28.70_rebreak\04_event_day_detail_until_1600_ny.png,C:\TSIS_Data\00_CTO\13_TRADING_SYSTEMS\03_STRATEGY_LIBRARY\LONG\DAS\runs\das_scanner_appearance_20260628T114046Z\chart_exports\event_day_details_grouped\0357_TPET_2026-03-03_push28.70_rebreak\05_daily_context.png,das_scanner_appearance:TPET:2026-03-03T09:08:00+00:00,TPET,2026-03-03,28.6957,28.6957,51.30434782608697,55.35714285714284,6.087,8.928571428571416,93.91304347826089,99.10714285714283,93.913,82.7869,82.7869,rebreak_confirmed,8.7838,flat_shelf_break,2026-03-03 04:47:00 EST,2026-03-03 04:48:00 EST,2.069,green_wick_dip_new_high
358,C:\TSIS_Data\00_CTO\13_TRADING_SYSTEMS\03_STRATEGY_LIBRARY\LONG\DAS\runs\das_scanner_appearance_20260628T114046Z\chart_exports\event_day_details_grouped\0358_RIME_2026-01-14_push28.65_rebreak,C:\TSIS_Data\00_CTO\13_TRADING_SYSTEMS\03_STRATEGY_LIBRARY\LONG\DAS\runs\das_scanner_appearance_20260628T114046Z\chart_exports\event_day_details_grouped\0358_RIME_2026-01-14_push28.65_rebreak\02_three_day_overview.png,C:\TSIS_Data\00_CTO\13_TRADING_SYSTEMS\03_STRATEGY_LIBRARY\LONG\DAS\runs\das_scanner_appearance_20260628T114046Z\chart_exports\event_day_details_grouped\0358_RIME_2026-01-14_push28.65_rebreak\03_event_day_premarket_detail.png,C:\TSIS_Data\00_CTO\13_TRADING_SYSTEMS\03_STRATEGY_LIBRARY\LONG\DAS\runs\das_scanner_appearance_20260628T114046Z\chart_exports\event_day_details_grouped\0358_RIME_2026-01-14_push28.65_rebreak\04_event_day_detail_until_1600_ny.png,C:\TSIS_Data\00_CTO\13_TRADING_SYSTEMS\03_STRATEGY_LIBRARY\LONG\DAS\runs\das_scanner_appearance_20260628T114046Z\chart_exports\event_day_details_grouped\0358_RIME_2026-01-14_push28.65_rebreak\05_daily_context.png,das_scanner_appearance:RIME:2026-01-14T14:21:00+00:00,RIME,2026-01-14,28.6538,28.6538,,,21.4389,22.332814930015545,28.653766982297242,29.600829445308445,28.6538,5.9412,5.9412,rebreak_confirmed,12.8,last_red_high_break,2026-01-14 09:25:00 EST,2026-01-14 09:27:00 EST,1.2876,green_wick_dip_new_high
359,C:\TSIS_Data\00_CTO\13_TRADING_SYSTEMS\03_STRATEGY_LIBRARY\LONG\DAS\runs\das_scanner_appearance_20260628T114046Z\chart_exports\event_day_details_grouped\0359_CAPS_2025-10-01_push28.46_rebreak,C:\TSIS_Data\00_CTO\13_TRADING_SYSTEMS\03_STRATEGY_LIBRARY\LONG\DAS\runs\das_scanner_appearance_20260628T114046Z\chart_exports\event_day_details_grouped\0359_CAPS_2025-10-01_push28.46_rebreak\02_three_day_overview.png,C:\TSIS_Data\00_CTO\13_TRADING_SYSTEMS\03_STRATEGY_LIBRARY\LONG\DAS\runs\das_scanner_appearance_20260628T114046Z\chart_exports\event_day_details_grouped\0359_CAPS_2025-10-01_push28.46_rebreak\03_event_day_premarket_detail.png,C:\TSIS_Data\00_CTO\13_TRADING_SYSTEMS\03_STRATEGY_LIBRARY\LONG\DAS\runs\das_scanner_appearance_20260628T114046Z\chart_exports\event_day_details_grouped\0359_CAPS_2025-10-01_push28.46_rebreak\04_event_day_detail_until_1600_ny.png,C:\TSIS_Data\00_CTO\13_TRADING_SYSTEMS\03_STRATEGY_LIBRARY\LONG\DAS\runs\das_scanner_appearance_20260628T114046Z\chart_exports\event_day_details_grouped\0359_CAPS_2025-10-01_push28.46_rebreak\05_daily_context.png,das_scanner_appearance:CAPS:2025-10-01T11:36:00+00:00,CAPS,2025-10-01,28.4615,28.4615,,,27.3077,27.307692307692307,34.615384615384606,34.615384615384606,34.6154,5.7402,5.7402,rebreak_confirmed,10.1796,single_candle_rebreak,2025-10-01 07:39:00 EDT,2025-10-01 07:41:00 EDT,2.8662,green_wick_dip_reactivation
360,C:\TSIS_Data\00_CTO\13_TRADING_SYSTEMS\03_STRATEGY_LIBRARY\LONG\DAS\runs\das_scanner_appearance_20260628T114046Z\chart_exports\event_day_details_grouped\0360_IVVD_2025-02-04_push28.44_rebreak,C:\TSIS_Data\00_CTO\13_TRADING_SYSTEMS\03_STRATEGY_LIBRARY\LONG\DAS\runs\das_scanner_appearance_20260628T114046Z\chart_exports\event_day_details_grouped\0360_IVVD_2025-02-04_push28.44_rebreak\02_three_day_overview.png,C:\TSIS_Data\00_CTO\13_TRADING_SYSTEMS\03_STRATEGY_LIBRARY\LONG\DAS\runs\das_scanner_appearance_20260628T114046Z\chart_exports\event_day_details_grouped\0360_IVVD_2025-02-04_push28.44_rebreak\03_event_day_premarket_detail.png,C:\TSIS_Data\00_CTO\13_TRADING_SYSTEMS\03_STRATEGY_LIBRARY\LONG\DAS\runs\das_scanner_appearance_20260628T114046Z\chart_exports\event_day_details_grouped\0360_IVVD_2025-02-04_push28.44_rebreak\04_event_day_detail_until_1600_ny.png,C:\TSIS_Data\00_CTO\13_TRADING_SYSTEMS\03_STRATEGY_LIBRARY\LONG\DAS\runs\das_scanner_appearance_20260628T114046Z\chart_exports\event_day_details_grouped\0360_IVVD_2025-02-04_push28.44_rebreak\05_daily_context.png,das_scanner_appearance:IVVD:2025-02-04T09:01:00+00:00,IVVD,2025-02-04,28.4404,28.4404,,,11.9266,15.639810426540288,33.0275229357798,37.44075829383887,33.0275,18.8525,18.8525,rebreak_confirmed,9.2857,vwap_reclaim_rebreak,2025-02-04 04:32:00 EST,2025-02-04 04:35:00 EST,0.7353,green_wick_dip_new_high
361,C:\TSIS_Data\00_CTO\13_TRADING_SYSTEMS\03_STRATEGY_LIBRARY\LONG\DAS\runs\das_scanner_appearance_20260628T114046Z\chart_exports\event_day_details_grouped\0361_PRZO_2024-04-15_push28.32_rebreak,C:\TSIS_Data\00_CTO\13_TRADING_SYSTEMS\03_STRATEGY_LIBRARY\LONG\DAS\runs\das_scanner_appearance_20260628T114046Z\chart_exports\event_day_details_grouped\0361_PRZO_2024-04-15_push28.32_rebreak\02_three_day_overview.png,C:\TSIS_Data\00_CTO\13_TRADING_SYSTEMS\03_STRATEGY_LIBRARY\LONG\DAS\runs\das_scanner_appearance_20260628T114046Z\chart_exports\event_day_details_grouped\0361_PRZO_2024-04-15_push28.32_rebreak\03_event_day_premarket_detail.png,C:\TSIS_Data\00_CTO\13_TRADING_SYSTEMS\03_STRATEGY_LIBRARY\LONG\DAS\runs\das_scanner_appearance_20260628T114046Z\chart_exports\event_day_details_grouped\0361_PRZO_2024-04-15_push28.32_rebreak\04_event_day_detail_until_1600_ny.png,C:\TSIS_Data\00_CTO\13_TRADING_SYSTEMS\03_STRATEGY_LIBRARY\LONG\DAS\runs\das_scanner_appearance_20260628T114046Z\chart_exports\event_day_details_grouped\0361_PRZO_2024-04-15_push28.32_rebreak\05_daily_context.png,das_scanner_appearance:PRZO:2024-04-15T08:30:00+00:00,PRZO,2024-04-15,28.3186,28.3186,,,-2.6549,1.8518518518518534,28.318584070796472,34.259259259259245,28.3186,31.8182,31.8182,rebreak_confirmed,11.7241,single_candle_rebreak,2024-04-15 07:13:00 EDT,2024-04-15 07:16:00 EDT,0.7813,green_wick_dip_reactivation
362,C:\TSIS_Data\00_CTO\13_TRADING_SYSTEMS\03_STRATEGY_LIBRARY\LONG\DAS\runs\das_scanner_appearance_20260628T114046Z\chart_exports\event_day_details_grouped\0362_BIAF_2025-10-16_push28.31_rebreak,C:\TSIS_Data\00_CTO\13_TRADING_SYSTEMS\03_STRATEGY_LIBRARY\LONG\DAS\runs\das_scanner_appearance_20260628T114046Z\chart_exports\event_day_details_grouped\0362_BIAF_2025-10-16_push28.31_rebreak\02_three_day_overview.png,C:\TSIS_Data\00_CTO\13_TRADING_SYSTEMS\03_STRATEGY_LIBRARY\LONG\DAS\runs\das_scanner_appearance_20260628T114046Z\chart_exports\event_day_details_grouped\0362_BIAF_2025-10-16_push28.31_rebreak\03_event_day_premarket_detail.png,C:\TSIS_Data\00_CTO\13_TRADING_SYSTEMS\03_STRATEGY_LIBRARY\LONG\DAS\runs\das_scanner_appearance_20260628T114046Z\chart_exports\event_day_details_grouped\0362_BIAF_2025-10-16_push28.31_rebreak\04_event_day_detail_until_1600_ny.png,C:\TSIS_Data\00_CTO\13_TRADING_SYSTEMS\03_STRATEGY_LIBRARY\LONG\DAS\runs\das_scanner_appearance_20260628T114046Z\chart_exports\event_day_details_grouped\0362_BIAF_2025-10-16_push28.31_rebreak\05_daily_context.png,das_scanner_appearance:BIAF:2025-10-16T12:03:00+00:00,BIAF,2025-10-16,28.3051,28.3051,,,24.2647,24.264705882352928,37.867647058823515,37.867647058823515,37.8676,10.9467,10.9467,rebreak_confirmed,9.1665,vwap_reclaim_rebreak,2025-10-16 08:18:00 EDT,2025-10-16 08:21:00 EDT,2.6471,green_wick_dip_reactivation
363,C:\TSIS_Data\00_CTO\13_TRADING_SYSTEMS\03_STRATEGY_LIBRARY\LONG\DAS\runs\das_scanner_appearance_20260628T114046Z\chart_exports\event_day_details_grouped\0363_RXT_2026-02-26_push28.28_rebreak,C:\TSIS_Data\00_CTO\13_TRADING_SYSTEMS\03_STRATEGY_LIBRARY\LONG\DAS\runs\das_scanner_appearance_20260628T114046Z\chart_exports\event_day_details_grouped\0363_RXT_2026-02-26_push28.28_rebreak\02_three_day_overview.png,C:\TSIS_Data\00_CTO\13_TRADING_SYSTEMS\03_STRATEGY_LIBRARY\LONG\DAS\runs\das_scanner_appearance_20260628T114046Z\chart_exports\event_day_details_grouped\0363_RXT_2026-02-26_push28.28_rebreak\03_event_day_premarket_detail.png,C:\TSIS_Data\00_CTO\13_TRADING_SYSTEMS\03_STRATEGY_LIBRARY\LONG\DAS\runs\das_scanner_appearance_20260628T114046Z\chart_exports\event_day_details_grouped\0363_RXT_2026-02-26_push28.28_rebreak\04_event_day_detail_until_1600_ny.png,C:\TSIS_Data\00_CTO\13_TRADING_SYSTEMS\03_STRATEGY_LIBRARY\LONG\DAS\runs\das_scanner_appearance_20260628T114046Z\chart_exports\event_day_details_grouped\0363_RXT_2026-02-26_push28.28_rebreak\05_daily_context.png,das_scanner_appearance:RXT:2026-02-26T13:00:00+00:00,RXT,2026-02-26,28.2759,28.2759,,,1.3655,8.472324723247233,30.344827586206897,39.48339483394833,30.3448,28.5889,28.5889,rebreak_confirmed,4.8387,multi_candle_flag_break,2026-02-26 08:34:00 EST,2026-02-26 08:38:00 EST,0.017,green_wick_dip_reactivation
364,C:\TSIS_Data\00_CTO\13_TRADING_SYSTEMS\03_STRATEGY_LIBRARY\LONG\DAS\runs\das_scanner_appearance_20260628T114046Z\chart_exports\event_day_details_grouped\0364_EYEN_2025-05-20_push28.24_rebreak,C:\TSIS_Data\00_CTO\13_TRADING_SYSTEMS\03_STRATEGY_LIBRARY\LONG\DAS\runs\das_scanner_appearance_20260628T114046Z\chart_exports\event_day_details_grouped\0364_EYEN_2025-05-20_push28.24_rebreak\02_three_day_overview.png,C:\TSIS_Data\00_CTO\13_TRADING_SYSTEMS\03_STRATEGY_LIBRARY\LONG\DAS\runs\das_scanner_appearance_20260628T114046Z\chart_exports\event_day_details_grouped\0364_EYEN_2025-05-20_push28.24_rebreak\03_event_day_premarket_detail.png,C:\TSIS_Data\00_CTO\13_TRADING_SYSTEMS\03_STRATEGY_LIBRARY\LONG\DAS\runs\das_scanner_appearance_20260628T114046Z\chart_exports\event_day_details_grouped\0364_EYEN_2025-05-20_push28.24_rebreak\04_event_day_detail_until_1600_ny.png,C:\TSIS_Data\00_CTO\13_TRADING_SYSTEMS\03_STRATEGY_LIBRARY\LONG\DAS\runs\das_scanner_appearance_20260628T114046Z\chart_exports\event_day_details_grouped\0364_EYEN_2025-05-20_push28.24_rebreak\05_daily_context.png,das_scanner_appearance:EYEN:2025-05-20T08:02:00+00:00,EYEN,2025-05-20,28.2353,28.2353,,,-5.2941,41.22807017543862,36.47058823529411,103.50877192982458,36.4706,44.0994,44.0994,rebreak_confirmed,5.5046,single_candle_rebreak,2025-05-20 06:35:00 EDT,2025-05-20 06:36:00 EDT,1.8018,green_wick_dip_new_high
365,C:\TSIS_Data\00_CTO\13_TRADING_SYSTEMS\03_STRATEGY_LIBRARY\LONG\DAS\runs\das_scanner_appearance_20260628T114046Z\chart_exports\event_day_details_grouped\0365_QCLS_2025-12-09_push28.22_rebreak,C:\TSIS_Data\00_CTO\13_TRADING_SYSTEMS\03_STRATEGY_LIBRARY\LONG\DAS\runs\das_scanner_appearance_20260628T114046Z\chart_exports\event_day_details_grouped\0365_QCLS_2025-12-09_push28.22_rebreak\02_three_day_overview.png,C:\TSIS_Data\00_CTO\13_TRADING_SYSTEMS\03_STRATEGY_LIBRARY\LONG\DAS\runs\das_scanner_appearance_20260628T114046Z\chart_exports\event_day_details_grouped\0365_QCLS_2025-12-09_push28.22_rebreak\03_event_day_premarket_detail.png,C:\TSIS_Data\00_CTO\13_TRADING_SYSTEMS\03_STRATEGY_LIBRARY\LONG\DAS\runs\das_scanner_appearance_20260628T114046Z\chart_exports\event_day_details_grouped\0365_QCLS_2025-12-09_push28.22_rebreak\04_event_day_detail_until_1600_ny.png,C:\TSIS_Data\00_CTO\13_TRADING_SYSTEMS\03_STRATEGY_LIBRARY\LONG\DAS\runs\das_scanner_appearance_20260628T114046Z\chart_exports\event_day_details_grouped\0365_QCLS_2025-12-09_push28.22_rebreak\05_daily_context.png,das_scanner_appearance:QCLS:2025-12-09T14:16:00+00:00,QCLS,2025-12-09,28.2246,28.2246,,,15.3263,10.146523862664676,30.6525037936267,24.784417165466163,30.6525,13.2895,13.2895,rebreak_confirmed,9.9408,flat_shelf_break,2025-12-09 09:20:00 EST,2025-12-09 09:21:00 EST,2.5424,green_wick_dip_new_high
366,C:\TSIS_Data\00_CTO\13_TRADING_SYSTEMS\03_STRATEGY_LIBRARY\LONG\DAS\runs\das_scanner_appearance_20260628T114046Z\chart_exports\event_day_details_grouped\0366_SGMO_2024-08-06_push28.21_rebreak,C:\TSIS_Data\00_CTO\13_TRADING_SYSTEMS\03_STRATEGY_LIBRARY\LONG\DAS\runs\das_scanner_appearance_20260628T114046Z\chart_exports\event_day_details_grouped\0366_SGMO_2024-08-06_push28.21_rebreak\02_three_day_overview.png,C:\TSIS_Data\00_CTO\13_TRADING_SYSTEMS\03_STRATEGY_LIBRARY\LONG\DAS\runs\das_scanner_appearance_20260628T114046Z\chart_exports\event_day_details_grouped\0366_SGMO_2024-08-06_push28.21_rebreak\03_event_day_premarket_detail.png,C:\TSIS_Data\00_CTO\13_TRADING_SYSTEMS\03_STRATEGY_LIBRARY\LONG\DAS\runs\das_scanner_appearance_20260628T114046Z\chart_exports\event_day_details_grouped\0366_SGMO_2024-08-06_push28.21_rebreak\04_event_day_detail_until_1600_ny.png,C:\TSIS_Data\00_CTO\13_TRADING_SYSTEMS\03_STRATEGY_LIBRARY\LONG\DAS\runs\das_scanner_appearance_20260628T114046Z\chart_exports\event_day_details_grouped\0366_SGMO_2024-08-06_push28.21_rebreak\05_daily_context.png,das_scanner_appearance:SGMO:2024-08-06T12:05:00+00:00,SGMO,2024-08-06,28.2051,28.2051,,,14.141,16.59245678365637,47.43589743589742,50.602409638554214,47.4359,29.1699,29.1699,rebreak_confirmed,5.05,vwap_reclaim_rebreak,2024-08-06 08:16:00 EDT,2024-08-06 08:17:00 EDT,0.9709,green_wick_dip_new_high
367,C:\TSIS_Data\00_CTO\13_TRADING_SYSTEMS\03_STRATEGY_LIBRARY\LONG\DAS\runs\das_scanner_appearance_20260628T114046Z\chart_exports\event_day_details_grouped\0367_AMCI_2025-12-26_push28.18_rebreak,C:\TSIS_Data\00_CTO\13_TRADING_SYSTEMS\03_STRATEGY_LIBRARY\LONG\DAS\runs\das_scanner_appearance_20260628T114046Z\chart_exports\event_day_details_grouped\0367_AMCI_2025-12-26_push28.18_rebreak\02_three_day_overview.png,C:\TSIS_Data\00_CTO\13_TRADING_SYSTEMS\03_STRATEGY_LIBRARY\LONG\DAS\runs\das_scanner_appearance_20260628T114046Z\chart_exports\event_day_details_grouped\0367_AMCI_2025-12-26_push28.18_rebreak\03_event_day_premarket_detail.png,C:\TSIS_Data\00_CTO\13_TRADING_SYSTEMS\03_STRATEGY_LIBRARY\LONG\DAS\runs\das_scanner_appearance_20260628T114046Z\chart_exports\event_day_details_grouped\0367_AMCI_2025-12-26_push28.18_rebreak\04_event_day_detail_until_1600_ny.png,C:\TSIS_Data\00_CTO\13_TRADING_SYSTEMS\03_STRATEGY_LIBRARY\LONG\DAS\runs\das_scanner_appearance_20260628T114046Z\chart_exports\event_day_details_grouped\0367_AMCI_2025-12-26_push28.18_rebreak\05_daily_context.png,das_scanner_appearance:AMCI:2025-12-26T13:22:00+00:00,AMCI,2025-12-26,28.1755,28.1755,,,18.3603,9.625668449197864,29.33025404157043,19.786096256684488,29.3303,9.2683,9.2683,rebreak_confirmed,6.8468,last_red_high_break,2025-12-26 08:27:00 EST,2025-12-26 08:30:00 EST,1.1278,green_wick_dip_reactivation
368,C:\TSIS_Data\00_CTO\13_TRADING_SYSTEMS\03_STRATEGY_LIBRARY\LONG\DAS\runs\das_scanner_appearance_20260628T114046Z\chart_exports\event_day_details_grouped\0368_CMBM_2025-11-05_push28.16_rebreak,C:\TSIS_Data\00_CTO\13_TRADING_SYSTEMS\03_STRATEGY_LIBRARY\LONG\DAS\runs\das_scanner_appearance_20260628T114046Z\chart_exports\event_day_details_grouped\0368_CMBM_2025-11-05_push28.16_rebreak\02_three_day_overview.png,C:\TSIS_Data\00_CTO\13_TRADING_SYSTEMS\03_STRATEGY_LIBRARY\LONG\DAS\runs\das_scanner_appearance_20260628T114046Z\chart_exports\event_day_details_grouped\0368_CMBM_2025-11-05_push28.16_rebreak\03_event_day_premarket_detail.png,C:\TSIS_Data\00_CTO\13_TRADING_SYSTEMS\03_STRATEGY_LIBRARY\LONG\DAS\runs\das_scanner_appearance_20260628T114046Z\chart_exports\event_day_details_grouped\0368_CMBM_2025-11-05_push28.16_rebreak\04_event_day_detail_until_1600_ny.png,C:\TSIS_Data\00_CTO\13_TRADING_SYSTEMS\03_STRATEGY_LIBRARY\LONG\DAS\runs\das_scanner_appearance_20260628T114046Z\chart_exports\event_day_details_grouped\0368_CMBM_2025-11-05_push28.16_rebreak\05_daily_context.png,das_scanner_appearance:CMBM:2025-11-05T09:30:00+00:00,CMBM,2025-11-05,28.1646,28.1646,,,4.4304,1.8612834521714912,28.164556962025305,25.01157514584683,28.1646,22.7273,22.7273,rebreak_confirmed,17.0321,single_candle_rebreak,2025-11-05 08:04:00 EST,2025-11-05 08:05:00 EST,0.4382,green_wick_dip_new_high
369,C:\TSIS_Data\00_CTO\13_TRADING_SYSTEMS\03_STRATEGY_LIBRARY\LONG\DAS\runs\das_scanner_appearance_20260628T114046Z\chart_exports\event_day_details_grouped\0369_DGNX_2026-01-23_push28.15_rebreak,C:\TSIS_Data\00_CTO\13_TRADING_SYSTEMS\03_STRATEGY_LIBRARY\LONG\DAS\runs\das_scanner_appearance_20260628T114046Z\chart_exports\event_day_details_grouped\0369_DGNX_2026-01-23_push28.15_rebreak\02_three_day_overview.png,C:\TSIS_Data\00_CTO\13_TRADING_SYSTEMS\03_STRATEGY_LIBRARY\LONG\DAS\runs\das_scanner_appearance_20260628T114046Z\chart_exports\event_day_details_grouped\0369_DGNX_2026-01-23_push28.15_rebreak\03_event_day_premarket_detail.png,C:\TSIS_Data\00_CTO\13_TRADING_SYSTEMS\03_STRATEGY_LIBRARY\LONG\DAS\runs\das_scanner_appearance_20260628T114046Z\chart_exports\event_day_details_grouped\0369_DGNX_2026-01-23_push28.15_rebreak\04_event_day_detail_until_1600_ny.png,C:\TSIS_Data\00_CTO\13_TRADING_SYSTEMS\03_STRATEGY_LIBRARY\LONG\DAS\runs\das_scanner_appearance_20260628T114046Z\chart_exports\event_day_details_grouped\0369_DGNX_2026-01-23_push28.15_rebreak\05_daily_context.png,das_scanner_appearance:DGNX:2026-01-23T13:08:00+00:00,DGNX,2026-01-23,28.1481,28.1481,57.777777777777764,57.777777777777764,15.5556,15.555555555555554,60.740740740740726,60.740740740740726,60.7407,39.1026,39.1026,rebreak_confirmed,8.6705,vwap_reclaim_rebreak,2026-01-23 08:26:00 EST,2026-01-23 08:27:00 EST,3.0986,green_wick_dip_new_high
370,C:\TSIS_Data\00_CTO\13_TRADING_SYSTEMS\03_STRATEGY_LIBRARY\LONG\DAS\runs\das_scanner_appearance_20260628T114046Z\chart_exports\event_day_details_grouped\0370_WOLF_2025-07-08_push28.12_rebreak,C:\TSIS_Data\00_CTO\13_TRADING_SYSTEMS\03_STRATEGY_LIBRARY\LONG\DAS\runs\das_scanner_appearance_20260628T114046Z\chart_exports\event_day_details_grouped\0370_WOLF_2025-07-08_push28.12_rebreak\02_three_day_overview.png,C:\TSIS_Data\00_CTO\13_TRADING_SYSTEMS\03_STRATEGY_LIBRARY\LONG\DAS\runs\das_scanner_appearance_20260628T114046Z\chart_exports\event_day_details_grouped\0370_WOLF_2025-07-08_push28.12_rebreak\03_event_day_premarket_detail.png,C:\TSIS_Data\00_CTO\13_TRADING_SYSTEMS\03_STRATEGY_LIBRARY\LONG\DAS\runs\das_scanner_appearance_20260628T114046Z\chart_exports\event_day_details_grouped\0370_WOLF_2025-07-08_push28.12_rebreak\04_event_day_detail_until_1600_ny.png,C:\TSIS_Data\00_CTO\13_TRADING_SYSTEMS\03_STRATEGY_LIBRARY\LONG\DAS\runs\das_scanner_appearance_20260628T114046Z\chart_exports\event_day_details_grouped\0370_WOLF_2025-07-08_push28.12_rebreak\05_daily_context.png,das_scanner_appearance:WOLF:2025-07-08T08:02:00+00:00,WOLF,2025-07-08,28.125,28.125,,,7.8125,18.32290148332333,41.79687499999999,55.62033782045786,41.7969,31.5217,31.5217,rebreak_confirmed,3.3537,flat_shelf_break,2025-07-08 08:18:00 EDT,2025-07-08 08:19:00 EDT,1.4956,green_wick_dip_new_high
371,C:\TSIS_Data\00_CTO\13_TRADING_SYSTEMS\03_STRATEGY_LIBRARY\LONG\DAS\runs\das_scanner_appearance_20260628T114046Z\chart_exports\event_day_details_grouped\0371_MGOL_2025-02-10_push27.93_rebreak,C:\TSIS_Data\00_CTO\13_TRADING_SYSTEMS\03_STRATEGY_LIBRARY\LONG\DAS\runs\das_scanner_appearance_20260628T114046Z\chart_exports\event_day_details_grouped\0371_MGOL_2025-02-10_push27.93_rebreak\02_three_day_overview.png,C:\TSIS_Data\00_CTO\13_TRADING_SYSTEMS\03_STRATEGY_LIBRARY\LONG\DAS\runs\das_scanner_appearance_20260628T114046Z\chart_exports\event_day_details_grouped\0371_MGOL_2025-02-10_push27.93_rebreak\03_event_day_premarket_detail.png,C:\TSIS_Data\00_CTO\13_TRADING_SYSTEMS\03_STRATEGY_LIBRARY\LONG\DAS\runs\das_scanner_appearance_20260628T114046Z\chart_exports\event_day_details_grouped\0371_MGOL_2025-02-10_push27.93_rebreak\04_event_day_detail_until_1600_ny.png,C:\TSIS_Data\00_CTO\13_TRADING_SYSTEMS\03_STRATEGY_LIBRARY\LONG\DAS\runs\das_scanner_appearance_20260628T114046Z\chart_exports\event_day_details_grouped\0371_MGOL_2025-02-10_push27.93_rebreak\05_daily_context.png,das_scanner_appearance:MGOL:2025-02-10T09:00:00+00:00,MGOL,2025-02-10,27.9318,27.9318,53.49680170575694,71.77284657599618,7.7399,20.567883560009545,73.77398720682302,94.46432832259603,73.774,61.2903,61.2903,rebreak_confirmed,6.6667,last_red_high_break,2025-02-10 04:08:00 EST,2025-02-10 04:09:00 EST,0.2233,green_wick_dip_new_high
372,C:\TSIS_Data\00_CTO\13_TRADING_SYSTEMS\03_STRATEGY_LIBRARY\LONG\DAS\runs\das_scanner_appearance_20260628T114046Z\chart_exports\event_day_details_grouped\0372_EHGO_2025-10-28_push27.79_rebreak,C:\TSIS_Data\00_CTO\13_TRADING_SYSTEMS\03_STRATEGY_LIBRARY\LONG\DAS\runs\das_scanner_appearance_20260628T114046Z\chart_exports\event_day_details_grouped\0372_EHGO_2025-10-28_push27.79_rebreak\02_three_day_overview.png,C:\TSIS_Data\00_CTO\13_TRADING_SYSTEMS\03_STRATEGY_LIBRARY\LONG\DAS\runs\das_scanner_appearance_20260628T114046Z\chart_exports\event_day_details_grouped\0372_EHGO_2025-10-28_push27.79_rebreak\03_event_day_premarket_detail.png,C:\TSIS_Data\00_CTO\13_TRADING_SYSTEMS\03_STRATEGY_LIBRARY\LONG\DAS\runs\das_scanner_appearance_20260628T114046Z\chart_exports\event_day_details_grouped\0372_EHGO_2025-10-28_push27.79_rebreak\04_event_day_detail_until_1600_ny.png,C:\TSIS_Data\00_CTO\13_TRADING_SYSTEMS\03_STRATEGY_LIBRARY\LONG\DAS\runs\das_scanner_appearance_20260628T114046Z\chart_exports\event_day_details_grouped\0372_EHGO_2025-10-28_push27.79_rebreak\05_daily_context.png,das_scanner_appearance:EHGO:2025-10-28T10:38:00+00:00,EHGO,2025-10-28,27.7927,27.7927,50.114766641162966,40.14285714285714,24.3688,16.107142857142843,66.4116296863045,55.35714285714284,66.4116,33.805,33.805,rebreak_confirmed,6.4062,single_candle_rebreak,2025-10-28 06:40:00 EDT,2025-10-28 06:41:00 EDT,3.0108,green_wick_dip_new_high
373,C:\TSIS_Data\00_CTO\13_TRADING_SYSTEMS\03_STRATEGY_LIBRARY\LONG\DAS\runs\das_scanner_appearance_20260628T114046Z\chart_exports\event_day_details_grouped\0373_PEPG_2025-09-25_push27.75_rebreak,C:\TSIS_Data\00_CTO\13_TRADING_SYSTEMS\03_STRATEGY_LIBRARY\LONG\DAS\runs\das_scanner_appearance_20260628T114046Z\chart_exports\event_day_details_grouped\0373_PEPG_2025-09-25_push27.75_rebreak\02_three_day_overview.png,C:\TSIS_Data\00_CTO\13_TRADING_SYSTEMS\03_STRATEGY_LIBRARY\LONG\DAS\runs\das_scanner_appearance_20260628T114046Z\chart_exports\event_day_details_grouped\0373_PEPG_2025-09-25_push27.75_rebreak\03_event_day_premarket_detail.png,C:\TSIS_Data\00_CTO\13_TRADING_SYSTEMS\03_STRATEGY_LIBRARY\LONG\DAS\runs\das_scanner_appearance_20260628T114046Z\chart_exports\event_day_details_grouped\0373_PEPG_2025-09-25_push27.75_rebreak\04_event_day_detail_until_1600_ny.png,C:\TSIS_Data\00_CTO\13_TRADING_SYSTEMS\03_STRATEGY_LIBRARY\LONG\DAS\runs\das_scanner_appearance_20260628T114046Z\chart_exports\event_day_details_grouped\0373_PEPG_2025-09-25_push27.75_rebreak\05_daily_context.png,das_scanner_appearance:PEPG:2025-09-25T08:01:00+00:00,PEPG,2025-09-25,27.7477,27.7477,,,-11.1712,84.6441947565543,39.095495495495506,189.1310861423221,39.0955,56.5882,56.5882,rebreak_confirmed,3.9492,multi_candle_flag_break,2025-09-25 06:53:00 EDT,2025-09-25 06:57:00 EDT,0.5764,green_wick_dip_reactivation
374,C:\TSIS_Data\00_CTO\13_TRADING_SYSTEMS\03_STRATEGY_LIBRARY\LONG\DAS\runs\das_scanner_appearance_20260628T114046Z\chart_exports\event_day_details_grouped\0374_BYND_2025-10-21_push27.75_rebreak,C:\TSIS_Data\00_CTO\13_TRADING_SYSTEMS\03_STRATEGY_LIBRARY\LONG\DAS\runs\das_scanner_appearance_20260628T114046Z\chart_exports\event_day_details_grouped\0374_BYND_2025-10-21_push27.75_rebreak\02_three_day_overview.png,C:\TSIS_Data\00_CTO\13_TRADING_SYSTEMS\03_STRATEGY_LIBRARY\LONG\DAS\runs\das_scanner_appearance_20260628T114046Z\chart_exports\event_day_details_grouped\0374_BYND_2025-10-21_push27.75_rebreak\03_event_day_premarket_detail.png,C:\TSIS_Data\00_CTO\13_TRADING_SYSTEMS\03_STRATEGY_LIBRARY\LONG\DAS\runs\das_scanner_appearance_20260628T114046Z\chart_exports\event_day_details_grouped\0374_BYND_2025-10-21_push27.75_rebreak\04_event_day_detail_until_1600_ny.png,C:\TSIS_Data\00_CTO\13_TRADING_SYSTEMS\03_STRATEGY_LIBRARY\LONG\DAS\runs\das_scanner_appearance_20260628T114046Z\chart_exports\event_day_details_grouped\0374_BYND_2025-10-21_push27.75_rebreak\05_daily_context.png,das_scanner_appearance:BYND:2025-10-21T08:00:00+00:00,BYND,2025-10-21,27.7457,27.7457,,,-1.1561,16.3265306122449,44.50867052023121,70.06802721088435,44.5087,46.1988,46.1988,rebreak_confirmed,4.5249,multi_candle_flag_break,2025-10-21 08:18:00 EDT,2025-10-21 08:19:00 EDT,0.4587,green_wick_dip_new_high
375,C:\TSIS_Data\00_CTO\13_TRADING_SYSTEMS\03_STRATEGY_LIBRARY\LONG\DAS\runs\das_scanner_appearance_20260628T114046Z\chart_exports\event_day_details_grouped\0375_LAES_2024-12-12_push27.73_rebreak,C:\TSIS_Data\00_CTO\13_TRADING_SYSTEMS\03_STRATEGY_LIBRARY\LONG\DAS\runs\das_scanner_appearance_20260628T114046Z\chart_exports\event_day_details_grouped\0375_LAES_2024-12-12_push27.73_rebreak\02_three_day_overview.png,C:\TSIS_Data\00_CTO\13_TRADING_SYSTEMS\03_STRATEGY_LIBRARY\LONG\DAS\runs\das_scanner_appearance_20260628T114046Z\chart_exports\event_day_details_grouped\0375_LAES_2024-12-12_push27.73_rebreak\03_event_day_premarket_detail.png,C:\TSIS_Data\00_CTO\13_TRADING_SYSTEMS\03_STRATEGY_LIBRARY\LONG\DAS\runs\das_scanner_appearance_20260628T114046Z\chart_exports\event_day_details_grouped\0375_LAES_2024-12-12_push27.73_rebreak\04_event_day_detail_until_1600_ny.png,C:\TSIS_Data\00_CTO\13_TRADING_SYSTEMS\03_STRATEGY_LIBRARY\LONG\DAS\runs\das_scanner_appearance_20260628T114046Z\chart_exports\event_day_details_grouped\0375_LAES_2024-12-12_push27.73_rebreak\05_daily_context.png,das_scanner_appearance:LAES:2024-12-12T09:06:00+00:00,LAES,2024-12-12,27.7311,27.7311,51.26050420168068,57.81167806417674,-7.1429,-3.121164299491502,57.98319327731092,64.82553042258459,57.9832,70.1357,70.1357,rebreak_confirmed,3.9474,ascending_flag_break,2024-12-12 08:44:00 EST,2024-12-12 08:50:00 EST,0.6369,green_wick_dip_reactivation
376,C:\TSIS_Data\00_CTO\13_TRADING_SYSTEMS\03_STRATEGY_LIBRARY\LONG\DAS\runs\das_scanner_appearance_20260628T114046Z\chart_exports\event_day_details_grouped\0376_GORO_2026-01-21_push27.72_rebreak,C:\TSIS_Data\00_CTO\13_TRADING_SYSTEMS\03_STRATEGY_LIBRARY\LONG\DAS\runs\das_scanner_appearance_20260628T114046Z\chart_exports\event_day_details_grouped\0376_GORO_2026-01-21_push27.72_rebreak\02_three_day_overview.png,C:\TSIS_Data\00_CTO\13_TRADING_SYSTEMS\03_STRATEGY_LIBRARY\LONG\DAS\runs\das_scanner_appearance_20260628T114046Z\chart_exports\event_day_details_grouped\0376_GORO_2026-01-21_push27.72_rebreak\03_event_day_premarket_detail.png,C:\TSIS_Data\00_CTO\13_TRADING_SYSTEMS\03_STRATEGY_LIBRARY\LONG\DAS\runs\das_scanner_appearance_20260628T114046Z\chart_exports\event_day_details_grouped\0376_GORO_2026-01-21_push27.72_rebreak\04_event_day_detail_until_1600_ny.png,C:\TSIS_Data\00_CTO\13_TRADING_SYSTEMS\03_STRATEGY_LIBRARY\LONG\DAS\runs\das_scanner_appearance_20260628T114046Z\chart_exports\event_day_details_grouped\0376_GORO_2026-01-21_push27.72_rebreak\05_daily_context.png,das_scanner_appearance:GORO:2026-01-21T10:08:00+00:00,GORO,2026-01-21,27.7174,27.7174,,,7.6087,33.78378378378378,29.34782608695651,60.8108108108108,29.3478,20.202,20.202,rebreak_confirmed,13.8298,vwap_reclaim_rebreak,2026-01-21 05:50:00 EST,2026-01-21 05:54:00 EST,0.9615,green_wick_dip_reactivation
377,C:\TSIS_Data\00_CTO\13_TRADING_SYSTEMS\03_STRATEGY_LIBRARY\LONG\DAS\runs\das_scanner_appearance_20260628T114046Z\chart_exports\event_day_details_grouped\0377_IONM_2024-06-27_push27.69_rebreak,C:\TSIS_Data\00_CTO\13_TRADING_SYSTEMS\03_STRATEGY_LIBRARY\LONG\DAS\runs\das_scanner_appearance_20260628T114046Z\chart_exports\event_day_details_grouped\0377_IONM_2024-06-27_push27.69_rebreak\02_three_day_overview.png,C:\TSIS_Data\00_CTO\13_TRADING_SYSTEMS\03_STRATEGY_LIBRARY\LONG\DAS\runs\das_scanner_appearance_20260628T114046Z\chart_exports\event_day_details_grouped\0377_IONM_2024-06-27_push27.69_rebreak\03_event_day_premarket_detail.png,C:\TSIS_Data\00_CTO\13_TRADING_SYSTEMS\03_STRATEGY_LIBRARY\LONG\DAS\runs\das_scanner_appearance_20260628T114046Z\chart_exports\event_day_details_grouped\0377_IONM_2024-06-27_push27.69_rebreak\04_event_day_detail_until_1600_ny.png,C:\TSIS_Data\00_CTO\13_TRADING_SYSTEMS\03_STRATEGY_LIBRARY\LONG\DAS\runs\das_scanner_appearance_20260628T114046Z\chart_exports\event_day_details_grouped\0377_IONM_2024-06-27_push27.69_rebreak\05_daily_context.png,das_scanner_appearance:IONM:2024-06-27T09:23:00+00:00,IONM,2024-06-27,27.6907,27.6907,54.12748171368861,158.65848312143794,5.3553,76.80841736080666,98.24973876698016,232.70495396755803,98.2497,88.1726,88.1726,rebreak_confirmed,3.5597,single_candle_rebreak,2024-06-27 06:12:00 EDT,2024-06-27 06:13:00 EDT,0.9119,green_wick_dip_new_high
378,C:\TSIS_Data\00_CTO\13_TRADING_SYSTEMS\03_STRATEGY_LIBRARY\LONG\DAS\runs\das_scanner_appearance_20260628T114046Z\chart_exports\event_day_details_grouped\0378_BTCT_2024-11-14_push27.66_rebreak,C:\TSIS_Data\00_CTO\13_TRADING_SYSTEMS\03_STRATEGY_LIBRARY\LONG\DAS\runs\das_scanner_appearance_20260628T114046Z\chart_exports\event_day_details_grouped\0378_BTCT_2024-11-14_push27.66_rebreak\02_three_day_overview.png,C:\TSIS_Data\00_CTO\13_TRADING_SYSTEMS\03_STRATEGY_LIBRARY\LONG\DAS\runs\das_scanner_appearance_20260628T114046Z\chart_exports\event_day_details_grouped\0378_BTCT_2024-11-14_push27.66_rebreak\03_event_day_premarket_detail.png,C:\TSIS_Data\00_CTO\13_TRADING_SYSTEMS\03_STRATEGY_LIBRARY\LONG\DAS\runs\das_scanner_appearance_20260628T114046Z\chart_exports\event_day_details_grouped\0378_BTCT_2024-11-14_push27.66_rebreak\04_event_day_detail_until_1600_ny.png,C:\TSIS_Data\00_CTO\13_TRADING_SYSTEMS\03_STRATEGY_LIBRARY\LONG\DAS\runs\das_scanner_appearance_20260628T114046Z\chart_exports\event_day_details_grouped\0378_BTCT_2024-11-14_push27.66_rebreak\05_daily_context.png,das_scanner_appearance:BTCT:2024-11-14T11:41:00+00:00,BTCT,2024-11-14,27.6596,27.6596,,,0.8105,12.429378531073443,44.88348530901724,61.58192090395481,44.8835,43.7186,43.7186,rebreak_confirmed,6.3492,multi_candle_flag_break,2024-11-14 07:12:00 EST,2024-11-14 07:13:00 EST,0.6623,green_wick_dip_new_high
379,C:\TSIS_Data\00_CTO\13_TRADING_SYSTEMS\03_STRATEGY_LIBRARY\LONG\DAS\runs\das_scanner_appearance_20260628T114046Z\chart_exports\event_day_details_grouped\0379_UOKA_2026-02-09_push27.65_rebreak,C:\TSIS_Data\00_CTO\13_TRADING_SYSTEMS\03_STRATEGY_LIBRARY\LONG\DAS\runs\das_scanner_appearance_20260628T114046Z\chart_exports\event_day_details_grouped\0379_UOKA_2026-02-09_push27.65_rebreak\02_three_day_overview.png,C:\TSIS_Data\00_CTO\13_TRADING_SYSTEMS\03_STRATEGY_LIBRARY\LONG\DAS\runs\das_scanner_appearance_20260628T114046Z\chart_exports\event_day_details_grouped\0379_UOKA_2026-02-09_push27.65_rebreak\03_event_day_premarket_detail.png,C:\TSIS_Data\00_CTO\13_TRADING_SYSTEMS\03_STRATEGY_LIBRARY\LONG\DAS\runs\das_scanner_appearance_20260628T114046Z\chart_exports\event_day_details_grouped\0379_UOKA_2026-02-09_push27.65_rebreak\04_event_day_detail_until_1600_ny.png,C:\TSIS_Data\00_CTO\13_TRADING_SYSTEMS\03_STRATEGY_LIBRARY\LONG\DAS\runs\das_scanner_appearance_20260628T114046Z\chart_exports\event_day_details_grouped\0379_UOKA_2026-02-09_push27.65_rebreak\05_daily_context.png,das_scanner_appearance:UOKA:2026-02-09T09:04:00+00:00,UOKA,2026-02-09,27.6471,27.6471,51.17647058823529,114.16666666666666,11.1765,57.49999999999999,61.17647058823531,128.33333333333337,61.1765,44.9735,44.9735,rebreak_confirmed,4.6083,ascending_flag_break,2026-02-09 04:18:00 EST,2026-02-09 04:19:00 EST,2.0642,green_wick_dip_new_high
380,C:\TSIS_Data\00_CTO\13_TRADING_SYSTEMS\03_STRATEGY_LIBRARY\LONG\DAS\runs\das_scanner_appearance_20260628T114046Z\chart_exports\event_day_details_grouped\0380_ENSC_2026-02-27_push27.65_rebreak,C:\TSIS_Data\00_CTO\13_TRADING_SYSTEMS\03_STRATEGY_LIBRARY\LONG\DAS\runs\das_scanner_appearance_20260628T114046Z\chart_exports\event_day_details_grouped\0380_ENSC_2026-02-27_push27.65_rebreak\02_three_day_overview.png,C:\TSIS_Data\00_CTO\13_TRADING_SYSTEMS\03_STRATEGY_LIBRARY\LONG\DAS\runs\das_scanner_appearance_20260628T114046Z\chart_exports\event_day_details_grouped\0380_ENSC_2026-02-27_push27.65_rebreak\03_event_day_premarket_detail.png,C:\TSIS_Data\00_CTO\13_TRADING_SYSTEMS\03_STRATEGY_LIBRARY\LONG\DAS\runs\das_scanner_appearance_20260628T114046Z\chart_exports\event_day_details_grouped\0380_ENSC_2026-02-27_push27.65_rebreak\04_event_day_detail_until_1600_ny.png,C:\TSIS_Data\00_CTO\13_TRADING_SYSTEMS\03_STRATEGY_LIBRARY\LONG\DAS\runs\das_scanner_appearance_20260628T114046Z\chart_exports\event_day_details_grouped\0380_ENSC_2026-02-27_push27.65_rebreak\05_daily_context.png,das_scanner_appearance:ENSC:2026-02-27T09:13:00+00:00,ENSC,2026-02-27,27.6469,27.6469,55.610528398970914,99.3661257606491,3.4633,32.5557809330629,57.015634276667335,101.16632860040569,57.0156,51.7598,51.7598,rebreak_confirmed,6.2016,multi_candle_flag_break,2026-02-27 07:29:00 EST,2026-02-27 07:30:00 EST,0.7058,green_wick_dip_new_high
381,C:\TSIS_Data\00_CTO\13_TRADING_SYSTEMS\03_STRATEGY_LIBRARY\LONG\DAS\runs\das_scanner_appearance_20260628T114046Z\chart_exports\event_day_details_grouped\0381_MGIH_2024-02-13_push27.63_rebreak,C:\TSIS_Data\00_CTO\13_TRADING_SYSTEMS\03_STRATEGY_LIBRARY\LONG\DAS\runs\das_scanner_appearance_20260628T114046Z\chart_exports\event_day_details_grouped\0381_MGIH_2024-02-13_push27.63_rebreak\02_three_day_overview.png,C:\TSIS_Data\00_CTO\13_TRADING_SYSTEMS\03_STRATEGY_LIBRARY\LONG\DAS\runs\das_scanner_appearance_20260628T114046Z\chart_exports\event_day_details_grouped\0381_MGIH_2024-02-13_push27.63_rebreak\03_event_day_premarket_detail.png,C:\TSIS_Data\00_CTO\13_TRADING_SYSTEMS\03_STRATEGY_LIBRARY\LONG\DAS\runs\das_scanner_appearance_20260628T114046Z\chart_exports\event_day_details_grouped\0381_MGIH_2024-02-13_push27.63_rebreak\04_event_day_detail_until_1600_ny.png,C:\TSIS_Data\00_CTO\13_TRADING_SYSTEMS\03_STRATEGY_LIBRARY\LONG\DAS\runs\das_scanner_appearance_20260628T114046Z\chart_exports\event_day_details_grouped\0381_MGIH_2024-02-13_push27.63_rebreak\05_daily_context.png,das_scanner_appearance:MGIH:2024-02-13T13:51:00+00:00,MGIH,2024-02-13,27.6316,27.6316,,,-1.3158,-3.8461538461538494,27.631578947368418,24.35897435897435,27.6316,29.3333,29.3333,rebreak_confirmed,16.9639,ascending_flag_break,2024-02-13 09:09:00 EST,2024-02-13 09:12:00 EST,2.5714,green_wick_dip_reactivation
382,C:\TSIS_Data\00_CTO\13_TRADING_SYSTEMS\03_STRATEGY_LIBRARY\LONG\DAS\runs\das_scanner_appearance_20260628T114046Z\chart_exports\event_day_details_grouped\0382_KALA_2025-12-04_push27.62_rebreak,C:\TSIS_Data\00_CTO\13_TRADING_SYSTEMS\03_STRATEGY_LIBRARY\LONG\DAS\runs\das_scanner_appearance_20260628T114046Z\chart_exports\event_day_details_grouped\0382_KALA_2025-12-04_push27.62_rebreak\02_three_day_overview.png,C:\TSIS_Data\00_CTO\13_TRADING_SYSTEMS\03_STRATEGY_LIBRARY\LONG\DAS\runs\das_scanner_appearance_20260628T114046Z\chart_exports\event_day_details_grouped\0382_KALA_2025-12-04_push27.62_rebreak\03_event_day_premarket_detail.png,C:\TSIS_Data\00_CTO\13_TRADING_SYSTEMS\03_STRATEGY_LIBRARY\LONG\DAS\runs\das_scanner_appearance_20260628T114046Z\chart_exports\event_day_details_grouped\0382_KALA_2025-12-04_push27.62_rebreak\04_event_day_detail_until_1600_ny.png,C:\TSIS_Data\00_CTO\13_TRADING_SYSTEMS\03_STRATEGY_LIBRARY\LONG\DAS\runs\das_scanner_appearance_20260628T114046Z\chart_exports\event_day_details_grouped\0382_KALA_2025-12-04_push27.62_rebreak\05_daily_context.png,das_scanner_appearance:KALA:2025-12-04T09:46:00+00:00,KALA,2025-12-04,27.619,27.619,,,0.0,11.264172936314514,48.57142857142857,65.30677121966728,48.5714,48.5714,48.5714,rebreak_confirmed,4.4776,vwap_reclaim_rebreak,2025-12-04 07:21:00 EST,2025-12-04 07:23:00 EST,1.4925,green_wick_dip_reactivation
383,C:\TSIS_Data\00_CTO\13_TRADING_SYSTEMS\03_STRATEGY_LIBRARY\LONG\DAS\runs\das_scanner_appearance_20260628T114046Z\chart_exports\event_day_details_grouped\0383_LDTC_2024-12-13_push27.61_rebreak,C:\TSIS_Data\00_CTO\13_TRADING_SYSTEMS\03_STRATEGY_LIBRARY\LONG\DAS\runs\das_scanner_appearance_20260628T114046Z\chart_exports\event_day_details_grouped\0383_LDTC_2024-12-13_push27.61_rebreak\02_three_day_overview.png,C:\TSIS_Data\00_CTO\13_TRADING_SYSTEMS\03_STRATEGY_LIBRARY\LONG\DAS\runs\das_scanner_appearance_20260628T114046Z\chart_exports\event_day_details_grouped\0383_LDTC_2024-12-13_push27.61_rebreak\03_event_day_premarket_detail.png,C:\TSIS_Data\00_CTO\13_TRADING_SYSTEMS\03_STRATEGY_LIBRARY\LONG\DAS\runs\das_scanner_appearance_20260628T114046Z\chart_exports\event_day_details_grouped\0383_LDTC_2024-12-13_push27.61_rebreak\04_event_day_detail_until_1600_ny.png,C:\TSIS_Data\00_CTO\13_TRADING_SYSTEMS\03_STRATEGY_LIBRARY\LONG\DAS\runs\das_scanner_appearance_20260628T114046Z\chart_exports\event_day_details_grouped\0383_LDTC_2024-12-13_push27.61_rebreak\05_daily_context.png,das_scanner_appearance:LDTC:2024-12-13T12:50:00+00:00,LDTC,2024-12-13,27.6074,27.6074,,,26.3804,27.94236382833364,37.42331288343561,39.12179367741135,37.4233,8.7379,8.7379,rebreak_confirmed,6.25,last_red_high_break,2024-12-13 07:53:00 EST,2024-12-13 07:54:00 EST,0.463,green_wick_dip_reactivation
384,C:\TSIS_Data\00_CTO\13_TRADING_SYSTEMS\03_STRATEGY_LIBRARY\LONG\DAS\runs\das_scanner_appearance_20260628T114046Z\chart_exports\event_day_details_grouped\0384_ATPC_2026-01-15_push27.60_rebreak,C:\TSIS_Data\00_CTO\13_TRADING_SYSTEMS\03_STRATEGY_LIBRARY\LONG\DAS\runs\das_scanner_appearance_20260628T114046Z\chart_exports\event_day_details_grouped\0384_ATPC_2026-01-15_push27.60_rebreak\02_three_day_overview.png,C:\TSIS_Data\00_CTO\13_TRADING_SYSTEMS\03_STRATEGY_LIBRARY\LONG\DAS\runs\das_scanner_appearance_20260628T114046Z\chart_exports\event_day_details_grouped\0384_ATPC_2026-01-15_push27.60_rebreak\03_event_day_premarket_detail.png,C:\TSIS_Data\00_CTO\13_TRADING_SYSTEMS\03_STRATEGY_LIBRARY\LONG\DAS\runs\das_scanner_appearance_20260628T114046Z\chart_exports\event_day_details_grouped\0384_ATPC_2026-01-15_push27.60_rebreak\04_event_day_detail_until_1600_ny.png,C:\TSIS_Data\00_CTO\13_TRADING_SYSTEMS\03_STRATEGY_LIBRARY\LONG\DAS\runs\das_scanner_appearance_20260628T114046Z\chart_exports\event_day_details_grouped\0384_ATPC_2026-01-15_push27.60_rebreak\05_daily_context.png,das_scanner_appearance:ATPC:2026-01-15T09:21:00+00:00,ATPC,2026-01-15,27.6042,27.6042,,,5.2083,77.19298245614034,27.604166666666664,114.91228070175438,27.6042,21.2871,21.2871,rebreak_confirmed,7.1429,last_red_high_break,2026-01-15 07:04:00 EST,2026-01-15 07:07:00 EST,1.107,green_wick_dip_reactivation
385,C:\TSIS_Data\00_CTO\13_TRADING_SYSTEMS\03_STRATEGY_LIBRARY\LONG\DAS\runs\das_scanner_appearance_20260628T114046Z\chart_exports\event_day_details_grouped\0385_SPAI_2024-11-20_push27.56_rebreak,C:\TSIS_Data\00_CTO\13_TRADING_SYSTEMS\03_STRATEGY_LIBRARY\LONG\DAS\runs\das_scanner_appearance_20260628T114046Z\chart_exports\event_day_details_grouped\0385_SPAI_2024-11-20_push27.56_rebreak\02_three_day_overview.png,C:\TSIS_Data\00_CTO\13_TRADING_SYSTEMS\03_STRATEGY_LIBRARY\LONG\DAS\runs\das_scanner_appearance_20260628T114046Z\chart_exports\event_day_details_grouped\0385_SPAI_2024-11-20_push27.56_rebreak\03_event_day_premarket_detail.png,C:\TSIS_Data\00_CTO\13_TRADING_SYSTEMS\03_STRATEGY_LIBRARY\LONG\DAS\runs\das_scanner_appearance_20260628T114046Z\chart_exports\event_day_details_grouped\0385_SPAI_2024-11-20_push27.56_rebreak\04_event_day_detail_until_1600_ny.png,C:\TSIS_Data\00_CTO\13_TRADING_SYSTEMS\03_STRATEGY_LIBRARY\LONG\DAS\runs\das_scanner_appearance_20260628T114046Z\chart_exports\event_day_details_grouped\0385_SPAI_2024-11-20_push27.56_rebreak\05_daily_context.png,das_scanner_appearance:SPAI:2024-11-20T13:16:00+00:00,SPAI,2024-11-20,27.5591,27.5591,,,14.1732,26.637554585152834,28.346456692913375,42.358078602620076,28.3465,12.4138,12.4138,rebreak_confirmed,13.5802,vwap_reclaim_rebreak,2024-11-20 08:38:00 EST,2024-11-20 08:40:00 EST,1.3234,green_wick_dip_reactivation
386,C:\TSIS_Data\00_CTO\13_TRADING_SYSTEMS\03_STRATEGY_LIBRARY\LONG\DAS\runs\das_scanner_appearance_20260628T114046Z\chart_exports\event_day_details_grouped\0386_SES_2025-01-03_push27.55_rebreak,C:\TSIS_Data\00_CTO\13_TRADING_SYSTEMS\03_STRATEGY_LIBRARY\LONG\DAS\runs\das_scanner_appearance_20260628T114046Z\chart_exports\event_day_details_grouped\0386_SES_2025-01-03_push27.55_rebreak\02_three_day_overview.png,C:\TSIS_Data\00_CTO\13_TRADING_SYSTEMS\03_STRATEGY_LIBRARY\LONG\DAS\runs\das_scanner_appearance_20260628T114046Z\chart_exports\event_day_details_grouped\0386_SES_2025-01-03_push27.55_rebreak\03_event_day_premarket_detail.png,C:\TSIS_Data\00_CTO\13_TRADING_SYSTEMS\03_STRATEGY_LIBRARY\LONG\DAS\runs\das_scanner_appearance_20260628T114046Z\chart_exports\event_day_details_grouped\0386_SES_2025-01-03_push27.55_rebreak\04_event_day_detail_until_1600_ny.png,C:\TSIS_Data\00_CTO\13_TRADING_SYSTEMS\03_STRATEGY_LIBRARY\LONG\DAS\runs\das_scanner_appearance_20260628T114046Z\chart_exports\event_day_details_grouped\0386_SES_2025-01-03_push27.55_rebreak\05_daily_context.png,das_scanner_appearance:SES:2025-01-03T09:12:00+00:00,SES,2025-01-03,27.551,27.551,,,19.6429,23.74670184696571,33.16326530612245,37.73087071240105,33.1633,11.3006,11.3006,rebreak_confirmed,8.0,single_candle_rebreak,2025-01-03 04:15:00 EST,2025-01-03 04:17:00 EST,0.4098,green_wick_dip_reactivation
387,C:\TSIS_Data\00_CTO\13_TRADING_SYSTEMS\03_STRATEGY_LIBRARY\LONG\DAS\runs\das_scanner_appearance_20260628T114046Z\chart_exports\event_day_details_grouped\0387_NCL_2024-11-08_push27.50_rebreak,C:\TSIS_Data\00_CTO\13_TRADING_SYSTEMS\03_STRATEGY_LIBRARY\LONG\DAS\runs\das_scanner_appearance_20260628T114046Z\chart_exports\event_day_details_grouped\0387_NCL_2024-11-08_push27.50_rebreak\02_three_day_overview.png,C:\TSIS_Data\00_CTO\13_TRADING_SYSTEMS\03_STRATEGY_LIBRARY\LONG\DAS\runs\das_scanner_appearance_20260628T114046Z\chart_exports\event_day_details_grouped\0387_NCL_2024-11-08_push27.50_rebreak\03_event_day_premarket_detail.png,C:\TSIS_Data\00_CTO\13_TRADING_SYSTEMS\03_STRATEGY_LIBRARY\LONG\DAS\runs\das_scanner_appearance_20260628T114046Z\chart_exports\event_day_details_grouped\0387_NCL_2024-11-08_push27.50_rebreak\04_event_day_detail_until_1600_ny.png,C:\TSIS_Data\00_CTO\13_TRADING_SYSTEMS\03_STRATEGY_LIBRARY\LONG\DAS\runs\das_scanner_appearance_20260628T114046Z\chart_exports\event_day_details_grouped\0387_NCL_2024-11-08_push27.50_rebreak\05_daily_context.png,das_scanner_appearance:NCL:2024-11-08T12:05:00+00:00,NCL,2024-11-08,27.5,27.5,56.199999999999996,178.43137254901964,-20.85,41.0873440285205,67.5,198.5739750445633,67.5,111.6235,111.6235,rebreak_confirmed,14.098,ascending_flag_break,2024-11-08 08:10:00 EST,2024-11-08 08:12:00 EST,1.1307,green_wick_dip_reactivation
388,C:\TSIS_Data\00_CTO\13_TRADING_SYSTEMS\03_STRATEGY_LIBRARY\LONG\DAS\runs\das_scanner_appearance_20260628T114046Z\chart_exports\event_day_details_grouped\0388_THTX_2025-03-26_push27.43_rebreak,C:\TSIS_Data\00_CTO\13_TRADING_SYSTEMS\03_STRATEGY_LIBRARY\LONG\DAS\runs\das_scanner_appearance_20260628T114046Z\chart_exports\event_day_details_grouped\0388_THTX_2025-03-26_push27.43_rebreak\02_three_day_overview.png,C:\TSIS_Data\00_CTO\13_TRADING_SYSTEMS\03_STRATEGY_LIBRARY\LONG\DAS\runs\das_scanner_appearance_20260628T114046Z\chart_exports\event_day_details_grouped\0388_THTX_2025-03-26_push27.43_rebreak\03_event_day_premarket_detail.png,C:\TSIS_Data\00_CTO\13_TRADING_SYSTEMS\03_STRATEGY_LIBRARY\LONG\DAS\runs\das_scanner_appearance_20260628T114046Z\chart_exports\event_day_details_grouped\0388_THTX_2025-03-26_push27.43_rebreak\04_event_day_detail_until_1600_ny.png,C:\TSIS_Data\00_CTO\13_TRADING_SYSTEMS\03_STRATEGY_LIBRARY\LONG\DAS\runs\das_scanner_appearance_20260628T114046Z\chart_exports\event_day_details_grouped\0388_THTX_2025-03-26_push27.43_rebreak\05_daily_context.png,das_scanner_appearance:THTX:2025-03-26T08:02:00+00:00,THTX,2025-03-26,27.4336,27.4336,,,-1.7699,44.155844155844164,35.840707964601776,99.35064935064933,35.8407,38.2883,38.2883,rebreak_confirmed,5.2083,flat_shelf_break,2025-03-26 04:16:00 EDT,2025-03-26 04:20:00 EDT,1.8116,green_wick_dip_reactivation
389,C:\TSIS_Data\00_CTO\13_TRADING_SYSTEMS\03_STRATEGY_LIBRARY\LONG\DAS\runs\das_scanner_appearance_20260628T114046Z\chart_exports\event_day_details_grouped\0389_ARBE_2026-01-05_push27.42_rebreak,C:\TSIS_Data\00_CTO\13_TRADING_SYSTEMS\03_STRATEGY_LIBRARY\LONG\DAS\runs\das_scanner_appearance_20260628T114046Z\chart_exports\event_day_details_grouped\0389_ARBE_2026-01-05_push27.42_rebreak\02_three_day_overview.png,C:\TSIS_Data\00_CTO\13_TRADING_SYSTEMS\03_STRATEGY_LIBRARY\LONG\DAS\runs\das_scanner_appearance_20260628T114046Z\chart_exports\event_day_details_grouped\0389_ARBE_2026-01-05_push27.42_rebreak\03_event_day_premarket_detail.png,C:\TSIS_Data\00_CTO\13_TRADING_SYSTEMS\03_STRATEGY_LIBRARY\LONG\DAS\runs\das_scanner_appearance_20260628T114046Z\chart_exports\event_day_details_grouped\0389_ARBE_2026-01-05_push27.42_rebreak\04_event_day_detail_until_1600_ny.png,C:\TSIS_Data\00_CTO\13_TRADING_SYSTEMS\03_STRATEGY_LIBRARY\LONG\DAS\runs\das_scanner_appearance_20260628T114046Z\chart_exports\event_day_details_grouped\0389_ARBE_2026-01-05_push27.42_rebreak\05_daily_context.png,das_scanner_appearance:ARBE:2026-01-05T12:22:00+00:00,ARBE,2026-01-05,27.4194,27.4194,,,7.2581,10.741049125728559,31.4516129032258,35.72023313905077,31.4516,22.5564,22.5564,rebreak_confirmed,3.7975,flat_shelf_break,2026-01-05 08:24:00 EST,2026-01-05 08:29:00 EST,0.6944,green_wick_dip_reactivation
390,C:\TSIS_Data\00_CTO\13_TRADING_SYSTEMS\03_STRATEGY_LIBRARY\LONG\DAS\runs\das_scanner_appearance_20260628T114046Z\chart_exports\event_day_details_grouped\0390_PSTV_2025-07-24_push27.40_rebreak,C:\TSIS_Data\00_CTO\13_TRADING_SYSTEMS\03_STRATEGY_LIBRARY\LONG\DAS\runs\das_scanner_appearance_20260628T114046Z\chart_exports\event_day_details_grouped\0390_PSTV_2025-07-24_push27.40_rebreak\02_three_day_overview.png,C:\TSIS_Data\00_CTO\13_TRADING_SYSTEMS\03_STRATEGY_LIBRARY\LONG\DAS\runs\das_scanner_appearance_20260628T114046Z\chart_exports\event_day_details_grouped\0390_PSTV_2025-07-24_push27.40_rebreak\03_event_day_premarket_detail.png,C:\TSIS_Data\00_CTO\13_TRADING_SYSTEMS\03_STRATEGY_LIBRARY\LONG\DAS\runs\das_scanner_appearance_20260628T114046Z\chart_exports\event_day_details_grouped\0390_PSTV_2025-07-24_push27.40_rebreak\04_event_day_detail_until_1600_ny.png,C:\TSIS_Data\00_CTO\13_TRADING_SYSTEMS\03_STRATEGY_LIBRARY\LONG\DAS\runs\das_scanner_appearance_20260628T114046Z\chart_exports\event_day_details_grouped\0390_PSTV_2025-07-24_push27.40_rebreak\05_daily_context.png,das_scanner_appearance:PSTV:2025-07-24T08:10:00+00:00,PSTV,2025-07-24,27.4016,27.4016,,,11.4764,15.571428571428578,31.751968503937007,36.591836734693885,31.752,18.1882,18.1882,rebreak_confirmed,6.5204,flat_shelf_break,2025-07-24 05:55:00 EDT,2025-07-24 05:56:00 EDT,1.0584,green_wick_dip_new_high
391,C:\TSIS_Data\00_CTO\13_TRADING_SYSTEMS\03_STRATEGY_LIBRARY\LONG\DAS\runs\das_scanner_appearance_20260628T114046Z\chart_exports\event_day_details_grouped\0391_AULT_2024-03-11_push27.40_rebreak,C:\TSIS_Data\00_CTO\13_TRADING_SYSTEMS\03_STRATEGY_LIBRARY\LONG\DAS\runs\das_scanner_appearance_20260628T114046Z\chart_exports\event_day_details_grouped\0391_AULT_2024-03-11_push27.40_rebreak\02_three_day_overview.png,C:\TSIS_Data\00_CTO\13_TRADING_SYSTEMS\03_STRATEGY_LIBRARY\LONG\DAS\runs\das_scanner_appearance_20260628T114046Z\chart_exports\event_day_details_grouped\0391_AULT_2024-03-11_push27.40_rebreak\03_event_day_premarket_detail.png,C:\TSIS_Data\00_CTO\13_TRADING_SYSTEMS\03_STRATEGY_LIBRARY\LONG\DAS\runs\das_scanner_appearance_20260628T114046Z\chart_exports\event_day_details_grouped\0391_AULT_2024-03-11_push27.40_rebreak\04_event_day_detail_until_1600_ny.png,C:\TSIS_Data\00_CTO\13_TRADING_SYSTEMS\03_STRATEGY_LIBRARY\LONG\DAS\runs\das_scanner_appearance_20260628T114046Z\chart_exports\event_day_details_grouped\0391_AULT_2024-03-11_push27.40_rebreak\05_daily_context.png,das_scanner_appearance:AULT:2024-03-11T11:16:00+00:00,AULT,2024-03-11,27.3969,27.3969,,,22.1477,31.13741636644366,27.396931927133256,36.773031394750376,27.3969,4.2975,4.2975,rebreak_confirmed,7.5635,vwap_reclaim_rebreak,2024-03-11 07:30:00 EDT,2024-03-11 07:33:00 EDT,1.6595,green_wick_dip_reactivation
392,C:\TSIS_Data\00_CTO\13_TRADING_SYSTEMS\03_STRATEGY_LIBRARY\LONG\DAS\runs\das_scanner_appearance_20260628T114046Z\chart_exports\event_day_details_grouped\0392_ZENA_2024-11-26_push27.35_rebreak,C:\TSIS_Data\00_CTO\13_TRADING_SYSTEMS\03_STRATEGY_LIBRARY\LONG\DAS\runs\das_scanner_appearance_20260628T114046Z\chart_exports\event_day_details_grouped\0392_ZENA_2024-11-26_push27.35_rebreak\02_three_day_overview.png,C:\TSIS_Data\00_CTO\13_TRADING_SYSTEMS\03_STRATEGY_LIBRARY\LONG\DAS\runs\das_scanner_appearance_20260628T114046Z\chart_exports\event_day_details_grouped\0392_ZENA_2024-11-26_push27.35_rebreak\03_event_day_premarket_detail.png,C:\TSIS_Data\00_CTO\13_TRADING_SYSTEMS\03_STRATEGY_LIBRARY\LONG\DAS\runs\das_scanner_appearance_20260628T114046Z\chart_exports\event_day_details_grouped\0392_ZENA_2024-11-26_push27.35_rebreak\04_event_day_detail_until_1600_ny.png,C:\TSIS_Data\00_CTO\13_TRADING_SYSTEMS\03_STRATEGY_LIBRARY\LONG\DAS\runs\das_scanner_appearance_20260628T114046Z\chart_exports\event_day_details_grouped\0392_ZENA_2024-11-26_push27.35_rebreak\05_daily_context.png,das_scanner_appearance:ZENA:2024-11-26T09:04:00+00:00,ZENA,2024-11-26,27.3517,27.3517,52.67727930535456,64.33021806853584,22.576,31.931464174454838,142.83646888567293,161.37071651090343,142.8365,98.111,98.111,rebreak_confirmed,8.1818,vwap_reclaim_rebreak,2024-11-26 04:18:00 EST,2024-11-26 04:19:00 EST,2.907,green_wick_dip_new_high
393,C:\TSIS_Data\00_CTO\13_TRADING_SYSTEMS\03_STRATEGY_LIBRARY\LONG\DAS\runs\das_scanner_appearance_20260628T114046Z\chart_exports\event_day_details_grouped\0393_BEEM_2026-01-14_push27.27_rebreak,C:\TSIS_Data\00_CTO\13_TRADING_SYSTEMS\03_STRATEGY_LIBRARY\LONG\DAS\runs\das_scanner_appearance_20260628T114046Z\chart_exports\event_day_details_grouped\0393_BEEM_2026-01-14_push27.27_rebreak\02_three_day_overview.png,C:\TSIS_Data\00_CTO\13_TRADING_SYSTEMS\03_STRATEGY_LIBRARY\LONG\DAS\runs\das_scanner_appearance_20260628T114046Z\chart_exports\event_day_details_grouped\0393_BEEM_2026-01-14_push27.27_rebreak\03_event_day_premarket_detail.png,C:\TSIS_Data\00_CTO\13_TRADING_SYSTEMS\03_STRATEGY_LIBRARY\LONG\DAS\runs\das_scanner_appearance_20260628T114046Z\chart_exports\event_day_details_grouped\0393_BEEM_2026-01-14_push27.27_rebreak\04_event_day_detail_until_1600_ny.png,C:\TSIS_Data\00_CTO\13_TRADING_SYSTEMS\03_STRATEGY_LIBRARY\LONG\DAS\runs\das_scanner_appearance_20260628T114046Z\chart_exports\event_day_details_grouped\0393_BEEM_2026-01-14_push27.27_rebreak\05_daily_context.png,das_scanner_appearance:BEEM:2026-01-14T11:08:00+00:00,BEEM,2026-01-14,27.2727,27.2727,,,21.5909,20.2247191011236,46.59090909090909,44.943820224719104,46.5909,20.5607,20.5607,rebreak_confirmed,5.8036,single_candle_rebreak,2026-01-14 06:10:00 EST,2026-01-14 06:13:00 EST,3.8549,green_wick_dip_reactivation
394,C:\TSIS_Data\00_CTO\13_TRADING_SYSTEMS\03_STRATEGY_LIBRARY\LONG\DAS\runs\das_scanner_appearance_20260628T114046Z\chart_exports\event_day_details_grouped\0394_MOBX_2025-01-22_push27.27_rebreak,C:\TSIS_Data\00_CTO\13_TRADING_SYSTEMS\03_STRATEGY_LIBRARY\LONG\DAS\runs\das_scanner_appearance_20260628T114046Z\chart_exports\event_day_details_grouped\0394_MOBX_2025-01-22_push27.27_rebreak\02_three_day_overview.png,C:\TSIS_Data\00_CTO\13_TRADING_SYSTEMS\03_STRATEGY_LIBRARY\LONG\DAS\runs\das_scanner_appearance_20260628T114046Z\chart_exports\event_day_details_grouped\0394_MOBX_2025-01-22_push27.27_rebreak\03_event_day_premarket_detail.png,C:\TSIS_Data\00_CTO\13_TRADING_SYSTEMS\03_STRATEGY_LIBRARY\LONG\DAS\runs\das_scanner_appearance_20260628T114046Z\chart_exports\event_day_details_grouped\0394_MOBX_2025-01-22_push27.27_rebreak\04_event_day_detail_until_1600_ny.png,C:\TSIS_Data\00_CTO\13_TRADING_SYSTEMS\03_STRATEGY_LIBRARY\LONG\DAS\runs\das_scanner_appearance_20260628T114046Z\chart_exports\event_day_details_grouped\0394_MOBX_2025-01-22_push27.27_rebreak\05_daily_context.png,das_scanner_appearance:MOBX:2025-01-22T12:16:00+00:00,MOBX,2025-01-22,27.2727,27.2727,,,21.4876,25.641025641025646,44.62809917355373,49.57264957264958,44.6281,19.0476,19.0476,rebreak_confirmed,13.3117,vwap_reclaim_rebreak,2025-01-22 07:19:00 EST,2025-01-22 07:21:00 EST,1.4085,green_wick_dip_reactivation
395,C:\TSIS_Data\00_CTO\13_TRADING_SYSTEMS\03_STRATEGY_LIBRARY\LONG\DAS\runs\das_scanner_appearance_20260628T114046Z\chart_exports\event_day_details_grouped\0395_SLS_2024-05-01_push27.20_rebreak,C:\TSIS_Data\00_CTO\13_TRADING_SYSTEMS\03_STRATEGY_LIBRARY\LONG\DAS\runs\das_scanner_appearance_20260628T114046Z\chart_exports\event_day_details_grouped\0395_SLS_2024-05-01_push27.20_rebreak\02_three_day_overview.png,C:\TSIS_Data\00_CTO\13_TRADING_SYSTEMS\03_STRATEGY_LIBRARY\LONG\DAS\runs\das_scanner_appearance_20260628T114046Z\chart_exports\event_day_details_grouped\0395_SLS_2024-05-01_push27.20_rebreak\03_event_day_premarket_detail.png,C:\TSIS_Data\00_CTO\13_TRADING_SYSTEMS\03_STRATEGY_LIBRARY\LONG\DAS\runs\das_scanner_appearance_20260628T114046Z\chart_exports\event_day_details_grouped\0395_SLS_2024-05-01_push27.20_rebreak\04_event_day_detail_until_1600_ny.png,C:\TSIS_Data\00_CTO\13_TRADING_SYSTEMS\03_STRATEGY_LIBRARY\LONG\DAS\runs\das_scanner_appearance_20260628T114046Z\chart_exports\event_day_details_grouped\0395_SLS_2024-05-01_push27.20_rebreak\05_daily_context.png,das_scanner_appearance:SLS:2024-05-01T12:43:00+00:00,SLS,2024-05-01,27.2,27.2,,,8.8,9.677419354838717,36.0,37.096774193548384,36.0,25.0,25.0,rebreak_confirmed,6.2893,single_candle_rebreak,2024-05-01 08:56:00 EDT,2024-05-01 09:04:00 EDT,2.0134,green_wick_dip_reactivation
396,C:\TSIS_Data\00_CTO\13_TRADING_SYSTEMS\03_STRATEGY_LIBRARY\LONG\DAS\runs\das_scanner_appearance_20260628T114046Z\chart_exports\event_day_details_grouped\0396_IOBT_2025-08-18_push27.14_rebreak,C:\TSIS_Data\00_CTO\13_TRADING_SYSTEMS\03_STRATEGY_LIBRARY\LONG\DAS\runs\das_scanner_appearance_20260628T114046Z\chart_exports\event_day_details_grouped\0396_IOBT_2025-08-18_push27.14_rebreak\02_three_day_overview.png,C:\TSIS_Data\00_CTO\13_TRADING_SYSTEMS\03_STRATEGY_LIBRARY\LONG\DAS\runs\das_scanner_appearance_20260628T114046Z\chart_exports\event_day_details_grouped\0396_IOBT_2025-08-18_push27.14_rebreak\03_event_day_premarket_detail.png,C:\TSIS_Data\00_CTO\13_TRADING_SYSTEMS\03_STRATEGY_LIBRARY\LONG\DAS\runs\das_scanner_appearance_20260628T114046Z\chart_exports\event_day_details_grouped\0396_IOBT_2025-08-18_push27.14_rebreak\04_event_day_detail_until_1600_ny.png,C:\TSIS_Data\00_CTO\13_TRADING_SYSTEMS\03_STRATEGY_LIBRARY\LONG\DAS\runs\das_scanner_appearance_20260628T114046Z\chart_exports\event_day_details_grouped\0396_IOBT_2025-08-18_push27.14_rebreak\05_daily_context.png,das_scanner_appearance:IOBT:2025-08-18T12:35:00+00:00,IOBT,2025-08-18,27.1357,27.1357,,,8.5025,0.42790697674418027,31.15577889447236,21.3953488372093,31.1558,20.8781,20.8781,rebreak_confirmed,5.5336,vwap_reclaim_rebreak,2025-08-18 09:17:00 EDT,2025-08-18 09:20:00 EDT,0.0041,green_wick_dip_new_high
397,C:\TSIS_Data\00_CTO\13_TRADING_SYSTEMS\03_STRATEGY_LIBRARY\LONG\DAS\runs\das_scanner_appearance_20260628T114046Z\chart_exports\event_day_details_grouped\0397_OGEN_2026-01-22_push27.12_rebreak,C:\TSIS_Data\00_CTO\13_TRADING_SYSTEMS\03_STRATEGY_LIBRARY\LONG\DAS\runs\das_scanner_appearance_20260628T114046Z\chart_exports\event_day_details_grouped\0397_OGEN_2026-01-22_push27.12_rebreak\02_three_day_overview.png,C:\TSIS_Data\00_CTO\13_TRADING_SYSTEMS\03_STRATEGY_LIBRARY\LONG\DAS\runs\das_scanner_appearance_20260628T114046Z\chart_exports\event_day_details_grouped\0397_OGEN_2026-01-22_push27.12_rebreak\03_event_day_premarket_detail.png,C:\TSIS_Data\00_CTO\13_TRADING_SYSTEMS\03_STRATEGY_LIBRARY\LONG\DAS\runs\das_scanner_appearance_20260628T114046Z\chart_exports\event_day_details_grouped\0397_OGEN_2026-01-22_push27.12_rebreak\04_event_day_detail_until_1600_ny.png,C:\TSIS_Data\00_CTO\13_TRADING_SYSTEMS\03_STRATEGY_LIBRARY\LONG\DAS\runs\das_scanner_appearance_20260628T114046Z\chart_exports\event_day_details_grouped\0397_OGEN_2026-01-22_push27.12_rebreak\05_daily_context.png,das_scanner_appearance:OGEN:2026-01-22T09:28:00+00:00,OGEN,2026-01-22,27.1186,27.1186,,,-4.2373,12.99999999999999,27.118644067796616,50.0,27.1186,32.7434,32.7434,rebreak_confirmed,18.0,vwap_reclaim_rebreak,2026-01-22 04:40:00 EST,2026-01-22 04:44:00 EST,0.7634,green_wick_dip_new_high
398,C:\TSIS_Data\00_CTO\13_TRADING_SYSTEMS\03_STRATEGY_LIBRARY\LONG\DAS\runs\das_scanner_appearance_20260628T114046Z\chart_exports\event_day_details_grouped\0398_AGBA_2024-04-30_push26.92_rebreak,C:\TSIS_Data\00_CTO\13_TRADING_SYSTEMS\03_STRATEGY_LIBRARY\LONG\DAS\runs\das_scanner_appearance_20260628T114046Z\chart_exports\event_day_details_grouped\0398_AGBA_2024-04-30_push26.92_rebreak\02_three_day_overview.png,C:\TSIS_Data\00_CTO\13_TRADING_SYSTEMS\03_STRATEGY_LIBRARY\LONG\DAS\runs\das_scanner_appearance_20260628T114046Z\chart_exports\event_day_details_grouped\0398_AGBA_2024-04-30_push26.92_rebreak\03_event_day_premarket_detail.png,C:\TSIS_Data\00_CTO\13_TRADING_SYSTEMS\03_STRATEGY_LIBRARY\LONG\DAS\runs\das_scanner_appearance_20260628T114046Z\chart_exports\event_day_details_grouped\0398_AGBA_2024-04-30_push26.92_rebreak\04_event_day_detail_until_1600_ny.png,C:\TSIS_Data\00_CTO\13_TRADING_SYSTEMS\03_STRATEGY_LIBRARY\LONG\DAS\runs\das_scanner_appearance_20260628T114046Z\chart_exports\event_day_details_grouped\0398_AGBA_2024-04-30_push26.92_rebreak\05_daily_context.png,das_scanner_appearance:AGBA:2024-04-30T13:07:00+00:00,AGBA,2024-04-30,26.9225,26.9225,,,14.5298,10.288082240905288,26.922519913106452,22.221779495557243,26.9225,10.8205,10.8205,rebreak_confirmed,3.7035,single_candle_rebreak,2024-04-30 09:26:00 EDT,,,
399,C:\TSIS_Data\00_CTO\13_TRADING_SYSTEMS\03_STRATEGY_LIBRARY\LONG\DAS\runs\das_scanner_appearance_20260628T114046Z\chart_exports\event_day_details_grouped\0399_OSRH_2025-08-25_push26.86_rebreak,C:\TSIS_Data\00_CTO\13_TRADING_SYSTEMS\03_STRATEGY_LIBRARY\LONG\DAS\runs\das_scanner_appearance_20260628T114046Z\chart_exports\event_day_details_grouped\0399_OSRH_2025-08-25_push26.86_rebreak\02_three_day_overview.png,C:\TSIS_Data\00_CTO\13_TRADING_SYSTEMS\03_STRATEGY_LIBRARY\LONG\DAS\runs\das_scanner_appearance_20260628T114046Z\chart_exports\event_day_details_grouped\0399_OSRH_2025-08-25_push26.86_rebreak\03_event_day_premarket_detail.png,C:\TSIS_Data\00_CTO\13_TRADING_SYSTEMS\03_STRATEGY_LIBRARY\LONG\DAS\runs\das_scanner_appearance_20260628T114046Z\chart_exports\event_day_details_grouped\0399_OSRH_2025-08-25_push26.86_rebreak\04_event_day_detail_until_1600_ny.png,C:\TSIS_Data\00_CTO\13_TRADING_SYSTEMS\03_STRATEGY_LIBRARY\LONG\DAS\runs\das_scanner_appearance_20260628T114046Z\chart_exports\event_day_details_grouped\0399_OSRH_2025-08-25_push26.86_rebreak\05_daily_context.png,das_scanner_appearance:OSRH:2025-08-25T08:00:00+00:00,OSRH,2025-08-25,26.8608,26.8608,,,8.7249,63.08737864077669,42.39482200647251,113.59223300970875,42.3948,30.968,30.968,rebreak_confirmed,5.5,ascending_flag_break,2025-08-25 07:20:00 EDT,2025-08-25 07:22:00 EDT,1.408,green_wick_dip_new_high
400,C:\TSIS_Data\00_CTO\13_TRADING_SYSTEMS\03_STRATEGY_LIBRARY\LONG\DAS\runs\das_scanner_appearance_20260628T114046Z\chart_exports\event_day_details_grouped\0400_PCSA_2025-07-09_push26.83_rebreak,C:\TSIS_Data\00_CTO\13_TRADING_SYSTEMS\03_STRATEGY_LIBRARY\LONG\DAS\runs\das_scanner_appearance_20260628T114046Z\chart_exports\event_day_details_grouped\0400_PCSA_2025-07-09_push26.83_rebreak\02_three_day_overview.png,C:\TSIS_Data\00_CTO\13_TRADING_SYSTEMS\03_STRATEGY_LIBRARY\LONG\DAS\runs\das_scanner_appearance_20260628T114046Z\chart_exports\event_day_details_grouped\0400_PCSA_2025-07-09_push26.83_rebreak\03_event_day_premarket_detail.png,C:\TSIS_Data\00_CTO\13_TRADING_SYSTEMS\03_STRATEGY_LIBRARY\LONG\DAS\runs\das_scanner_appearance_20260628T114046Z\chart_exports\event_day_details_grouped\0400_PCSA_2025-07-09_push26.83_rebreak\04_event_day_detail_until_1600_ny.png,C:\TSIS_Data\00_CTO\13_TRADING_SYSTEMS\03_STRATEGY_LIBRARY\LONG\DAS\runs\das_scanner_appearance_20260628T114046Z\chart_exports\event_day_details_grouped\0400_PCSA_2025-07-09_push26.83_rebreak\05_daily_context.png,das_scanner_appearance:PCSA:2025-07-09T13:02:00+00:00,PCSA,2025-07-09,26.8335,26.8335,,,24.3313,35.9433962264151,30.716134598792067,42.9245283018868,30.7161,5.1353,5.1353,rebreak_confirmed,4.7959,single_candle_rebreak,2025-07-09 09:04:00 EDT,2025-07-09 09:08:00 EDT,0.4853,green_wick_dip_reactivation
401,C:\TSIS_Data\00_CTO\13_TRADING_SYSTEMS\03_STRATEGY_LIBRARY\LONG\DAS\runs\das_scanner_appearance_20260628T114046Z\chart_exports\event_day_details_grouped\0401_SNGX_2025-08-04_push26.81_rebreak,C:\TSIS_Data\00_CTO\13_TRADING_SYSTEMS\03_STRATEGY_LIBRARY\LONG\DAS\runs\das_scanner_appearance_20260628T114046Z\chart_exports\event_day_details_grouped\0401_SNGX_2025-08-04_push26.81_rebreak\02_three_day_overview.png,C:\TSIS_Data\00_CTO\13_TRADING_SYSTEMS\03_STRATEGY_LIBRARY\LONG\DAS\runs\das_scanner_appearance_20260628T114046Z\chart_exports\event_day_details_grouped\0401_SNGX_2025-08-04_push26.81_rebreak\03_event_day_premarket_detail.png,C:\TSIS_Data\00_CTO\13_TRADING_SYSTEMS\03_STRATEGY_LIBRARY\LONG\DAS\runs\das_scanner_appearance_20260628T114046Z\chart_exports\event_day_details_grouped\0401_SNGX_2025-08-04_push26.81_rebreak\04_event_day_detail_until_1600_ny.png,C:\TSIS_Data\00_CTO\13_TRADING_SYSTEMS\03_STRATEGY_LIBRARY\LONG\DAS\runs\das_scanner_appearance_20260628T114046Z\chart_exports\event_day_details_grouped\0401_SNGX_2025-08-04_push26.81_rebreak\05_daily_context.png,das_scanner_appearance:SNGX:2025-08-04T12:00:00+00:00,SNGX,2025-08-04,26.8116,26.8116,53.98550724637682,56.249999999999986,0.7246,2.205882352941162,61.59420289855073,63.9705882352941,61.5942,60.4317,60.4317,rebreak_confirmed,8.2886,single_candle_rebreak,2025-08-04 08:24:00 EDT,2025-08-04 08:26:00 EDT,4.0123,green_wick_dip_new_high
402,C:\TSIS_Data\00_CTO\13_TRADING_SYSTEMS\03_STRATEGY_LIBRARY\LONG\DAS\runs\das_scanner_appearance_20260628T114046Z\chart_exports\event_day_details_grouped\0402_AZI_2025-12-22_push26.81_rebreak,C:\TSIS_Data\00_CTO\13_TRADING_SYSTEMS\03_STRATEGY_LIBRARY\LONG\DAS\runs\das_scanner_appearance_20260628T114046Z\chart_exports\event_day_details_grouped\0402_AZI_2025-12-22_push26.81_rebreak\02_three_day_overview.png,C:\TSIS_Data\00_CTO\13_TRADING_SYSTEMS\03_STRATEGY_LIBRARY\LONG\DAS\runs\das_scanner_appearance_20260628T114046Z\chart_exports\event_day_details_grouped\0402_AZI_2025-12-22_push26.81_rebreak\03_event_day_premarket_detail.png,C:\TSIS_Data\00_CTO\13_TRADING_SYSTEMS\03_STRATEGY_LIBRARY\LONG\DAS\runs\das_scanner_appearance_20260628T114046Z\chart_exports\event_day_details_grouped\0402_AZI_2025-12-22_push26.81_rebreak\04_event_day_detail_until_1600_ny.png,C:\TSIS_Data\00_CTO\13_TRADING_SYSTEMS\03_STRATEGY_LIBRARY\LONG\DAS\runs\das_scanner_appearance_20260628T114046Z\chart_exports\event_day_details_grouped\0402_AZI_2025-12-22_push26.81_rebreak\05_daily_context.png,das_scanner_appearance:AZI:2025-12-22T09:03:00+00:00,AZI,2025-12-22,26.8072,26.8072,,,21.3855,61.847389558232926,44.57831325301205,92.77108433734938,44.5783,19.1067,19.1067,rebreak_confirmed,5.9382,single_candle_rebreak,2025-12-22 04:05:00 EST,2025-12-22 04:07:00 EST,1.2315,green_wick_dip_reactivation
403,C:\TSIS_Data\00_CTO\13_TRADING_SYSTEMS\03_STRATEGY_LIBRARY\LONG\DAS\runs\das_scanner_appearance_20260628T114046Z\chart_exports\event_day_details_grouped\0403_SABR_2026-02-18_push26.80_rebreak,C:\TSIS_Data\00_CTO\13_TRADING_SYSTEMS\03_STRATEGY_LIBRARY\LONG\DAS\runs\das_scanner_appearance_20260628T114046Z\chart_exports\event_day_details_grouped\0403_SABR_2026-02-18_push26.80_rebreak\02_three_day_overview.png,C:\TSIS_Data\00_CTO\13_TRADING_SYSTEMS\03_STRATEGY_LIBRARY\LONG\DAS\runs\das_scanner_appearance_20260628T114046Z\chart_exports\event_day_details_grouped\0403_SABR_2026-02-18_push26.80_rebreak\03_event_day_premarket_detail.png,C:\TSIS_Data\00_CTO\13_TRADING_SYSTEMS\03_STRATEGY_LIBRARY\LONG\DAS\runs\das_scanner_appearance_20260628T114046Z\chart_exports\event_day_details_grouped\0403_SABR_2026-02-18_push26.80_rebreak\04_event_day_detail_until_1600_ny.png,C:\TSIS_Data\00_CTO\13_TRADING_SYSTEMS\03_STRATEGY_LIBRARY\LONG\DAS\runs\das_scanner_appearance_20260628T114046Z\chart_exports\event_day_details_grouped\0403_SABR_2026-02-18_push26.80_rebreak\05_daily_context.png,das_scanner_appearance:SABR:2026-02-18T13:40:00+00:00,SABR,2026-02-18,26.8041,26.8041,,,17.5258,19.89903239377366,39.17525773195877,41.98569625578462,39.1753,18.4211,18.4211,rebreak_confirmed,3.252,flat_shelf_break,2026-02-18 08:55:00 EST,2026-02-18 08:56:00 EST,0.7841,green_wick_dip_new_high
404,C:\TSIS_Data\00_CTO\13_TRADING_SYSTEMS\03_STRATEGY_LIBRARY\LONG\DAS\runs\das_scanner_appearance_20260628T114046Z\chart_exports\event_day_details_grouped\0404_BMR_2024-07-29_push26.80_rebreak,C:\TSIS_Data\00_CTO\13_TRADING_SYSTEMS\03_STRATEGY_LIBRARY\LONG\DAS\runs\das_scanner_appearance_20260628T114046Z\chart_exports\event_day_details_grouped\0404_BMR_2024-07-29_push26.80_rebreak\02_three_day_overview.png,C:\TSIS_Data\00_CTO\13_TRADING_SYSTEMS\03_STRATEGY_LIBRARY\LONG\DAS\runs\das_scanner_appearance_20260628T114046Z\chart_exports\event_day_details_grouped\0404_BMR_2024-07-29_push26.80_rebreak\03_event_day_premarket_detail.png,C:\TSIS_Data\00_CTO\13_TRADING_SYSTEMS\03_STRATEGY_LIBRARY\LONG\DAS\runs\das_scanner_appearance_20260628T114046Z\chart_exports\event_day_details_grouped\0404_BMR_2024-07-29_push26.80_rebreak\04_event_day_detail_until_1600_ny.png,C:\TSIS_Data\00_CTO\13_TRADING_SYSTEMS\03_STRATEGY_LIBRARY\LONG\DAS\runs\das_scanner_appearance_20260628T114046Z\chart_exports\event_day_details_grouped\0404_BMR_2024-07-29_push26.80_rebreak\05_daily_context.png,das_scanner_appearance:BMR:2024-07-29T11:54:00+00:00,BMR,2024-07-29,26.8041,26.8041,,,22.8866,23.395445134575567,28.247422680412377,28.778467908902684,28.2474,4.3624,4.3624,rebreak_confirmed,7.9675,single_candle_rebreak,2024-07-29 07:57:00 EDT,2024-07-29 07:58:00 EDT,0.681,green_wick_dip_new_high
405,C:\TSIS_Data\00_CTO\13_TRADING_SYSTEMS\03_STRATEGY_LIBRARY\LONG\DAS\runs\das_scanner_appearance_20260628T114046Z\chart_exports\event_day_details_grouped\0405_BURU_2025-06-27_push26.80_rebreak,C:\TSIS_Data\00_CTO\13_TRADING_SYSTEMS\03_STRATEGY_LIBRARY\LONG\DAS\runs\das_scanner_appearance_20260628T114046Z\chart_exports\event_day_details_grouped\0405_BURU_2025-06-27_push26.80_rebreak\02_three_day_overview.png,C:\TSIS_Data\00_CTO\13_TRADING_SYSTEMS\03_STRATEGY_LIBRARY\LONG\DAS\runs\das_scanner_appearance_20260628T114046Z\chart_exports\event_day_details_grouped\0405_BURU_2025-06-27_push26.80_rebreak\03_event_day_premarket_detail.png,C:\TSIS_Data\00_CTO\13_TRADING_SYSTEMS\03_STRATEGY_LIBRARY\LONG\DAS\runs\das_scanner_appearance_20260628T114046Z\chart_exports\event_day_details_grouped\0405_BURU_2025-06-27_push26.80_rebreak\04_event_day_detail_until_1600_ny.png,C:\TSIS_Data\00_CTO\13_TRADING_SYSTEMS\03_STRATEGY_LIBRARY\LONG\DAS\runs\das_scanner_appearance_20260628T114046Z\chart_exports\event_day_details_grouped\0405_BURU_2025-06-27_push26.80_rebreak\05_daily_context.png,das_scanner_appearance:BURU:2025-06-27T12:36:00+00:00,BURU,2025-06-27,26.7959,26.7959,,,9.4969,10.310328300982501,49.5302093244529,50.641025641025635,49.5302,36.5611,36.5611,rebreak_confirmed,9.8959,single_candle_rebreak,2025-06-27 08:43:00 EDT,2025-06-27 08:48:00 EDT,0.6065,green_wick_dip_reactivation
406,C:\TSIS_Data\00_CTO\13_TRADING_SYSTEMS\03_STRATEGY_LIBRARY\LONG\DAS\runs\das_scanner_appearance_20260628T114046Z\chart_exports\event_day_details_grouped\0406_GXAI_2026-03-03_push26.79_rebreak,C:\TSIS_Data\00_CTO\13_TRADING_SYSTEMS\03_STRATEGY_LIBRARY\LONG\DAS\runs\das_scanner_appearance_20260628T114046Z\chart_exports\event_day_details_grouped\0406_GXAI_2026-03-03_push26.79_rebreak\02_three_day_overview.png,C:\TSIS_Data\00_CTO\13_TRADING_SYSTEMS\03_STRATEGY_LIBRARY\LONG\DAS\runs\das_scanner_appearance_20260628T114046Z\chart_exports\event_day_details_grouped\0406_GXAI_2026-03-03_push26.79_rebreak\03_event_day_premarket_detail.png,C:\TSIS_Data\00_CTO\13_TRADING_SYSTEMS\03_STRATEGY_LIBRARY\LONG\DAS\runs\das_scanner_appearance_20260628T114046Z\chart_exports\event_day_details_grouped\0406_GXAI_2026-03-03_push26.79_rebreak\04_event_day_detail_until_1600_ny.png,C:\TSIS_Data\00_CTO\13_TRADING_SYSTEMS\03_STRATEGY_LIBRARY\LONG\DAS\runs\das_scanner_appearance_20260628T114046Z\chart_exports\event_day_details_grouped\0406_GXAI_2026-03-03_push26.79_rebreak\05_daily_context.png,das_scanner_appearance:GXAI:2026-03-03T12:47:00+00:00,GXAI,2026-03-03,26.7857,26.7857,,,21.4286,18.26086956521741,33.928571428571416,30.43478260869566,33.9286,10.2941,10.2941,rebreak_confirmed,8.5211,single_candle_rebreak,2026-03-03 07:49:00 EST,2026-03-03 07:50:00 EST,1.4184,green_wick_dip_new_high
407,C:\TSIS_Data\00_CTO\13_TRADING_SYSTEMS\03_STRATEGY_LIBRARY\LONG\DAS\runs\das_scanner_appearance_20260628T114046Z\chart_exports\event_day_details_grouped\0407_BTCS_2024-11-14_push26.77_rebreak,C:\TSIS_Data\00_CTO\13_TRADING_SYSTEMS\03_STRATEGY_LIBRARY\LONG\DAS\runs\das_scanner_appearance_20260628T114046Z\chart_exports\event_day_details_grouped\0407_BTCS_2024-11-14_push26.77_rebreak\02_three_day_overview.png,C:\TSIS_Data\00_CTO\13_TRADING_SYSTEMS\03_STRATEGY_LIBRARY\LONG\DAS\runs\das_scanner_appearance_20260628T114046Z\chart_exports\event_day_details_grouped\0407_BTCS_2024-11-14_push26.77_rebreak\03_event_day_premarket_detail.png,C:\TSIS_Data\00_CTO\13_TRADING_SYSTEMS\03_STRATEGY_LIBRARY\LONG\DAS\runs\das_scanner_appearance_20260628T114046Z\chart_exports\event_day_details_grouped\0407_BTCS_2024-11-14_push26.77_rebreak\04_event_day_detail_until_1600_ny.png,C:\TSIS_Data\00_CTO\13_TRADING_SYSTEMS\03_STRATEGY_LIBRARY\LONG\DAS\runs\das_scanner_appearance_20260628T114046Z\chart_exports\event_day_details_grouped\0407_BTCS_2024-11-14_push26.77_rebreak\05_daily_context.png,das_scanner_appearance:BTCS:2024-11-14T11:40:00+00:00,BTCS,2024-11-14,26.7699,26.7699,,,12.8319,23.18840579710145,35.840707964601776,48.309178743961354,35.8407,20.3922,20.3922,rebreak_confirmed,5.7592,vwap_reclaim_rebreak,2024-11-14 06:54:00 EST,2024-11-14 06:55:00 EST,2.0583,green_wick_dip_new_high
408,C:\TSIS_Data\00_CTO\13_TRADING_SYSTEMS\03_STRATEGY_LIBRARY\LONG\DAS\runs\das_scanner_appearance_20260628T114046Z\chart_exports\event_day_details_grouped\0408_LOBO_2025-08-05_push26.70_rebreak,C:\TSIS_Data\00_CTO\13_TRADING_SYSTEMS\03_STRATEGY_LIBRARY\LONG\DAS\runs\das_scanner_appearance_20260628T114046Z\chart_exports\event_day_details_grouped\0408_LOBO_2025-08-05_push26.70_rebreak\02_three_day_overview.png,C:\TSIS_Data\00_CTO\13_TRADING_SYSTEMS\03_STRATEGY_LIBRARY\LONG\DAS\runs\das_scanner_appearance_20260628T114046Z\chart_exports\event_day_details_grouped\0408_LOBO_2025-08-05_push26.70_rebreak\03_event_day_premarket_detail.png,C:\TSIS_Data\00_CTO\13_TRADING_SYSTEMS\03_STRATEGY_LIBRARY\LONG\DAS\runs\das_scanner_appearance_20260628T114046Z\chart_exports\event_day_details_grouped\0408_LOBO_2025-08-05_push26.70_rebreak\04_event_day_detail_until_1600_ny.png,C:\TSIS_Data\00_CTO\13_TRADING_SYSTEMS\03_STRATEGY_LIBRARY\LONG\DAS\runs\das_scanner_appearance_20260628T114046Z\chart_exports\event_day_details_grouped\0408_LOBO_2025-08-05_push26.70_rebreak\05_daily_context.png,das_scanner_appearance:LOBO:2025-08-05T12:39:00+00:00,LOBO,2025-08-05,26.7026,26.7026,54.7779273216689,55.42640897418569,10.996,11.461008244357345,54.7779273216689,55.42640897418569,54.7779,39.4446,39.4446,rebreak_confirmed,7.1914,last_red_high_break,2025-08-05 08:45:00 EDT,2025-08-05 08:48:00 EDT,0.5607,green_wick_dip_new_high
409,C:\TSIS_Data\00_CTO\13_TRADING_SYSTEMS\03_STRATEGY_LIBRARY\LONG\DAS\runs\das_scanner_appearance_20260628T114046Z\chart_exports\event_day_details_grouped\0409_WAI_2025-10-10_push26.65_rebreak,C:\TSIS_Data\00_CTO\13_TRADING_SYSTEMS\03_STRATEGY_LIBRARY\LONG\DAS\runs\das_scanner_appearance_20260628T114046Z\chart_exports\event_day_details_grouped\0409_WAI_2025-10-10_push26.65_rebreak\02_three_day_overview.png,C:\TSIS_Data\00_CTO\13_TRADING_SYSTEMS\03_STRATEGY_LIBRARY\LONG\DAS\runs\das_scanner_appearance_20260628T114046Z\chart_exports\event_day_details_grouped\0409_WAI_2025-10-10_push26.65_rebreak\03_event_day_premarket_detail.png,C:\TSIS_Data\00_CTO\13_TRADING_SYSTEMS\03_STRATEGY_LIBRARY\LONG\DAS\runs\das_scanner_appearance_20260628T114046Z\chart_exports\event_day_details_grouped\0409_WAI_2025-10-10_push26.65_rebreak\04_event_day_detail_until_1600_ny.png,C:\TSIS_Data\00_CTO\13_TRADING_SYSTEMS\03_STRATEGY_LIBRARY\LONG\DAS\runs\das_scanner_appearance_20260628T114046Z\chart_exports\event_day_details_grouped\0409_WAI_2025-10-10_push26.65_rebreak\05_daily_context.png,das_scanner_appearance:WAI:2025-10-10T10:23:00+00:00,WAI,2025-10-10,26.6497,26.6497,,,0.0,28.75816993464052,29.187817258883246,66.33986928104575,29.1878,29.1878,29.1878,rebreak_confirmed,21.6433,vwap_reclaim_rebreak,2025-10-10 06:41:00 EDT,2025-10-10 06:45:00 EDT,1.1161,green_wick_dip_new_high
410,C:\TSIS_Data\00_CTO\13_TRADING_SYSTEMS\03_STRATEGY_LIBRARY\LONG\DAS\runs\das_scanner_appearance_20260628T114046Z\chart_exports\event_day_details_grouped\0410_IPSC_2025-11-03_push26.64_rebreak,C:\TSIS_Data\00_CTO\13_TRADING_SYSTEMS\03_STRATEGY_LIBRARY\LONG\DAS\runs\das_scanner_appearance_20260628T114046Z\chart_exports\event_day_details_grouped\0410_IPSC_2025-11-03_push26.64_rebreak\02_three_day_overview.png,C:\TSIS_Data\00_CTO\13_TRADING_SYSTEMS\03_STRATEGY_LIBRARY\LONG\DAS\runs\das_scanner_appearance_20260628T114046Z\chart_exports\event_day_details_grouped\0410_IPSC_2025-11-03_push26.64_rebreak\03_event_day_premarket_detail.png,C:\TSIS_Data\00_CTO\13_TRADING_SYSTEMS\03_STRATEGY_LIBRARY\LONG\DAS\runs\das_scanner_appearance_20260628T114046Z\chart_exports\event_day_details_grouped\0410_IPSC_2025-11-03_push26.64_rebreak\04_event_day_detail_until_1600_ny.png,C:\TSIS_Data\00_CTO\13_TRADING_SYSTEMS\03_STRATEGY_LIBRARY\LONG\DAS\runs\das_scanner_appearance_20260628T114046Z\chart_exports\event_day_details_grouped\0410_IPSC_2025-11-03_push26.64_rebreak\05_daily_context.png,das_scanner_appearance:IPSC:2025-11-03T10:36:00+00:00,IPSC,2025-11-03,26.6378,26.6378,,,11.852,15.649775939331262,27.77129521586931,32.10961737331953,27.7713,14.2325,14.2325,rebreak_confirmed,12.6497,single_candle_rebreak,2025-11-03 05:38:00 EST,2025-11-03 05:40:00 EST,0.4225,green_wick_dip_reactivation
411,C:\TSIS_Data\00_CTO\13_TRADING_SYSTEMS\03_STRATEGY_LIBRARY\LONG\DAS\runs\das_scanner_appearance_20260628T114046Z\chart_exports\event_day_details_grouped\0411_LAES_2025-01-14_push26.62_rebreak,C:\TSIS_Data\00_CTO\13_TRADING_SYSTEMS\03_STRATEGY_LIBRARY\LONG\DAS\runs\das_scanner_appearance_20260628T114046Z\chart_exports\event_day_details_grouped\0411_LAES_2025-01-14_push26.62_rebreak\02_three_day_overview.png,C:\TSIS_Data\00_CTO\13_TRADING_SYSTEMS\03_STRATEGY_LIBRARY\LONG\DAS\runs\das_scanner_appearance_20260628T114046Z\chart_exports\event_day_details_grouped\0411_LAES_2025-01-14_push26.62_rebreak\03_event_day_premarket_detail.png,C:\TSIS_Data\00_CTO\13_TRADING_SYSTEMS\03_STRATEGY_LIBRARY\LONG\DAS\runs\das_scanner_appearance_20260628T114046Z\chart_exports\event_day_details_grouped\0411_LAES_2025-01-14_push26.62_rebreak\04_event_day_detail_until_1600_ny.png,C:\TSIS_Data\00_CTO\13_TRADING_SYSTEMS\03_STRATEGY_LIBRARY\LONG\DAS\runs\das_scanner_appearance_20260628T114046Z\chart_exports\event_day_details_grouped\0411_LAES_2025-01-14_push26.62_rebreak\05_daily_context.png,das_scanner_appearance:LAES:2025-01-14T09:01:00+00:00,LAES,2025-01-14,26.6234,26.6234,,,3.8961,-4.469056930471377,31.493506493506484,20.90634982237215,31.4935,26.5625,26.5625,rebreak_confirmed,6.6667,flat_shelf_break,2025-01-14 04:24:00 EST,2025-01-14 04:26:00 EST,1.6518,green_wick_dip_reactivation
412,C:\TSIS_Data\00_CTO\13_TRADING_SYSTEMS\03_STRATEGY_LIBRARY\LONG\DAS\runs\das_scanner_appearance_20260628T114046Z\chart_exports\event_day_details_grouped\0412_AIRE_2025-10-22_push26.54_rebreak,C:\TSIS_Data\00_CTO\13_TRADING_SYSTEMS\03_STRATEGY_LIBRARY\LONG\DAS\runs\das_scanner_appearance_20260628T114046Z\chart_exports\event_day_details_grouped\0412_AIRE_2025-10-22_push26.54_rebreak\02_three_day_overview.png,C:\TSIS_Data\00_CTO\13_TRADING_SYSTEMS\03_STRATEGY_LIBRARY\LONG\DAS\runs\das_scanner_appearance_20260628T114046Z\chart_exports\event_day_details_grouped\0412_AIRE_2025-10-22_push26.54_rebreak\03_event_day_premarket_detail.png,C:\TSIS_Data\00_CTO\13_TRADING_SYSTEMS\03_STRATEGY_LIBRARY\LONG\DAS\runs\das_scanner_appearance_20260628T114046Z\chart_exports\event_day_details_grouped\0412_AIRE_2025-10-22_push26.54_rebreak\04_event_day_detail_until_1600_ny.png,C:\TSIS_Data\00_CTO\13_TRADING_SYSTEMS\03_STRATEGY_LIBRARY\LONG\DAS\runs\das_scanner_appearance_20260628T114046Z\chart_exports\event_day_details_grouped\0412_AIRE_2025-10-22_push26.54_rebreak\05_daily_context.png,das_scanner_appearance:AIRE:2025-10-22T08:03:00+00:00,AIRE,2025-10-22,26.5386,26.5386,55.29736569653746,85.7712948947296,-1.9901,17.242328333562675,59.898769124583,91.27562955827713,59.8988,63.1455,63.1455,rebreak_confirmed,5.4545,vwap_reclaim_rebreak,2025-10-22 05:23:00 EDT,2025-10-22 05:29:00 EDT,0.9434,green_wick_dip_new_high
413,C:\TSIS_Data\00_CTO\13_TRADING_SYSTEMS\03_STRATEGY_LIBRARY\LONG\DAS\runs\das_scanner_appearance_20260628T114046Z\chart_exports\event_day_details_grouped\0413_CARM_2025-09-02_push26.53_rebreak,C:\TSIS_Data\00_CTO\13_TRADING_SYSTEMS\03_STRATEGY_LIBRARY\LONG\DAS\runs\das_scanner_appearance_20260628T114046Z\chart_exports\event_day_details_grouped\0413_CARM_2025-09-02_push26.53_rebreak\02_three_day_overview.png,C:\TSIS_Data\00_CTO\13_TRADING_SYSTEMS\03_STRATEGY_LIBRARY\LONG\DAS\runs\das_scanner_appearance_20260628T114046Z\chart_exports\event_day_details_grouped\0413_CARM_2025-09-02_push26.53_rebreak\03_event_day_premarket_detail.png,C:\TSIS_Data\00_CTO\13_TRADING_SYSTEMS\03_STRATEGY_LIBRARY\LONG\DAS\runs\das_scanner_appearance_20260628T114046Z\chart_exports\event_day_details_grouped\0413_CARM_2025-09-02_push26.53_rebreak\04_event_day_detail_until_1600_ny.png,C:\TSIS_Data\00_CTO\13_TRADING_SYSTEMS\03_STRATEGY_LIBRARY\LONG\DAS\runs\das_scanner_appearance_20260628T114046Z\chart_exports\event_day_details_grouped\0413_CARM_2025-09-02_push26.53_rebreak\05_daily_context.png,das_scanner_appearance:CARM:2025-09-02T08:00:00+00:00,CARM,2025-09-02,26.5341,26.5341,,,12.1244,,31.125687685146,,31.1257,16.9466,16.9466,rebreak_confirmed,3.6622,multi_candle_flag_break,2025-09-02 09:01:00 EDT,2025-09-02 09:09:00 EDT,0.2173,green_wick_dip_new_high
414,C:\TSIS_Data\00_CTO\13_TRADING_SYSTEMS\03_STRATEGY_LIBRARY\LONG\DAS\runs\das_scanner_appearance_20260628T114046Z\chart_exports\event_day_details_grouped\0414_OVID_2025-10-03_push26.51_rebreak,C:\TSIS_Data\00_CTO\13_TRADING_SYSTEMS\03_STRATEGY_LIBRARY\LONG\DAS\runs\das_scanner_appearance_20260628T114046Z\chart_exports\event_day_details_grouped\0414_OVID_2025-10-03_push26.51_rebreak\02_three_day_overview.png,C:\TSIS_Data\00_CTO\13_TRADING_SYSTEMS\03_STRATEGY_LIBRARY\LONG\DAS\runs\das_scanner_appearance_20260628T114046Z\chart_exports\event_day_details_grouped\0414_OVID_2025-10-03_push26.51_rebreak\03_event_day_premarket_detail.png,C:\TSIS_Data\00_CTO\13_TRADING_SYSTEMS\03_STRATEGY_LIBRARY\LONG\DAS\runs\das_scanner_appearance_20260628T114046Z\chart_exports\event_day_details_grouped\0414_OVID_2025-10-03_push26.51_rebreak\04_event_day_detail_until_1600_ny.png,C:\TSIS_Data\00_CTO\13_TRADING_SYSTEMS\03_STRATEGY_LIBRARY\LONG\DAS\runs\das_scanner_appearance_20260628T114046Z\chart_exports\event_day_details_grouped\0414_OVID_2025-10-03_push26.51_rebreak\05_daily_context.png,das_scanner_appearance:OVID:2025-10-03T11:05:00+00:00,OVID,2025-10-03,26.506,26.506,,,16.8675,18.654434250764524,45.18072289156628,47.40061162079511,45.1807,24.2268,24.2268,rebreak_confirmed,13.3333,single_candle_rebreak,2025-10-03 07:07:00 EDT,2025-10-03 07:08:00 EDT,3.3654,green_wick_dip_new_high
415,C:\TSIS_Data\00_CTO\13_TRADING_SYSTEMS\03_STRATEGY_LIBRARY\LONG\DAS\runs\das_scanner_appearance_20260628T114046Z\chart_exports\event_day_details_grouped\0415_DVLT_2025-09-18_push26.48_rebreak,C:\TSIS_Data\00_CTO\13_TRADING_SYSTEMS\03_STRATEGY_LIBRARY\LONG\DAS\runs\das_scanner_appearance_20260628T114046Z\chart_exports\event_day_details_grouped\0415_DVLT_2025-09-18_push26.48_rebreak\02_three_day_overview.png,C:\TSIS_Data\00_CTO\13_TRADING_SYSTEMS\03_STRATEGY_LIBRARY\LONG\DAS\runs\das_scanner_appearance_20260628T114046Z\chart_exports\event_day_details_grouped\0415_DVLT_2025-09-18_push26.48_rebreak\03_event_day_premarket_detail.png,C:\TSIS_Data\00_CTO\13_TRADING_SYSTEMS\03_STRATEGY_LIBRARY\LONG\DAS\runs\das_scanner_appearance_20260628T114046Z\chart_exports\event_day_details_grouped\0415_DVLT_2025-09-18_push26.48_rebreak\04_event_day_detail_until_1600_ny.png,C:\TSIS_Data\00_CTO\13_TRADING_SYSTEMS\03_STRATEGY_LIBRARY\LONG\DAS\runs\das_scanner_appearance_20260628T114046Z\chart_exports\event_day_details_grouped\0415_DVLT_2025-09-18_push26.48_rebreak\05_daily_context.png,das_scanner_appearance:DVLT:2025-09-18T11:34:00+00:00,DVLT,2025-09-18,26.4827,26.4827,,,23.0695,47.66192274179494,40.474461389494074,68.54487365669476,40.4745,14.1424,14.1424,rebreak_confirmed,5.4928,single_candle_rebreak,2025-09-18 07:36:00 EDT,2025-09-18 07:37:00 EDT,0.7946,green_wick_dip_new_high
416,C:\TSIS_Data\00_CTO\13_TRADING_SYSTEMS\03_STRATEGY_LIBRARY\LONG\DAS\runs\das_scanner_appearance_20260628T114046Z\chart_exports\event_day_details_grouped\0416_XWEL_2026-02-27_push26.43_rebreak,C:\TSIS_Data\00_CTO\13_TRADING_SYSTEMS\03_STRATEGY_LIBRARY\LONG\DAS\runs\das_scanner_appearance_20260628T114046Z\chart_exports\event_day_details_grouped\0416_XWEL_2026-02-27_push26.43_rebreak\02_three_day_overview.png,C:\TSIS_Data\00_CTO\13_TRADING_SYSTEMS\03_STRATEGY_LIBRARY\LONG\DAS\runs\das_scanner_appearance_20260628T114046Z\chart_exports\event_day_details_grouped\0416_XWEL_2026-02-27_push26.43_rebreak\03_event_day_premarket_detail.png,C:\TSIS_Data\00_CTO\13_TRADING_SYSTEMS\03_STRATEGY_LIBRARY\LONG\DAS\runs\das_scanner_appearance_20260628T114046Z\chart_exports\event_day_details_grouped\0416_XWEL_2026-02-27_push26.43_rebreak\04_event_day_detail_until_1600_ny.png,C:\TSIS_Data\00_CTO\13_TRADING_SYSTEMS\03_STRATEGY_LIBRARY\LONG\DAS\runs\das_scanner_appearance_20260628T114046Z\chart_exports\event_day_details_grouped\0416_XWEL_2026-02-27_push26.43_rebreak\05_daily_context.png,das_scanner_appearance:XWEL:2026-02-27T13:04:00+00:00,XWEL,2026-02-27,26.4286,26.4286,,,4.9786,8.066176470588228,26.42857142857144,30.147058823529406,26.4286,20.4327,20.4327,rebreak_confirmed,5.6497,single_candle_rebreak,2026-02-27 08:34:00 EST,2026-02-27 08:35:00 EST,0.5004,green_wick_dip_new_high
417,C:\TSIS_Data\00_CTO\13_TRADING_SYSTEMS\03_STRATEGY_LIBRARY\LONG\DAS\runs\das_scanner_appearance_20260628T114046Z\chart_exports\event_day_details_grouped\0417_CURR_2025-06-25_push26.32_rebreak,C:\TSIS_Data\00_CTO\13_TRADING_SYSTEMS\03_STRATEGY_LIBRARY\LONG\DAS\runs\das_scanner_appearance_20260628T114046Z\chart_exports\event_day_details_grouped\0417_CURR_2025-06-25_push26.32_rebreak\02_three_day_overview.png,C:\TSIS_Data\00_CTO\13_TRADING_SYSTEMS\03_STRATEGY_LIBRARY\LONG\DAS\runs\das_scanner_appearance_20260628T114046Z\chart_exports\event_day_details_grouped\0417_CURR_2025-06-25_push26.32_rebreak\03_event_day_premarket_detail.png,C:\TSIS_Data\00_CTO\13_TRADING_SYSTEMS\03_STRATEGY_LIBRARY\LONG\DAS\runs\das_scanner_appearance_20260628T114046Z\chart_exports\event_day_details_grouped\0417_CURR_2025-06-25_push26.32_rebreak\04_event_day_detail_until_1600_ny.png,C:\TSIS_Data\00_CTO\13_TRADING_SYSTEMS\03_STRATEGY_LIBRARY\LONG\DAS\runs\das_scanner_appearance_20260628T114046Z\chart_exports\event_day_details_grouped\0417_CURR_2025-06-25_push26.32_rebreak\05_daily_context.png,das_scanner_appearance:CURR:2025-06-25T12:29:00+00:00,CURR,2025-06-25,26.3158,26.3158,,,22.7544,21.03442311018856,34.96491228070177,33.073862653520166,34.9649,9.9471,9.9471,rebreak_confirmed,11.1111,last_red_high_break,2025-06-25 08:32:00 EDT,2025-06-25 08:36:00 EDT,0.1716,green_wick_dip_reactivation
418,C:\TSIS_Data\00_CTO\13_TRADING_SYSTEMS\03_STRATEGY_LIBRARY\LONG\DAS\runs\das_scanner_appearance_20260628T114046Z\chart_exports\event_day_details_grouped\0418_BTCT_2024-11-20_push26.29_rebreak,C:\TSIS_Data\00_CTO\13_TRADING_SYSTEMS\03_STRATEGY_LIBRARY\LONG\DAS\runs\das_scanner_appearance_20260628T114046Z\chart_exports\event_day_details_grouped\0418_BTCT_2024-11-20_push26.29_rebreak\02_three_day_overview.png,C:\TSIS_Data\00_CTO\13_TRADING_SYSTEMS\03_STRATEGY_LIBRARY\LONG\DAS\runs\das_scanner_appearance_20260628T114046Z\chart_exports\event_day_details_grouped\0418_BTCT_2024-11-20_push26.29_rebreak\03_event_day_premarket_detail.png,C:\TSIS_Data\00_CTO\13_TRADING_SYSTEMS\03_STRATEGY_LIBRARY\LONG\DAS\runs\das_scanner_appearance_20260628T114046Z\chart_exports\event_day_details_grouped\0418_BTCT_2024-11-20_push26.29_rebreak\04_event_day_detail_until_1600_ny.png,C:\TSIS_Data\00_CTO\13_TRADING_SYSTEMS\03_STRATEGY_LIBRARY\LONG\DAS\runs\das_scanner_appearance_20260628T114046Z\chart_exports\event_day_details_grouped\0418_BTCT_2024-11-20_push26.29_rebreak\05_daily_context.png,das_scanner_appearance:BTCT:2024-11-20T13:18:00+00:00,BTCT,2024-11-20,26.2941,26.2941,,,17.1176,23.18333962345866,27.47058823529413,34.07247461779755,27.4706,8.8398,8.8398,rebreak_confirmed,3.1206,flat_shelf_break,2024-11-20 08:30:00 EST,2024-11-20 08:34:00 EST,0.8188,green_wick_dip_reactivation
419,C:\TSIS_Data\00_CTO\13_TRADING_SYSTEMS\03_STRATEGY_LIBRARY\LONG\DAS\runs\das_scanner_appearance_20260628T114046Z\chart_exports\event_day_details_grouped\0419_UAVS_2024-11-18_push26.24_rebreak,C:\TSIS_Data\00_CTO\13_TRADING_SYSTEMS\03_STRATEGY_LIBRARY\LONG\DAS\runs\das_scanner_appearance_20260628T114046Z\chart_exports\event_day_details_grouped\0419_UAVS_2024-11-18_push26.24_rebreak\02_three_day_overview.png,C:\TSIS_Data\00_CTO\13_TRADING_SYSTEMS\03_STRATEGY_LIBRARY\LONG\DAS\runs\das_scanner_appearance_20260628T114046Z\chart_exports\event_day_details_grouped\0419_UAVS_2024-11-18_push26.24_rebreak\03_event_day_premarket_detail.png,C:\TSIS_Data\00_CTO\13_TRADING_SYSTEMS\03_STRATEGY_LIBRARY\LONG\DAS\runs\das_scanner_appearance_20260628T114046Z\chart_exports\event_day_details_grouped\0419_UAVS_2024-11-18_push26.24_rebreak\04_event_day_detail_until_1600_ny.png,C:\TSIS_Data\00_CTO\13_TRADING_SYSTEMS\03_STRATEGY_LIBRARY\LONG\DAS\runs\das_scanner_appearance_20260628T114046Z\chart_exports\event_day_details_grouped\0419_UAVS_2024-11-18_push26.24_rebreak\05_daily_context.png,das_scanner_appearance:UAVS:2024-11-18T13:29:00+00:00,UAVS,2024-11-18,26.2411,26.2411,52.83687943262411,49.65277777777777,14.539,12.152777777777782,70.2127659574468,66.66666666666666,70.2128,48.6068,48.6068,rebreak_confirmed,9.8315,single_candle_rebreak,2024-11-18 08:31:00 EST,2024-11-18 08:32:00 EST,0.565,green_wick_dip_new_high
420,C:\TSIS_Data\00_CTO\13_TRADING_SYSTEMS\03_STRATEGY_LIBRARY\LONG\DAS\runs\das_scanner_appearance_20260628T114046Z\chart_exports\event_day_details_grouped\0420_MAIA_2025-10-23_push26.24_rebreak,C:\TSIS_Data\00_CTO\13_TRADING_SYSTEMS\03_STRATEGY_LIBRARY\LONG\DAS\runs\das_scanner_appearance_20260628T114046Z\chart_exports\event_day_details_grouped\0420_MAIA_2025-10-23_push26.24_rebreak\02_three_day_overview.png,C:\TSIS_Data\00_CTO\13_TRADING_SYSTEMS\03_STRATEGY_LIBRARY\LONG\DAS\runs\das_scanner_appearance_20260628T114046Z\chart_exports\event_day_details_grouped\0420_MAIA_2025-10-23_push26.24_rebreak\03_event_day_premarket_detail.png,C:\TSIS_Data\00_CTO\13_TRADING_SYSTEMS\03_STRATEGY_LIBRARY\LONG\DAS\runs\das_scanner_appearance_20260628T114046Z\chart_exports\event_day_details_grouped\0420_MAIA_2025-10-23_push26.24_rebreak\04_event_day_detail_until_1600_ny.png,C:\TSIS_Data\00_CTO\13_TRADING_SYSTEMS\03_STRATEGY_LIBRARY\LONG\DAS\runs\das_scanner_appearance_20260628T114046Z\chart_exports\event_day_details_grouped\0420_MAIA_2025-10-23_push26.24_rebreak\05_daily_context.png,das_scanner_appearance:MAIA:2025-10-23T12:40:00+00:00,MAIA,2025-10-23,26.2411,26.2411,,,15.6028,19.85294117647057,26.24113475177306,30.88235294117646,26.2411,9.2025,9.2025,rebreak_confirmed,7.8652,single_candle_rebreak,2025-10-23 08:44:00 EDT,2025-10-23 08:51:00 EDT,1.9799,green_wick_dip_new_high
421,C:\TSIS_Data\00_CTO\13_TRADING_SYSTEMS\03_STRATEGY_LIBRARY\LONG\DAS\runs\das_scanner_appearance_20260628T114046Z\chart_exports\event_day_details_grouped\0421_SOPA_2025-12-30_push26.19_rebreak,C:\TSIS_Data\00_CTO\13_TRADING_SYSTEMS\03_STRATEGY_LIBRARY\LONG\DAS\runs\das_scanner_appearance_20260628T114046Z\chart_exports\event_day_details_grouped\0421_SOPA_2025-12-30_push26.19_rebreak\02_three_day_overview.png,C:\TSIS_Data\00_CTO\13_TRADING_SYSTEMS\03_STRATEGY_LIBRARY\LONG\DAS\runs\das_scanner_appearance_20260628T114046Z\chart_exports\event_day_details_grouped\0421_SOPA_2025-12-30_push26.19_rebreak\03_event_day_premarket_detail.png,C:\TSIS_Data\00_CTO\13_TRADING_SYSTEMS\03_STRATEGY_LIBRARY\LONG\DAS\runs\das_scanner_appearance_20260628T114046Z\chart_exports\event_day_details_grouped\0421_SOPA_2025-12-30_push26.19_rebreak\04_event_day_detail_until_1600_ny.png,C:\TSIS_Data\00_CTO\13_TRADING_SYSTEMS\03_STRATEGY_LIBRARY\LONG\DAS\runs\das_scanner_appearance_20260628T114046Z\chart_exports\event_day_details_grouped\0421_SOPA_2025-12-30_push26.19_rebreak\05_daily_context.png,das_scanner_appearance:SOPA:2025-12-30T09:15:00+00:00,SOPA,2025-12-30,26.1905,26.1905,66.66666666666667,44.23076923076924,6.3492,-7.967032967032959,66.66666666666667,44.23076923076924,66.6667,56.7164,56.7164,rebreak_confirmed,4.0881,single_candle_rebreak,2025-12-30 04:52:00 EST,2025-12-30 04:55:00 EST,0.3195,green_wick_dip_new_high
422,C:\TSIS_Data\00_CTO\13_TRADING_SYSTEMS\03_STRATEGY_LIBRARY\LONG\DAS\runs\das_scanner_appearance_20260628T114046Z\chart_exports\event_day_details_grouped\0422_AMPG_2024-12-11_push26.17_rebreak,C:\TSIS_Data\00_CTO\13_TRADING_SYSTEMS\03_STRATEGY_LIBRARY\LONG\DAS\runs\das_scanner_appearance_20260628T114046Z\chart_exports\event_day_details_grouped\0422_AMPG_2024-12-11_push26.17_rebreak\02_three_day_overview.png,C:\TSIS_Data\00_CTO\13_TRADING_SYSTEMS\03_STRATEGY_LIBRARY\LONG\DAS\runs\das_scanner_appearance_20260628T114046Z\chart_exports\event_day_details_grouped\0422_AMPG_2024-12-11_push26.17_rebreak\03_event_day_premarket_detail.png,C:\TSIS_Data\00_CTO\13_TRADING_SYSTEMS\03_STRATEGY_LIBRARY\LONG\DAS\runs\das_scanner_appearance_20260628T114046Z\chart_exports\event_day_details_grouped\0422_AMPG_2024-12-11_push26.17_rebreak\04_event_day_detail_until_1600_ny.png,C:\TSIS_Data\00_CTO\13_TRADING_SYSTEMS\03_STRATEGY_LIBRARY\LONG\DAS\runs\das_scanner_appearance_20260628T114046Z\chart_exports\event_day_details_grouped\0422_AMPG_2024-12-11_push26.17_rebreak\05_daily_context.png,das_scanner_appearance:AMPG:2024-12-11T13:32:00+00:00,AMPG,2024-12-11,26.1682,26.1682,52.33644859813082,61.38613861386138,20.5607,27.722772277227726,104.67289719626167,116.83168316831683,104.6729,69.7674,69.7674,rebreak_confirmed,15.5556,single_candle_rebreak,2024-12-11 08:34:00 EST,2024-12-11 08:36:00 EST,3.7975,green_wick_dip_reactivation
423,C:\TSIS_Data\00_CTO\13_TRADING_SYSTEMS\03_STRATEGY_LIBRARY\LONG\DAS\runs\das_scanner_appearance_20260628T114046Z\chart_exports\event_day_details_grouped\0423_NVNI_2025-05-01_push26.13_rebreak,C:\TSIS_Data\00_CTO\13_TRADING_SYSTEMS\03_STRATEGY_LIBRARY\LONG\DAS\runs\das_scanner_appearance_20260628T114046Z\chart_exports\event_day_details_grouped\0423_NVNI_2025-05-01_push26.13_rebreak\02_three_day_overview.png,C:\TSIS_Data\00_CTO\13_TRADING_SYSTEMS\03_STRATEGY_LIBRARY\LONG\DAS\runs\das_scanner_appearance_20260628T114046Z\chart_exports\event_day_details_grouped\0423_NVNI_2025-05-01_push26.13_rebreak\03_event_day_premarket_detail.png,C:\TSIS_Data\00_CTO\13_TRADING_SYSTEMS\03_STRATEGY_LIBRARY\LONG\DAS\runs\das_scanner_appearance_20260628T114046Z\chart_exports\event_day_details_grouped\0423_NVNI_2025-05-01_push26.13_rebreak\04_event_day_detail_until_1600_ny.png,C:\TSIS_Data\00_CTO\13_TRADING_SYSTEMS\03_STRATEGY_LIBRARY\LONG\DAS\runs\das_scanner_appearance_20260628T114046Z\chart_exports\event_day_details_grouped\0423_NVNI_2025-05-01_push26.13_rebreak\05_daily_context.png,das_scanner_appearance:NVNI:2025-05-01T09:18:00+00:00,NVNI,2025-05-01,26.1316,26.1316,,,5.0091,17.27701640080881,47.857573928786955,65.13143113906987,47.8576,40.8046,40.8046,rebreak_confirmed,3.2217,last_red_high_break,2025-05-01 07:26:00 EDT,2025-05-01 07:30:00 EDT,0.4336,green_wick_dip_new_high
424,C:\TSIS_Data\00_CTO\13_TRADING_SYSTEMS\03_STRATEGY_LIBRARY\LONG\DAS\runs\das_scanner_appearance_20260628T114046Z\chart_exports\event_day_details_grouped\0424_VRAX_2024-08-28_push26.11_rebreak,C:\TSIS_Data\00_CTO\13_TRADING_SYSTEMS\03_STRATEGY_LIBRARY\LONG\DAS\runs\das_scanner_appearance_20260628T114046Z\chart_exports\event_day_details_grouped\0424_VRAX_2024-08-28_push26.11_rebreak\02_three_day_overview.png,C:\TSIS_Data\00_CTO\13_TRADING_SYSTEMS\03_STRATEGY_LIBRARY\LONG\DAS\runs\das_scanner_appearance_20260628T114046Z\chart_exports\event_day_details_grouped\0424_VRAX_2024-08-28_push26.11_rebreak\03_event_day_premarket_detail.png,C:\TSIS_Data\00_CTO\13_TRADING_SYSTEMS\03_STRATEGY_LIBRARY\LONG\DAS\runs\das_scanner_appearance_20260628T114046Z\chart_exports\event_day_details_grouped\0424_VRAX_2024-08-28_push26.11_rebreak\04_event_day_detail_until_1600_ny.png,C:\TSIS_Data\00_CTO\13_TRADING_SYSTEMS\03_STRATEGY_LIBRARY\LONG\DAS\runs\das_scanner_appearance_20260628T114046Z\chart_exports\event_day_details_grouped\0424_VRAX_2024-08-28_push26.11_rebreak\05_daily_context.png,das_scanner_appearance:VRAX:2024-08-28T11:23:00+00:00,VRAX,2024-08-28,26.1146,26.1146,,,17.4098,14.730290456431533,37.57961783439491,34.439834024896264,37.5796,17.179,17.179,rebreak_confirmed,3.1987,flat_shelf_break,2024-08-28 07:32:00 EDT,2024-08-28 07:33:00 EDT,1.6835,green_wick_dip_new_high
425,C:\TSIS_Data\00_CTO\13_TRADING_SYSTEMS\03_STRATEGY_LIBRARY\LONG\DAS\runs\das_scanner_appearance_20260628T114046Z\chart_exports\event_day_details_grouped\0425_IVVD_2025-11-14_push26.11_rebreak,C:\TSIS_Data\00_CTO\13_TRADING_SYSTEMS\03_STRATEGY_LIBRARY\LONG\DAS\runs\das_scanner_appearance_20260628T114046Z\chart_exports\event_day_details_grouped\0425_IVVD_2025-11-14_push26.11_rebreak\02_three_day_overview.png,C:\TSIS_Data\00_CTO\13_TRADING_SYSTEMS\03_STRATEGY_LIBRARY\LONG\DAS\runs\das_scanner_appearance_20260628T114046Z\chart_exports\event_day_details_grouped\0425_IVVD_2025-11-14_push26.11_rebreak\03_event_day_premarket_detail.png,C:\TSIS_Data\00_CTO\13_TRADING_SYSTEMS\03_STRATEGY_LIBRARY\LONG\DAS\runs\das_scanner_appearance_20260628T114046Z\chart_exports\event_day_details_grouped\0425_IVVD_2025-11-14_push26.11_rebreak\04_event_day_detail_until_1600_ny.png,C:\TSIS_Data\00_CTO\13_TRADING_SYSTEMS\03_STRATEGY_LIBRARY\LONG\DAS\runs\das_scanner_appearance_20260628T114046Z\chart_exports\event_day_details_grouped\0425_IVVD_2025-11-14_push26.11_rebreak\05_daily_context.png,das_scanner_appearance:IVVD:2025-11-14T09:52:00+00:00,IVVD,2025-11-14,26.1084,26.1084,52.21674876847291,74.57627118644066,11.0837,27.401129943502816,52.70935960591135,75.14124293785312,52.7094,37.4723,37.4723,rebreak_confirmed,7.0313,last_red_high_break,2025-11-14 05:35:00 EST,2025-11-14 05:36:00 EST,1.6129,green_wick_dip_new_high
426,C:\TSIS_Data\00_CTO\13_TRADING_SYSTEMS\03_STRATEGY_LIBRARY\LONG\DAS\runs\das_scanner_appearance_20260628T114046Z\chart_exports\event_day_details_grouped\0426_WINT_2025-07-03_push26.03_rebreak,C:\TSIS_Data\00_CTO\13_TRADING_SYSTEMS\03_STRATEGY_LIBRARY\LONG\DAS\runs\das_scanner_appearance_20260628T114046Z\chart_exports\event_day_details_grouped\0426_WINT_2025-07-03_push26.03_rebreak\02_three_day_overview.png,C:\TSIS_Data\00_CTO\13_TRADING_SYSTEMS\03_STRATEGY_LIBRARY\LONG\DAS\runs\das_scanner_appearance_20260628T114046Z\chart_exports\event_day_details_grouped\0426_WINT_2025-07-03_push26.03_rebreak\03_event_day_premarket_detail.png,C:\TSIS_Data\00_CTO\13_TRADING_SYSTEMS\03_STRATEGY_LIBRARY\LONG\DAS\runs\das_scanner_appearance_20260628T114046Z\chart_exports\event_day_details_grouped\0426_WINT_2025-07-03_push26.03_rebreak\04_event_day_detail_until_1600_ny.png,C:\TSIS_Data\00_CTO\13_TRADING_SYSTEMS\03_STRATEGY_LIBRARY\LONG\DAS\runs\das_scanner_appearance_20260628T114046Z\chart_exports\event_day_details_grouped\0426_WINT_2025-07-03_push26.03_rebreak\05_daily_context.png,das_scanner_appearance:WINT:2025-07-03T11:15:00+00:00,WINT,2025-07-03,26.0288,26.0288,56.89300411522634,60.526315789473685,25.8616,28.776315789473685,86.47119341563786,90.78947368421052,86.4712,48.1557,48.1557,rebreak_confirmed,10.1531,vwap_reclaim_rebreak,2025-07-03 07:20:00 EDT,2025-07-03 07:24:00 EDT,0.9434,green_wick_dip_new_high
427,C:\TSIS_Data\00_CTO\13_TRADING_SYSTEMS\03_STRATEGY_LIBRARY\LONG\DAS\runs\das_scanner_appearance_20260628T114046Z\chart_exports\event_day_details_grouped\0427_SNOA_2025-03-11_push26.01_rebreak,C:\TSIS_Data\00_CTO\13_TRADING_SYSTEMS\03_STRATEGY_LIBRARY\LONG\DAS\runs\das_scanner_appearance_20260628T114046Z\chart_exports\event_day_details_grouped\0427_SNOA_2025-03-11_push26.01_rebreak\02_three_day_overview.png,C:\TSIS_Data\00_CTO\13_TRADING_SYSTEMS\03_STRATEGY_LIBRARY\LONG\DAS\runs\das_scanner_appearance_20260628T114046Z\chart_exports\event_day_details_grouped\0427_SNOA_2025-03-11_push26.01_rebreak\03_event_day_premarket_detail.png,C:\TSIS_Data\00_CTO\13_TRADING_SYSTEMS\03_STRATEGY_LIBRARY\LONG\DAS\runs\das_scanner_appearance_20260628T114046Z\chart_exports\event_day_details_grouped\0427_SNOA_2025-03-11_push26.01_rebreak\04_event_day_detail_until_1600_ny.png,C:\TSIS_Data\00_CTO\13_TRADING_SYSTEMS\03_STRATEGY_LIBRARY\LONG\DAS\runs\das_scanner_appearance_20260628T114046Z\chart_exports\event_day_details_grouped\0427_SNOA_2025-03-11_push26.01_rebreak\05_daily_context.png,das_scanner_appearance:SNOA:2025-03-11T08:42:00+00:00,SNOA,2025-03-11,26.0054,26.0054,,,-3.7534,28.673835125448022,27.34584450402145,70.25089605734766,27.3458,32.312,32.312,rebreak_confirmed,6.1702,ascending_flag_break,2025-03-11 06:59:00 EDT,2025-03-11 07:02:00 EDT,1.8059,green_wick_dip_reactivation
428,C:\TSIS_Data\00_CTO\13_TRADING_SYSTEMS\03_STRATEGY_LIBRARY\LONG\DAS\runs\das_scanner_appearance_20260628T114046Z\chart_exports\event_day_details_grouped\0428_AYRO_2024-12-12_push25.98_rebreak,C:\TSIS_Data\00_CTO\13_TRADING_SYSTEMS\03_STRATEGY_LIBRARY\LONG\DAS\runs\das_scanner_appearance_20260628T114046Z\chart_exports\event_day_details_grouped\0428_AYRO_2024-12-12_push25.98_rebreak\02_three_day_overview.png,C:\TSIS_Data\00_CTO\13_TRADING_SYSTEMS\03_STRATEGY_LIBRARY\LONG\DAS\runs\das_scanner_appearance_20260628T114046Z\chart_exports\event_day_details_grouped\0428_AYRO_2024-12-12_push25.98_rebreak\03_event_day_premarket_detail.png,C:\TSIS_Data\00_CTO\13_TRADING_SYSTEMS\03_STRATEGY_LIBRARY\LONG\DAS\runs\das_scanner_appearance_20260628T114046Z\chart_exports\event_day_details_grouped\0428_AYRO_2024-12-12_push25.98_rebreak\04_event_day_detail_until_1600_ny.png,C:\TSIS_Data\00_CTO\13_TRADING_SYSTEMS\03_STRATEGY_LIBRARY\LONG\DAS\runs\das_scanner_appearance_20260628T114046Z\chart_exports\event_day_details_grouped\0428_AYRO_2024-12-12_push25.98_rebreak\05_daily_context.png,das_scanner_appearance:AYRO:2024-12-12T14:17:00+00:00,AYRO,2024-12-12,25.9805,25.9805,,,24.792,31.25,33.111480865224635,40.00000000000001,33.1115,6.6667,6.6667,rebreak_confirmed,9.3396,single_candle_rebreak,2024-12-12 09:19:00 EST,2024-12-12 09:21:00 EST,2.7666,green_wick_dip_reactivation
429,C:\TSIS_Data\00_CTO\13_TRADING_SYSTEMS\03_STRATEGY_LIBRARY\LONG\DAS\runs\das_scanner_appearance_20260628T114046Z\chart_exports\event_day_details_grouped\0429_IVDA_2025-10-02_push25.93_rebreak,C:\TSIS_Data\00_CTO\13_TRADING_SYSTEMS\03_STRATEGY_LIBRARY\LONG\DAS\runs\das_scanner_appearance_20260628T114046Z\chart_exports\event_day_details_grouped\0429_IVDA_2025-10-02_push25.93_rebreak\02_three_day_overview.png,C:\TSIS_Data\00_CTO\13_TRADING_SYSTEMS\03_STRATEGY_LIBRARY\LONG\DAS\runs\das_scanner_appearance_20260628T114046Z\chart_exports\event_day_details_grouped\0429_IVDA_2025-10-02_push25.93_rebreak\03_event_day_premarket_detail.png,C:\TSIS_Data\00_CTO\13_TRADING_SYSTEMS\03_STRATEGY_LIBRARY\LONG\DAS\runs\das_scanner_appearance_20260628T114046Z\chart_exports\event_day_details_grouped\0429_IVDA_2025-10-02_push25.93_rebreak\04_event_day_detail_until_1600_ny.png,C:\TSIS_Data\00_CTO\13_TRADING_SYSTEMS\03_STRATEGY_LIBRARY\LONG\DAS\runs\das_scanner_appearance_20260628T114046Z\chart_exports\event_day_details_grouped\0429_IVDA_2025-10-02_push25.93_rebreak\05_daily_context.png,das_scanner_appearance:IVDA:2025-10-02T08:03:00+00:00,IVDA,2025-10-02,25.9259,25.9259,,,13.5802,35.29411764705882,38.88888888888888,65.44117647058823,38.8889,22.2826,22.2826,rebreak_confirmed,8.3333,ascending_flag_break,2025-10-02 04:08:00 EDT,2025-10-02 04:10:00 EDT,1.5228,green_wick_dip_reactivation
430,C:\TSIS_Data\00_CTO\13_TRADING_SYSTEMS\03_STRATEGY_LIBRARY\LONG\DAS\runs\das_scanner_appearance_20260628T114046Z\chart_exports\event_day_details_grouped\0430_EONR_2025-03-20_push25.88_rebreak,C:\TSIS_Data\00_CTO\13_TRADING_SYSTEMS\03_STRATEGY_LIBRARY\LONG\DAS\runs\das_scanner_appearance_20260628T114046Z\chart_exports\event_day_details_grouped\0430_EONR_2025-03-20_push25.88_rebreak\02_three_day_overview.png,C:\TSIS_Data\00_CTO\13_TRADING_SYSTEMS\03_STRATEGY_LIBRARY\LONG\DAS\runs\das_scanner_appearance_20260628T114046Z\chart_exports\event_day_details_grouped\0430_EONR_2025-03-20_push25.88_rebreak\03_event_day_premarket_detail.png,C:\TSIS_Data\00_CTO\13_TRADING_SYSTEMS\03_STRATEGY_LIBRARY\LONG\DAS\runs\das_scanner_appearance_20260628T114046Z\chart_exports\event_day_details_grouped\0430_EONR_2025-03-20_push25.88_rebreak\04_event_day_detail_until_1600_ny.png,C:\TSIS_Data\00_CTO\13_TRADING_SYSTEMS\03_STRATEGY_LIBRARY\LONG\DAS\runs\das_scanner_appearance_20260628T114046Z\chart_exports\event_day_details_grouped\0430_EONR_2025-03-20_push25.88_rebreak\05_daily_context.png,das_scanner_appearance:EONR:2025-03-20T11:14:00+00:00,EONR,2025-03-20,25.8844,25.8844,,,22.3292,31.32167700695619,27.32049036777584,36.67982703515697,27.3205,4.0802,4.0802,rebreak_confirmed,4.4101,single_candle_rebreak,2025-03-20 07:16:00 EDT,2025-03-20 07:23:00 EDT,0.0469,green_wick_dip_new_high
431,C:\TSIS_Data\00_CTO\13_TRADING_SYSTEMS\03_STRATEGY_LIBRARY\LONG\DAS\runs\das_scanner_appearance_20260628T114046Z\chart_exports\event_day_details_grouped\0431_MBIO_2025-07-09_push25.86_rebreak,C:\TSIS_Data\00_CTO\13_TRADING_SYSTEMS\03_STRATEGY_LIBRARY\LONG\DAS\runs\das_scanner_appearance_20260628T114046Z\chart_exports\event_day_details_grouped\0431_MBIO_2025-07-09_push25.86_rebreak\02_three_day_overview.png,C:\TSIS_Data\00_CTO\13_TRADING_SYSTEMS\03_STRATEGY_LIBRARY\LONG\DAS\runs\das_scanner_appearance_20260628T114046Z\chart_exports\event_day_details_grouped\0431_MBIO_2025-07-09_push25.86_rebreak\03_event_day_premarket_detail.png,C:\TSIS_Data\00_CTO\13_TRADING_SYSTEMS\03_STRATEGY_LIBRARY\LONG\DAS\runs\das_scanner_appearance_20260628T114046Z\chart_exports\event_day_details_grouped\0431_MBIO_2025-07-09_push25.86_rebreak\04_event_day_detail_until_1600_ny.png,C:\TSIS_Data\00_CTO\13_TRADING_SYSTEMS\03_STRATEGY_LIBRARY\LONG\DAS\runs\das_scanner_appearance_20260628T114046Z\chart_exports\event_day_details_grouped\0431_MBIO_2025-07-09_push25.86_rebreak\05_daily_context.png,das_scanner_appearance:MBIO:2025-07-09T10:14:00+00:00,MBIO,2025-07-09,25.8621,25.8621,,,23.4483,35.349716446124766,41.03448275862069,54.6313799621928,41.0345,14.2458,14.2458,rebreak_confirmed,13.9726,vwap_reclaim_rebreak,2025-07-09 06:42:00 EDT,2025-07-09 06:43:00 EDT,4.2584,green_wick_dip_new_high
432,C:\TSIS_Data\00_CTO\13_TRADING_SYSTEMS\03_STRATEGY_LIBRARY\LONG\DAS\runs\das_scanner_appearance_20260628T114046Z\chart_exports\event_day_details_grouped\0432_NVOS_2024-05-31_push25.84_rebreak,C:\TSIS_Data\00_CTO\13_TRADING_SYSTEMS\03_STRATEGY_LIBRARY\LONG\DAS\runs\das_scanner_appearance_20260628T114046Z\chart_exports\event_day_details_grouped\0432_NVOS_2024-05-31_push25.84_rebreak\02_three_day_overview.png,C:\TSIS_Data\00_CTO\13_TRADING_SYSTEMS\03_STRATEGY_LIBRARY\LONG\DAS\runs\das_scanner_appearance_20260628T114046Z\chart_exports\event_day_details_grouped\0432_NVOS_2024-05-31_push25.84_rebreak\03_event_day_premarket_detail.png,C:\TSIS_Data\00_CTO\13_TRADING_SYSTEMS\03_STRATEGY_LIBRARY\LONG\DAS\runs\das_scanner_appearance_20260628T114046Z\chart_exports\event_day_details_grouped\0432_NVOS_2024-05-31_push25.84_rebreak\04_event_day_detail_until_1600_ny.png,C:\TSIS_Data\00_CTO\13_TRADING_SYSTEMS\03_STRATEGY_LIBRARY\LONG\DAS\runs\das_scanner_appearance_20260628T114046Z\chart_exports\event_day_details_grouped\0432_NVOS_2024-05-31_push25.84_rebreak\05_daily_context.png,das_scanner_appearance:NVOS:2024-05-31T08:08:00+00:00,NVOS,2024-05-31,25.8356,25.8356,,,-5.23,57.20808871493803,36.321929479617246,126.13611654707546,36.3219,43.8451,43.8451,rebreak_confirmed,5.2083,multi_candle_flag_break,2024-05-31 09:00:00 EDT,2024-05-31 09:01:00 EDT,1.9447,green_wick_dip_new_high
433,C:\TSIS_Data\00_CTO\13_TRADING_SYSTEMS\03_STRATEGY_LIBRARY\LONG\DAS\runs\das_scanner_appearance_20260628T114046Z\chart_exports\event_day_details_grouped\0433_GORO_2026-01-26_push25.82_rebreak,C:\TSIS_Data\00_CTO\13_TRADING_SYSTEMS\03_STRATEGY_LIBRARY\LONG\DAS\runs\das_scanner_appearance_20260628T114046Z\chart_exports\event_day_details_grouped\0433_GORO_2026-01-26_push25.82_rebreak\02_three_day_overview.png,C:\TSIS_Data\00_CTO\13_TRADING_SYSTEMS\03_STRATEGY_LIBRARY\LONG\DAS\runs\das_scanner_appearance_20260628T114046Z\chart_exports\event_day_details_grouped\0433_GORO_2026-01-26_push25.82_rebreak\03_event_day_premarket_detail.png,C:\TSIS_Data\00_CTO\13_TRADING_SYSTEMS\03_STRATEGY_LIBRARY\LONG\DAS\runs\das_scanner_appearance_20260628T114046Z\chart_exports\event_day_details_grouped\0433_GORO_2026-01-26_push25.82_rebreak\04_event_day_detail_until_1600_ny.png,C:\TSIS_Data\00_CTO\13_TRADING_SYSTEMS\03_STRATEGY_LIBRARY\LONG\DAS\runs\das_scanner_appearance_20260628T114046Z\chart_exports\event_day_details_grouped\0433_GORO_2026-01-26_push25.82_rebreak\05_daily_context.png,das_scanner_appearance:GORO:2026-01-26T11:03:00+00:00,GORO,2026-01-26,25.8242,25.8242,,,7.6923,22.499999999999993,29.120879120879124,46.875,29.1209,19.898,19.898,rebreak_confirmed,6.5502,flat_shelf_break,2026-01-26 06:15:00 EST,2026-01-26 06:16:00 EST,0.8889,green_wick_dip_new_high
434,C:\TSIS_Data\00_CTO\13_TRADING_SYSTEMS\03_STRATEGY_LIBRARY\LONG\DAS\runs\das_scanner_appearance_20260628T114046Z\chart_exports\event_day_details_grouped\0434_IBIO_2025-10-23_push25.81_rebreak,C:\TSIS_Data\00_CTO\13_TRADING_SYSTEMS\03_STRATEGY_LIBRARY\LONG\DAS\runs\das_scanner_appearance_20260628T114046Z\chart_exports\event_day_details_grouped\0434_IBIO_2025-10-23_push25.81_rebreak\02_three_day_overview.png,C:\TSIS_Data\00_CTO\13_TRADING_SYSTEMS\03_STRATEGY_LIBRARY\LONG\DAS\runs\das_scanner_appearance_20260628T114046Z\chart_exports\event_day_details_grouped\0434_IBIO_2025-10-23_push25.81_rebreak\03_event_day_premarket_detail.png,C:\TSIS_Data\00_CTO\13_TRADING_SYSTEMS\03_STRATEGY_LIBRARY\LONG\DAS\runs\das_scanner_appearance_20260628T114046Z\chart_exports\event_day_details_grouped\0434_IBIO_2025-10-23_push25.81_rebreak\04_event_day_detail_until_1600_ny.png,C:\TSIS_Data\00_CTO\13_TRADING_SYSTEMS\03_STRATEGY_LIBRARY\LONG\DAS\runs\das_scanner_appearance_20260628T114046Z\chart_exports\event_day_details_grouped\0434_IBIO_2025-10-23_push25.81_rebreak\05_daily_context.png,das_scanner_appearance:IBIO:2025-10-23T11:24:00+00:00,IBIO,2025-10-23,25.8065,25.8065,,,10.9677,22.865918994213878,32.25806451612902,46.43903135938281,32.2581,19.186,19.186,rebreak_confirmed,6.6667,single_candle_rebreak,2025-10-23 08:57:00 EDT,2025-10-23 08:58:00 EDT,2.8205,green_wick_dip_new_high
435,C:\TSIS_Data\00_CTO\13_TRADING_SYSTEMS\03_STRATEGY_LIBRARY\LONG\DAS\runs\das_scanner_appearance_20260628T114046Z\chart_exports\event_day_details_grouped\0435_ATCH_2025-09-25_push25.80_rebreak,C:\TSIS_Data\00_CTO\13_TRADING_SYSTEMS\03_STRATEGY_LIBRARY\LONG\DAS\runs\das_scanner_appearance_20260628T114046Z\chart_exports\event_day_details_grouped\0435_ATCH_2025-09-25_push25.80_rebreak\02_three_day_overview.png,C:\TSIS_Data\00_CTO\13_TRADING_SYSTEMS\03_STRATEGY_LIBRARY\LONG\DAS\runs\das_scanner_appearance_20260628T114046Z\chart_exports\event_day_details_grouped\0435_ATCH_2025-09-25_push25.80_rebreak\03_event_day_premarket_detail.png,C:\TSIS_Data\00_CTO\13_TRADING_SYSTEMS\03_STRATEGY_LIBRARY\LONG\DAS\runs\das_scanner_appearance_20260628T114046Z\chart_exports\event_day_details_grouped\0435_ATCH_2025-09-25_push25.80_rebreak\04_event_day_detail_until_1600_ny.png,C:\TSIS_Data\00_CTO\13_TRADING_SYSTEMS\03_STRATEGY_LIBRARY\LONG\DAS\runs\das_scanner_appearance_20260628T114046Z\chart_exports\event_day_details_grouped\0435_ATCH_2025-09-25_push25.80_rebreak\05_daily_context.png,das_scanner_appearance:ATCH:2025-09-25T08:01:00+00:00,ATCH,2025-09-25,25.7955,25.7955,,,11.0223,24.39690487027764,29.993229519295856,45.65316340464268,29.9932,17.0874,17.0874,rebreak_confirmed,5.0592,ascending_flag_break,2025-09-25 04:50:00 EDT,2025-09-25 04:52:00 EDT,0.4373,green_wick_dip_reactivation
436,C:\TSIS_Data\00_CTO\13_TRADING_SYSTEMS\03_STRATEGY_LIBRARY\LONG\DAS\runs\das_scanner_appearance_20260628T114046Z\chart_exports\event_day_details_grouped\0436_GDC_2024-08-23_push25.79_rebreak,C:\TSIS_Data\00_CTO\13_TRADING_SYSTEMS\03_STRATEGY_LIBRARY\LONG\DAS\runs\das_scanner_appearance_20260628T114046Z\chart_exports\event_day_details_grouped\0436_GDC_2024-08-23_push25.79_rebreak\02_three_day_overview.png,C:\TSIS_Data\00_CTO\13_TRADING_SYSTEMS\03_STRATEGY_LIBRARY\LONG\DAS\runs\das_scanner_appearance_20260628T114046Z\chart_exports\event_day_details_grouped\0436_GDC_2024-08-23_push25.79_rebreak\03_event_day_premarket_detail.png,C:\TSIS_Data\00_CTO\13_TRADING_SYSTEMS\03_STRATEGY_LIBRARY\LONG\DAS\runs\das_scanner_appearance_20260628T114046Z\chart_exports\event_day_details_grouped\0436_GDC_2024-08-23_push25.79_rebreak\04_event_day_detail_until_1600_ny.png,C:\TSIS_Data\00_CTO\13_TRADING_SYSTEMS\03_STRATEGY_LIBRARY\LONG\DAS\runs\das_scanner_appearance_20260628T114046Z\chart_exports\event_day_details_grouped\0436_GDC_2024-08-23_push25.79_rebreak\05_daily_context.png,das_scanner_appearance:GDC:2024-08-23T12:49:00+00:00,GDC,2024-08-23,25.7857,25.7857,51.97568389057751,29.03225806451613,19.9088,1.8064516129032218,54.7112462006079,31.35483870967742,54.7112,29.0241,29.0241,rebreak_confirmed,8.176,vwap_reclaim_rebreak,2024-08-23 09:07:00 EDT,2024-08-23 09:12:00 EDT,2.1111,green_wick_dip_reactivation
437,C:\TSIS_Data\00_CTO\13_TRADING_SYSTEMS\03_STRATEGY_LIBRARY\LONG\DAS\runs\das_scanner_appearance_20260628T114046Z\chart_exports\event_day_details_grouped\0437_XFOR_2025-08-13_push25.76_rebreak,C:\TSIS_Data\00_CTO\13_TRADING_SYSTEMS\03_STRATEGY_LIBRARY\LONG\DAS\runs\das_scanner_appearance_20260628T114046Z\chart_exports\event_day_details_grouped\0437_XFOR_2025-08-13_push25.76_rebreak\02_three_day_overview.png,C:\TSIS_Data\00_CTO\13_TRADING_SYSTEMS\03_STRATEGY_LIBRARY\LONG\DAS\runs\das_scanner_appearance_20260628T114046Z\chart_exports\event_day_details_grouped\0437_XFOR_2025-08-13_push25.76_rebreak\03_event_day_premarket_detail.png,C:\TSIS_Data\00_CTO\13_TRADING_SYSTEMS\03_STRATEGY_LIBRARY\LONG\DAS\runs\das_scanner_appearance_20260628T114046Z\chart_exports\event_day_details_grouped\0437_XFOR_2025-08-13_push25.76_rebreak\04_event_day_detail_until_1600_ny.png,C:\TSIS_Data\00_CTO\13_TRADING_SYSTEMS\03_STRATEGY_LIBRARY\LONG\DAS\runs\das_scanner_appearance_20260628T114046Z\chart_exports\event_day_details_grouped\0437_XFOR_2025-08-13_push25.76_rebreak\05_daily_context.png,das_scanner_appearance:XFOR:2025-08-13T11:30:00+00:00,XFOR,2025-08-13,25.7576,25.7576,,,10.9848,13.56589147286822,46.96969696969696,50.387596899224796,46.9697,32.4232,32.4232,rebreak_confirmed,30.7229,vwap_reclaim_rebreak,2025-08-13 07:42:00 EDT,2025-08-13 07:44:00 EDT,1.0239,green_wick_dip_reactivation
438,C:\TSIS_Data\00_CTO\13_TRADING_SYSTEMS\03_STRATEGY_LIBRARY\LONG\DAS\runs\das_scanner_appearance_20260628T114046Z\chart_exports\event_day_details_grouped\0438_PRPH_2025-02-20_push25.71_rebreak,C:\TSIS_Data\00_CTO\13_TRADING_SYSTEMS\03_STRATEGY_LIBRARY\LONG\DAS\runs\das_scanner_appearance_20260628T114046Z\chart_exports\event_day_details_grouped\0438_PRPH_2025-02-20_push25.71_rebreak\02_three_day_overview.png,C:\TSIS_Data\00_CTO\13_TRADING_SYSTEMS\03_STRATEGY_LIBRARY\LONG\DAS\runs\das_scanner_appearance_20260628T114046Z\chart_exports\event_day_details_grouped\0438_PRPH_2025-02-20_push25.71_rebreak\03_event_day_premarket_detail.png,C:\TSIS_Data\00_CTO\13_TRADING_SYSTEMS\03_STRATEGY_LIBRARY\LONG\DAS\runs\das_scanner_appearance_20260628T114046Z\chart_exports\event_day_details_grouped\0438_PRPH_2025-02-20_push25.71_rebreak\04_event_day_detail_until_1600_ny.png,C:\TSIS_Data\00_CTO\13_TRADING_SYSTEMS\03_STRATEGY_LIBRARY\LONG\DAS\runs\das_scanner_appearance_20260628T114046Z\chart_exports\event_day_details_grouped\0438_PRPH_2025-02-20_push25.71_rebreak\05_daily_context.png,das_scanner_appearance:PRPH:2025-02-20T13:23:00+00:00,PRPH,2025-02-20,25.7051,25.7051,,,23.5616,36.39921722113502,36.80902497985497,51.02294965308665,36.809,10.7213,10.7213,rebreak_confirmed,7.0513,vwap_reclaim_rebreak,2025-02-20 08:46:00 EST,2025-02-20 08:47:00 EST,0.7479,green_wick_dip_new_high
439,C:\TSIS_Data\00_CTO\13_TRADING_SYSTEMS\03_STRATEGY_LIBRARY\LONG\DAS\runs\das_scanner_appearance_20260628T114046Z\chart_exports\event_day_details_grouped\0439_LRMR_2026-02-24_push25.69_rebreak,C:\TSIS_Data\00_CTO\13_TRADING_SYSTEMS\03_STRATEGY_LIBRARY\LONG\DAS\runs\das_scanner_appearance_20260628T114046Z\chart_exports\event_day_details_grouped\0439_LRMR_2026-02-24_push25.69_rebreak\02_three_day_overview.png,C:\TSIS_Data\00_CTO\13_TRADING_SYSTEMS\03_STRATEGY_LIBRARY\LONG\DAS\runs\das_scanner_appearance_20260628T114046Z\chart_exports\event_day_details_grouped\0439_LRMR_2026-02-24_push25.69_rebreak\03_event_day_premarket_detail.png,C:\TSIS_Data\00_CTO\13_TRADING_SYSTEMS\03_STRATEGY_LIBRARY\LONG\DAS\runs\das_scanner_appearance_20260628T114046Z\chart_exports\event_day_details_grouped\0439_LRMR_2026-02-24_push25.69_rebreak\04_event_day_detail_until_1600_ny.png,C:\TSIS_Data\00_CTO\13_TRADING_SYSTEMS\03_STRATEGY_LIBRARY\LONG\DAS\runs\das_scanner_appearance_20260628T114046Z\chart_exports\event_day_details_grouped\0439_LRMR_2026-02-24_push25.69_rebreak\05_daily_context.png,das_scanner_appearance:LRMR:2026-02-24T12:11:00+00:00,LRMR,2026-02-24,25.6944,25.6944,,,23.4375,26.28774422735347,40.277777777777786,43.51687388987567,40.2778,13.6428,13.6428,rebreak_confirmed,4.1436,flat_shelf_break,2026-02-24 07:21:00 EST,2026-02-24 07:23:00 EST,0.831,green_wick_dip_reactivation
440,C:\TSIS_Data\00_CTO\13_TRADING_SYSTEMS\03_STRATEGY_LIBRARY\LONG\DAS\runs\das_scanner_appearance_20260628T114046Z\chart_exports\event_day_details_grouped\0440_CTM_2024-12-26_push25.42_rebreak,C:\TSIS_Data\00_CTO\13_TRADING_SYSTEMS\03_STRATEGY_LIBRARY\LONG\DAS\runs\das_scanner_appearance_20260628T114046Z\chart_exports\event_day_details_grouped\0440_CTM_2024-12-26_push25.42_rebreak\02_three_day_overview.png,C:\TSIS_Data\00_CTO\13_TRADING_SYSTEMS\03_STRATEGY_LIBRARY\LONG\DAS\runs\das_scanner_appearance_20260628T114046Z\chart_exports\event_day_details_grouped\0440_CTM_2024-12-26_push25.42_rebreak\03_event_day_premarket_detail.png,C:\TSIS_Data\00_CTO\13_TRADING_SYSTEMS\03_STRATEGY_LIBRARY\LONG\DAS\runs\das_scanner_appearance_20260628T114046Z\chart_exports\event_day_details_grouped\0440_CTM_2024-12-26_push25.42_rebreak\04_event_day_detail_until_1600_ny.png,C:\TSIS_Data\00_CTO\13_TRADING_SYSTEMS\03_STRATEGY_LIBRARY\LONG\DAS\runs\das_scanner_appearance_20260628T114046Z\chart_exports\event_day_details_grouped\0440_CTM_2024-12-26_push25.42_rebreak\05_daily_context.png,das_scanner_appearance:CTM:2024-12-26T12:23:00+00:00,CTM,2024-12-26,25.4242,25.4242,,,10.1667,25.362068965517242,30.636363636363622,48.65517241379311,30.6364,18.5807,18.5807,rebreak_confirmed,14.7258,vwap_reclaim_rebreak,2024-12-26 07:51:00 EST,2024-12-26 07:57:00 EST,0.6533,green_wick_dip_new_high
441,C:\TSIS_Data\00_CTO\13_TRADING_SYSTEMS\03_STRATEGY_LIBRARY\LONG\DAS\runs\das_scanner_appearance_20260628T114046Z\chart_exports\event_day_details_grouped\0441_SWIN_2025-09-03_push25.42_rebreak,C:\TSIS_Data\00_CTO\13_TRADING_SYSTEMS\03_STRATEGY_LIBRARY\LONG\DAS\runs\das_scanner_appearance_20260628T114046Z\chart_exports\event_day_details_grouped\0441_SWIN_2025-09-03_push25.42_rebreak\02_three_day_overview.png,C:\TSIS_Data\00_CTO\13_TRADING_SYSTEMS\03_STRATEGY_LIBRARY\LONG\DAS\runs\das_scanner_appearance_20260628T114046Z\chart_exports\event_day_details_grouped\0441_SWIN_2025-09-03_push25.42_rebreak\03_event_day_premarket_detail.png,C:\TSIS_Data\00_CTO\13_TRADING_SYSTEMS\03_STRATEGY_LIBRARY\LONG\DAS\runs\das_scanner_appearance_20260628T114046Z\chart_exports\event_day_details_grouped\0441_SWIN_2025-09-03_push25.42_rebreak\04_event_day_detail_until_1600_ny.png,C:\TSIS_Data\00_CTO\13_TRADING_SYSTEMS\03_STRATEGY_LIBRARY\LONG\DAS\runs\das_scanner_appearance_20260628T114046Z\chart_exports\event_day_details_grouped\0441_SWIN_2025-09-03_push25.42_rebreak\05_daily_context.png,das_scanner_appearance:SWIN:2025-09-03T09:50:00+00:00,SWIN,2025-09-03,25.4237,25.4237,,,17.1913,14.964370546318287,33.171912832929785,30.641330166270787,33.1719,13.6364,13.6364,rebreak_confirmed,3.668,single_candle_rebreak,2025-09-03 05:55:00 EDT,2025-09-03 05:56:00 EDT,1.0659,green_wick_dip_reactivation
442,C:\TSIS_Data\00_CTO\13_TRADING_SYSTEMS\03_STRATEGY_LIBRARY\LONG\DAS\runs\das_scanner_appearance_20260628T114046Z\chart_exports\event_day_details_grouped\0442_BATL_2026-03-03_push25.42_rebreak,C:\TSIS_Data\00_CTO\13_TRADING_SYSTEMS\03_STRATEGY_LIBRARY\LONG\DAS\runs\das_scanner_appearance_20260628T114046Z\chart_exports\event_day_details_grouped\0442_BATL_2026-03-03_push25.42_rebreak\02_three_day_overview.png,C:\TSIS_Data\00_CTO\13_TRADING_SYSTEMS\03_STRATEGY_LIBRARY\LONG\DAS\runs\das_scanner_appearance_20260628T114046Z\chart_exports\event_day_details_grouped\0442_BATL_2026-03-03_push25.42_rebreak\03_event_day_premarket_detail.png,C:\TSIS_Data\00_CTO\13_TRADING_SYSTEMS\03_STRATEGY_LIBRARY\LONG\DAS\runs\das_scanner_appearance_20260628T114046Z\chart_exports\event_day_details_grouped\0442_BATL_2026-03-03_push25.42_rebreak\04_event_day_detail_until_1600_ny.png,C:\TSIS_Data\00_CTO\13_TRADING_SYSTEMS\03_STRATEGY_LIBRARY\LONG\DAS\runs\das_scanner_appearance_20260628T114046Z\chart_exports\event_day_details_grouped\0442_BATL_2026-03-03_push25.42_rebreak\05_daily_context.png,das_scanner_appearance:BATL:2026-03-03T09:04:00+00:00,BATL,2026-03-03,25.422,25.422,50.02557544757031,149.82964224872228,-7.468,54.08858603066439,79.02813299232736,198.12606473594548,79.0281,93.4771,93.4771,rebreak_confirmed,6.199,single_candle_rebreak,2026-03-03 05:09:00 EST,2026-03-03 05:13:00 EST,1.839,green_wick_dip_new_high
443,C:\TSIS_Data\00_CTO\13_TRADING_SYSTEMS\03_STRATEGY_LIBRARY\LONG\DAS\runs\das_scanner_appearance_20260628T114046Z\chart_exports\event_day_details_grouped\0443_SES_2025-10-14_push25.40_rebreak,C:\TSIS_Data\00_CTO\13_TRADING_SYSTEMS\03_STRATEGY_LIBRARY\LONG\DAS\runs\das_scanner_appearance_20260628T114046Z\chart_exports\event_day_details_grouped\0443_SES_2025-10-14_push25.40_rebreak\02_three_day_overview.png,C:\TSIS_Data\00_CTO\13_TRADING_SYSTEMS\03_STRATEGY_LIBRARY\LONG\DAS\runs\das_scanner_appearance_20260628T114046Z\chart_exports\event_day_details_grouped\0443_SES_2025-10-14_push25.40_rebreak\03_event_day_premarket_detail.png,C:\TSIS_Data\00_CTO\13_TRADING_SYSTEMS\03_STRATEGY_LIBRARY\LONG\DAS\runs\das_scanner_appearance_20260628T114046Z\chart_exports\event_day_details_grouped\0443_SES_2025-10-14_push25.40_rebreak\04_event_day_detail_until_1600_ny.png,C:\TSIS_Data\00_CTO\13_TRADING_SYSTEMS\03_STRATEGY_LIBRARY\LONG\DAS\runs\das_scanner_appearance_20260628T114046Z\chart_exports\event_day_details_grouped\0443_SES_2025-10-14_push25.40_rebreak\05_daily_context.png,das_scanner_appearance:SES:2025-10-14T12:00:00+00:00,SES,2025-10-14,25.3968,25.3968,,,6.0317,-0.4470938897168443,25.396825396825406,17.734724292101347,25.3968,18.2635,18.2635,rebreak_confirmed,5.5696,single_candle_rebreak,2025-10-14 09:01:00 EDT,2025-10-14 09:02:00 EDT,0.7712,green_wick_dip_new_high
444,C:\TSIS_Data\00_CTO\13_TRADING_SYSTEMS\03_STRATEGY_LIBRARY\LONG\DAS\runs\das_scanner_appearance_20260628T114046Z\chart_exports\event_day_details_grouped\0444_ZNTL_2024-09-16_push25.34_rebreak,C:\TSIS_Data\00_CTO\13_TRADING_SYSTEMS\03_STRATEGY_LIBRARY\LONG\DAS\runs\das_scanner_appearance_20260628T114046Z\chart_exports\event_day_details_grouped\0444_ZNTL_2024-09-16_push25.34_rebreak\02_three_day_overview.png,C:\TSIS_Data\00_CTO\13_TRADING_SYSTEMS\03_STRATEGY_LIBRARY\LONG\DAS\runs\das_scanner_appearance_20260628T114046Z\chart_exports\event_day_details_grouped\0444_ZNTL_2024-09-16_push25.34_rebreak\03_event_day_premarket_detail.png,C:\TSIS_Data\00_CTO\13_TRADING_SYSTEMS\03_STRATEGY_LIBRARY\LONG\DAS\runs\das_scanner_appearance_20260628T114046Z\chart_exports\event_day_details_grouped\0444_ZNTL_2024-09-16_push25.34_rebreak\04_event_day_detail_until_1600_ny.png,C:\TSIS_Data\00_CTO\13_TRADING_SYSTEMS\03_STRATEGY_LIBRARY\LONG\DAS\runs\das_scanner_appearance_20260628T114046Z\chart_exports\event_day_details_grouped\0444_ZNTL_2024-09-16_push25.34_rebreak\05_daily_context.png,das_scanner_appearance:ZNTL:2024-09-16T11:24:00+00:00,ZNTL,2024-09-16,25.3444,25.3444,,,14.3251,28.482972136222923,41.873278236914615,59.442724458204346,41.8733,24.0964,24.0964,rebreak_confirmed,13.8462,single_candle_rebreak,2024-09-16 07:26:00 EDT,2024-09-16 07:29:00 EDT,2.2883,green_wick_dip_new_high
445,C:\TSIS_Data\00_CTO\13_TRADING_SYSTEMS\03_STRATEGY_LIBRARY\LONG\DAS\runs\das_scanner_appearance_20260628T114046Z\chart_exports\event_day_details_grouped\0445_SOPA_2025-02-03_push25.29_rebreak,C:\TSIS_Data\00_CTO\13_TRADING_SYSTEMS\03_STRATEGY_LIBRARY\LONG\DAS\runs\das_scanner_appearance_20260628T114046Z\chart_exports\event_day_details_grouped\0445_SOPA_2025-02-03_push25.29_rebreak\02_three_day_overview.png,C:\TSIS_Data\00_CTO\13_TRADING_SYSTEMS\03_STRATEGY_LIBRARY\LONG\DAS\runs\das_scanner_appearance_20260628T114046Z\chart_exports\event_day_details_grouped\0445_SOPA_2025-02-03_push25.29_rebreak\03_event_day_premarket_detail.png,C:\TSIS_Data\00_CTO\13_TRADING_SYSTEMS\03_STRATEGY_LIBRARY\LONG\DAS\runs\das_scanner_appearance_20260628T114046Z\chart_exports\event_day_details_grouped\0445_SOPA_2025-02-03_push25.29_rebreak\04_event_day_detail_until_1600_ny.png,C:\TSIS_Data\00_CTO\13_TRADING_SYSTEMS\03_STRATEGY_LIBRARY\LONG\DAS\runs\das_scanner_appearance_20260628T114046Z\chart_exports\event_day_details_grouped\0445_SOPA_2025-02-03_push25.29_rebreak\05_daily_context.png,das_scanner_appearance:SOPA:2025-02-03T09:09:00+00:00,SOPA,2025-02-03,25.2874,25.2874,,,-4.023,8.441558441558435,37.35632183908047,55.1948051948052,37.3563,43.1138,43.1138,rebreak_confirmed,5.0459,multi_candle_flag_break,2025-02-03 07:30:00 EST,2025-02-03 07:31:00 EST,0.6787,green_wick_dip_new_high
446,C:\TSIS_Data\00_CTO\13_TRADING_SYSTEMS\03_STRATEGY_LIBRARY\LONG\DAS\runs\das_scanner_appearance_20260628T114046Z\chart_exports\event_day_details_grouped\0446_OPGN_2024-03-26_push25.26_rebreak,C:\TSIS_Data\00_CTO\13_TRADING_SYSTEMS\03_STRATEGY_LIBRARY\LONG\DAS\runs\das_scanner_appearance_20260628T114046Z\chart_exports\event_day_details_grouped\0446_OPGN_2024-03-26_push25.26_rebreak\02_three_day_overview.png,C:\TSIS_Data\00_CTO\13_TRADING_SYSTEMS\03_STRATEGY_LIBRARY\LONG\DAS\runs\das_scanner_appearance_20260628T114046Z\chart_exports\event_day_details_grouped\0446_OPGN_2024-03-26_push25.26_rebreak\03_event_day_premarket_detail.png,C:\TSIS_Data\00_CTO\13_TRADING_SYSTEMS\03_STRATEGY_LIBRARY\LONG\DAS\runs\das_scanner_appearance_20260628T114046Z\chart_exports\event_day_details_grouped\0446_OPGN_2024-03-26_push25.26_rebreak\04_event_day_detail_until_1600_ny.png,C:\TSIS_Data\00_CTO\13_TRADING_SYSTEMS\03_STRATEGY_LIBRARY\LONG\DAS\runs\das_scanner_appearance_20260628T114046Z\chart_exports\event_day_details_grouped\0446_OPGN_2024-03-26_push25.26_rebreak\05_daily_context.png,das_scanner_appearance:OPGN:2024-03-26T12:00:00+00:00,OPGN,2024-03-26,25.2554,25.2554,,,-4.6451,47.368421052631575,44.39449666258002,123.15789473684208,44.3945,51.4286,51.4286,rebreak_confirmed,10.7232,multi_candle_flag_break,2024-03-26 08:26:00 EDT,2024-03-26 08:28:00 EDT,1.0613,green_wick_dip_new_high
447,C:\TSIS_Data\00_CTO\13_TRADING_SYSTEMS\03_STRATEGY_LIBRARY\LONG\DAS\runs\das_scanner_appearance_20260628T114046Z\chart_exports\event_day_details_grouped\0447_DFLI_2025-07-22_push25.23_rebreak,C:\TSIS_Data\00_CTO\13_TRADING_SYSTEMS\03_STRATEGY_LIBRARY\LONG\DAS\runs\das_scanner_appearance_20260628T114046Z\chart_exports\event_day_details_grouped\0447_DFLI_2025-07-22_push25.23_rebreak\02_three_day_overview.png,C:\TSIS_Data\00_CTO\13_TRADING_SYSTEMS\03_STRATEGY_LIBRARY\LONG\DAS\runs\das_scanner_appearance_20260628T114046Z\chart_exports\event_day_details_grouped\0447_DFLI_2025-07-22_push25.23_rebreak\03_event_day_premarket_detail.png,C:\TSIS_Data\00_CTO\13_TRADING_SYSTEMS\03_STRATEGY_LIBRARY\LONG\DAS\runs\das_scanner_appearance_20260628T114046Z\chart_exports\event_day_details_grouped\0447_DFLI_2025-07-22_push25.23_rebreak\04_event_day_detail_until_1600_ny.png,C:\TSIS_Data\00_CTO\13_TRADING_SYSTEMS\03_STRATEGY_LIBRARY\LONG\DAS\runs\das_scanner_appearance_20260628T114046Z\chart_exports\event_day_details_grouped\0447_DFLI_2025-07-22_push25.23_rebreak\05_daily_context.png,das_scanner_appearance:DFLI:2025-07-22T08:18:00+00:00,DFLI,2025-07-22,25.225,25.225,,,-9.9565,14.931456094849946,42.23512336719886,81.54872174879587,42.2351,57.9626,57.9626,rebreak_confirmed,6.1196,multi_candle_flag_break,2025-07-22 05:40:00 EDT,2025-07-22 05:42:00 EDT,0.1184,green_wick_dip_new_high
448,C:\TSIS_Data\00_CTO\13_TRADING_SYSTEMS\03_STRATEGY_LIBRARY\LONG\DAS\runs\das_scanner_appearance_20260628T114046Z\chart_exports\event_day_details_grouped\0448_PW_2025-11-26_push25.19_rebreak,C:\TSIS_Data\00_CTO\13_TRADING_SYSTEMS\03_STRATEGY_LIBRARY\LONG\DAS\runs\das_scanner_appearance_20260628T114046Z\chart_exports\event_day_details_grouped\0448_PW_2025-11-26_push25.19_rebreak\02_three_day_overview.png,C:\TSIS_Data\00_CTO\13_TRADING_SYSTEMS\03_STRATEGY_LIBRARY\LONG\DAS\runs\das_scanner_appearance_20260628T114046Z\chart_exports\event_day_details_grouped\0448_PW_2025-11-26_push25.19_rebreak\03_event_day_premarket_detail.png,C:\TSIS_Data\00_CTO\13_TRADING_SYSTEMS\03_STRATEGY_LIBRARY\LONG\DAS\runs\das_scanner_appearance_20260628T114046Z\chart_exports\event_day_details_grouped\0448_PW_2025-11-26_push25.19_rebreak\04_event_day_detail_until_1600_ny.png,C:\TSIS_Data\00_CTO\13_TRADING_SYSTEMS\03_STRATEGY_LIBRARY\LONG\DAS\runs\das_scanner_appearance_20260628T114046Z\chart_exports\event_day_details_grouped\0448_PW_2025-11-26_push25.19_rebreak\05_daily_context.png,das_scanner_appearance:PW:2025-11-26T10:30:00+00:00,PW,2025-11-26,25.1905,25.1905,,,5.7479,16.586653864618338,43.69693011103855,58.42534805568891,43.6969,35.8863,35.8863,rebreak_confirmed,8.6957,vwap_reclaim_rebreak,2025-11-26 06:12:00 EST,2025-11-26 06:17:00 EST,0.8621,green_wick_dip_new_high
449,C:\TSIS_Data\00_CTO\13_TRADING_SYSTEMS\03_STRATEGY_LIBRARY\LONG\DAS\runs\das_scanner_appearance_20260628T114046Z\chart_exports\event_day_details_grouped\0449_JTAI_2025-02-19_push25.19_rebreak,C:\TSIS_Data\00_CTO\13_TRADING_SYSTEMS\03_STRATEGY_LIBRARY\LONG\DAS\runs\das_scanner_appearance_20260628T114046Z\chart_exports\event_day_details_grouped\0449_JTAI_2025-02-19_push25.19_rebreak\02_three_day_overview.png,C:\TSIS_Data\00_CTO\13_TRADING_SYSTEMS\03_STRATEGY_LIBRARY\LONG\DAS\runs\das_scanner_appearance_20260628T114046Z\chart_exports\event_day_details_grouped\0449_JTAI_2025-02-19_push25.19_rebreak\03_event_day_premarket_detail.png,C:\TSIS_Data\00_CTO\13_TRADING_SYSTEMS\03_STRATEGY_LIBRARY\LONG\DAS\runs\das_scanner_appearance_20260628T114046Z\chart_exports\event_day_details_grouped\0449_JTAI_2025-02-19_push25.19_rebreak\04_event_day_detail_until_1600_ny.png,C:\TSIS_Data\00_CTO\13_TRADING_SYSTEMS\03_STRATEGY_LIBRARY\LONG\DAS\runs\das_scanner_appearance_20260628T114046Z\chart_exports\event_day_details_grouped\0449_JTAI_2025-02-19_push25.19_rebreak\05_daily_context.png,das_scanner_appearance:JTAI:2025-02-19T13:39:00+00:00,JTAI,2025-02-19,25.1889,25.1889,50.37783375314861,47.680890538033374,12.8463,10.822510822510822,63.476070528967256,60.54421768707482,63.4761,44.8661,44.8661,rebreak_confirmed,9.8592,single_candle_rebreak,2025-02-19 08:41:00 EST,2025-02-19 08:44:00 EST,0.2075,green_wick_dip_reactivation
450,C:\TSIS_Data\00_CTO\13_TRADING_SYSTEMS\03_STRATEGY_LIBRARY\LONG\DAS\runs\das_scanner_appearance_20260628T114046Z\chart_exports\event_day_details_grouped\0450_NVVE_2025-11-13_push25.14_rebreak,C:\TSIS_Data\00_CTO\13_TRADING_SYSTEMS\03_STRATEGY_LIBRARY\LONG\DAS\runs\das_scanner_appearance_20260628T114046Z\chart_exports\event_day_details_grouped\0450_NVVE_2025-11-13_push25.14_rebreak\02_three_day_overview.png,C:\TSIS_Data\00_CTO\13_TRADING_SYSTEMS\03_STRATEGY_LIBRARY\LONG\DAS\runs\das_scanner_appearance_20260628T114046Z\chart_exports\event_day_details_grouped\0450_NVVE_2025-11-13_push25.14_rebreak\03_event_day_premarket_detail.png,C:\TSIS_Data\00_CTO\13_TRADING_SYSTEMS\03_STRATEGY_LIBRARY\LONG\DAS\runs\das_scanner_appearance_20260628T114046Z\chart_exports\event_day_details_grouped\0450_NVVE_2025-11-13_push25.14_rebreak\04_event_day_detail_until_1600_ny.png,C:\TSIS_Data\00_CTO\13_TRADING_SYSTEMS\03_STRATEGY_LIBRARY\LONG\DAS\runs\das_scanner_appearance_20260628T114046Z\chart_exports\event_day_details_grouped\0450_NVVE_2025-11-13_push25.14_rebreak\05_daily_context.png,das_scanner_appearance:NVVE:2025-11-13T10:24:00+00:00,NVVE,2025-11-13,25.1429,25.1429,51.42857142857142,236.5079365079365,-0.2,121.77777777777779,55.42857142857144,245.39682539682542,55.4286,55.7401,55.7401,rebreak_confirmed,5.3425,multi_candle_flag_break,2025-11-13 06:36:00 EST,2025-11-13 06:39:00 EST,0.1761,green_wick_dip_new_high
451,C:\TSIS_Data\00_CTO\13_TRADING_SYSTEMS\03_STRATEGY_LIBRARY\LONG\DAS\runs\das_scanner_appearance_20260628T114046Z\chart_exports\event_day_details_grouped\0451_WISA_2024-10-24_push25.14_rebreak,C:\TSIS_Data\00_CTO\13_TRADING_SYSTEMS\03_STRATEGY_LIBRARY\LONG\DAS\runs\das_scanner_appearance_20260628T114046Z\chart_exports\event_day_details_grouped\0451_WISA_2024-10-24_push25.14_rebreak\02_three_day_overview.png,C:\TSIS_Data\00_CTO\13_TRADING_SYSTEMS\03_STRATEGY_LIBRARY\LONG\DAS\runs\das_scanner_appearance_20260628T114046Z\chart_exports\event_day_details_grouped\0451_WISA_2024-10-24_push25.14_rebreak\03_event_day_premarket_detail.png,C:\TSIS_Data\00_CTO\13_TRADING_SYSTEMS\03_STRATEGY_LIBRARY\LONG\DAS\runs\das_scanner_appearance_20260628T114046Z\chart_exports\event_day_details_grouped\0451_WISA_2024-10-24_push25.14_rebreak\04_event_day_detail_until_1600_ny.png,C:\TSIS_Data\00_CTO\13_TRADING_SYSTEMS\03_STRATEGY_LIBRARY\LONG\DAS\runs\das_scanner_appearance_20260628T114046Z\chart_exports\event_day_details_grouped\0451_WISA_2024-10-24_push25.14_rebreak\05_daily_context.png,das_scanner_appearance:WISA:2024-10-24T12:07:00+00:00,WISA,2024-10-24,25.1429,25.1429,,,17.7143,17.045454545454547,25.14285714285714,24.43181818181818,25.1429,6.3107,6.3107,rebreak_confirmed,10.5023,vwap_reclaim_rebreak,2024-10-24 08:12:00 EDT,2024-10-24 08:16:00 EDT,2.0305,green_wick_dip_new_high
452,C:\TSIS_Data\00_CTO\13_TRADING_SYSTEMS\03_STRATEGY_LIBRARY\LONG\DAS\runs\das_scanner_appearance_20260628T114046Z\chart_exports\event_day_details_grouped\0452_ESPR_2024-06-28_push25.11_rebreak,C:\TSIS_Data\00_CTO\13_TRADING_SYSTEMS\03_STRATEGY_LIBRARY\LONG\DAS\runs\das_scanner_appearance_20260628T114046Z\chart_exports\event_day_details_grouped\0452_ESPR_2024-06-28_push25.11_rebreak\02_three_day_overview.png,C:\TSIS_Data\00_CTO\13_TRADING_SYSTEMS\03_STRATEGY_LIBRARY\LONG\DAS\runs\das_scanner_appearance_20260628T114046Z\chart_exports\event_day_details_grouped\0452_ESPR_2024-06-28_push25.11_rebreak\03_event_day_premarket_detail.png,C:\TSIS_Data\00_CTO\13_TRADING_SYSTEMS\03_STRATEGY_LIBRARY\LONG\DAS\runs\das_scanner_appearance_20260628T114046Z\chart_exports\event_day_details_grouped\0452_ESPR_2024-06-28_push25.11_rebreak\04_event_day_detail_until_1600_ny.png,C:\TSIS_Data\00_CTO\13_TRADING_SYSTEMS\03_STRATEGY_LIBRARY\LONG\DAS\runs\das_scanner_appearance_20260628T114046Z\chart_exports\event_day_details_grouped\0452_ESPR_2024-06-28_push25.11_rebreak\05_daily_context.png,das_scanner_appearance:ESPR:2024-06-28T11:35:00+00:00,ESPR,2024-06-28,25.1064,25.1064,,,18.2979,20.869565217391305,29.78723404255318,32.608695652173914,29.7872,9.7122,9.7122,rebreak_confirmed,4.0816,flat_shelf_break,2024-06-28 07:42:00 EDT,2024-06-28 07:44:00 EDT,1.3793,green_wick_dip_reactivation
453,C:\TSIS_Data\00_CTO\13_TRADING_SYSTEMS\03_STRATEGY_LIBRARY\LONG\DAS\runs\das_scanner_appearance_20260628T114046Z\chart_exports\event_day_details_grouped\0453_LGVN_2024-06-13_push25.00_rebreak,C:\TSIS_Data\00_CTO\13_TRADING_SYSTEMS\03_STRATEGY_LIBRARY\LONG\DAS\runs\das_scanner_appearance_20260628T114046Z\chart_exports\event_day_details_grouped\0453_LGVN_2024-06-13_push25.00_rebreak\02_three_day_overview.png,C:\TSIS_Data\00_CTO\13_TRADING_SYSTEMS\03_STRATEGY_LIBRARY\LONG\DAS\runs\das_scanner_appearance_20260628T114046Z\chart_exports\event_day_details_grouped\0453_LGVN_2024-06-13_push25.00_rebreak\03_event_day_premarket_detail.png,C:\TSIS_Data\00_CTO\13_TRADING_SYSTEMS\03_STRATEGY_LIBRARY\LONG\DAS\runs\das_scanner_appearance_20260628T114046Z\chart_exports\event_day_details_grouped\0453_LGVN_2024-06-13_push25.00_rebreak\04_event_day_detail_until_1600_ny.png,C:\TSIS_Data\00_CTO\13_TRADING_SYSTEMS\03_STRATEGY_LIBRARY\LONG\DAS\runs\das_scanner_appearance_20260628T114046Z\chart_exports\event_day_details_grouped\0453_LGVN_2024-06-13_push25.00_rebreak\05_daily_context.png,das_scanner_appearance:LGVN:2024-06-13T08:06:00+00:00,LGVN,2024-06-13,25.0,25.0,,,-4.0909,16.574585635359107,29.54545454545454,57.4585635359116,29.5455,35.0711,35.0711,rebreak_confirmed,3.2727,flat_shelf_break,2024-06-13 07:52:00 EDT,2024-06-13 07:55:00 EDT,1.0989,green_wick_dip_new_high
454,C:\TSIS_Data\00_CTO\13_TRADING_SYSTEMS\03_STRATEGY_LIBRARY\LONG\DAS\runs\das_scanner_appearance_20260628T114046Z\chart_exports\event_day_details_grouped\0454_SCNX_2025-03-18_push25.00_rebreak,C:\TSIS_Data\00_CTO\13_TRADING_SYSTEMS\03_STRATEGY_LIBRARY\LONG\DAS\runs\das_scanner_appearance_20260628T114046Z\chart_exports\event_day_details_grouped\0454_SCNX_2025-03-18_push25.00_rebreak\02_three_day_overview.png,C:\TSIS_Data\00_CTO\13_TRADING_SYSTEMS\03_STRATEGY_LIBRARY\LONG\DAS\runs\das_scanner_appearance_20260628T114046Z\chart_exports\event_day_details_grouped\0454_SCNX_2025-03-18_push25.00_rebreak\03_event_day_premarket_detail.png,C:\TSIS_Data\00_CTO\13_TRADING_SYSTEMS\03_STRATEGY_LIBRARY\LONG\DAS\runs\das_scanner_appearance_20260628T114046Z\chart_exports\event_day_details_grouped\0454_SCNX_2025-03-18_push25.00_rebreak\04_event_day_detail_until_1600_ny.png,C:\TSIS_Data\00_CTO\13_TRADING_SYSTEMS\03_STRATEGY_LIBRARY\LONG\DAS\runs\das_scanner_appearance_20260628T114046Z\chart_exports\event_day_details_grouped\0454_SCNX_2025-03-18_push25.00_rebreak\05_daily_context.png,das_scanner_appearance:SCNX:2025-03-18T12:05:00+00:00,SCNX,2025-03-18,25.0,25.0,,,1.6129,-1.5201844542576863,37.096774193548384,32.86959240298566,37.0968,34.9206,34.9206,rebreak_confirmed,6.7742,last_red_high_break,2025-03-18 08:14:00 EDT,2025-03-18 08:15:00 EDT,1.2739,green_wick_dip_new_high
455,C:\TSIS_Data\00_CTO\13_TRADING_SYSTEMS\03_STRATEGY_LIBRARY\LONG\DAS\runs\das_scanner_appearance_20260628T114046Z\chart_exports\event_day_details_grouped\0455_LRHC_2026-02-18_push25.00_rebreak,C:\TSIS_Data\00_CTO\13_TRADING_SYSTEMS\03_STRATEGY_LIBRARY\LONG\DAS\runs\das_scanner_appearance_20260628T114046Z\chart_exports\event_day_details_grouped\0455_LRHC_2026-02-18_push25.00_rebreak\02_three_day_overview.png,C:\TSIS_Data\00_CTO\13_TRADING_SYSTEMS\03_STRATEGY_LIBRARY\LONG\DAS\runs\das_scanner_appearance_20260628T114046Z\chart_exports\event_day_details_grouped\0455_LRHC_2026-02-18_push25.00_rebreak\03_event_day_premarket_detail.png,C:\TSIS_Data\00_CTO\13_TRADING_SYSTEMS\03_STRATEGY_LIBRARY\LONG\DAS\runs\das_scanner_appearance_20260628T114046Z\chart_exports\event_day_details_grouped\0455_LRHC_2026-02-18_push25.00_rebreak\04_event_day_detail_until_1600_ny.png,C:\TSIS_Data\00_CTO\13_TRADING_SYSTEMS\03_STRATEGY_LIBRARY\LONG\DAS\runs\das_scanner_appearance_20260628T114046Z\chart_exports\event_day_details_grouped\0455_LRHC_2026-02-18_push25.00_rebreak\05_daily_context.png,das_scanner_appearance:LRHC:2026-02-18T12:47:00+00:00,LRHC,2026-02-18,25.0,25.0,50.625,66.20689655172414,23.125,35.862068965517246,53.125,68.96551724137933,53.125,24.3655,24.3655,rebreak_confirmed,4.5,vwap_reclaim_rebreak,2026-02-18 07:53:00 EST,2026-02-18 07:55:00 EST,1.0,green_wick_dip_new_high
456,C:\TSIS_Data\00_CTO\13_TRADING_SYSTEMS\03_STRATEGY_LIBRARY\LONG\DAS\runs\das_scanner_appearance_20260628T114046Z\chart_exports\event_day_details_grouped\0456_XAGE_2025-05-22_push25.00_rebreak,C:\TSIS_Data\00_CTO\13_TRADING_SYSTEMS\03_STRATEGY_LIBRARY\LONG\DAS\runs\das_scanner_appearance_20260628T114046Z\chart_exports\event_day_details_grouped\0456_XAGE_2025-05-22_push25.00_rebreak\02_three_day_overview.png,C:\TSIS_Data\00_CTO\13_TRADING_SYSTEMS\03_STRATEGY_LIBRARY\LONG\DAS\runs\das_scanner_appearance_20260628T114046Z\chart_exports\event_day_details_grouped\0456_XAGE_2025-05-22_push25.00_rebreak\03_event_day_premarket_detail.png,C:\TSIS_Data\00_CTO\13_TRADING_SYSTEMS\03_STRATEGY_LIBRARY\LONG\DAS\runs\das_scanner_appearance_20260628T114046Z\chart_exports\event_day_details_grouped\0456_XAGE_2025-05-22_push25.00_rebreak\04_event_day_detail_until_1600_ny.png,C:\TSIS_Data\00_CTO\13_TRADING_SYSTEMS\03_STRATEGY_LIBRARY\LONG\DAS\runs\das_scanner_appearance_20260628T114046Z\chart_exports\event_day_details_grouped\0456_XAGE_2025-05-22_push25.00_rebreak\05_daily_context.png,das_scanner_appearance:XAGE:2025-05-22T08:37:00+00:00,XAGE,2025-05-22,25.0,25.0,,,2.6087,54.24836601307188,32.608695652173914,99.34640522875814,32.6087,29.2373,29.2373,rebreak_confirmed,4.3478,multi_candle_flag_break,2025-05-22 06:33:00 EDT,2025-05-22 06:34:00 EDT,0.1751,green_wick_dip_new_high
457,C:\TSIS_Data\00_CTO\13_TRADING_SYSTEMS\03_STRATEGY_LIBRARY\LONG\DAS\runs\das_scanner_appearance_20260628T114046Z\chart_exports\event_day_details_grouped\0457_PRZO_2025-01-17_push25.00_rebreak,C:\TSIS_Data\00_CTO\13_TRADING_SYSTEMS\03_STRATEGY_LIBRARY\LONG\DAS\runs\das_scanner_appearance_20260628T114046Z\chart_exports\event_day_details_grouped\0457_PRZO_2025-01-17_push25.00_rebreak\02_three_day_overview.png,C:\TSIS_Data\00_CTO\13_TRADING_SYSTEMS\03_STRATEGY_LIBRARY\LONG\DAS\runs\das_scanner_appearance_20260628T114046Z\chart_exports\event_day_details_grouped\0457_PRZO_2025-01-17_push25.00_rebreak\03_event_day_premarket_detail.png,C:\TSIS_Data\00_CTO\13_TRADING_SYSTEMS\03_STRATEGY_LIBRARY\LONG\DAS\runs\das_scanner_appearance_20260628T114046Z\chart_exports\event_day_details_grouped\0457_PRZO_2025-01-17_push25.00_rebreak\04_event_day_detail_until_1600_ny.png,C:\TSIS_Data\00_CTO\13_TRADING_SYSTEMS\03_STRATEGY_LIBRARY\LONG\DAS\runs\das_scanner_appearance_20260628T114046Z\chart_exports\event_day_details_grouped\0457_PRZO_2025-01-17_push25.00_rebreak\05_daily_context.png,das_scanner_appearance:PRZO:2025-01-17T12:57:00+00:00,PRZO,2025-01-17,25.0,25.0,,,21.7391,21.081081081081088,40.76086956521738,39.999999999999986,40.7609,15.625,15.625,rebreak_confirmed,6.5217,vwap_reclaim_rebreak,2025-01-17 08:13:00 EST,2025-01-17 08:14:00 EST,0.0087,green_wick_dip_new_high
458,C:\TSIS_Data\00_CTO\13_TRADING_SYSTEMS\03_STRATEGY_LIBRARY\LONG\DAS\runs\das_scanner_appearance_20260628T114046Z\chart_exports\event_day_details_grouped\0458_PRCH_2024-10-28_push25.00_rebreak,C:\TSIS_Data\00_CTO\13_TRADING_SYSTEMS\03_STRATEGY_LIBRARY\LONG\DAS\runs\das_scanner_appearance_20260628T114046Z\chart_exports\event_day_details_grouped\0458_PRCH_2024-10-28_push25.00_rebreak\02_three_day_overview.png,C:\TSIS_Data\00_CTO\13_TRADING_SYSTEMS\03_STRATEGY_LIBRARY\LONG\DAS\runs\das_scanner_appearance_20260628T114046Z\chart_exports\event_day_details_grouped\0458_PRCH_2024-10-28_push25.00_rebreak\03_event_day_premarket_detail.png,C:\TSIS_Data\00_CTO\13_TRADING_SYSTEMS\03_STRATEGY_LIBRARY\LONG\DAS\runs\das_scanner_appearance_20260628T114046Z\chart_exports\event_day_details_grouped\0458_PRCH_2024-10-28_push25.00_rebreak\04_event_day_detail_until_1600_ny.png,C:\TSIS_Data\00_CTO\13_TRADING_SYSTEMS\03_STRATEGY_LIBRARY\LONG\DAS\runs\das_scanner_appearance_20260628T114046Z\chart_exports\event_day_details_grouped\0458_PRCH_2024-10-28_push25.00_rebreak\05_daily_context.png,das_scanner_appearance:PRCH:2024-10-28T12:58:00+00:00,PRCH,2024-10-28,25.0,25.0,,,17.8571,27.906976744186036,25.000000000000007,35.65891472868217,25.0,6.0606,6.0606,rebreak_confirmed,12.0,vwap_reclaim_rebreak,2024-10-28 09:23:00 EDT,2024-10-28 09:29:00 EDT,1.3051,green_wick_dip_reactivation
459,C:\TSIS_Data\00_CTO\13_TRADING_SYSTEMS\03_STRATEGY_LIBRARY\LONG\DAS\runs\das_scanner_appearance_20260628T114046Z\chart_exports\event_day_details_grouped\0459_REKR_2025-06-03_push25.00_rebreak,C:\TSIS_Data\00_CTO\13_TRADING_SYSTEMS\03_STRATEGY_LIBRARY\LONG\DAS\runs\das_scanner_appearance_20260628T114046Z\chart_exports\event_day_details_grouped\0459_REKR_2025-06-03_push25.00_rebreak\02_three_day_overview.png,C:\TSIS_Data\00_CTO\13_TRADING_SYSTEMS\03_STRATEGY_LIBRARY\LONG\DAS\runs\das_scanner_appearance_20260628T114046Z\chart_exports\event_day_details_grouped\0459_REKR_2025-06-03_push25.00_rebreak\03_event_day_premarket_detail.png,C:\TSIS_Data\00_CTO\13_TRADING_SYSTEMS\03_STRATEGY_LIBRARY\LONG\DAS\runs\das_scanner_appearance_20260628T114046Z\chart_exports\event_day_details_grouped\0459_REKR_2025-06-03_push25.00_rebreak\04_event_day_detail_until_1600_ny.png,C:\TSIS_Data\00_CTO\13_TRADING_SYSTEMS\03_STRATEGY_LIBRARY\LONG\DAS\runs\das_scanner_appearance_20260628T114046Z\chart_exports\event_day_details_grouped\0459_REKR_2025-06-03_push25.00_rebreak\05_daily_context.png,das_scanner_appearance:REKR:2025-06-03T11:49:00+00:00,REKR,2025-06-03,25.0,25.0,,,19.6429,21.266968325791865,36.60714285714285,38.46153846153847,36.6071,14.1791,14.1791,rebreak_confirmed,10.0,vwap_reclaim_rebreak,2025-06-03 08:10:00 EDT,2025-06-03 08:11:00 EDT,0.0365,green_wick_dip_new_high
460,C:\TSIS_Data\00_CTO\13_TRADING_SYSTEMS\03_STRATEGY_LIBRARY\LONG\DAS\runs\das_scanner_appearance_20260628T114046Z\chart_exports\event_day_details_grouped\0460_IINN_2026-02-09_push24.97_rebreak,C:\TSIS_Data\00_CTO\13_TRADING_SYSTEMS\03_STRATEGY_LIBRARY\LONG\DAS\runs\das_scanner_appearance_20260628T114046Z\chart_exports\event_day_details_grouped\0460_IINN_2026-02-09_push24.97_rebreak\02_three_day_overview.png,C:\TSIS_Data\00_CTO\13_TRADING_SYSTEMS\03_STRATEGY_LIBRARY\LONG\DAS\runs\das_scanner_appearance_20260628T114046Z\chart_exports\event_day_details_grouped\0460_IINN_2026-02-09_push24.97_rebreak\03_event_day_premarket_detail.png,C:\TSIS_Data\00_CTO\13_TRADING_SYSTEMS\03_STRATEGY_LIBRARY\LONG\DAS\runs\das_scanner_appearance_20260628T114046Z\chart_exports\event_day_details_grouped\0460_IINN_2026-02-09_push24.97_rebreak\04_event_day_detail_until_1600_ny.png,C:\TSIS_Data\00_CTO\13_TRADING_SYSTEMS\03_STRATEGY_LIBRARY\LONG\DAS\runs\das_scanner_appearance_20260628T114046Z\chart_exports\event_day_details_grouped\0460_IINN_2026-02-09_push24.97_rebreak\05_daily_context.png,das_scanner_appearance:IINN:2026-02-09T12:02:00+00:00,IINN,2026-02-09,24.9735,24.9735,,,22.0355,29.69057665260198,27.051349920592894,35.0210970464135,27.0513,4.1102,4.1102,rebreak_confirmed,7.2858,ascending_flag_break,2026-02-09 07:07:00 EST,2026-02-09 07:09:00 EST,2.335,green_wick_dip_reactivation
461,C:\TSIS_Data\00_CTO\13_TRADING_SYSTEMS\03_STRATEGY_LIBRARY\LONG\DAS\runs\das_scanner_appearance_20260628T114046Z\chart_exports\event_day_details_grouped\0461_SGMO_2024-10-22_push24.85_rebreak,C:\TSIS_Data\00_CTO\13_TRADING_SYSTEMS\03_STRATEGY_LIBRARY\LONG\DAS\runs\das_scanner_appearance_20260628T114046Z\chart_exports\event_day_details_grouped\0461_SGMO_2024-10-22_push24.85_rebreak\02_three_day_overview.png,C:\TSIS_Data\00_CTO\13_TRADING_SYSTEMS\03_STRATEGY_LIBRARY\LONG\DAS\runs\das_scanner_appearance_20260628T114046Z\chart_exports\event_day_details_grouped\0461_SGMO_2024-10-22_push24.85_rebreak\03_event_day_premarket_detail.png,C:\TSIS_Data\00_CTO\13_TRADING_SYSTEMS\03_STRATEGY_LIBRARY\LONG\DAS\runs\das_scanner_appearance_20260628T114046Z\chart_exports\event_day_details_grouped\0461_SGMO_2024-10-22_push24.85_rebreak\04_event_day_detail_until_1600_ny.png,C:\TSIS_Data\00_CTO\13_TRADING_SYSTEMS\03_STRATEGY_LIBRARY\LONG\DAS\runs\das_scanner_appearance_20260628T114046Z\chart_exports\event_day_details_grouped\0461_SGMO_2024-10-22_push24.85_rebreak\05_daily_context.png,das_scanner_appearance:SGMO:2024-10-22T12:24:00+00:00,SGMO,2024-10-22,24.8494,24.8494,,,6.0125,6.1985737794843665,37.991457671667945,38.23368074602304,37.9915,30.1653,30.1653,rebreak_confirmed,6.1404,last_red_high_break,2024-10-22 08:57:00 EDT,2024-10-22 09:01:00 EDT,0.8772,green_wick_dip_new_high
462,C:\TSIS_Data\00_CTO\13_TRADING_SYSTEMS\03_STRATEGY_LIBRARY\LONG\DAS\runs\das_scanner_appearance_20260628T114046Z\chart_exports\event_day_details_grouped\0462_NBY_2025-08-27_push24.82_rebreak,C:\TSIS_Data\00_CTO\13_TRADING_SYSTEMS\03_STRATEGY_LIBRARY\LONG\DAS\runs\das_scanner_appearance_20260628T114046Z\chart_exports\event_day_details_grouped\0462_NBY_2025-08-27_push24.82_rebreak\02_three_day_overview.png,C:\TSIS_Data\00_CTO\13_TRADING_SYSTEMS\03_STRATEGY_LIBRARY\LONG\DAS\runs\das_scanner_appearance_20260628T114046Z\chart_exports\event_day_details_grouped\0462_NBY_2025-08-27_push24.82_rebreak\03_event_day_premarket_detail.png,C:\TSIS_Data\00_CTO\13_TRADING_SYSTEMS\03_STRATEGY_LIBRARY\LONG\DAS\runs\das_scanner_appearance_20260628T114046Z\chart_exports\event_day_details_grouped\0462_NBY_2025-08-27_push24.82_rebreak\04_event_day_detail_until_1600_ny.png,C:\TSIS_Data\00_CTO\13_TRADING_SYSTEMS\03_STRATEGY_LIBRARY\LONG\DAS\runs\das_scanner_appearance_20260628T114046Z\chart_exports\event_day_details_grouped\0462_NBY_2025-08-27_push24.82_rebreak\05_daily_context.png,das_scanner_appearance:NBY:2025-08-27T08:04:00+00:00,NBY,2025-08-27,24.8175,24.8175,,,3.6496,57.95328142380421,36.496350364963504,108.00889877641823,36.4964,31.6901,31.6901,rebreak_confirmed,4.0936,multi_candle_flag_break,2025-08-27 08:01:00 EDT,2025-08-27 08:03:00 EDT,1.158,green_wick_dip_new_high
463,C:\TSIS_Data\00_CTO\13_TRADING_SYSTEMS\03_STRATEGY_LIBRARY\LONG\DAS\runs\das_scanner_appearance_20260628T114046Z\chart_exports\event_day_details_grouped\0463_SNGX_2025-10-07_push24.82_rebreak,C:\TSIS_Data\00_CTO\13_TRADING_SYSTEMS\03_STRATEGY_LIBRARY\LONG\DAS\runs\das_scanner_appearance_20260628T114046Z\chart_exports\event_day_details_grouped\0463_SNGX_2025-10-07_push24.82_rebreak\02_three_day_overview.png,C:\TSIS_Data\00_CTO\13_TRADING_SYSTEMS\03_STRATEGY_LIBRARY\LONG\DAS\runs\das_scanner_appearance_20260628T114046Z\chart_exports\event_day_details_grouped\0463_SNGX_2025-10-07_push24.82_rebreak\03_event_day_premarket_detail.png,C:\TSIS_Data\00_CTO\13_TRADING_SYSTEMS\03_STRATEGY_LIBRARY\LONG\DAS\runs\das_scanner_appearance_20260628T114046Z\chart_exports\event_day_details_grouped\0463_SNGX_2025-10-07_push24.82_rebreak\04_event_day_detail_until_1600_ny.png,C:\TSIS_Data\00_CTO\13_TRADING_SYSTEMS\03_STRATEGY_LIBRARY\LONG\DAS\runs\das_scanner_appearance_20260628T114046Z\chart_exports\event_day_details_grouped\0463_SNGX_2025-10-07_push24.82_rebreak\05_daily_context.png,das_scanner_appearance:SNGX:2025-10-07T11:31:00+00:00,SNGX,2025-10-07,24.8175,24.8175,,,13.1387,13.970588235294112,26.277372262773714,27.205882352941167,26.2774,11.6129,11.6129,rebreak_confirmed,11.6959,single_candle_rebreak,2025-10-07 07:33:00 EDT,2025-10-07 07:40:00 EDT,0.6579,green_wick_dip_reactivation
464,C:\TSIS_Data\00_CTO\13_TRADING_SYSTEMS\03_STRATEGY_LIBRARY\LONG\DAS\runs\das_scanner_appearance_20260628T114046Z\chart_exports\event_day_details_grouped\0464_LUCD_2026-01-21_push24.79_rebreak,C:\TSIS_Data\00_CTO\13_TRADING_SYSTEMS\03_STRATEGY_LIBRARY\LONG\DAS\runs\das_scanner_appearance_20260628T114046Z\chart_exports\event_day_details_grouped\0464_LUCD_2026-01-21_push24.79_rebreak\02_three_day_overview.png,C:\TSIS_Data\00_CTO\13_TRADING_SYSTEMS\03_STRATEGY_LIBRARY\LONG\DAS\runs\das_scanner_appearance_20260628T114046Z\chart_exports\event_day_details_grouped\0464_LUCD_2026-01-21_push24.79_rebreak\03_event_day_premarket_detail.png,C:\TSIS_Data\00_CTO\13_TRADING_SYSTEMS\03_STRATEGY_LIBRARY\LONG\DAS\runs\das_scanner_appearance_20260628T114046Z\chart_exports\event_day_details_grouped\0464_LUCD_2026-01-21_push24.79_rebreak\04_event_day_detail_until_1600_ny.png,C:\TSIS_Data\00_CTO\13_TRADING_SYSTEMS\03_STRATEGY_LIBRARY\LONG\DAS\runs\das_scanner_appearance_20260628T114046Z\chart_exports\event_day_details_grouped\0464_LUCD_2026-01-21_push24.79_rebreak\05_daily_context.png,das_scanner_appearance:LUCD:2026-01-21T13:28:00+00:00,LUCD,2026-01-21,24.7934,24.7934,,,7.438,7.438016528925627,40.49586776859504,40.49586776859504,40.4959,30.7692,30.7692,rebreak_confirmed,4.6358,vwap_reclaim_rebreak,2026-01-21 09:14:00 EST,2026-01-21 09:18:00 EST,1.9608,green_wick_dip_reactivation
465,C:\TSIS_Data\00_CTO\13_TRADING_SYSTEMS\03_STRATEGY_LIBRARY\LONG\DAS\runs\das_scanner_appearance_20260628T114046Z\chart_exports\event_day_details_grouped\0465_VMAR_2025-12-22_push24.75_rebreak,C:\TSIS_Data\00_CTO\13_TRADING_SYSTEMS\03_STRATEGY_LIBRARY\LONG\DAS\runs\das_scanner_appearance_20260628T114046Z\chart_exports\event_day_details_grouped\0465_VMAR_2025-12-22_push24.75_rebreak\02_three_day_overview.png,C:\TSIS_Data\00_CTO\13_TRADING_SYSTEMS\03_STRATEGY_LIBRARY\LONG\DAS\runs\das_scanner_appearance_20260628T114046Z\chart_exports\event_day_details_grouped\0465_VMAR_2025-12-22_push24.75_rebreak\03_event_day_premarket_detail.png,C:\TSIS_Data\00_CTO\13_TRADING_SYSTEMS\03_STRATEGY_LIBRARY\LONG\DAS\runs\das_scanner_appearance_20260628T114046Z\chart_exports\event_day_details_grouped\0465_VMAR_2025-12-22_push24.75_rebreak\04_event_day_detail_until_1600_ny.png,C:\TSIS_Data\00_CTO\13_TRADING_SYSTEMS\03_STRATEGY_LIBRARY\LONG\DAS\runs\das_scanner_appearance_20260628T114046Z\chart_exports\event_day_details_grouped\0465_VMAR_2025-12-22_push24.75_rebreak\05_daily_context.png,das_scanner_appearance:VMAR:2025-12-22T10:45:00+00:00,VMAR,2025-12-22,24.7465,24.7465,,,20.8249,42.27707006369426,25.82826233941852,48.1687898089172,25.8283,4.141,4.141,rebreak_confirmed,5.1491,single_candle_rebreak,2025-12-22 05:48:00 EST,2025-12-22 05:52:00 EST,0.4729,green_wick_dip_new_high
466,C:\TSIS_Data\00_CTO\13_TRADING_SYSTEMS\03_STRATEGY_LIBRARY\LONG\DAS\runs\das_scanner_appearance_20260628T114046Z\chart_exports\event_day_details_grouped\0466_AREN_2024-11-15_push24.71_rebreak,C:\TSIS_Data\00_CTO\13_TRADING_SYSTEMS\03_STRATEGY_LIBRARY\LONG\DAS\runs\das_scanner_appearance_20260628T114046Z\chart_exports\event_day_details_grouped\0466_AREN_2024-11-15_push24.71_rebreak\02_three_day_overview.png,C:\TSIS_Data\00_CTO\13_TRADING_SYSTEMS\03_STRATEGY_LIBRARY\LONG\DAS\runs\das_scanner_appearance_20260628T114046Z\chart_exports\event_day_details_grouped\0466_AREN_2024-11-15_push24.71_rebreak\03_event_day_premarket_detail.png,C:\TSIS_Data\00_CTO\13_TRADING_SYSTEMS\03_STRATEGY_LIBRARY\LONG\DAS\runs\das_scanner_appearance_20260628T114046Z\chart_exports\event_day_details_grouped\0466_AREN_2024-11-15_push24.71_rebreak\04_event_day_detail_until_1600_ny.png,C:\TSIS_Data\00_CTO\13_TRADING_SYSTEMS\03_STRATEGY_LIBRARY\LONG\DAS\runs\das_scanner_appearance_20260628T114046Z\chart_exports\event_day_details_grouped\0466_AREN_2024-11-15_push24.71_rebreak\05_daily_context.png,das_scanner_appearance:AREN:2024-11-15T09:08:00+00:00,AREN,2024-11-15,24.7126,24.7126,,,5.1724,221.05263157894743,36.78160919540229,317.54385964912285,36.7816,30.0546,30.0546,rebreak_confirmed,4.6083,single_candle_rebreak,2024-11-15 07:29:00 EST,2024-11-15 07:32:00 EST,1.8692,green_wick_dip_reactivation
467,C:\TSIS_Data\00_CTO\13_TRADING_SYSTEMS\03_STRATEGY_LIBRARY\LONG\DAS\runs\das_scanner_appearance_20260628T114046Z\chart_exports\event_day_details_grouped\0467_DNUT_2025-10-22_push24.71_rebreak,C:\TSIS_Data\00_CTO\13_TRADING_SYSTEMS\03_STRATEGY_LIBRARY\LONG\DAS\runs\das_scanner_appearance_20260628T114046Z\chart_exports\event_day_details_grouped\0467_DNUT_2025-10-22_push24.71_rebreak\02_three_day_overview.png,C:\TSIS_Data\00_CTO\13_TRADING_SYSTEMS\03_STRATEGY_LIBRARY\LONG\DAS\runs\das_scanner_appearance_20260628T114046Z\chart_exports\event_day_details_grouped\0467_DNUT_2025-10-22_push24.71_rebreak\03_event_day_premarket_detail.png,C:\TSIS_Data\00_CTO\13_TRADING_SYSTEMS\03_STRATEGY_LIBRARY\LONG\DAS\runs\das_scanner_appearance_20260628T114046Z\chart_exports\event_day_details_grouped\0467_DNUT_2025-10-22_push24.71_rebreak\04_event_day_detail_until_1600_ny.png,C:\TSIS_Data\00_CTO\13_TRADING_SYSTEMS\03_STRATEGY_LIBRARY\LONG\DAS\runs\das_scanner_appearance_20260628T114046Z\chart_exports\event_day_details_grouped\0467_DNUT_2025-10-22_push24.71_rebreak\05_daily_context.png,das_scanner_appearance:DNUT:2025-10-22T08:20:00+00:00,DNUT,2025-10-22,24.7059,24.7059,,,2.5882,16.89008042895443,30.352941176470587,48.525469168900806,30.3529,27.0642,27.0642,rebreak_confirmed,3.6792,last_red_high_break,2025-10-22 07:08:00 EDT,2025-10-22 07:10:00 EDT,0.8475,green_wick_dip_new_high
468,C:\TSIS_Data\00_CTO\13_TRADING_SYSTEMS\03_STRATEGY_LIBRARY\LONG\DAS\runs\das_scanner_appearance_20260628T114046Z\chart_exports\event_day_details_grouped\0468_SILO_2024-07-19_push24.70_rebreak,C:\TSIS_Data\00_CTO\13_TRADING_SYSTEMS\03_STRATEGY_LIBRARY\LONG\DAS\runs\das_scanner_appearance_20260628T114046Z\chart_exports\event_day_details_grouped\0468_SILO_2024-07-19_push24.70_rebreak\02_three_day_overview.png,C:\TSIS_Data\00_CTO\13_TRADING_SYSTEMS\03_STRATEGY_LIBRARY\LONG\DAS\runs\das_scanner_appearance_20260628T114046Z\chart_exports\event_day_details_grouped\0468_SILO_2024-07-19_push24.70_rebreak\03_event_day_premarket_detail.png,C:\TSIS_Data\00_CTO\13_TRADING_SYSTEMS\03_STRATEGY_LIBRARY\LONG\DAS\runs\das_scanner_appearance_20260628T114046Z\chart_exports\event_day_details_grouped\0468_SILO_2024-07-19_push24.70_rebreak\04_event_day_detail_until_1600_ny.png,C:\TSIS_Data\00_CTO\13_TRADING_SYSTEMS\03_STRATEGY_LIBRARY\LONG\DAS\runs\das_scanner_appearance_20260628T114046Z\chart_exports\event_day_details_grouped\0468_SILO_2024-07-19_push24.70_rebreak\05_daily_context.png,das_scanner_appearance:SILO:2024-07-19T11:36:00+00:00,SILO,2024-07-19,24.7024,24.7024,,,23.5119,20.32473180632069,26.488095238095244,23.22412293418383,26.4881,2.4096,2.4096,rebreak_confirmed,3.58,flat_shelf_break,2024-07-19 07:49:00 EDT,2024-07-19 07:59:00 EDT,0.7614,green_wick_dip_reactivation
469,C:\TSIS_Data\00_CTO\13_TRADING_SYSTEMS\03_STRATEGY_LIBRARY\LONG\DAS\runs\das_scanner_appearance_20260628T114046Z\chart_exports\event_day_details_grouped\0469_LAES_2024-12-23_push24.67_rebreak,C:\TSIS_Data\00_CTO\13_TRADING_SYSTEMS\03_STRATEGY_LIBRARY\LONG\DAS\runs\das_scanner_appearance_20260628T114046Z\chart_exports\event_day_details_grouped\0469_LAES_2024-12-23_push24.67_rebreak\02_three_day_overview.png,C:\TSIS_Data\00_CTO\13_TRADING_SYSTEMS\03_STRATEGY_LIBRARY\LONG\DAS\runs\das_scanner_appearance_20260628T114046Z\chart_exports\event_day_details_grouped\0469_LAES_2024-12-23_push24.67_rebreak\03_event_day_premarket_detail.png,C:\TSIS_Data\00_CTO\13_TRADING_SYSTEMS\03_STRATEGY_LIBRARY\LONG\DAS\runs\das_scanner_appearance_20260628T114046Z\chart_exports\event_day_details_grouped\0469_LAES_2024-12-23_push24.67_rebreak\04_event_day_detail_until_1600_ny.png,C:\TSIS_Data\00_CTO\13_TRADING_SYSTEMS\03_STRATEGY_LIBRARY\LONG\DAS\runs\das_scanner_appearance_20260628T114046Z\chart_exports\event_day_details_grouped\0469_LAES_2024-12-23_push24.67_rebreak\05_daily_context.png,das_scanner_appearance:LAES:2024-12-23T09:01:00+00:00,LAES,2024-12-23,24.6711,24.6711,,,2.6316,13.454545454545459,28.947368421052627,42.54545454545454,28.9474,25.641,25.641,rebreak_confirmed,8.7071,ascending_flag_break,2024-12-23 04:19:00 EST,2024-12-23 04:25:00 EST,0.2825,green_wick_dip_new_high
470,C:\TSIS_Data\00_CTO\13_TRADING_SYSTEMS\03_STRATEGY_LIBRARY\LONG\DAS\runs\das_scanner_appearance_20260628T114046Z\chart_exports\event_day_details_grouped\0470_VSEE_2025-11-04_push24.66_rebreak,C:\TSIS_Data\00_CTO\13_TRADING_SYSTEMS\03_STRATEGY_LIBRARY\LONG\DAS\runs\das_scanner_appearance_20260628T114046Z\chart_exports\event_day_details_grouped\0470_VSEE_2025-11-04_push24.66_rebreak\02_three_day_overview.png,C:\TSIS_Data\00_CTO\13_TRADING_SYSTEMS\03_STRATEGY_LIBRARY\LONG\DAS\runs\das_scanner_appearance_20260628T114046Z\chart_exports\event_day_details_grouped\0470_VSEE_2025-11-04_push24.66_rebreak\03_event_day_premarket_detail.png,C:\TSIS_Data\00_CTO\13_TRADING_SYSTEMS\03_STRATEGY_LIBRARY\LONG\DAS\runs\das_scanner_appearance_20260628T114046Z\chart_exports\event_day_details_grouped\0470_VSEE_2025-11-04_push24.66_rebreak\04_event_day_detail_until_1600_ny.png,C:\TSIS_Data\00_CTO\13_TRADING_SYSTEMS\03_STRATEGY_LIBRARY\LONG\DAS\runs\das_scanner_appearance_20260628T114046Z\chart_exports\event_day_details_grouped\0470_VSEE_2025-11-04_push24.66_rebreak\05_daily_context.png,das_scanner_appearance:VSEE:2025-11-04T13:08:00+00:00,VSEE,2025-11-04,24.6624,24.6624,,,24.6312,21.16957883042117,42.32287554539789,38.36986163013839,42.3229,14.1952,14.1952,rebreak_confirmed,8.4417,vwap_reclaim_rebreak,2025-11-04 08:11:00 EST,2025-11-04 08:12:00 EST,4.7244,green_wick_dip_reactivation
471,C:\TSIS_Data\00_CTO\13_TRADING_SYSTEMS\03_STRATEGY_LIBRARY\LONG\DAS\runs\das_scanner_appearance_20260628T114046Z\chart_exports\event_day_details_grouped\0471_RR_2024-08-26_push24.65_rebreak,C:\TSIS_Data\00_CTO\13_TRADING_SYSTEMS\03_STRATEGY_LIBRARY\LONG\DAS\runs\das_scanner_appearance_20260628T114046Z\chart_exports\event_day_details_grouped\0471_RR_2024-08-26_push24.65_rebreak\02_three_day_overview.png,C:\TSIS_Data\00_CTO\13_TRADING_SYSTEMS\03_STRATEGY_LIBRARY\LONG\DAS\runs\das_scanner_appearance_20260628T114046Z\chart_exports\event_day_details_grouped\0471_RR_2024-08-26_push24.65_rebreak\03_event_day_premarket_detail.png,C:\TSIS_Data\00_CTO\13_TRADING_SYSTEMS\03_STRATEGY_LIBRARY\LONG\DAS\runs\das_scanner_appearance_20260628T114046Z\chart_exports\event_day_details_grouped\0471_RR_2024-08-26_push24.65_rebreak\04_event_day_detail_until_1600_ny.png,C:\TSIS_Data\00_CTO\13_TRADING_SYSTEMS\03_STRATEGY_LIBRARY\LONG\DAS\runs\das_scanner_appearance_20260628T114046Z\chart_exports\event_day_details_grouped\0471_RR_2024-08-26_push24.65_rebreak\05_daily_context.png,das_scanner_appearance:RR:2024-08-26T08:49:00+00:00,RR,2024-08-26,24.6479,24.6479,,,6.338,9.025270758122744,30.985915492957762,34.29602888086643,30.9859,23.1788,23.1788,rebreak_confirmed,3.3898,single_candle_rebreak,2024-08-26 07:19:00 EDT,2024-08-26 07:22:00 EDT,1.7241,green_wick_dip_reactivation
472,C:\TSIS_Data\00_CTO\13_TRADING_SYSTEMS\03_STRATEGY_LIBRARY\LONG\DAS\runs\das_scanner_appearance_20260628T114046Z\chart_exports\event_day_details_grouped\0472_BENF_2025-09-30_push24.63_rebreak,C:\TSIS_Data\00_CTO\13_TRADING_SYSTEMS\03_STRATEGY_LIBRARY\LONG\DAS\runs\das_scanner_appearance_20260628T114046Z\chart_exports\event_day_details_grouped\0472_BENF_2025-09-30_push24.63_rebreak\02_three_day_overview.png,C:\TSIS_Data\00_CTO\13_TRADING_SYSTEMS\03_STRATEGY_LIBRARY\LONG\DAS\runs\das_scanner_appearance_20260628T114046Z\chart_exports\event_day_details_grouped\0472_BENF_2025-09-30_push24.63_rebreak\03_event_day_premarket_detail.png,C:\TSIS_Data\00_CTO\13_TRADING_SYSTEMS\03_STRATEGY_LIBRARY\LONG\DAS\runs\das_scanner_appearance_20260628T114046Z\chart_exports\event_day_details_grouped\0472_BENF_2025-09-30_push24.63_rebreak\04_event_day_detail_until_1600_ny.png,C:\TSIS_Data\00_CTO\13_TRADING_SYSTEMS\03_STRATEGY_LIBRARY\LONG\DAS\runs\das_scanner_appearance_20260628T114046Z\chart_exports\event_day_details_grouped\0472_BENF_2025-09-30_push24.63_rebreak\05_daily_context.png,das_scanner_appearance:BENF:2025-09-30T09:28:00+00:00,BENF,2025-09-30,24.6322,24.6322,,,3.791,50.396283137469254,34.77932855526217,95.29926209346816,34.7793,29.8564,29.8564,rebreak_confirmed,5.7809,multi_candle_flag_break,2025-09-30 07:35:00 EDT,2025-09-30 07:40:00 EDT,0.564,green_wick_dip_new_high
473,C:\TSIS_Data\00_CTO\13_TRADING_SYSTEMS\03_STRATEGY_LIBRARY\LONG\DAS\runs\das_scanner_appearance_20260628T114046Z\chart_exports\event_day_details_grouped\0473_IRBT_2025-12-05_push24.58_rebreak,C:\TSIS_Data\00_CTO\13_TRADING_SYSTEMS\03_STRATEGY_LIBRARY\LONG\DAS\runs\das_scanner_appearance_20260628T114046Z\chart_exports\event_day_details_grouped\0473_IRBT_2025-12-05_push24.58_rebreak\02_three_day_overview.png,C:\TSIS_Data\00_CTO\13_TRADING_SYSTEMS\03_STRATEGY_LIBRARY\LONG\DAS\runs\das_scanner_appearance_20260628T114046Z\chart_exports\event_day_details_grouped\0473_IRBT_2025-12-05_push24.58_rebreak\03_event_day_premarket_detail.png,C:\TSIS_Data\00_CTO\13_TRADING_SYSTEMS\03_STRATEGY_LIBRARY\LONG\DAS\runs\das_scanner_appearance_20260628T114046Z\chart_exports\event_day_details_grouped\0473_IRBT_2025-12-05_push24.58_rebreak\04_event_day_detail_until_1600_ny.png,C:\TSIS_Data\00_CTO\13_TRADING_SYSTEMS\03_STRATEGY_LIBRARY\LONG\DAS\runs\das_scanner_appearance_20260628T114046Z\chart_exports\event_day_details_grouped\0473_IRBT_2025-12-05_push24.58_rebreak\05_daily_context.png,das_scanner_appearance:IRBT:2025-12-05T12:38:00+00:00,IRBT,2025-12-05,24.5847,24.5847,,,9.3023,8.223684210526317,27.242524916943534,25.986842105263158,27.2425,16.4134,16.4134,rebreak_confirmed,4.8,flat_shelf_break,2025-12-05 08:58:00 EST,2025-12-05 09:01:00 EST,0.8242,green_wick_dip_reactivation
474,C:\TSIS_Data\00_CTO\13_TRADING_SYSTEMS\03_STRATEGY_LIBRARY\LONG\DAS\runs\das_scanner_appearance_20260628T114046Z\chart_exports\event_day_details_grouped\0474_SHFS_2025-09-24_push24.58_rebreak,C:\TSIS_Data\00_CTO\13_TRADING_SYSTEMS\03_STRATEGY_LIBRARY\LONG\DAS\runs\das_scanner_appearance_20260628T114046Z\chart_exports\event_day_details_grouped\0474_SHFS_2025-09-24_push24.58_rebreak\02_three_day_overview.png,C:\TSIS_Data\00_CTO\13_TRADING_SYSTEMS\03_STRATEGY_LIBRARY\LONG\DAS\runs\das_scanner_appearance_20260628T114046Z\chart_exports\event_day_details_grouped\0474_SHFS_2025-09-24_push24.58_rebreak\03_event_day_premarket_detail.png,C:\TSIS_Data\00_CTO\13_TRADING_SYSTEMS\03_STRATEGY_LIBRARY\LONG\DAS\runs\das_scanner_appearance_20260628T114046Z\chart_exports\event_day_details_grouped\0474_SHFS_2025-09-24_push24.58_rebreak\04_event_day_detail_until_1600_ny.png,C:\TSIS_Data\00_CTO\13_TRADING_SYSTEMS\03_STRATEGY_LIBRARY\LONG\DAS\runs\das_scanner_appearance_20260628T114046Z\chart_exports\event_day_details_grouped\0474_SHFS_2025-09-24_push24.58_rebreak\05_daily_context.png,das_scanner_appearance:SHFS:2025-09-24T08:02:00+00:00,SHFS,2025-09-24,24.5847,24.5847,,,-9.4684,230.3030303030303,24.58471760797343,354.54545454545456,24.5847,37.6147,37.6147,rebreak_confirmed,44.8667,multi_candle_flag_break,2025-09-24 08:32:00 EDT,2025-09-24 08:33:00 EDT,0.5774,green_wick_dip_new_high
475,C:\TSIS_Data\00_CTO\13_TRADING_SYSTEMS\03_STRATEGY_LIBRARY\LONG\DAS\runs\das_scanner_appearance_20260628T114046Z\chart_exports\event_day_details_grouped\0475_NAOV_2025-01-30_push24.44_rebreak,C:\TSIS_Data\00_CTO\13_TRADING_SYSTEMS\03_STRATEGY_LIBRARY\LONG\DAS\runs\das_scanner_appearance_20260628T114046Z\chart_exports\event_day_details_grouped\0475_NAOV_2025-01-30_push24.44_rebreak\02_three_day_overview.png,C:\TSIS_Data\00_CTO\13_TRADING_SYSTEMS\03_STRATEGY_LIBRARY\LONG\DAS\runs\das_scanner_appearance_20260628T114046Z\chart_exports\event_day_details_grouped\0475_NAOV_2025-01-30_push24.44_rebreak\03_event_day_premarket_detail.png,C:\TSIS_Data\00_CTO\13_TRADING_SYSTEMS\03_STRATEGY_LIBRARY\LONG\DAS\runs\das_scanner_appearance_20260628T114046Z\chart_exports\event_day_details_grouped\0475_NAOV_2025-01-30_push24.44_rebreak\04_event_day_detail_until_1600_ny.png,C:\TSIS_Data\00_CTO\13_TRADING_SYSTEMS\03_STRATEGY_LIBRARY\LONG\DAS\runs\das_scanner_appearance_20260628T114046Z\chart_exports\event_day_details_grouped\0475_NAOV_2025-01-30_push24.44_rebreak\05_daily_context.png,das_scanner_appearance:NAOV:2025-01-30T09:41:00+00:00,NAOV,2025-01-30,24.4362,24.4362,,,4.241,61.51238591916558,27.734769437899697,97.91395045632336,27.7348,22.5379,22.5379,rebreak_confirmed,4.1655,flat_shelf_break,2025-01-30 05:13:00 EST,2025-01-30 05:15:00 EST,0.2187,green_wick_dip_new_high
476,C:\TSIS_Data\00_CTO\13_TRADING_SYSTEMS\03_STRATEGY_LIBRARY\LONG\DAS\runs\das_scanner_appearance_20260628T114046Z\chart_exports\event_day_details_grouped\0476_GSIT_2025-10-21_push24.36_rebreak,C:\TSIS_Data\00_CTO\13_TRADING_SYSTEMS\03_STRATEGY_LIBRARY\LONG\DAS\runs\das_scanner_appearance_20260628T114046Z\chart_exports\event_day_details_grouped\0476_GSIT_2025-10-21_push24.36_rebreak\02_three_day_overview.png,C:\TSIS_Data\00_CTO\13_TRADING_SYSTEMS\03_STRATEGY_LIBRARY\LONG\DAS\runs\das_scanner_appearance_20260628T114046Z\chart_exports\event_day_details_grouped\0476_GSIT_2025-10-21_push24.36_rebreak\03_event_day_premarket_detail.png,C:\TSIS_Data\00_CTO\13_TRADING_SYSTEMS\03_STRATEGY_LIBRARY\LONG\DAS\runs\das_scanner_appearance_20260628T114046Z\chart_exports\event_day_details_grouped\0476_GSIT_2025-10-21_push24.36_rebreak\04_event_day_detail_until_1600_ny.png,C:\TSIS_Data\00_CTO\13_TRADING_SYSTEMS\03_STRATEGY_LIBRARY\LONG\DAS\runs\das_scanner_appearance_20260628T114046Z\chart_exports\event_day_details_grouped\0476_GSIT_2025-10-21_push24.36_rebreak\05_daily_context.png,das_scanner_appearance:GSIT:2025-10-21T08:18:00+00:00,GSIT,2025-10-21,24.3564,24.3564,,,-6.2046,9.433962264150955,26.53465346534654,47.631882941856006,26.5347,34.905,34.905,rebreak_confirmed,4.2994,flat_shelf_break,2025-10-21 07:43:00 EDT,2025-10-21 07:46:00 EDT,0.0536,green_wick_dip_new_high
477,C:\TSIS_Data\00_CTO\13_TRADING_SYSTEMS\03_STRATEGY_LIBRARY\LONG\DAS\runs\das_scanner_appearance_20260628T114046Z\chart_exports\event_day_details_grouped\0477_PSQH_2026-01-22_push24.30_rebreak,C:\TSIS_Data\00_CTO\13_TRADING_SYSTEMS\03_STRATEGY_LIBRARY\LONG\DAS\runs\das_scanner_appearance_20260628T114046Z\chart_exports\event_day_details_grouped\0477_PSQH_2026-01-22_push24.30_rebreak\02_three_day_overview.png,C:\TSIS_Data\00_CTO\13_TRADING_SYSTEMS\03_STRATEGY_LIBRARY\LONG\DAS\runs\das_scanner_appearance_20260628T114046Z\chart_exports\event_day_details_grouped\0477_PSQH_2026-01-22_push24.30_rebreak\03_event_day_premarket_detail.png,C:\TSIS_Data\00_CTO\13_TRADING_SYSTEMS\03_STRATEGY_LIBRARY\LONG\DAS\runs\das_scanner_appearance_20260628T114046Z\chart_exports\event_day_details_grouped\0477_PSQH_2026-01-22_push24.30_rebreak\04_event_day_detail_until_1600_ny.png,C:\TSIS_Data\00_CTO\13_TRADING_SYSTEMS\03_STRATEGY_LIBRARY\LONG\DAS\runs\das_scanner_appearance_20260628T114046Z\chart_exports\event_day_details_grouped\0477_PSQH_2026-01-22_push24.30_rebreak\05_daily_context.png,das_scanner_appearance:PSQH:2026-01-22T13:16:00+00:00,PSQH,2026-01-22,24.2991,24.2991,50.46728971962617,57.07317073170734,14.9533,20.00000000000001,57.00934579439251,63.902439024390254,57.0093,36.5854,36.5854,rebreak_confirmed,13.5338,vwap_reclaim_rebreak,2026-01-22 08:20:00 EST,2026-01-22 08:22:00 EST,3.8168,green_wick_dip_reactivation
478,C:\TSIS_Data\00_CTO\13_TRADING_SYSTEMS\03_STRATEGY_LIBRARY\LONG\DAS\runs\das_scanner_appearance_20260628T114046Z\chart_exports\event_day_details_grouped\0478_SOPA_2025-12-18_push24.28_rebreak,C:\TSIS_Data\00_CTO\13_TRADING_SYSTEMS\03_STRATEGY_LIBRARY\LONG\DAS\runs\das_scanner_appearance_20260628T114046Z\chart_exports\event_day_details_grouped\0478_SOPA_2025-12-18_push24.28_rebreak\02_three_day_overview.png,C:\TSIS_Data\00_CTO\13_TRADING_SYSTEMS\03_STRATEGY_LIBRARY\LONG\DAS\runs\das_scanner_appearance_20260628T114046Z\chart_exports\event_day_details_grouped\0478_SOPA_2025-12-18_push24.28_rebreak\03_event_day_premarket_detail.png,C:\TSIS_Data\00_CTO\13_TRADING_SYSTEMS\03_STRATEGY_LIBRARY\LONG\DAS\runs\das_scanner_appearance_20260628T114046Z\chart_exports\event_day_details_grouped\0478_SOPA_2025-12-18_push24.28_rebreak\04_event_day_detail_until_1600_ny.png,C:\TSIS_Data\00_CTO\13_TRADING_SYSTEMS\03_STRATEGY_LIBRARY\LONG\DAS\runs\das_scanner_appearance_20260628T114046Z\chart_exports\event_day_details_grouped\0478_SOPA_2025-12-18_push24.28_rebreak\05_daily_context.png,das_scanner_appearance:SOPA:2025-12-18T13:00:00+00:00,SOPA,2025-12-18,24.2845,24.2845,,,-2.5862,7.619047619047604,24.284482758620697,37.3047619047619,24.2845,27.5841,27.5841,rebreak_confirmed,25.7821,last_red_high_break,2025-12-18 08:12:00 EST,2025-12-18 08:40:00 EST,0.0901,green_wick_dip_reactivation
479,C:\TSIS_Data\00_CTO\13_TRADING_SYSTEMS\03_STRATEGY_LIBRARY\LONG\DAS\runs\das_scanner_appearance_20260628T114046Z\chart_exports\event_day_details_grouped\0479_TPET_2024-04-12_push24.28_rebreak,C:\TSIS_Data\00_CTO\13_TRADING_SYSTEMS\03_STRATEGY_LIBRARY\LONG\DAS\runs\das_scanner_appearance_20260628T114046Z\chart_exports\event_day_details_grouped\0479_TPET_2024-04-12_push24.28_rebreak\02_three_day_overview.png,C:\TSIS_Data\00_CTO\13_TRADING_SYSTEMS\03_STRATEGY_LIBRARY\LONG\DAS\runs\das_scanner_appearance_20260628T114046Z\chart_exports\event_day_details_grouped\0479_TPET_2024-04-12_push24.28_rebreak\03_event_day_premarket_detail.png,C:\TSIS_Data\00_CTO\13_TRADING_SYSTEMS\03_STRATEGY_LIBRARY\LONG\DAS\runs\das_scanner_appearance_20260628T114046Z\chart_exports\event_day_details_grouped\0479_TPET_2024-04-12_push24.28_rebreak\04_event_day_detail_until_1600_ny.png,C:\TSIS_Data\00_CTO\13_TRADING_SYSTEMS\03_STRATEGY_LIBRARY\LONG\DAS\runs\das_scanner_appearance_20260628T114046Z\chart_exports\event_day_details_grouped\0479_TPET_2024-04-12_push24.28_rebreak\05_daily_context.png,das_scanner_appearance:TPET:2024-04-12T12:32:00+00:00,TPET,2024-04-12,24.2761,24.2761,,,12.0587,22.241453916053665,27.40975803252679,38.987451319775005,27.4098,13.6991,13.6991,rebreak_confirmed,5.841,single_candle_rebreak,2024-04-12 08:51:00 EDT,2024-04-12 08:52:00 EDT,0.6189,green_wick_dip_new_high
480,C:\TSIS_Data\00_CTO\13_TRADING_SYSTEMS\03_STRATEGY_LIBRARY\LONG\DAS\runs\das_scanner_appearance_20260628T114046Z\chart_exports\event_day_details_grouped\0480_EEIQ_2025-08-22_push24.14_rebreak,C:\TSIS_Data\00_CTO\13_TRADING_SYSTEMS\03_STRATEGY_LIBRARY\LONG\DAS\runs\das_scanner_appearance_20260628T114046Z\chart_exports\event_day_details_grouped\0480_EEIQ_2025-08-22_push24.14_rebreak\02_three_day_overview.png,C:\TSIS_Data\00_CTO\13_TRADING_SYSTEMS\03_STRATEGY_LIBRARY\LONG\DAS\runs\das_scanner_appearance_20260628T114046Z\chart_exports\event_day_details_grouped\0480_EEIQ_2025-08-22_push24.14_rebreak\03_event_day_premarket_detail.png,C:\TSIS_Data\00_CTO\13_TRADING_SYSTEMS\03_STRATEGY_LIBRARY\LONG\DAS\runs\das_scanner_appearance_20260628T114046Z\chart_exports\event_day_details_grouped\0480_EEIQ_2025-08-22_push24.14_rebreak\04_event_day_detail_until_1600_ny.png,C:\TSIS_Data\00_CTO\13_TRADING_SYSTEMS\03_STRATEGY_LIBRARY\LONG\DAS\runs\das_scanner_appearance_20260628T114046Z\chart_exports\event_day_details_grouped\0480_EEIQ_2025-08-22_push24.14_rebreak\05_daily_context.png,das_scanner_appearance:EEIQ:2025-08-22T11:07:00+00:00,EEIQ,2025-08-22,24.1379,24.1379,,,-7.7586,97.12601326455419,28.44827586206897,174.50257921886515,28.4483,39.2523,39.2523,rebreak_confirmed,4.8611,flat_shelf_break,2025-08-22 08:19:00 EDT,2025-08-22 08:21:00 EDT,0.7143,green_wick_dip_reactivation
481,C:\TSIS_Data\00_CTO\13_TRADING_SYSTEMS\03_STRATEGY_LIBRARY\LONG\DAS\runs\das_scanner_appearance_20260628T114046Z\chart_exports\event_day_details_grouped\0481_SNDL_2025-07-31_push24.14_rebreak,C:\TSIS_Data\00_CTO\13_TRADING_SYSTEMS\03_STRATEGY_LIBRARY\LONG\DAS\runs\das_scanner_appearance_20260628T114046Z\chart_exports\event_day_details_grouped\0481_SNDL_2025-07-31_push24.14_rebreak\02_three_day_overview.png,C:\TSIS_Data\00_CTO\13_TRADING_SYSTEMS\03_STRATEGY_LIBRARY\LONG\DAS\runs\das_scanner_appearance_20260628T114046Z\chart_exports\event_day_details_grouped\0481_SNDL_2025-07-31_push24.14_rebreak\03_event_day_premarket_detail.png,C:\TSIS_Data\00_CTO\13_TRADING_SYSTEMS\03_STRATEGY_LIBRARY\LONG\DAS\runs\das_scanner_appearance_20260628T114046Z\chart_exports\event_day_details_grouped\0481_SNDL_2025-07-31_push24.14_rebreak\04_event_day_detail_until_1600_ny.png,C:\TSIS_Data\00_CTO\13_TRADING_SYSTEMS\03_STRATEGY_LIBRARY\LONG\DAS\runs\das_scanner_appearance_20260628T114046Z\chart_exports\event_day_details_grouped\0481_SNDL_2025-07-31_push24.14_rebreak\05_daily_context.png,das_scanner_appearance:SNDL:2025-07-31T12:37:00+00:00,SNDL,2025-07-31,24.1379,24.1379,,,10.3448,11.888111888111899,24.82758620689656,26.573426573426584,24.8276,13.125,13.125,rebreak_confirmed,5.0,single_candle_rebreak,2025-07-31 09:18:00 EDT,2025-07-31 09:19:00 EDT,0.0056,green_wick_dip_new_high
482,C:\TSIS_Data\00_CTO\13_TRADING_SYSTEMS\03_STRATEGY_LIBRARY\LONG\DAS\runs\das_scanner_appearance_20260628T114046Z\chart_exports\event_day_details_grouped\0482_ABP_2026-02-10_push24.09_rebreak,C:\TSIS_Data\00_CTO\13_TRADING_SYSTEMS\03_STRATEGY_LIBRARY\LONG\DAS\runs\das_scanner_appearance_20260628T114046Z\chart_exports\event_day_details_grouped\0482_ABP_2026-02-10_push24.09_rebreak\02_three_day_overview.png,C:\TSIS_Data\00_CTO\13_TRADING_SYSTEMS\03_STRATEGY_LIBRARY\LONG\DAS\runs\das_scanner_appearance_20260628T114046Z\chart_exports\event_day_details_grouped\0482_ABP_2026-02-10_push24.09_rebreak\03_event_day_premarket_detail.png,C:\TSIS_Data\00_CTO\13_TRADING_SYSTEMS\03_STRATEGY_LIBRARY\LONG\DAS\runs\das_scanner_appearance_20260628T114046Z\chart_exports\event_day_details_grouped\0482_ABP_2026-02-10_push24.09_rebreak\04_event_day_detail_until_1600_ny.png,C:\TSIS_Data\00_CTO\13_TRADING_SYSTEMS\03_STRATEGY_LIBRARY\LONG\DAS\runs\das_scanner_appearance_20260628T114046Z\chart_exports\event_day_details_grouped\0482_ABP_2026-02-10_push24.09_rebreak\05_daily_context.png,das_scanner_appearance:ABP:2026-02-10T09:01:00+00:00,ABP,2026-02-10,24.0876,24.0876,,,17.5182,111.8421052631579,24.0875912408759,123.68421052631578,24.0876,5.5901,5.5901,rebreak_confirmed,7.3529,flat_shelf_break,2026-02-10 04:13:00 EST,2026-02-10 04:16:00 EST,0.3115,green_wick_dip_new_high
483,C:\TSIS_Data\00_CTO\13_TRADING_SYSTEMS\03_STRATEGY_LIBRARY\LONG\DAS\runs\das_scanner_appearance_20260628T114046Z\chart_exports\event_day_details_grouped\0483_MODV_2025-08-22_push24.05_rebreak,C:\TSIS_Data\00_CTO\13_TRADING_SYSTEMS\03_STRATEGY_LIBRARY\LONG\DAS\runs\das_scanner_appearance_20260628T114046Z\chart_exports\event_day_details_grouped\0483_MODV_2025-08-22_push24.05_rebreak\02_three_day_overview.png,C:\TSIS_Data\00_CTO\13_TRADING_SYSTEMS\03_STRATEGY_LIBRARY\LONG\DAS\runs\das_scanner_appearance_20260628T114046Z\chart_exports\event_day_details_grouped\0483_MODV_2025-08-22_push24.05_rebreak\03_event_day_premarket_detail.png,C:\TSIS_Data\00_CTO\13_TRADING_SYSTEMS\03_STRATEGY_LIBRARY\LONG\DAS\runs\das_scanner_appearance_20260628T114046Z\chart_exports\event_day_details_grouped\0483_MODV_2025-08-22_push24.05_rebreak\04_event_day_detail_until_1600_ny.png,C:\TSIS_Data\00_CTO\13_TRADING_SYSTEMS\03_STRATEGY_LIBRARY\LONG\DAS\runs\das_scanner_appearance_20260628T114046Z\chart_exports\event_day_details_grouped\0483_MODV_2025-08-22_push24.05_rebreak\05_daily_context.png,das_scanner_appearance:MODV:2025-08-22T08:16:00+00:00,MODV,2025-08-22,24.0548,24.0548,,,-13.0274,11.425061425061433,45.2054794520548,86.03018603018604,45.2055,66.9554,66.9554,rebreak_confirmed,5.5985,multi_candle_flag_break,2025-08-22 07:25:00 EDT,2025-08-22 07:27:00 EDT,0.9776,green_wick_dip_reactivation
484,C:\TSIS_Data\00_CTO\13_TRADING_SYSTEMS\03_STRATEGY_LIBRARY\LONG\DAS\runs\das_scanner_appearance_20260628T114046Z\chart_exports\event_day_details_grouped\0484_YCBD_2025-12-17_push24.05_rebreak,C:\TSIS_Data\00_CTO\13_TRADING_SYSTEMS\03_STRATEGY_LIBRARY\LONG\DAS\runs\das_scanner_appearance_20260628T114046Z\chart_exports\event_day_details_grouped\0484_YCBD_2025-12-17_push24.05_rebreak\02_three_day_overview.png,C:\TSIS_Data\00_CTO\13_TRADING_SYSTEMS\03_STRATEGY_LIBRARY\LONG\DAS\runs\das_scanner_appearance_20260628T114046Z\chart_exports\event_day_details_grouped\0484_YCBD_2025-12-17_push24.05_rebreak\03_event_day_premarket_detail.png,C:\TSIS_Data\00_CTO\13_TRADING_SYSTEMS\03_STRATEGY_LIBRARY\LONG\DAS\runs\das_scanner_appearance_20260628T114046Z\chart_exports\event_day_details_grouped\0484_YCBD_2025-12-17_push24.05_rebreak\04_event_day_detail_until_1600_ny.png,C:\TSIS_Data\00_CTO\13_TRADING_SYSTEMS\03_STRATEGY_LIBRARY\LONG\DAS\runs\das_scanner_appearance_20260628T114046Z\chart_exports\event_day_details_grouped\0484_YCBD_2025-12-17_push24.05_rebreak\05_daily_context.png,das_scanner_appearance:YCBD:2025-12-17T10:00:00+00:00,YCBD,2025-12-17,24.0506,24.0506,,,23.4177,37.32394366197184,43.037974683544284,59.15492957746478,43.038,15.8974,15.8974,rebreak_confirmed,4.0816,last_red_high_break,2025-12-17 05:03:00 EST,2025-12-17 05:07:00 EST,0.5319,green_wick_dip_new_high
485,C:\TSIS_Data\00_CTO\13_TRADING_SYSTEMS\03_STRATEGY_LIBRARY\LONG\DAS\runs\das_scanner_appearance_20260628T114046Z\chart_exports\event_day_details_grouped\0485_GPRO_2025-07-23_push24.04_rebreak,C:\TSIS_Data\00_CTO\13_TRADING_SYSTEMS\03_STRATEGY_LIBRARY\LONG\DAS\runs\das_scanner_appearance_20260628T114046Z\chart_exports\event_day_details_grouped\0485_GPRO_2025-07-23_push24.04_rebreak\02_three_day_overview.png,C:\TSIS_Data\00_CTO\13_TRADING_SYSTEMS\03_STRATEGY_LIBRARY\LONG\DAS\runs\das_scanner_appearance_20260628T114046Z\chart_exports\event_day_details_grouped\0485_GPRO_2025-07-23_push24.04_rebreak\03_event_day_premarket_detail.png,C:\TSIS_Data\00_CTO\13_TRADING_SYSTEMS\03_STRATEGY_LIBRARY\LONG\DAS\runs\das_scanner_appearance_20260628T114046Z\chart_exports\event_day_details_grouped\0485_GPRO_2025-07-23_push24.04_rebreak\04_event_day_detail_until_1600_ny.png,C:\TSIS_Data\00_CTO\13_TRADING_SYSTEMS\03_STRATEGY_LIBRARY\LONG\DAS\runs\das_scanner_appearance_20260628T114046Z\chart_exports\event_day_details_grouped\0485_GPRO_2025-07-23_push24.04_rebreak\05_daily_context.png,das_scanner_appearance:GPRO:2025-07-23T08:03:00+00:00,GPRO,2025-07-23,24.0385,24.0385,,,-9.6154,38.23529411764704,29.807692307692314,98.52941176470587,29.8077,43.617,43.617,rebreak_confirmed,3.1008,single_candle_rebreak,2025-07-23 08:45:00 EDT,2025-07-23 08:46:00 EDT,0.0038,green_wick_dip_new_high
486,C:\TSIS_Data\00_CTO\13_TRADING_SYSTEMS\03_STRATEGY_LIBRARY\LONG\DAS\runs\das_scanner_appearance_20260628T114046Z\chart_exports\event_day_details_grouped\0486_EQ_2025-08-04_push24.04_rebreak,C:\TSIS_Data\00_CTO\13_TRADING_SYSTEMS\03_STRATEGY_LIBRARY\LONG\DAS\runs\das_scanner_appearance_20260628T114046Z\chart_exports\event_day_details_grouped\0486_EQ_2025-08-04_push24.04_rebreak\02_three_day_overview.png,C:\TSIS_Data\00_CTO\13_TRADING_SYSTEMS\03_STRATEGY_LIBRARY\LONG\DAS\runs\das_scanner_appearance_20260628T114046Z\chart_exports\event_day_details_grouped\0486_EQ_2025-08-04_push24.04_rebreak\03_event_day_premarket_detail.png,C:\TSIS_Data\00_CTO\13_TRADING_SYSTEMS\03_STRATEGY_LIBRARY\LONG\DAS\runs\das_scanner_appearance_20260628T114046Z\chart_exports\event_day_details_grouped\0486_EQ_2025-08-04_push24.04_rebreak\04_event_day_detail_until_1600_ny.png,C:\TSIS_Data\00_CTO\13_TRADING_SYSTEMS\03_STRATEGY_LIBRARY\LONG\DAS\runs\das_scanner_appearance_20260628T114046Z\chart_exports\event_day_details_grouped\0486_EQ_2025-08-04_push24.04_rebreak\05_daily_context.png,das_scanner_appearance:EQ:2025-08-04T10:53:00+00:00,EQ,2025-08-04,24.0357,24.0357,,,-16.7146,-22.450704225352112,24.0356980789593,15.492957746478872,24.0357,48.9284,48.9284,rebreak_confirmed,22.939,multi_candle_flag_break,2025-08-04 08:35:00 EDT,2025-08-04 08:39:00 EDT,0.4448,green_wick_dip_new_high
487,C:\TSIS_Data\00_CTO\13_TRADING_SYSTEMS\03_STRATEGY_LIBRARY\LONG\DAS\runs\das_scanner_appearance_20260628T114046Z\chart_exports\event_day_details_grouped\0487_VVPR_2024-04-03_push24.02_rebreak,C:\TSIS_Data\00_CTO\13_TRADING_SYSTEMS\03_STRATEGY_LIBRARY\LONG\DAS\runs\das_scanner_appearance_20260628T114046Z\chart_exports\event_day_details_grouped\0487_VVPR_2024-04-03_push24.02_rebreak\02_three_day_overview.png,C:\TSIS_Data\00_CTO\13_TRADING_SYSTEMS\03_STRATEGY_LIBRARY\LONG\DAS\runs\das_scanner_appearance_20260628T114046Z\chart_exports\event_day_details_grouped\0487_VVPR_2024-04-03_push24.02_rebreak\03_event_day_premarket_detail.png,C:\TSIS_Data\00_CTO\13_TRADING_SYSTEMS\03_STRATEGY_LIBRARY\LONG\DAS\runs\das_scanner_appearance_20260628T114046Z\chart_exports\event_day_details_grouped\0487_VVPR_2024-04-03_push24.02_rebreak\04_event_day_detail_until_1600_ny.png,C:\TSIS_Data\00_CTO\13_TRADING_SYSTEMS\03_STRATEGY_LIBRARY\LONG\DAS\runs\das_scanner_appearance_20260628T114046Z\chart_exports\event_day_details_grouped\0487_VVPR_2024-04-03_push24.02_rebreak\05_daily_context.png,das_scanner_appearance:VVPR:2024-04-03T12:06:00+00:00,VVPR,2024-04-03,24.0234,24.0234,57.226562500000014,36.92804898792314,20.3125,4.779724442932482,82.61718749999999,59.040653172308225,82.6172,51.7857,51.7857,rebreak_confirmed,4.7244,flat_shelf_break,2024-04-03 08:14:00 EDT,2024-04-03 08:15:00 EDT,2.1739,green_wick_dip_new_high
488,C:\TSIS_Data\00_CTO\13_TRADING_SYSTEMS\03_STRATEGY_LIBRARY\LONG\DAS\runs\das_scanner_appearance_20260628T114046Z\chart_exports\event_day_details_grouped\0488_VNCE_2025-01-23_push24.02_rebreak,C:\TSIS_Data\00_CTO\13_TRADING_SYSTEMS\03_STRATEGY_LIBRARY\LONG\DAS\runs\das_scanner_appearance_20260628T114046Z\chart_exports\event_day_details_grouped\0488_VNCE_2025-01-23_push24.02_rebreak\02_three_day_overview.png,C:\TSIS_Data\00_CTO\13_TRADING_SYSTEMS\03_STRATEGY_LIBRARY\LONG\DAS\runs\das_scanner_appearance_20260628T114046Z\chart_exports\event_day_details_grouped\0488_VNCE_2025-01-23_push24.02_rebreak\03_event_day_premarket_detail.png,C:\TSIS_Data\00_CTO\13_TRADING_SYSTEMS\03_STRATEGY_LIBRARY\LONG\DAS\runs\das_scanner_appearance_20260628T114046Z\chart_exports\event_day_details_grouped\0488_VNCE_2025-01-23_push24.02_rebreak\04_event_day_detail_until_1600_ny.png,C:\TSIS_Data\00_CTO\13_TRADING_SYSTEMS\03_STRATEGY_LIBRARY\LONG\DAS\runs\das_scanner_appearance_20260628T114046Z\chart_exports\event_day_details_grouped\0488_VNCE_2025-01-23_push24.02_rebreak\05_daily_context.png,das_scanner_appearance:VNCE:2025-01-23T09:11:00+00:00,VNCE,2025-01-23,24.0223,24.0223,,,-8.6592,40.948275862068975,28.49162011173183,98.27586206896551,28.4916,40.6728,40.6728,rebreak_confirmed,3.8288,multi_candle_flag_break,2025-01-23 09:02:00 EST,2025-01-23 09:06:00 EST,0.4505,green_wick_dip_reactivation
489,C:\TSIS_Data\00_CTO\13_TRADING_SYSTEMS\03_STRATEGY_LIBRARY\LONG\DAS\runs\das_scanner_appearance_20260628T114046Z\chart_exports\event_day_details_grouped\0489_DVLT_2025-09-26_push24.00_rebreak,C:\TSIS_Data\00_CTO\13_TRADING_SYSTEMS\03_STRATEGY_LIBRARY\LONG\DAS\runs\das_scanner_appearance_20260628T114046Z\chart_exports\event_day_details_grouped\0489_DVLT_2025-09-26_push24.00_rebreak\02_three_day_overview.png,C:\TSIS_Data\00_CTO\13_TRADING_SYSTEMS\03_STRATEGY_LIBRARY\LONG\DAS\runs\das_scanner_appearance_20260628T114046Z\chart_exports\event_day_details_grouped\0489_DVLT_2025-09-26_push24.00_rebreak\03_event_day_premarket_detail.png,C:\TSIS_Data\00_CTO\13_TRADING_SYSTEMS\03_STRATEGY_LIBRARY\LONG\DAS\runs\das_scanner_appearance_20260628T114046Z\chart_exports\event_day_details_grouped\0489_DVLT_2025-09-26_push24.00_rebreak\04_event_day_detail_until_1600_ny.png,C:\TSIS_Data\00_CTO\13_TRADING_SYSTEMS\03_STRATEGY_LIBRARY\LONG\DAS\runs\das_scanner_appearance_20260628T114046Z\chart_exports\event_day_details_grouped\0489_DVLT_2025-09-26_push24.00_rebreak\05_daily_context.png,das_scanner_appearance:DVLT:2025-09-26T08:01:00+00:00,DVLT,2025-09-26,24.0037,24.0037,,,7.0049,27.792617775619235,27.002846685644577,51.67557066537155,27.0028,18.6888,18.6888,rebreak_confirmed,9.6827,vwap_reclaim_rebreak,2025-09-26 04:08:00 EDT,2025-09-26 04:13:00 EDT,0.8303,green_wick_dip_reactivation
490,C:\TSIS_Data\00_CTO\13_TRADING_SYSTEMS\03_STRATEGY_LIBRARY\LONG\DAS\runs\das_scanner_appearance_20260628T114046Z\chart_exports\event_day_details_grouped\0490_KTTA_2025-11-28_push24.00_rebreak,C:\TSIS_Data\00_CTO\13_TRADING_SYSTEMS\03_STRATEGY_LIBRARY\LONG\DAS\runs\das_scanner_appearance_20260628T114046Z\chart_exports\event_day_details_grouped\0490_KTTA_2025-11-28_push24.00_rebreak\02_three_day_overview.png,C:\TSIS_Data\00_CTO\13_TRADING_SYSTEMS\03_STRATEGY_LIBRARY\LONG\DAS\runs\das_scanner_appearance_20260628T114046Z\chart_exports\event_day_details_grouped\0490_KTTA_2025-11-28_push24.00_rebreak\03_event_day_premarket_detail.png,C:\TSIS_Data\00_CTO\13_TRADING_SYSTEMS\03_STRATEGY_LIBRARY\LONG\DAS\runs\das_scanner_appearance_20260628T114046Z\chart_exports\event_day_details_grouped\0490_KTTA_2025-11-28_push24.00_rebreak\04_event_day_detail_until_1600_ny.png,C:\TSIS_Data\00_CTO\13_TRADING_SYSTEMS\03_STRATEGY_LIBRARY\LONG\DAS\runs\das_scanner_appearance_20260628T114046Z\chart_exports\event_day_details_grouped\0490_KTTA_2025-11-28_push24.00_rebreak\05_daily_context.png,das_scanner_appearance:KTTA:2025-11-28T12:05:00+00:00,KTTA,2025-11-28,24.0,24.0,65.99999999999999,72.88064986461153,-5.01,-1.0726931889189841,83.99000000000001,91.61632993126432,83.99,93.6941,93.6941,rebreak_confirmed,6.4516,multi_candle_flag_break,2025-11-28 07:51:00 EST,2025-11-28 07:55:00 EST,2.3438,green_wick_dip_reactivation
491,C:\TSIS_Data\00_CTO\13_TRADING_SYSTEMS\03_STRATEGY_LIBRARY\LONG\DAS\runs\das_scanner_appearance_20260628T114046Z\chart_exports\event_day_details_grouped\0491_SOPA_2025-10-06_push24.00_rebreak,C:\TSIS_Data\00_CTO\13_TRADING_SYSTEMS\03_STRATEGY_LIBRARY\LONG\DAS\runs\das_scanner_appearance_20260628T114046Z\chart_exports\event_day_details_grouped\0491_SOPA_2025-10-06_push24.00_rebreak\02_three_day_overview.png,C:\TSIS_Data\00_CTO\13_TRADING_SYSTEMS\03_STRATEGY_LIBRARY\LONG\DAS\runs\das_scanner_appearance_20260628T114046Z\chart_exports\event_day_details_grouped\0491_SOPA_2025-10-06_push24.00_rebreak\03_event_day_premarket_detail.png,C:\TSIS_Data\00_CTO\13_TRADING_SYSTEMS\03_STRATEGY_LIBRARY\LONG\DAS\runs\das_scanner_appearance_20260628T114046Z\chart_exports\event_day_details_grouped\0491_SOPA_2025-10-06_push24.00_rebreak\04_event_day_detail_until_1600_ny.png,C:\TSIS_Data\00_CTO\13_TRADING_SYSTEMS\03_STRATEGY_LIBRARY\LONG\DAS\runs\das_scanner_appearance_20260628T114046Z\chart_exports\event_day_details_grouped\0491_SOPA_2025-10-06_push24.00_rebreak\05_daily_context.png,das_scanner_appearance:SOPA:2025-10-06T08:00:00+00:00,SOPA,2025-10-06,24.0,24.0,52.0,115.61812894531529,10.0,56.039435420951854,100.0,183.70806440173064,100.0,81.8182,81.8182,rebreak_confirmed,18.1452,vwap_reclaim_rebreak,2025-10-06 04:08:00 EDT,2025-10-06 04:12:00 EDT,3.139,green_wick_dip_new_high
492,C:\TSIS_Data\00_CTO\13_TRADING_SYSTEMS\03_STRATEGY_LIBRARY\LONG\DAS\runs\das_scanner_appearance_20260628T114046Z\chart_exports\event_day_details_grouped\0492_MOTS_2024-02-21_push23.97_rebreak,C:\TSIS_Data\00_CTO\13_TRADING_SYSTEMS\03_STRATEGY_LIBRARY\LONG\DAS\runs\das_scanner_appearance_20260628T114046Z\chart_exports\event_day_details_grouped\0492_MOTS_2024-02-21_push23.97_rebreak\02_three_day_overview.png,C:\TSIS_Data\00_CTO\13_TRADING_SYSTEMS\03_STRATEGY_LIBRARY\LONG\DAS\runs\das_scanner_appearance_20260628T114046Z\chart_exports\event_day_details_grouped\0492_MOTS_2024-02-21_push23.97_rebreak\03_event_day_premarket_detail.png,C:\TSIS_Data\00_CTO\13_TRADING_SYSTEMS\03_STRATEGY_LIBRARY\LONG\DAS\runs\das_scanner_appearance_20260628T114046Z\chart_exports\event_day_details_grouped\0492_MOTS_2024-02-21_push23.97_rebreak\04_event_day_detail_until_1600_ny.png,C:\TSIS_Data\00_CTO\13_TRADING_SYSTEMS\03_STRATEGY_LIBRARY\LONG\DAS\runs\das_scanner_appearance_20260628T114046Z\chart_exports\event_day_details_grouped\0492_MOTS_2024-02-21_push23.97_rebreak\05_daily_context.png,das_scanner_appearance:MOTS:2024-02-21T09:04:00+00:00,MOTS,2024-02-21,23.9726,23.9726,,,-10.274,98.03476946334091,26.712328767123296,179.6674225245654,26.7123,41.2214,41.2214,rebreak_confirmed,6.0773,multi_candle_flag_break,2024-02-21 09:20:00 EST,2024-02-21 09:28:00 EST,3.5503,green_wick_dip_reactivation
493,C:\TSIS_Data\00_CTO\13_TRADING_SYSTEMS\03_STRATEGY_LIBRARY\LONG\DAS\runs\das_scanner_appearance_20260628T114046Z\chart_exports\event_day_details_grouped\0493_TOVX_2024-11-01_push23.96_rebreak,C:\TSIS_Data\00_CTO\13_TRADING_SYSTEMS\03_STRATEGY_LIBRARY\LONG\DAS\runs\das_scanner_appearance_20260628T114046Z\chart_exports\event_day_details_grouped\0493_TOVX_2024-11-01_push23.96_rebreak\02_three_day_overview.png,C:\TSIS_Data\00_CTO\13_TRADING_SYSTEMS\03_STRATEGY_LIBRARY\LONG\DAS\runs\das_scanner_appearance_20260628T114046Z\chart_exports\event_day_details_grouped\0493_TOVX_2024-11-01_push23.96_rebreak\03_event_day_premarket_detail.png,C:\TSIS_Data\00_CTO\13_TRADING_SYSTEMS\03_STRATEGY_LIBRARY\LONG\DAS\runs\das_scanner_appearance_20260628T114046Z\chart_exports\event_day_details_grouped\0493_TOVX_2024-11-01_push23.96_rebreak\04_event_day_detail_until_1600_ny.png,C:\TSIS_Data\00_CTO\13_TRADING_SYSTEMS\03_STRATEGY_LIBRARY\LONG\DAS\runs\das_scanner_appearance_20260628T114046Z\chart_exports\event_day_details_grouped\0493_TOVX_2024-11-01_push23.96_rebreak\05_daily_context.png,das_scanner_appearance:TOVX:2024-11-01T08:13:00+00:00,TOVX,2024-11-01,23.9583,23.9583,,,-8.5938,23.591549295774648,25.52083333333335,69.71830985915494,25.5208,37.3219,37.3219,rebreak_confirmed,6.7227,ascending_flag_break,2024-11-01 07:07:00 EDT,2024-11-01 07:08:00 EDT,0.4292,green_wick_dip_new_high
494,C:\TSIS_Data\00_CTO\13_TRADING_SYSTEMS\03_STRATEGY_LIBRARY\LONG\DAS\runs\das_scanner_appearance_20260628T114046Z\chart_exports\event_day_details_grouped\0494_MBOT_2025-01-06_push23.93_rebreak,C:\TSIS_Data\00_CTO\13_TRADING_SYSTEMS\03_STRATEGY_LIBRARY\LONG\DAS\runs\das_scanner_appearance_20260628T114046Z\chart_exports\event_day_details_grouped\0494_MBOT_2025-01-06_push23.93_rebreak\02_three_day_overview.png,C:\TSIS_Data\00_CTO\13_TRADING_SYSTEMS\03_STRATEGY_LIBRARY\LONG\DAS\runs\das_scanner_appearance_20260628T114046Z\chart_exports\event_day_details_grouped\0494_MBOT_2025-01-06_push23.93_rebreak\03_event_day_premarket_detail.png,C:\TSIS_Data\00_CTO\13_TRADING_SYSTEMS\03_STRATEGY_LIBRARY\LONG\DAS\runs\das_scanner_appearance_20260628T114046Z\chart_exports\event_day_details_grouped\0494_MBOT_2025-01-06_push23.93_rebreak\04_event_day_detail_until_1600_ny.png,C:\TSIS_Data\00_CTO\13_TRADING_SYSTEMS\03_STRATEGY_LIBRARY\LONG\DAS\runs\das_scanner_appearance_20260628T114046Z\chart_exports\event_day_details_grouped\0494_MBOT_2025-01-06_push23.93_rebreak\05_daily_context.png,das_scanner_appearance:MBOT:2025-01-06T09:09:00+00:00,MBOT,2025-01-06,23.9286,23.9286,,,0.7143,32.3943661971831,44.28571428571429,89.67136150234742,44.2857,43.2624,43.2624,rebreak_confirmed,4.8991,multi_candle_flag_break,2025-01-06 05:14:00 EST,2025-01-06 05:19:00 EST,1.2121,green_wick_dip_reactivation
495,C:\TSIS_Data\00_CTO\13_TRADING_SYSTEMS\03_STRATEGY_LIBRARY\LONG\DAS\runs\das_scanner_appearance_20260628T114046Z\chart_exports\event_day_details_grouped\0495_WINT_2025-07-24_push23.90_rebreak,C:\TSIS_Data\00_CTO\13_TRADING_SYSTEMS\03_STRATEGY_LIBRARY\LONG\DAS\runs\das_scanner_appearance_20260628T114046Z\chart_exports\event_day_details_grouped\0495_WINT_2025-07-24_push23.90_rebreak\02_three_day_overview.png,C:\TSIS_Data\00_CTO\13_TRADING_SYSTEMS\03_STRATEGY_LIBRARY\LONG\DAS\runs\das_scanner_appearance_20260628T114046Z\chart_exports\event_day_details_grouped\0495_WINT_2025-07-24_push23.90_rebreak\03_event_day_premarket_detail.png,C:\TSIS_Data\00_CTO\13_TRADING_SYSTEMS\03_STRATEGY_LIBRARY\LONG\DAS\runs\das_scanner_appearance_20260628T114046Z\chart_exports\event_day_details_grouped\0495_WINT_2025-07-24_push23.90_rebreak\04_event_day_detail_until_1600_ny.png,C:\TSIS_Data\00_CTO\13_TRADING_SYSTEMS\03_STRATEGY_LIBRARY\LONG\DAS\runs\das_scanner_appearance_20260628T114046Z\chart_exports\event_day_details_grouped\0495_WINT_2025-07-24_push23.90_rebreak\05_daily_context.png,das_scanner_appearance:WINT:2025-07-24T12:55:00+00:00,WINT,2025-07-24,23.9035,23.9035,,,0.1974,-5.919901163389283,31.578947368421044,23.54576340986306,31.5789,31.3198,31.3198,rebreak_confirmed,12.3894,vwap_reclaim_rebreak,2025-07-24 09:18:00 EDT,2025-07-24 09:19:00 EDT,0.9434,green_wick_dip_new_high
496,C:\TSIS_Data\00_CTO\13_TRADING_SYSTEMS\03_STRATEGY_LIBRARY\LONG\DAS\runs\das_scanner_appearance_20260628T114046Z\chart_exports\event_day_details_grouped\0496_AISP_2024-03-06_push23.90_rebreak,C:\TSIS_Data\00_CTO\13_TRADING_SYSTEMS\03_STRATEGY_LIBRARY\LONG\DAS\runs\das_scanner_appearance_20260628T114046Z\chart_exports\event_day_details_grouped\0496_AISP_2024-03-06_push23.90_rebreak\02_three_day_overview.png,C:\TSIS_Data\00_CTO\13_TRADING_SYSTEMS\03_STRATEGY_LIBRARY\LONG\DAS\runs\das_scanner_appearance_20260628T114046Z\chart_exports\event_day_details_grouped\0496_AISP_2024-03-06_push23.90_rebreak\03_event_day_premarket_detail.png,C:\TSIS_Data\00_CTO\13_TRADING_SYSTEMS\03_STRATEGY_LIBRARY\LONG\DAS\runs\das_scanner_appearance_20260628T114046Z\chart_exports\event_day_details_grouped\0496_AISP_2024-03-06_push23.90_rebreak\04_event_day_detail_until_1600_ny.png,C:\TSIS_Data\00_CTO\13_TRADING_SYSTEMS\03_STRATEGY_LIBRARY\LONG\DAS\runs\das_scanner_appearance_20260628T114046Z\chart_exports\event_day_details_grouped\0496_AISP_2024-03-06_push23.90_rebreak\05_daily_context.png,das_scanner_appearance:AISP:2024-03-06T09:11:00+00:00,AISP,2024-03-06,23.8983,23.8983,50.67796610169491,79.5959595959596,3.3898,23.23232323232322,53.38983050847458,82.82828282828284,53.3898,48.3607,48.3607,rebreak_confirmed,4.5144,ascending_flag_break,2024-03-06 04:45:00 EST,2024-03-06 04:54:00 EST,1.3158,green_wick_dip_new_high
497,C:\TSIS_Data\00_CTO\13_TRADING_SYSTEMS\03_STRATEGY_LIBRARY\LONG\DAS\runs\das_scanner_appearance_20260628T114046Z\chart_exports\event_day_details_grouped\0497_ORIS_2025-08-08_push23.89_rebreak,C:\TSIS_Data\00_CTO\13_TRADING_SYSTEMS\03_STRATEGY_LIBRARY\LONG\DAS\runs\das_scanner_appearance_20260628T114046Z\chart_exports\event_day_details_grouped\0497_ORIS_2025-08-08_push23.89_rebreak\02_three_day_overview.png,C:\TSIS_Data\00_CTO\13_TRADING_SYSTEMS\03_STRATEGY_LIBRARY\LONG\DAS\runs\das_scanner_appearance_20260628T114046Z\chart_exports\event_day_details_grouped\0497_ORIS_2025-08-08_push23.89_rebreak\03_event_day_premarket_detail.png,C:\TSIS_Data\00_CTO\13_TRADING_SYSTEMS\03_STRATEGY_LIBRARY\LONG\DAS\runs\das_scanner_appearance_20260628T114046Z\chart_exports\event_day_details_grouped\0497_ORIS_2025-08-08_push23.89_rebreak\04_event_day_detail_until_1600_ny.png,C:\TSIS_Data\00_CTO\13_TRADING_SYSTEMS\03_STRATEGY_LIBRARY\LONG\DAS\runs\das_scanner_appearance_20260628T114046Z\chart_exports\event_day_details_grouped\0497_ORIS_2025-08-08_push23.89_rebreak\05_daily_context.png,das_scanner_appearance:ORIS:2025-08-08T08:16:00+00:00,ORIS,2025-08-08,23.8889,23.8889,51.85185185185184,83.65061590145575,10.0926,33.14669652855544,84.8148148148148,123.51623740201568,84.8148,67.8722,67.8722,rebreak_confirmed,7.6981,single_candle_rebreak,2025-08-08 04:29:00 EDT,2025-08-08 04:30:00 EDT,1.2918,green_wick_dip_new_high
498,C:\TSIS_Data\00_CTO\13_TRADING_SYSTEMS\03_STRATEGY_LIBRARY\LONG\DAS\runs\das_scanner_appearance_20260628T114046Z\chart_exports\event_day_details_grouped\0498_EAST_2024-09-05_push23.87_rebreak,C:\TSIS_Data\00_CTO\13_TRADING_SYSTEMS\03_STRATEGY_LIBRARY\LONG\DAS\runs\das_scanner_appearance_20260628T114046Z\chart_exports\event_day_details_grouped\0498_EAST_2024-09-05_push23.87_rebreak\02_three_day_overview.png,C:\TSIS_Data\00_CTO\13_TRADING_SYSTEMS\03_STRATEGY_LIBRARY\LONG\DAS\runs\das_scanner_appearance_20260628T114046Z\chart_exports\event_day_details_grouped\0498_EAST_2024-09-05_push23.87_rebreak\03_event_day_premarket_detail.png,C:\TSIS_Data\00_CTO\13_TRADING_SYSTEMS\03_STRATEGY_LIBRARY\LONG\DAS\runs\das_scanner_appearance_20260628T114046Z\chart_exports\event_day_details_grouped\0498_EAST_2024-09-05_push23.87_rebreak\04_event_day_detail_until_1600_ny.png,C:\TSIS_Data\00_CTO\13_TRADING_SYSTEMS\03_STRATEGY_LIBRARY\LONG\DAS\runs\das_scanner_appearance_20260628T114046Z\chart_exports\event_day_details_grouped\0498_EAST_2024-09-05_push23.87_rebreak\05_daily_context.png,das_scanner_appearance:EAST:2024-09-05T08:03:00+00:00,EAST,2024-09-05,23.871,23.871,50.96774193548386,207.85422970661753,17.4194,139.44217866070255,103.2258064516129,314.41915537429287,103.2258,73.0769,73.0769,rebreak_confirmed,8.8542,ascending_flag_break,2024-09-05 04:07:00 EDT,2024-09-05 04:33:00 EDT,0.5405,green_wick_dip_reactivation
499,C:\TSIS_Data\00_CTO\13_TRADING_SYSTEMS\03_STRATEGY_LIBRARY\LONG\DAS\runs\das_scanner_appearance_20260628T114046Z\chart_exports\event_day_details_grouped\0499_DTSS_2024-02-15_push23.85_rebreak,C:\TSIS_Data\00_CTO\13_TRADING_SYSTEMS\03_STRATEGY_LIBRARY\LONG\DAS\runs\das_scanner_appearance_20260628T114046Z\chart_exports\event_day_details_grouped\0499_DTSS_2024-02-15_push23.85_rebreak\02_three_day_overview.png,C:\TSIS_Data\00_CTO\13_TRADING_SYSTEMS\03_STRATEGY_LIBRARY\LONG\DAS\runs\das_scanner_appearance_20260628T114046Z\chart_exports\event_day_details_grouped\0499_DTSS_2024-02-15_push23.85_rebreak\03_event_day_premarket_detail.png,C:\TSIS_Data\00_CTO\13_TRADING_SYSTEMS\03_STRATEGY_LIBRARY\LONG\DAS\runs\das_scanner_appearance_20260628T114046Z\chart_exports\event_day_details_grouped\0499_DTSS_2024-02-15_push23.85_rebreak\04_event_day_detail_until_1600_ny.png,C:\TSIS_Data\00_CTO\13_TRADING_SYSTEMS\03_STRATEGY_LIBRARY\LONG\DAS\runs\das_scanner_appearance_20260628T114046Z\chart_exports\event_day_details_grouped\0499_DTSS_2024-02-15_push23.85_rebreak\05_daily_context.png,das_scanner_appearance:DTSS:2024-02-15T13:54:00+00:00,DTSS,2024-02-15,23.8453,23.8453,,,7.304,14.814389150672334,25.34908700322233,34.122514653488096,25.3491,16.8168,16.8168,rebreak_confirmed,7.9792,single_candle_rebreak,2024-02-15 09:09:00 EST,2024-02-15 09:16:00 EST,1.2393,green_wick_dip_reactivation
500,C:\TSIS_Data\00_CTO\13_TRADING_SYSTEMS\03_STRATEGY_LIBRARY\LONG\DAS\runs\das_scanner_appearance_20260628T114046Z\chart_exports\event_day_details_grouped\0500_OPI_2025-09-15_push23.82_rebreak,C:\TSIS_Data\00_CTO\13_TRADING_SYSTEMS\03_STRATEGY_LIBRARY\LONG\DAS\runs\das_scanner_appearance_20260628T114046Z\chart_exports\event_day_details_grouped\0500_OPI_2025-09-15_push23.82_rebreak\02_three_day_overview.png,C:\TSIS_Data\00_CTO\13_TRADING_SYSTEMS\03_STRATEGY_LIBRARY\LONG\DAS\runs\das_scanner_appearance_20260628T114046Z\chart_exports\event_day_details_grouped\0500_OPI_2025-09-15_push23.82_rebreak\03_event_day_premarket_detail.png,C:\TSIS_Data\00_CTO\13_TRADING_SYSTEMS\03_STRATEGY_LIBRARY\LONG\DAS\runs\das_scanner_appearance_20260628T114046Z\chart_exports\event_day_details_grouped\0500_OPI_2025-09-15_push23.82_rebreak\04_event_day_detail_until_1600_ny.png,C:\TSIS_Data\00_CTO\13_TRADING_SYSTEMS\03_STRATEGY_LIBRARY\LONG\DAS\runs\das_scanner_appearance_20260628T114046Z\chart_exports\event_day_details_grouped\0500_OPI_2025-09-15_push23.82_rebreak\05_daily_context.png,das_scanner_appearance:OPI:2025-09-15T08:10:00+00:00,OPI,2025-09-15,23.8167,23.8167,,,1.6667,10.627493652520853,36.666666666666664,48.71236851650343,36.6667,34.4262,34.4262,rebreak_confirmed,7.6053,single_candle_rebreak,2025-09-15 09:10:00 EDT,2025-09-15 09:11:00 EDT,0.1653,green_wick_dip_new_high
501,C:\TSIS_Data\00_CTO\13_TRADING_SYSTEMS\03_STRATEGY_LIBRARY\LONG\DAS\runs\das_scanner_appearance_20260628T114046Z\chart_exports\event_day_details_grouped\0501_SHFS_2025-04-21_push23.81_rebreak,C:\TSIS_Data\00_CTO\13_TRADING_SYSTEMS\03_STRATEGY_LIBRARY\LONG\DAS\runs\das_scanner_appearance_20260628T114046Z\chart_exports\event_day_details_grouped\0501_SHFS_2025-04-21_push23.81_rebreak\02_three_day_overview.png,C:\TSIS_Data\00_CTO\13_TRADING_SYSTEMS\03_STRATEGY_LIBRARY\LONG\DAS\runs\das_scanner_appearance_20260628T114046Z\chart_exports\event_day_details_grouped\0501_SHFS_2025-04-21_push23.81_rebreak\03_event_day_premarket_detail.png,C:\TSIS_Data\00_CTO\13_TRADING_SYSTEMS\03_STRATEGY_LIBRARY\LONG\DAS\runs\das_scanner_appearance_20260628T114046Z\chart_exports\event_day_details_grouped\0501_SHFS_2025-04-21_push23.81_rebreak\04_event_day_detail_until_1600_ny.png,C:\TSIS_Data\00_CTO\13_TRADING_SYSTEMS\03_STRATEGY_LIBRARY\LONG\DAS\runs\das_scanner_appearance_20260628T114046Z\chart_exports\event_day_details_grouped\0501_SHFS_2025-04-21_push23.81_rebreak\05_daily_context.png,das_scanner_appearance:SHFS:2025-04-21T08:06:00+00:00,SHFS,2025-04-21,23.8095,23.8095,,,-1.0025,77.13004484304933,28.07017543859649,129.14798206278027,28.0702,29.3671,29.3671,rebreak_confirmed,3.4413,single_candle_rebreak,2025-04-21 06:55:00 EDT,2025-04-21 06:56:00 EDT,1.2146,green_wick_dip_new_high
502,C:\TSIS_Data\00_CTO\13_TRADING_SYSTEMS\03_STRATEGY_LIBRARY\LONG\DAS\runs\das_scanner_appearance_20260628T114046Z\chart_exports\event_day_details_grouped\0502_HEPA_2025-01-23_push23.79_rebreak,C:\TSIS_Data\00_CTO\13_TRADING_SYSTEMS\03_STRATEGY_LIBRARY\LONG\DAS\runs\das_scanner_appearance_20260628T114046Z\chart_exports\event_day_details_grouped\0502_HEPA_2025-01-23_push23.79_rebreak\02_three_day_overview.png,C:\TSIS_Data\00_CTO\13_TRADING_SYSTEMS\03_STRATEGY_LIBRARY\LONG\DAS\runs\das_scanner_appearance_20260628T114046Z\chart_exports\event_day_details_grouped\0502_HEPA_2025-01-23_push23.79_rebreak\03_event_day_premarket_detail.png,C:\TSIS_Data\00_CTO\13_TRADING_SYSTEMS\03_STRATEGY_LIBRARY\LONG\DAS\runs\das_scanner_appearance_20260628T114046Z\chart_exports\event_day_details_grouped\0502_HEPA_2025-01-23_push23.79_rebreak\04_event_day_detail_until_1600_ny.png,C:\TSIS_Data\00_CTO\13_TRADING_SYSTEMS\03_STRATEGY_LIBRARY\LONG\DAS\runs\das_scanner_appearance_20260628T114046Z\chart_exports\event_day_details_grouped\0502_HEPA_2025-01-23_push23.79_rebreak\05_daily_context.png,das_scanner_appearance:HEPA:2025-01-23T12:25:00+00:00,HEPA,2025-01-23,23.7864,23.7864,,,5.2791,28.518518518518526,25.60679611650485,53.333333333333336,25.6068,19.3084,19.3084,rebreak_confirmed,7.6961,multi_candle_flag_break,2025-01-23 09:08:00 EST,2025-01-23 09:17:00 EST,1.3699,green_wick_dip_new_high
503,C:\TSIS_Data\00_CTO\13_TRADING_SYSTEMS\03_STRATEGY_LIBRARY\LONG\DAS\runs\das_scanner_appearance_20260628T114046Z\chart_exports\event_day_details_grouped\0503_ATPC_2025-12-17_push23.79_rebreak,C:\TSIS_Data\00_CTO\13_TRADING_SYSTEMS\03_STRATEGY_LIBRARY\LONG\DAS\runs\das_scanner_appearance_20260628T114046Z\chart_exports\event_day_details_grouped\0503_ATPC_2025-12-17_push23.79_rebreak\02_three_day_overview.png,C:\TSIS_Data\00_CTO\13_TRADING_SYSTEMS\03_STRATEGY_LIBRARY\LONG\DAS\runs\das_scanner_appearance_20260628T114046Z\chart_exports\event_day_details_grouped\0503_ATPC_2025-12-17_push23.79_rebreak\03_event_day_premarket_detail.png,C:\TSIS_Data\00_CTO\13_TRADING_SYSTEMS\03_STRATEGY_LIBRARY\LONG\DAS\runs\das_scanner_appearance_20260628T114046Z\chart_exports\event_day_details_grouped\0503_ATPC_2025-12-17_push23.79_rebreak\04_event_day_detail_until_1600_ny.png,C:\TSIS_Data\00_CTO\13_TRADING_SYSTEMS\03_STRATEGY_LIBRARY\LONG\DAS\runs\das_scanner_appearance_20260628T114046Z\chart_exports\event_day_details_grouped\0503_ATPC_2025-12-17_push23.79_rebreak\05_daily_context.png,das_scanner_appearance:ATPC:2025-12-17T09:46:00+00:00,ATPC,2025-12-17,23.7857,23.7857,,,2.2143,59.00000000000001,29.214285714285715,101.0,29.2143,26.4151,26.4151,rebreak_confirmed,5.8857,multi_candle_flag_break,2025-12-17 08:10:00 EST,2025-12-17 08:13:00 EST,1.5753,green_wick_dip_new_high
504,C:\TSIS_Data\00_CTO\13_TRADING_SYSTEMS\03_STRATEGY_LIBRARY\LONG\DAS\runs\das_scanner_appearance_20260628T114046Z\chart_exports\event_day_details_grouped\0504_CNEY_2025-12-01_push23.78_rebreak,C:\TSIS_Data\00_CTO\13_TRADING_SYSTEMS\03_STRATEGY_LIBRARY\LONG\DAS\runs\das_scanner_appearance_20260628T114046Z\chart_exports\event_day_details_grouped\0504_CNEY_2025-12-01_push23.78_rebreak\02_three_day_overview.png,C:\TSIS_Data\00_CTO\13_TRADING_SYSTEMS\03_STRATEGY_LIBRARY\LONG\DAS\runs\das_scanner_appearance_20260628T114046Z\chart_exports\event_day_details_grouped\0504_CNEY_2025-12-01_push23.78_rebreak\03_event_day_premarket_detail.png,C:\TSIS_Data\00_CTO\13_TRADING_SYSTEMS\03_STRATEGY_LIBRARY\LONG\DAS\runs\das_scanner_appearance_20260628T114046Z\chart_exports\event_day_details_grouped\0504_CNEY_2025-12-01_push23.78_rebreak\04_event_day_detail_until_1600_ny.png,C:\TSIS_Data\00_CTO\13_TRADING_SYSTEMS\03_STRATEGY_LIBRARY\LONG\DAS\runs\das_scanner_appearance_20260628T114046Z\chart_exports\event_day_details_grouped\0504_CNEY_2025-12-01_push23.78_rebreak\05_daily_context.png,das_scanner_appearance:CNEY:2025-12-01T11:03:00+00:00,CNEY,2025-12-01,23.7805,23.7805,56.097560975609774,75.94501718213058,6.7073,20.274914089347075,57.92682926829268,78.00687285223366,57.9268,48.0,48.0,rebreak_confirmed,6.4039,single_candle_rebreak,2025-12-01 06:06:00 EST,2025-12-01 06:08:00 EST,1.0309,green_wick_dip_reactivation
505,C:\TSIS_Data\00_CTO\13_TRADING_SYSTEMS\03_STRATEGY_LIBRARY\LONG\DAS\runs\das_scanner_appearance_20260628T114046Z\chart_exports\event_day_details_grouped\0505_MGOL_2024-08-09_push23.78_rebreak,C:\TSIS_Data\00_CTO\13_TRADING_SYSTEMS\03_STRATEGY_LIBRARY\LONG\DAS\runs\das_scanner_appearance_20260628T114046Z\chart_exports\event_day_details_grouped\0505_MGOL_2024-08-09_push23.78_rebreak\02_three_day_overview.png,C:\TSIS_Data\00_CTO\13_TRADING_SYSTEMS\03_STRATEGY_LIBRARY\LONG\DAS\runs\das_scanner_appearance_20260628T114046Z\chart_exports\event_day_details_grouped\0505_MGOL_2024-08-09_push23.78_rebreak\03_event_day_premarket_detail.png,C:\TSIS_Data\00_CTO\13_TRADING_SYSTEMS\03_STRATEGY_LIBRARY\LONG\DAS\runs\das_scanner_appearance_20260628T114046Z\chart_exports\event_day_details_grouped\0505_MGOL_2024-08-09_push23.78_rebreak\04_event_day_detail_until_1600_ny.png,C:\TSIS_Data\00_CTO\13_TRADING_SYSTEMS\03_STRATEGY_LIBRARY\LONG\DAS\runs\das_scanner_appearance_20260628T114046Z\chart_exports\event_day_details_grouped\0505_MGOL_2024-08-09_push23.78_rebreak\05_daily_context.png,das_scanner_appearance:MGOL:2024-08-09T11:02:00+00:00,MGOL,2024-08-09,23.7778,23.7778,,,8.2444,32.30301219545319,35.777777777777786,65.95594426487764,35.7778,25.4363,25.4363,rebreak_confirmed,6.4632,flat_shelf_break,2024-08-09 07:23:00 EDT,2024-08-09 07:24:00 EDT,0.5464,green_wick_dip_reactivation
506,C:\TSIS_Data\00_CTO\13_TRADING_SYSTEMS\03_STRATEGY_LIBRARY\LONG\DAS\runs\das_scanner_appearance_20260628T114046Z\chart_exports\event_day_details_grouped\0506_XPON_2025-08-22_push23.75_rebreak,C:\TSIS_Data\00_CTO\13_TRADING_SYSTEMS\03_STRATEGY_LIBRARY\LONG\DAS\runs\das_scanner_appearance_20260628T114046Z\chart_exports\event_day_details_grouped\0506_XPON_2025-08-22_push23.75_rebreak\02_three_day_overview.png,C:\TSIS_Data\00_CTO\13_TRADING_SYSTEMS\03_STRATEGY_LIBRARY\LONG\DAS\runs\das_scanner_appearance_20260628T114046Z\chart_exports\event_day_details_grouped\0506_XPON_2025-08-22_push23.75_rebreak\03_event_day_premarket_detail.png,C:\TSIS_Data\00_CTO\13_TRADING_SYSTEMS\03_STRATEGY_LIBRARY\LONG\DAS\runs\das_scanner_appearance_20260628T114046Z\chart_exports\event_day_details_grouped\0506_XPON_2025-08-22_push23.75_rebreak\04_event_day_detail_until_1600_ny.png,C:\TSIS_Data\00_CTO\13_TRADING_SYSTEMS\03_STRATEGY_LIBRARY\LONG\DAS\runs\das_scanner_appearance_20260628T114046Z\chart_exports\event_day_details_grouped\0506_XPON_2025-08-22_push23.75_rebreak\05_daily_context.png,das_scanner_appearance:XPON:2025-08-22T08:37:00+00:00,XPON,2025-08-22,23.75,23.75,,,22.5,27.272727272727266,28.124999999999982,33.1168831168831,28.125,4.5918,4.5918,rebreak_confirmed,6.0606,vwap_reclaim_rebreak,2025-08-22 05:02:00 EDT,2025-08-22 05:03:00 EDT,1.5,green_wick_dip_reactivation
507,C:\TSIS_Data\00_CTO\13_TRADING_SYSTEMS\03_STRATEGY_LIBRARY\LONG\DAS\runs\das_scanner_appearance_20260628T114046Z\chart_exports\event_day_details_grouped\0507_CTMX_2025-03-07_push23.75_rebreak,C:\TSIS_Data\00_CTO\13_TRADING_SYSTEMS\03_STRATEGY_LIBRARY\LONG\DAS\runs\das_scanner_appearance_20260628T114046Z\chart_exports\event_day_details_grouped\0507_CTMX_2025-03-07_push23.75_rebreak\02_three_day_overview.png,C:\TSIS_Data\00_CTO\13_TRADING_SYSTEMS\03_STRATEGY_LIBRARY\LONG\DAS\runs\das_scanner_appearance_20260628T114046Z\chart_exports\event_day_details_grouped\0507_CTMX_2025-03-07_push23.75_rebreak\03_event_day_premarket_detail.png,C:\TSIS_Data\00_CTO\13_TRADING_SYSTEMS\03_STRATEGY_LIBRARY\LONG\DAS\runs\das_scanner_appearance_20260628T114046Z\chart_exports\event_day_details_grouped\0507_CTMX_2025-03-07_push23.75_rebreak\04_event_day_detail_until_1600_ny.png,C:\TSIS_Data\00_CTO\13_TRADING_SYSTEMS\03_STRATEGY_LIBRARY\LONG\DAS\runs\das_scanner_appearance_20260628T114046Z\chart_exports\event_day_details_grouped\0507_CTMX_2025-03-07_push23.75_rebreak\05_daily_context.png,das_scanner_appearance:CTMX:2025-03-07T10:28:00+00:00,CTMX,2025-03-07,23.7465,23.7465,,,13.1157,24.70416599124655,38.288486987207754,52.45582752472038,38.2885,22.254,22.254,rebreak_confirmed,6.5827,single_candle_rebreak,2025-03-07 05:52:00 EST,2025-03-07 05:54:00 EST,1.1114,green_wick_dip_new_high
508,C:\TSIS_Data\00_CTO\13_TRADING_SYSTEMS\03_STRATEGY_LIBRARY\LONG\DAS\runs\das_scanner_appearance_20260628T114046Z\chart_exports\event_day_details_grouped\0508_NXPL_2024-04-12_push23.72_rebreak,C:\TSIS_Data\00_CTO\13_TRADING_SYSTEMS\03_STRATEGY_LIBRARY\LONG\DAS\runs\das_scanner_appearance_20260628T114046Z\chart_exports\event_day_details_grouped\0508_NXPL_2024-04-12_push23.72_rebreak\02_three_day_overview.png,C:\TSIS_Data\00_CTO\13_TRADING_SYSTEMS\03_STRATEGY_LIBRARY\LONG\DAS\runs\das_scanner_appearance_20260628T114046Z\chart_exports\event_day_details_grouped\0508_NXPL_2024-04-12_push23.72_rebreak\03_event_day_premarket_detail.png,C:\TSIS_Data\00_CTO\13_TRADING_SYSTEMS\03_STRATEGY_LIBRARY\LONG\DAS\runs\das_scanner_appearance_20260628T114046Z\chart_exports\event_day_details_grouped\0508_NXPL_2024-04-12_push23.72_rebreak\04_event_day_detail_until_1600_ny.png,C:\TSIS_Data\00_CTO\13_TRADING_SYSTEMS\03_STRATEGY_LIBRARY\LONG\DAS\runs\das_scanner_appearance_20260628T114046Z\chart_exports\event_day_details_grouped\0508_NXPL_2024-04-12_push23.72_rebreak\05_daily_context.png,das_scanner_appearance:NXPL:2024-04-12T10:23:00+00:00,NXPL,2024-04-12,23.7209,23.7209,,,3.2558,48.000000000000014,32.55813953488373,90.0,32.5581,28.3784,28.3784,rebreak_confirmed,6.015,multi_candle_flag_break,2024-04-12 07:16:00 EDT,2024-04-12 07:24:00 EDT,0.3717,green_wick_dip_new_high
509,C:\TSIS_Data\00_CTO\13_TRADING_SYSTEMS\03_STRATEGY_LIBRARY\LONG\DAS\runs\das_scanner_appearance_20260628T114046Z\chart_exports\event_day_details_grouped\0509_AIRE_2025-07-22_push23.72_rebreak,C:\TSIS_Data\00_CTO\13_TRADING_SYSTEMS\03_STRATEGY_LIBRARY\LONG\DAS\runs\das_scanner_appearance_20260628T114046Z\chart_exports\event_day_details_grouped\0509_AIRE_2025-07-22_push23.72_rebreak\02_three_day_overview.png,C:\TSIS_Data\00_CTO\13_TRADING_SYSTEMS\03_STRATEGY_LIBRARY\LONG\DAS\runs\das_scanner_appearance_20260628T114046Z\chart_exports\event_day_details_grouped\0509_AIRE_2025-07-22_push23.72_rebreak\03_event_day_premarket_detail.png,C:\TSIS_Data\00_CTO\13_TRADING_SYSTEMS\03_STRATEGY_LIBRARY\LONG\DAS\runs\das_scanner_appearance_20260628T114046Z\chart_exports\event_day_details_grouped\0509_AIRE_2025-07-22_push23.72_rebreak\04_event_day_detail_until_1600_ny.png,C:\TSIS_Data\00_CTO\13_TRADING_SYSTEMS\03_STRATEGY_LIBRARY\LONG\DAS\runs\das_scanner_appearance_20260628T114046Z\chart_exports\event_day_details_grouped\0509_AIRE_2025-07-22_push23.72_rebreak\05_daily_context.png,das_scanner_appearance:AIRE:2025-07-22T11:37:00+00:00,AIRE,2025-07-22,23.7209,23.7209,,,21.8837,-36.855421686746986,30.2325581395349,-32.530120481927696,30.2326,6.8498,6.8498,rebreak_confirmed,5.4135,flat_shelf_break,2025-07-22 07:42:00 EDT,2025-07-22 07:45:00 EDT,0.5192,green_wick_dip_reactivation
510,C:\TSIS_Data\00_CTO\13_TRADING_SYSTEMS\03_STRATEGY_LIBRARY\LONG\DAS\runs\das_scanner_appearance_20260628T114046Z\chart_exports\event_day_details_grouped\0510_IDAI_2024-11-27_push23.69_rebreak,C:\TSIS_Data\00_CTO\13_TRADING_SYSTEMS\03_STRATEGY_LIBRARY\LONG\DAS\runs\das_scanner_appearance_20260628T114046Z\chart_exports\event_day_details_grouped\0510_IDAI_2024-11-27_push23.69_rebreak\02_three_day_overview.png,C:\TSIS_Data\00_CTO\13_TRADING_SYSTEMS\03_STRATEGY_LIBRARY\LONG\DAS\runs\das_scanner_appearance_20260628T114046Z\chart_exports\event_day_details_grouped\0510_IDAI_2024-11-27_push23.69_rebreak\03_event_day_premarket_detail.png,C:\TSIS_Data\00_CTO\13_TRADING_SYSTEMS\03_STRATEGY_LIBRARY\LONG\DAS\runs\das_scanner_appearance_20260628T114046Z\chart_exports\event_day_details_grouped\0510_IDAI_2024-11-27_push23.69_rebreak\04_event_day_detail_until_1600_ny.png,C:\TSIS_Data\00_CTO\13_TRADING_SYSTEMS\03_STRATEGY_LIBRARY\LONG\DAS\runs\das_scanner_appearance_20260628T114046Z\chart_exports\event_day_details_grouped\0510_IDAI_2024-11-27_push23.69_rebreak\05_daily_context.png,das_scanner_appearance:IDAI:2024-11-27T09:30:00+00:00,IDAI,2024-11-27,23.6934,23.6934,,,-9.4077,42.857142857142854,38.50174216027876,118.40659340659343,38.5017,52.8846,52.8846,rebreak_confirmed,5.4085,single_candle_rebreak,2024-11-27 08:05:00 EST,2024-11-27 08:06:00 EST,0.0572,green_wick_dip_new_high
511,C:\TSIS_Data\00_CTO\13_TRADING_SYSTEMS\03_STRATEGY_LIBRARY\LONG\DAS\runs\das_scanner_appearance_20260628T114046Z\chart_exports\event_day_details_grouped\0511_CTM_2025-01-14_push23.59_rebreak,C:\TSIS_Data\00_CTO\13_TRADING_SYSTEMS\03_STRATEGY_LIBRARY\LONG\DAS\runs\das_scanner_appearance_20260628T114046Z\chart_exports\event_day_details_grouped\0511_CTM_2025-01-14_push23.59_rebreak\02_three_day_overview.png,C:\TSIS_Data\00_CTO\13_TRADING_SYSTEMS\03_STRATEGY_LIBRARY\LONG\DAS\runs\das_scanner_appearance_20260628T114046Z\chart_exports\event_day_details_grouped\0511_CTM_2025-01-14_push23.59_rebreak\03_event_day_premarket_detail.png,C:\TSIS_Data\00_CTO\13_TRADING_SYSTEMS\03_STRATEGY_LIBRARY\LONG\DAS\runs\das_scanner_appearance_20260628T114046Z\chart_exports\event_day_details_grouped\0511_CTM_2025-01-14_push23.59_rebreak\04_event_day_detail_until_1600_ny.png,C:\TSIS_Data\00_CTO\13_TRADING_SYSTEMS\03_STRATEGY_LIBRARY\LONG\DAS\runs\das_scanner_appearance_20260628T114046Z\chart_exports\event_day_details_grouped\0511_CTM_2025-01-14_push23.59_rebreak\05_daily_context.png,das_scanner_appearance:CTM:2025-01-14T12:55:00+00:00,CTM,2025-01-14,23.5939,23.5939,,,11.5678,11.567837800305519,45.81308151645606,45.81308151645606,45.8131,30.6945,30.6945,rebreak_confirmed,7.0225,multi_candle_flag_break,2025-01-14 08:56:00 EST,2025-01-14 08:57:00 EST,0.0333,green_wick_dip_new_high
512,C:\TSIS_Data\00_CTO\13_TRADING_SYSTEMS\03_STRATEGY_LIBRARY\LONG\DAS\runs\das_scanner_appearance_20260628T114046Z\chart_exports\event_day_details_grouped\0512_INMB_2025-06-27_push23.56_rebreak,C:\TSIS_Data\00_CTO\13_TRADING_SYSTEMS\03_STRATEGY_LIBRARY\LONG\DAS\runs\das_scanner_appearance_20260628T114046Z\chart_exports\event_day_details_grouped\0512_INMB_2025-06-27_push23.56_rebreak\02_three_day_overview.png,C:\TSIS_Data\00_CTO\13_TRADING_SYSTEMS\03_STRATEGY_LIBRARY\LONG\DAS\runs\das_scanner_appearance_20260628T114046Z\chart_exports\event_day_details_grouped\0512_INMB_2025-06-27_push23.56_rebreak\03_event_day_premarket_detail.png,C:\TSIS_Data\00_CTO\13_TRADING_SYSTEMS\03_STRATEGY_LIBRARY\LONG\DAS\runs\das_scanner_appearance_20260628T114046Z\chart_exports\event_day_details_grouped\0512_INMB_2025-06-27_push23.56_rebreak\04_event_day_detail_until_1600_ny.png,C:\TSIS_Data\00_CTO\13_TRADING_SYSTEMS\03_STRATEGY_LIBRARY\LONG\DAS\runs\das_scanner_appearance_20260628T114046Z\chart_exports\event_day_details_grouped\0512_INMB_2025-06-27_push23.56_rebreak\05_daily_context.png,das_scanner_appearance:INMB:2025-06-27T08:23:00+00:00,INMB,2025-06-27,23.5644,23.5644,,,-6.8317,49.84076433121019,43.36633663366338,130.5732484076433,43.3663,53.8789,53.8789,rebreak_confirmed,6.1699,flat_shelf_break,2025-06-27 06:15:00 EDT,2025-06-27 06:16:00 EDT,0.5542,green_wick_dip_new_high
513,C:\TSIS_Data\00_CTO\13_TRADING_SYSTEMS\03_STRATEGY_LIBRARY\LONG\DAS\runs\das_scanner_appearance_20260628T114046Z\chart_exports\event_day_details_grouped\0513_NFE_2025-06-30_push23.53_rebreak,C:\TSIS_Data\00_CTO\13_TRADING_SYSTEMS\03_STRATEGY_LIBRARY\LONG\DAS\runs\das_scanner_appearance_20260628T114046Z\chart_exports\event_day_details_grouped\0513_NFE_2025-06-30_push23.53_rebreak\02_three_day_overview.png,C:\TSIS_Data\00_CTO\13_TRADING_SYSTEMS\03_STRATEGY_LIBRARY\LONG\DAS\runs\das_scanner_appearance_20260628T114046Z\chart_exports\event_day_details_grouped\0513_NFE_2025-06-30_push23.53_rebreak\03_event_day_premarket_detail.png,C:\TSIS_Data\00_CTO\13_TRADING_SYSTEMS\03_STRATEGY_LIBRARY\LONG\DAS\runs\das_scanner_appearance_20260628T114046Z\chart_exports\event_day_details_grouped\0513_NFE_2025-06-30_push23.53_rebreak\04_event_day_detail_until_1600_ny.png,C:\TSIS_Data\00_CTO\13_TRADING_SYSTEMS\03_STRATEGY_LIBRARY\LONG\DAS\runs\das_scanner_appearance_20260628T114046Z\chart_exports\event_day_details_grouped\0513_NFE_2025-06-30_push23.53_rebreak\05_daily_context.png,das_scanner_appearance:NFE:2025-06-30T12:23:00+00:00,NFE,2025-06-30,23.5294,23.5294,,,21.5686,22.529644268774717,40.40392156862745,41.51383399209487,40.4039,15.4935,15.4935,rebreak_confirmed,3.1746,single_candle_rebreak,2025-06-30 08:34:00 EDT,2025-06-30 08:36:00 EDT,0.6349,green_wick_dip_reactivation
514,C:\TSIS_Data\00_CTO\13_TRADING_SYSTEMS\03_STRATEGY_LIBRARY\LONG\DAS\runs\das_scanner_appearance_20260628T114046Z\chart_exports\event_day_details_grouped\0514_OMEX_2025-04-28_push23.48_rebreak,C:\TSIS_Data\00_CTO\13_TRADING_SYSTEMS\03_STRATEGY_LIBRARY\LONG\DAS\runs\das_scanner_appearance_20260628T114046Z\chart_exports\event_day_details_grouped\0514_OMEX_2025-04-28_push23.48_rebreak\02_three_day_overview.png,C:\TSIS_Data\00_CTO\13_TRADING_SYSTEMS\03_STRATEGY_LIBRARY\LONG\DAS\runs\das_scanner_appearance_20260628T114046Z\chart_exports\event_day_details_grouped\0514_OMEX_2025-04-28_push23.48_rebreak\03_event_day_premarket_detail.png,C:\TSIS_Data\00_CTO\13_TRADING_SYSTEMS\03_STRATEGY_LIBRARY\LONG\DAS\runs\das_scanner_appearance_20260628T114046Z\chart_exports\event_day_details_grouped\0514_OMEX_2025-04-28_push23.48_rebreak\04_event_day_detail_until_1600_ny.png,C:\TSIS_Data\00_CTO\13_TRADING_SYSTEMS\03_STRATEGY_LIBRARY\LONG\DAS\runs\das_scanner_appearance_20260628T114046Z\chart_exports\event_day_details_grouped\0514_OMEX_2025-04-28_push23.48_rebreak\05_daily_context.png,das_scanner_appearance:OMEX:2025-04-28T08:17:00+00:00,OMEX,2025-04-28,23.4848,23.4848,,,-3.7879,-15.214633820682288,37.878787878787875,21.50343814673877,37.8788,43.3071,43.3071,rebreak_confirmed,6.7607,ascending_flag_break,2025-04-28 08:36:00 EDT,2025-04-28 08:37:00 EDT,0.5988,green_wick_dip_new_high
515,C:\TSIS_Data\00_CTO\13_TRADING_SYSTEMS\03_STRATEGY_LIBRARY\LONG\DAS\runs\das_scanner_appearance_20260628T114046Z\chart_exports\event_day_details_grouped\0515_OMEX_2025-04-25_push23.48_rebreak,C:\TSIS_Data\00_CTO\13_TRADING_SYSTEMS\03_STRATEGY_LIBRARY\LONG\DAS\runs\das_scanner_appearance_20260628T114046Z\chart_exports\event_day_details_grouped\0515_OMEX_2025-04-25_push23.48_rebreak\02_three_day_overview.png,C:\TSIS_Data\00_CTO\13_TRADING_SYSTEMS\03_STRATEGY_LIBRARY\LONG\DAS\runs\das_scanner_appearance_20260628T114046Z\chart_exports\event_day_details_grouped\0515_OMEX_2025-04-25_push23.48_rebreak\03_event_day_premarket_detail.png,C:\TSIS_Data\00_CTO\13_TRADING_SYSTEMS\03_STRATEGY_LIBRARY\LONG\DAS\runs\das_scanner_appearance_20260628T114046Z\chart_exports\event_day_details_grouped\0515_OMEX_2025-04-25_push23.48_rebreak\04_event_day_detail_until_1600_ny.png,C:\TSIS_Data\00_CTO\13_TRADING_SYSTEMS\03_STRATEGY_LIBRARY\LONG\DAS\runs\das_scanner_appearance_20260628T114046Z\chart_exports\event_day_details_grouped\0515_OMEX_2025-04-25_push23.48_rebreak\05_daily_context.png,das_scanner_appearance:OMEX:2025-04-25T08:00:00+00:00,OMEX,2025-04-25,23.4783,23.4783,,,10.4348,47.50290360046458,46.956521739130444,96.28339140534263,46.9565,33.0709,33.0709,rebreak_confirmed,5.6338,flat_shelf_break,2025-04-25 08:38:00 EDT,2025-04-25 08:39:00 EDT,1.4286,green_wick_dip_new_high
516,C:\TSIS_Data\00_CTO\13_TRADING_SYSTEMS\03_STRATEGY_LIBRARY\LONG\DAS\runs\das_scanner_appearance_20260628T114046Z\chart_exports\event_day_details_grouped\0516_BURU_2025-10-16_push23.46_rebreak,C:\TSIS_Data\00_CTO\13_TRADING_SYSTEMS\03_STRATEGY_LIBRARY\LONG\DAS\runs\das_scanner_appearance_20260628T114046Z\chart_exports\event_day_details_grouped\0516_BURU_2025-10-16_push23.46_rebreak\02_three_day_overview.png,C:\TSIS_Data\00_CTO\13_TRADING_SYSTEMS\03_STRATEGY_LIBRARY\LONG\DAS\runs\das_scanner_appearance_20260628T114046Z\chart_exports\event_day_details_grouped\0516_BURU_2025-10-16_push23.46_rebreak\03_event_day_premarket_detail.png,C:\TSIS_Data\00_CTO\13_TRADING_SYSTEMS\03_STRATEGY_LIBRARY\LONG\DAS\runs\das_scanner_appearance_20260628T114046Z\chart_exports\event_day_details_grouped\0516_BURU_2025-10-16_push23.46_rebreak\04_event_day_detail_until_1600_ny.png,C:\TSIS_Data\00_CTO\13_TRADING_SYSTEMS\03_STRATEGY_LIBRARY\LONG\DAS\runs\das_scanner_appearance_20260628T114046Z\chart_exports\event_day_details_grouped\0516_BURU_2025-10-16_push23.46_rebreak\05_daily_context.png,das_scanner_appearance:BURU:2025-10-16T09:54:00+00:00,BURU,2025-10-16,23.4644,23.4644,,,-4.2747,-8.056730826530003,39.31629234396327,33.81204934151719,39.3163,45.5376,45.5376,rebreak_confirmed,3.1608,last_red_high_break,2025-10-16 07:19:00 EDT,2025-10-16 07:21:00 EDT,0.3728,green_wick_dip_new_high
517,C:\TSIS_Data\00_CTO\13_TRADING_SYSTEMS\03_STRATEGY_LIBRARY\LONG\DAS\runs\das_scanner_appearance_20260628T114046Z\chart_exports\event_day_details_grouped\0517_QSI_2024-12-27_push23.44_rebreak,C:\TSIS_Data\00_CTO\13_TRADING_SYSTEMS\03_STRATEGY_LIBRARY\LONG\DAS\runs\das_scanner_appearance_20260628T114046Z\chart_exports\event_day_details_grouped\0517_QSI_2024-12-27_push23.44_rebreak\02_three_day_overview.png,C:\TSIS_Data\00_CTO\13_TRADING_SYSTEMS\03_STRATEGY_LIBRARY\LONG\DAS\runs\das_scanner_appearance_20260628T114046Z\chart_exports\event_day_details_grouped\0517_QSI_2024-12-27_push23.44_rebreak\03_event_day_premarket_detail.png,C:\TSIS_Data\00_CTO\13_TRADING_SYSTEMS\03_STRATEGY_LIBRARY\LONG\DAS\runs\das_scanner_appearance_20260628T114046Z\chart_exports\event_day_details_grouped\0517_QSI_2024-12-27_push23.44_rebreak\04_event_day_detail_until_1600_ny.png,C:\TSIS_Data\00_CTO\13_TRADING_SYSTEMS\03_STRATEGY_LIBRARY\LONG\DAS\runs\das_scanner_appearance_20260628T114046Z\chart_exports\event_day_details_grouped\0517_QSI_2024-12-27_push23.44_rebreak\05_daily_context.png,das_scanner_appearance:QSI:2024-12-27T09:02:00+00:00,QSI,2024-12-27,23.4432,23.4432,,,0.0,26.976744186046513,37.72893772893772,74.88372093023256,37.7289,37.7289,37.7289,rebreak_confirmed,8.6053,single_candle_rebreak,2024-12-27 07:11:00 EST,2024-12-27 07:12:00 EST,0.3115,green_wick_dip_new_high
518,C:\TSIS_Data\00_CTO\13_TRADING_SYSTEMS\03_STRATEGY_LIBRARY\LONG\DAS\runs\das_scanner_appearance_20260628T114046Z\chart_exports\event_day_details_grouped\0518_YCBD_2025-12-12_push23.44_rebreak,C:\TSIS_Data\00_CTO\13_TRADING_SYSTEMS\03_STRATEGY_LIBRARY\LONG\DAS\runs\das_scanner_appearance_20260628T114046Z\chart_exports\event_day_details_grouped\0518_YCBD_2025-12-12_push23.44_rebreak\02_three_day_overview.png,C:\TSIS_Data\00_CTO\13_TRADING_SYSTEMS\03_STRATEGY_LIBRARY\LONG\DAS\runs\das_scanner_appearance_20260628T114046Z\chart_exports\event_day_details_grouped\0518_YCBD_2025-12-12_push23.44_rebreak\03_event_day_premarket_detail.png,C:\TSIS_Data\00_CTO\13_TRADING_SYSTEMS\03_STRATEGY_LIBRARY\LONG\DAS\runs\das_scanner_appearance_20260628T114046Z\chart_exports\event_day_details_grouped\0518_YCBD_2025-12-12_push23.44_rebreak\04_event_day_detail_until_1600_ny.png,C:\TSIS_Data\00_CTO\13_TRADING_SYSTEMS\03_STRATEGY_LIBRARY\LONG\DAS\runs\das_scanner_appearance_20260628T114046Z\chart_exports\event_day_details_grouped\0518_YCBD_2025-12-12_push23.44_rebreak\05_daily_context.png,das_scanner_appearance:YCBD:2025-12-12T09:02:00+00:00,YCBD,2025-12-12,23.4428,23.4428,55.152887882219716,118.81488580099028,2.8199,45.008784539211,61.94790486976217,128.39801948570516,61.9479,57.5063,57.5063,rebreak_confirmed,26.3211,ascending_flag_break,2025-12-12 08:05:00 EST,2025-12-12 08:09:00 EST,0.9335,green_wick_dip_new_high
519,C:\TSIS_Data\00_CTO\13_TRADING_SYSTEMS\03_STRATEGY_LIBRARY\LONG\DAS\runs\das_scanner_appearance_20260628T114046Z\chart_exports\event_day_details_grouped\0519_IVVD_2025-08-26_push23.36_rebreak,C:\TSIS_Data\00_CTO\13_TRADING_SYSTEMS\03_STRATEGY_LIBRARY\LONG\DAS\runs\das_scanner_appearance_20260628T114046Z\chart_exports\event_day_details_grouped\0519_IVVD_2025-08-26_push23.36_rebreak\02_three_day_overview.png,C:\TSIS_Data\00_CTO\13_TRADING_SYSTEMS\03_STRATEGY_LIBRARY\LONG\DAS\runs\das_scanner_appearance_20260628T114046Z\chart_exports\event_day_details_grouped\0519_IVVD_2025-08-26_push23.36_rebreak\03_event_day_premarket_detail.png,C:\TSIS_Data\00_CTO\13_TRADING_SYSTEMS\03_STRATEGY_LIBRARY\LONG\DAS\runs\das_scanner_appearance_20260628T114046Z\chart_exports\event_day_details_grouped\0519_IVVD_2025-08-26_push23.36_rebreak\04_event_day_detail_until_1600_ny.png,C:\TSIS_Data\00_CTO\13_TRADING_SYSTEMS\03_STRATEGY_LIBRARY\LONG\DAS\runs\das_scanner_appearance_20260628T114046Z\chart_exports\event_day_details_grouped\0519_IVVD_2025-08-26_push23.36_rebreak\05_daily_context.png,das_scanner_appearance:IVVD:2025-08-26T08:00:00+00:00,IVVD,2025-08-26,23.3645,23.3645,,,-7.3738,76.98214285714283,40.18691588785046,167.85714285714283,40.1869,51.347,51.347,rebreak_confirmed,4.5455,multi_candle_flag_break,2025-08-26 06:55:00 EDT,2025-08-26 06:56:00 EDT,0.7407,green_wick_dip_reactivation
520,C:\TSIS_Data\00_CTO\13_TRADING_SYSTEMS\03_STRATEGY_LIBRARY\LONG\DAS\runs\das_scanner_appearance_20260628T114046Z\chart_exports\event_day_details_grouped\0520_IPDN_2025-09-23_push23.35_rebreak,C:\TSIS_Data\00_CTO\13_TRADING_SYSTEMS\03_STRATEGY_LIBRARY\LONG\DAS\runs\das_scanner_appearance_20260628T114046Z\chart_exports\event_day_details_grouped\0520_IPDN_2025-09-23_push23.35_rebreak\02_three_day_overview.png,C:\TSIS_Data\00_CTO\13_TRADING_SYSTEMS\03_STRATEGY_LIBRARY\LONG\DAS\runs\das_scanner_appearance_20260628T114046Z\chart_exports\event_day_details_grouped\0520_IPDN_2025-09-23_push23.35_rebreak\03_event_day_premarket_detail.png,C:\TSIS_Data\00_CTO\13_TRADING_SYSTEMS\03_STRATEGY_LIBRARY\LONG\DAS\runs\das_scanner_appearance_20260628T114046Z\chart_exports\event_day_details_grouped\0520_IPDN_2025-09-23_push23.35_rebreak\04_event_day_detail_until_1600_ny.png,C:\TSIS_Data\00_CTO\13_TRADING_SYSTEMS\03_STRATEGY_LIBRARY\LONG\DAS\runs\das_scanner_appearance_20260628T114046Z\chart_exports\event_day_details_grouped\0520_IPDN_2025-09-23_push23.35_rebreak\05_daily_context.png,das_scanner_appearance:IPDN:2025-09-23T08:02:00+00:00,IPDN,2025-09-23,23.348,23.348,,,14.5374,81.37425880711547,46.25550660792951,131.60097663062433,46.2555,27.6923,27.6923,rebreak_confirmed,15.5357,ascending_flag_break,2025-09-23 04:06:00 EDT,2025-09-23 04:08:00 EDT,3.4862,green_wick_dip_reactivation
521,C:\TSIS_Data\00_CTO\13_TRADING_SYSTEMS\03_STRATEGY_LIBRARY\LONG\DAS\runs\das_scanner_appearance_20260628T114046Z\chart_exports\event_day_details_grouped\0521_AVTX_2024-03-28_push23.30_rebreak,C:\TSIS_Data\00_CTO\13_TRADING_SYSTEMS\03_STRATEGY_LIBRARY\LONG\DAS\runs\das_scanner_appearance_20260628T114046Z\chart_exports\event_day_details_grouped\0521_AVTX_2024-03-28_push23.30_rebreak\02_three_day_overview.png,C:\TSIS_Data\00_CTO\13_TRADING_SYSTEMS\03_STRATEGY_LIBRARY\LONG\DAS\runs\das_scanner_appearance_20260628T114046Z\chart_exports\event_day_details_grouped\0521_AVTX_2024-03-28_push23.30_rebreak\03_event_day_premarket_detail.png,C:\TSIS_Data\00_CTO\13_TRADING_SYSTEMS\03_STRATEGY_LIBRARY\LONG\DAS\runs\das_scanner_appearance_20260628T114046Z\chart_exports\event_day_details_grouped\0521_AVTX_2024-03-28_push23.30_rebreak\04_event_day_detail_until_1600_ny.png,C:\TSIS_Data\00_CTO\13_TRADING_SYSTEMS\03_STRATEGY_LIBRARY\LONG\DAS\runs\das_scanner_appearance_20260628T114046Z\chart_exports\event_day_details_grouped\0521_AVTX_2024-03-28_push23.30_rebreak\05_daily_context.png,das_scanner_appearance:AVTX:2024-03-28T11:01:00+00:00,AVTX,2024-03-28,23.2955,23.2955,,,2.3295,274.4282744282745,33.52272727272726,388.5654885654886,33.5227,30.4831,30.4831,rebreak_confirmed,5.9908,flat_shelf_break,2024-03-28 07:25:00 EDT,2024-03-28 07:28:00 EDT,1.4286,green_wick_dip_new_high
522,C:\TSIS_Data\00_CTO\13_TRADING_SYSTEMS\03_STRATEGY_LIBRARY\LONG\DAS\runs\das_scanner_appearance_20260628T114046Z\chart_exports\event_day_details_grouped\0522_TEAD_2026-02-05_push23.28_rebreak,C:\TSIS_Data\00_CTO\13_TRADING_SYSTEMS\03_STRATEGY_LIBRARY\LONG\DAS\runs\das_scanner_appearance_20260628T114046Z\chart_exports\event_day_details_grouped\0522_TEAD_2026-02-05_push23.28_rebreak\02_three_day_overview.png,C:\TSIS_Data\00_CTO\13_TRADING_SYSTEMS\03_STRATEGY_LIBRARY\LONG\DAS\runs\das_scanner_appearance_20260628T114046Z\chart_exports\event_day_details_grouped\0522_TEAD_2026-02-05_push23.28_rebreak\03_event_day_premarket_detail.png,C:\TSIS_Data\00_CTO\13_TRADING_SYSTEMS\03_STRATEGY_LIBRARY\LONG\DAS\runs\das_scanner_appearance_20260628T114046Z\chart_exports\event_day_details_grouped\0522_TEAD_2026-02-05_push23.28_rebreak\04_event_day_detail_until_1600_ny.png,C:\TSIS_Data\00_CTO\13_TRADING_SYSTEMS\03_STRATEGY_LIBRARY\LONG\DAS\runs\das_scanner_appearance_20260628T114046Z\chart_exports\event_day_details_grouped\0522_TEAD_2026-02-05_push23.28_rebreak\05_daily_context.png,das_scanner_appearance:TEAD:2026-02-05T13:04:00+00:00,TEAD,2026-02-05,23.283,23.283,,,19.8745,20.466939331970003,41.97049347125658,42.67211997273348,41.9705,18.4326,18.4326,rebreak_confirmed,9.7799,single_candle_rebreak,2026-02-05 08:07:00 EST,2026-02-05 08:08:00 EST,2.7397,green_wick_dip_new_high
523,C:\TSIS_Data\00_CTO\13_TRADING_SYSTEMS\03_STRATEGY_LIBRARY\LONG\DAS\runs\das_scanner_appearance_20260628T114046Z\chart_exports\event_day_details_grouped\0523_GV_2025-03-12_push23.26_rebreak,C:\TSIS_Data\00_CTO\13_TRADING_SYSTEMS\03_STRATEGY_LIBRARY\LONG\DAS\runs\das_scanner_appearance_20260628T114046Z\chart_exports\event_day_details_grouped\0523_GV_2025-03-12_push23.26_rebreak\02_three_day_overview.png,C:\TSIS_Data\00_CTO\13_TRADING_SYSTEMS\03_STRATEGY_LIBRARY\LONG\DAS\runs\das_scanner_appearance_20260628T114046Z\chart_exports\event_day_details_grouped\0523_GV_2025-03-12_push23.26_rebreak\03_event_day_premarket_detail.png,C:\TSIS_Data\00_CTO\13_TRADING_SYSTEMS\03_STRATEGY_LIBRARY\LONG\DAS\runs\das_scanner_appearance_20260628T114046Z\chart_exports\event_day_details_grouped\0523_GV_2025-03-12_push23.26_rebreak\04_event_day_detail_until_1600_ny.png,C:\TSIS_Data\00_CTO\13_TRADING_SYSTEMS\03_STRATEGY_LIBRARY\LONG\DAS\runs\das_scanner_appearance_20260628T114046Z\chart_exports\event_day_details_grouped\0523_GV_2025-03-12_push23.26_rebreak\05_daily_context.png,das_scanner_appearance:GV:2025-03-12T13:01:00+00:00,GV,2025-03-12,23.2639,23.2639,,,13.5417,32.47179404079484,36.80555555555556,59.6143328809577,36.8056,20.4893,20.4893,rebreak_confirmed,6.6197,flat_shelf_break,2025-03-12 09:12:00 EDT,2025-03-12 09:13:00 EDT,0.956,green_wick_dip_new_high
524,C:\TSIS_Data\00_CTO\13_TRADING_SYSTEMS\03_STRATEGY_LIBRARY\LONG\DAS\runs\das_scanner_appearance_20260628T114046Z\chart_exports\event_day_details_grouped\0524_AGMH_2025-09-19_push23.25_rebreak,C:\TSIS_Data\00_CTO\13_TRADING_SYSTEMS\03_STRATEGY_LIBRARY\LONG\DAS\runs\das_scanner_appearance_20260628T114046Z\chart_exports\event_day_details_grouped\0524_AGMH_2025-09-19_push23.25_rebreak\02_three_day_overview.png,C:\TSIS_Data\00_CTO\13_TRADING_SYSTEMS\03_STRATEGY_LIBRARY\LONG\DAS\runs\das_scanner_appearance_20260628T114046Z\chart_exports\event_day_details_grouped\0524_AGMH_2025-09-19_push23.25_rebreak\03_event_day_premarket_detail.png,C:\TSIS_Data\00_CTO\13_TRADING_SYSTEMS\03_STRATEGY_LIBRARY\LONG\DAS\runs\das_scanner_appearance_20260628T114046Z\chart_exports\event_day_details_grouped\0524_AGMH_2025-09-19_push23.25_rebreak\04_event_day_detail_until_1600_ny.png,C:\TSIS_Data\00_CTO\13_TRADING_SYSTEMS\03_STRATEGY_LIBRARY\LONG\DAS\runs\das_scanner_appearance_20260628T114046Z\chart_exports\event_day_details_grouped\0524_AGMH_2025-09-19_push23.25_rebreak\05_daily_context.png,das_scanner_appearance:AGMH:2025-09-19T08:02:00+00:00,AGMH,2025-09-19,23.2517,23.2517,51.57342657342659,283.6283185840708,-7.6923,133.62831858407083,51.57342657342659,283.6283185840708,51.5734,64.2045,64.2045,rebreak_confirmed,4.8227,ascending_flag_break,2025-09-19 07:09:00 EDT,2025-09-19 07:13:00 EDT,1.312,green_wick_dip_reactivation
525,C:\TSIS_Data\00_CTO\13_TRADING_SYSTEMS\03_STRATEGY_LIBRARY\LONG\DAS\runs\das_scanner_appearance_20260628T114046Z\chart_exports\event_day_details_grouped\0525_AIMD_2025-08-06_push23.18_rebreak,C:\TSIS_Data\00_CTO\13_TRADING_SYSTEMS\03_STRATEGY_LIBRARY\LONG\DAS\runs\das_scanner_appearance_20260628T114046Z\chart_exports\event_day_details_grouped\0525_AIMD_2025-08-06_push23.18_rebreak\02_three_day_overview.png,C:\TSIS_Data\00_CTO\13_TRADING_SYSTEMS\03_STRATEGY_LIBRARY\LONG\DAS\runs\das_scanner_appearance_20260628T114046Z\chart_exports\event_day_details_grouped\0525_AIMD_2025-08-06_push23.18_rebreak\03_event_day_premarket_detail.png,C:\TSIS_Data\00_CTO\13_TRADING_SYSTEMS\03_STRATEGY_LIBRARY\LONG\DAS\runs\das_scanner_appearance_20260628T114046Z\chart_exports\event_day_details_grouped\0525_AIMD_2025-08-06_push23.18_rebreak\04_event_day_detail_until_1600_ny.png,C:\TSIS_Data\00_CTO\13_TRADING_SYSTEMS\03_STRATEGY_LIBRARY\LONG\DAS\runs\das_scanner_appearance_20260628T114046Z\chart_exports\event_day_details_grouped\0525_AIMD_2025-08-06_push23.18_rebreak\05_daily_context.png,das_scanner_appearance:AIMD:2025-08-06T12:02:00+00:00,AIMD,2025-08-06,23.176,23.176,,,18.4549,20.0,42.06008583690987,43.91304347826088,42.0601,19.9275,19.9275,rebreak_confirmed,10.453,ascending_flag_break,2025-08-06 08:07:00 EDT,2025-08-06 08:08:00 EDT,1.427,green_wick_dip_reactivation
526,C:\TSIS_Data\00_CTO\13_TRADING_SYSTEMS\03_STRATEGY_LIBRARY\LONG\DAS\runs\das_scanner_appearance_20260628T114046Z\chart_exports\event_day_details_grouped\0526_CTNT_2025-06-05_push23.16_rebreak,C:\TSIS_Data\00_CTO\13_TRADING_SYSTEMS\03_STRATEGY_LIBRARY\LONG\DAS\runs\das_scanner_appearance_20260628T114046Z\chart_exports\event_day_details_grouped\0526_CTNT_2025-06-05_push23.16_rebreak\02_three_day_overview.png,C:\TSIS_Data\00_CTO\13_TRADING_SYSTEMS\03_STRATEGY_LIBRARY\LONG\DAS\runs\das_scanner_appearance_20260628T114046Z\chart_exports\event_day_details_grouped\0526_CTNT_2025-06-05_push23.16_rebreak\03_event_day_premarket_detail.png,C:\TSIS_Data\00_CTO\13_TRADING_SYSTEMS\03_STRATEGY_LIBRARY\LONG\DAS\runs\das_scanner_appearance_20260628T114046Z\chart_exports\event_day_details_grouped\0526_CTNT_2025-06-05_push23.16_rebreak\04_event_day_detail_until_1600_ny.png,C:\TSIS_Data\00_CTO\13_TRADING_SYSTEMS\03_STRATEGY_LIBRARY\LONG\DAS\runs\das_scanner_appearance_20260628T114046Z\chart_exports\event_day_details_grouped\0526_CTNT_2025-06-05_push23.16_rebreak\05_daily_context.png,das_scanner_appearance:CTNT:2025-06-05T08:01:00+00:00,CTNT,2025-06-05,23.1579,23.1579,,,13.6842,52.112676056338046,31.578947368421055,76.05633802816902,31.5789,15.7407,15.7407,rebreak_confirmed,12.8205,vwap_reclaim_rebreak,2025-06-05 04:08:00 EDT,2025-06-05 04:15:00 EDT,0.939,green_wick_dip_new_high
527,C:\TSIS_Data\00_CTO\13_TRADING_SYSTEMS\03_STRATEGY_LIBRARY\LONG\DAS\runs\das_scanner_appearance_20260628T114046Z\chart_exports\event_day_details_grouped\0527_ASNS_2025-10-03_push23.14_rebreak,C:\TSIS_Data\00_CTO\13_TRADING_SYSTEMS\03_STRATEGY_LIBRARY\LONG\DAS\runs\das_scanner_appearance_20260628T114046Z\chart_exports\event_day_details_grouped\0527_ASNS_2025-10-03_push23.14_rebreak\02_three_day_overview.png,C:\TSIS_Data\00_CTO\13_TRADING_SYSTEMS\03_STRATEGY_LIBRARY\LONG\DAS\runs\das_scanner_appearance_20260628T114046Z\chart_exports\event_day_details_grouped\0527_ASNS_2025-10-03_push23.14_rebreak\03_event_day_premarket_detail.png,C:\TSIS_Data\00_CTO\13_TRADING_SYSTEMS\03_STRATEGY_LIBRARY\LONG\DAS\runs\das_scanner_appearance_20260628T114046Z\chart_exports\event_day_details_grouped\0527_ASNS_2025-10-03_push23.14_rebreak\04_event_day_detail_until_1600_ny.png,C:\TSIS_Data\00_CTO\13_TRADING_SYSTEMS\03_STRATEGY_LIBRARY\LONG\DAS\runs\das_scanner_appearance_20260628T114046Z\chart_exports\event_day_details_grouped\0527_ASNS_2025-10-03_push23.14_rebreak\05_daily_context.png,das_scanner_appearance:ASNS:2025-10-03T08:23:00+00:00,ASNS,2025-10-03,23.1407,23.1407,,,6.0501,48.79697215463638,36.146435452793824,91.02460124357935,36.1464,28.3794,28.3794,rebreak_confirmed,5.4921,ascending_flag_break,2025-10-03 07:20:00 EDT,2025-10-03 07:23:00 EDT,0.0318,green_wick_dip_new_high
528,C:\TSIS_Data\00_CTO\13_TRADING_SYSTEMS\03_STRATEGY_LIBRARY\LONG\DAS\runs\das_scanner_appearance_20260628T114046Z\chart_exports\event_day_details_grouped\0528_GNPX_2025-10-15_push23.13_rebreak,C:\TSIS_Data\00_CTO\13_TRADING_SYSTEMS\03_STRATEGY_LIBRARY\LONG\DAS\runs\das_scanner_appearance_20260628T114046Z\chart_exports\event_day_details_grouped\0528_GNPX_2025-10-15_push23.13_rebreak\02_three_day_overview.png,C:\TSIS_Data\00_CTO\13_TRADING_SYSTEMS\03_STRATEGY_LIBRARY\LONG\DAS\runs\das_scanner_appearance_20260628T114046Z\chart_exports\event_day_details_grouped\0528_GNPX_2025-10-15_push23.13_rebreak\03_event_day_premarket_detail.png,C:\TSIS_Data\00_CTO\13_TRADING_SYSTEMS\03_STRATEGY_LIBRARY\LONG\DAS\runs\das_scanner_appearance_20260628T114046Z\chart_exports\event_day_details_grouped\0528_GNPX_2025-10-15_push23.13_rebreak\04_event_day_detail_until_1600_ny.png,C:\TSIS_Data\00_CTO\13_TRADING_SYSTEMS\03_STRATEGY_LIBRARY\LONG\DAS\runs\das_scanner_appearance_20260628T114046Z\chart_exports\event_day_details_grouped\0528_GNPX_2025-10-15_push23.13_rebreak\05_daily_context.png,das_scanner_appearance:GNPX:2025-10-15T11:22:00+00:00,GNPX,2025-10-15,23.1316,23.1316,55.26315789473685,133.47843292441632,-8.3421,37.831420656905415,64.39473684210526,147.210130589632,64.3947,79.3569,79.3569,rebreak_confirmed,4.2103,multi_candle_flag_break,2025-10-15 07:43:00 EDT,2025-10-15 07:44:00 EDT,1.3328,green_wick_dip_new_high
529,C:\TSIS_Data\00_CTO\13_TRADING_SYSTEMS\03_STRATEGY_LIBRARY\LONG\DAS\runs\das_scanner_appearance_20260628T114046Z\chart_exports\event_day_details_grouped\0529_BURU_2025-10-22_push23.13_rebreak,C:\TSIS_Data\00_CTO\13_TRADING_SYSTEMS\03_STRATEGY_LIBRARY\LONG\DAS\runs\das_scanner_appearance_20260628T114046Z\chart_exports\event_day_details_grouped\0529_BURU_2025-10-22_push23.13_rebreak\02_three_day_overview.png,C:\TSIS_Data\00_CTO\13_TRADING_SYSTEMS\03_STRATEGY_LIBRARY\LONG\DAS\runs\das_scanner_appearance_20260628T114046Z\chart_exports\event_day_details_grouped\0529_BURU_2025-10-22_push23.13_rebreak\03_event_day_premarket_detail.png,C:\TSIS_Data\00_CTO\13_TRADING_SYSTEMS\03_STRATEGY_LIBRARY\LONG\DAS\runs\das_scanner_appearance_20260628T114046Z\chart_exports\event_day_details_grouped\0529_BURU_2025-10-22_push23.13_rebreak\04_event_day_detail_until_1600_ny.png,C:\TSIS_Data\00_CTO\13_TRADING_SYSTEMS\03_STRATEGY_LIBRARY\LONG\DAS\runs\das_scanner_appearance_20260628T114046Z\chart_exports\event_day_details_grouped\0529_BURU_2025-10-22_push23.13_rebreak\05_daily_context.png,das_scanner_appearance:BURU:2025-10-22T08:53:00+00:00,BURU,2025-10-22,23.1306,23.1306,52.583814595364906,41.56286966808157,-5.3476,-12.184259967991096,52.621315532888325,41.59766195811007,52.6213,61.2441,61.2441,rebreak_confirmed,4.4649,multi_candle_flag_break,2025-10-22 07:12:00 EDT,2025-10-22 07:13:00 EDT,0.2104,green_wick_dip_new_high
530,C:\TSIS_Data\00_CTO\13_TRADING_SYSTEMS\03_STRATEGY_LIBRARY\LONG\DAS\runs\das_scanner_appearance_20260628T114046Z\chart_exports\event_day_details_grouped\0530_JWEL_2025-10-21_push23.08_rebreak,C:\TSIS_Data\00_CTO\13_TRADING_SYSTEMS\03_STRATEGY_LIBRARY\LONG\DAS\runs\das_scanner_appearance_20260628T114046Z\chart_exports\event_day_details_grouped\0530_JWEL_2025-10-21_push23.08_rebreak\02_three_day_overview.png,C:\TSIS_Data\00_CTO\13_TRADING_SYSTEMS\03_STRATEGY_LIBRARY\LONG\DAS\runs\das_scanner_appearance_20260628T114046Z\chart_exports\event_day_details_grouped\0530_JWEL_2025-10-21_push23.08_rebreak\03_event_day_premarket_detail.png,C:\TSIS_Data\00_CTO\13_TRADING_SYSTEMS\03_STRATEGY_LIBRARY\LONG\DAS\runs\das_scanner_appearance_20260628T114046Z\chart_exports\event_day_details_grouped\0530_JWEL_2025-10-21_push23.08_rebreak\04_event_day_detail_until_1600_ny.png,C:\TSIS_Data\00_CTO\13_TRADING_SYSTEMS\03_STRATEGY_LIBRARY\LONG\DAS\runs\das_scanner_appearance_20260628T114046Z\chart_exports\event_day_details_grouped\0530_JWEL_2025-10-21_push23.08_rebreak\05_daily_context.png,das_scanner_appearance:JWEL:2025-10-21T08:05:00+00:00,JWEL,2025-10-21,23.0769,23.0769,,,14.6154,74.26900584795322,23.076923076923077,87.13450292397663,23.0769,7.3826,7.3826,rebreak_confirmed,16.25,last_red_high_break,2025-10-21 04:09:00 EDT,2025-10-21 04:13:00 EDT,2.6718,green_wick_dip_new_high
531,C:\TSIS_Data\00_CTO\13_TRADING_SYSTEMS\03_STRATEGY_LIBRARY\LONG\DAS\runs\das_scanner_appearance_20260628T114046Z\chart_exports\event_day_details_grouped\0531_ORIS_2025-09-23_push23.05_rebreak,C:\TSIS_Data\00_CTO\13_TRADING_SYSTEMS\03_STRATEGY_LIBRARY\LONG\DAS\runs\das_scanner_appearance_20260628T114046Z\chart_exports\event_day_details_grouped\0531_ORIS_2025-09-23_push23.05_rebreak\02_three_day_overview.png,C:\TSIS_Data\00_CTO\13_TRADING_SYSTEMS\03_STRATEGY_LIBRARY\LONG\DAS\runs\das_scanner_appearance_20260628T114046Z\chart_exports\event_day_details_grouped\0531_ORIS_2025-09-23_push23.05_rebreak\03_event_day_premarket_detail.png,C:\TSIS_Data\00_CTO\13_TRADING_SYSTEMS\03_STRATEGY_LIBRARY\LONG\DAS\runs\das_scanner_appearance_20260628T114046Z\chart_exports\event_day_details_grouped\0531_ORIS_2025-09-23_push23.05_rebreak\04_event_day_detail_until_1600_ny.png,C:\TSIS_Data\00_CTO\13_TRADING_SYSTEMS\03_STRATEGY_LIBRARY\LONG\DAS\runs\das_scanner_appearance_20260628T114046Z\chart_exports\event_day_details_grouped\0531_ORIS_2025-09-23_push23.05_rebreak\05_daily_context.png,das_scanner_appearance:ORIS:2025-09-23T12:07:00+00:00,ORIS,2025-09-23,23.0473,23.0473,,,19.5845,44.02224281742355,43.97845325125047,73.40129749768305,43.9785,20.399,20.399,rebreak_confirmed,6.1914,flat_shelf_break,2025-09-23 08:11:00 EDT,2025-09-23 08:14:00 EDT,0.3047,green_wick_dip_new_high
532,C:\TSIS_Data\00_CTO\13_TRADING_SYSTEMS\03_STRATEGY_LIBRARY\LONG\DAS\runs\das_scanner_appearance_20260628T114046Z\chart_exports\event_day_details_grouped\0532_LIDR_2025-07-25_push23.00_rebreak,C:\TSIS_Data\00_CTO\13_TRADING_SYSTEMS\03_STRATEGY_LIBRARY\LONG\DAS\runs\das_scanner_appearance_20260628T114046Z\chart_exports\event_day_details_grouped\0532_LIDR_2025-07-25_push23.00_rebreak\02_three_day_overview.png,C:\TSIS_Data\00_CTO\13_TRADING_SYSTEMS\03_STRATEGY_LIBRARY\LONG\DAS\runs\das_scanner_appearance_20260628T114046Z\chart_exports\event_day_details_grouped\0532_LIDR_2025-07-25_push23.00_rebreak\03_event_day_premarket_detail.png,C:\TSIS_Data\00_CTO\13_TRADING_SYSTEMS\03_STRATEGY_LIBRARY\LONG\DAS\runs\das_scanner_appearance_20260628T114046Z\chart_exports\event_day_details_grouped\0532_LIDR_2025-07-25_push23.00_rebreak\04_event_day_detail_until_1600_ny.png,C:\TSIS_Data\00_CTO\13_TRADING_SYSTEMS\03_STRATEGY_LIBRARY\LONG\DAS\runs\das_scanner_appearance_20260628T114046Z\chart_exports\event_day_details_grouped\0532_LIDR_2025-07-25_push23.00_rebreak\05_daily_context.png,das_scanner_appearance:LIDR:2025-07-25T08:07:00+00:00,LIDR,2025-07-25,23.0032,23.0032,,,9.4249,17.64907941742236,30.670926517571885,40.49189337730145,30.6709,19.4161,19.4161,rebreak_confirmed,3.8961,flat_shelf_break,2025-07-25 04:37:00 EDT,2025-07-25 04:41:00 EDT,0.2674,green_wick_dip_new_high
533,C:\TSIS_Data\00_CTO\13_TRADING_SYSTEMS\03_STRATEGY_LIBRARY\LONG\DAS\runs\das_scanner_appearance_20260628T114046Z\chart_exports\event_day_details_grouped\0533_JBDI_2024-10-04_push23.00_rebreak,C:\TSIS_Data\00_CTO\13_TRADING_SYSTEMS\03_STRATEGY_LIBRARY\LONG\DAS\runs\das_scanner_appearance_20260628T114046Z\chart_exports\event_day_details_grouped\0533_JBDI_2024-10-04_push23.00_rebreak\02_three_day_overview.png,C:\TSIS_Data\00_CTO\13_TRADING_SYSTEMS\03_STRATEGY_LIBRARY\LONG\DAS\runs\das_scanner_appearance_20260628T114046Z\chart_exports\event_day_details_grouped\0533_JBDI_2024-10-04_push23.00_rebreak\03_event_day_premarket_detail.png,C:\TSIS_Data\00_CTO\13_TRADING_SYSTEMS\03_STRATEGY_LIBRARY\LONG\DAS\runs\das_scanner_appearance_20260628T114046Z\chart_exports\event_day_details_grouped\0533_JBDI_2024-10-04_push23.00_rebreak\04_event_day_detail_until_1600_ny.png,C:\TSIS_Data\00_CTO\13_TRADING_SYSTEMS\03_STRATEGY_LIBRARY\LONG\DAS\runs\das_scanner_appearance_20260628T114046Z\chart_exports\event_day_details_grouped\0533_JBDI_2024-10-04_push23.00_rebreak\05_daily_context.png,das_scanner_appearance:JBDI:2024-10-04T12:09:00+00:00,JBDI,2024-10-04,23.0,23.0,,,22.0,35.04538410449413,37.999999999999986,52.75625415098516,38.0,13.1148,13.1148,rebreak_confirmed,7.3171,vwap_reclaim_rebreak,2024-10-04 08:23:00 EDT,2024-10-04 08:30:00 EDT,0.8065,green_wick_dip_new_high
534,C:\TSIS_Data\00_CTO\13_TRADING_SYSTEMS\03_STRATEGY_LIBRARY\LONG\DAS\runs\das_scanner_appearance_20260628T114046Z\chart_exports\event_day_details_grouped\0534_BREA_2024-12-02_push22.99_rebreak,C:\TSIS_Data\00_CTO\13_TRADING_SYSTEMS\03_STRATEGY_LIBRARY\LONG\DAS\runs\das_scanner_appearance_20260628T114046Z\chart_exports\event_day_details_grouped\0534_BREA_2024-12-02_push22.99_rebreak\02_three_day_overview.png,C:\TSIS_Data\00_CTO\13_TRADING_SYSTEMS\03_STRATEGY_LIBRARY\LONG\DAS\runs\das_scanner_appearance_20260628T114046Z\chart_exports\event_day_details_grouped\0534_BREA_2024-12-02_push22.99_rebreak\03_event_day_premarket_detail.png,C:\TSIS_Data\00_CTO\13_TRADING_SYSTEMS\03_STRATEGY_LIBRARY\LONG\DAS\runs\das_scanner_appearance_20260628T114046Z\chart_exports\event_day_details_grouped\0534_BREA_2024-12-02_push22.99_rebreak\04_event_day_detail_until_1600_ny.png,C:\TSIS_Data\00_CTO\13_TRADING_SYSTEMS\03_STRATEGY_LIBRARY\LONG\DAS\runs\das_scanner_appearance_20260628T114046Z\chart_exports\event_day_details_grouped\0534_BREA_2024-12-02_push22.99_rebreak\05_daily_context.png,das_scanner_appearance:BREA:2024-12-02T11:44:00+00:00,BREA,2024-12-02,22.9947,22.9947,,,21.9251,34.11764705882352,32.62032085561496,45.88235294117647,32.6203,8.7719,8.7719,rebreak_confirmed,6.9565,single_candle_rebreak,2024-12-02 06:46:00 EST,2024-12-02 06:52:00 EST,0.8325,green_wick_dip_reactivation
535,C:\TSIS_Data\00_CTO\13_TRADING_SYSTEMS\03_STRATEGY_LIBRARY\LONG\DAS\runs\das_scanner_appearance_20260628T114046Z\chart_exports\event_day_details_grouped\0535_AQST_2026-02-02_push22.95_rebreak,C:\TSIS_Data\00_CTO\13_TRADING_SYSTEMS\03_STRATEGY_LIBRARY\LONG\DAS\runs\das_scanner_appearance_20260628T114046Z\chart_exports\event_day_details_grouped\0535_AQST_2026-02-02_push22.95_rebreak\02_three_day_overview.png,C:\TSIS_Data\00_CTO\13_TRADING_SYSTEMS\03_STRATEGY_LIBRARY\LONG\DAS\runs\das_scanner_appearance_20260628T114046Z\chart_exports\event_day_details_grouped\0535_AQST_2026-02-02_push22.95_rebreak\03_event_day_premarket_detail.png,C:\TSIS_Data\00_CTO\13_TRADING_SYSTEMS\03_STRATEGY_LIBRARY\LONG\DAS\runs\das_scanner_appearance_20260628T114046Z\chart_exports\event_day_details_grouped\0535_AQST_2026-02-02_push22.95_rebreak\04_event_day_detail_until_1600_ny.png,C:\TSIS_Data\00_CTO\13_TRADING_SYSTEMS\03_STRATEGY_LIBRARY\LONG\DAS\runs\das_scanner_appearance_20260628T114046Z\chart_exports\event_day_details_grouped\0535_AQST_2026-02-02_push22.95_rebreak\05_daily_context.png,das_scanner_appearance:AQST:2026-02-02T12:34:00+00:00,AQST,2026-02-02,22.9508,22.9508,,,18.1967,22.61904761904762,46.557377049180324,52.0408163265306,46.5574,23.9945,23.9945,rebreak_confirmed,10.6667,ascending_flag_break,2026-02-02 07:39:00 EST,2026-02-02 07:41:00 EST,1.3369,green_wick_dip_new_high
536,C:\TSIS_Data\00_CTO\13_TRADING_SYSTEMS\03_STRATEGY_LIBRARY\LONG\DAS\runs\das_scanner_appearance_20260628T114046Z\chart_exports\event_day_details_grouped\0536_CMTL_2024-06-18_push22.92_rebreak,C:\TSIS_Data\00_CTO\13_TRADING_SYSTEMS\03_STRATEGY_LIBRARY\LONG\DAS\runs\das_scanner_appearance_20260628T114046Z\chart_exports\event_day_details_grouped\0536_CMTL_2024-06-18_push22.92_rebreak\02_three_day_overview.png,C:\TSIS_Data\00_CTO\13_TRADING_SYSTEMS\03_STRATEGY_LIBRARY\LONG\DAS\runs\das_scanner_appearance_20260628T114046Z\chart_exports\event_day_details_grouped\0536_CMTL_2024-06-18_push22.92_rebreak\03_event_day_premarket_detail.png,C:\TSIS_Data\00_CTO\13_TRADING_SYSTEMS\03_STRATEGY_LIBRARY\LONG\DAS\runs\das_scanner_appearance_20260628T114046Z\chart_exports\event_day_details_grouped\0536_CMTL_2024-06-18_push22.92_rebreak\04_event_day_detail_until_1600_ny.png,C:\TSIS_Data\00_CTO\13_TRADING_SYSTEMS\03_STRATEGY_LIBRARY\LONG\DAS\runs\das_scanner_appearance_20260628T114046Z\chart_exports\event_day_details_grouped\0536_CMTL_2024-06-18_push22.92_rebreak\05_daily_context.png,das_scanner_appearance:CMTL:2024-06-18T13:11:00+00:00,CMTL,2024-06-18,22.9167,22.9167,,,14.5833,27.020785219399535,32.083333333333336,46.420323325635096,32.0833,15.2727,15.2727,rebreak_confirmed,6.7797,last_red_high_break,2024-06-18 09:18:00 EDT,2024-06-18 09:20:00 EDT,1.6722,green_wick_dip_reactivation
537,C:\TSIS_Data\00_CTO\13_TRADING_SYSTEMS\03_STRATEGY_LIBRARY\LONG\DAS\runs\das_scanner_appearance_20260628T114046Z\chart_exports\event_day_details_grouped\0537_NKLA_2025-02-10_push22.91_rebreak,C:\TSIS_Data\00_CTO\13_TRADING_SYSTEMS\03_STRATEGY_LIBRARY\LONG\DAS\runs\das_scanner_appearance_20260628T114046Z\chart_exports\event_day_details_grouped\0537_NKLA_2025-02-10_push22.91_rebreak\02_three_day_overview.png,C:\TSIS_Data\00_CTO\13_TRADING_SYSTEMS\03_STRATEGY_LIBRARY\LONG\DAS\runs\das_scanner_appearance_20260628T114046Z\chart_exports\event_day_details_grouped\0537_NKLA_2025-02-10_push22.91_rebreak\03_event_day_premarket_detail.png,C:\TSIS_Data\00_CTO\13_TRADING_SYSTEMS\03_STRATEGY_LIBRARY\LONG\DAS\runs\das_scanner_appearance_20260628T114046Z\chart_exports\event_day_details_grouped\0537_NKLA_2025-02-10_push22.91_rebreak\04_event_day_detail_until_1600_ny.png,C:\TSIS_Data\00_CTO\13_TRADING_SYSTEMS\03_STRATEGY_LIBRARY\LONG\DAS\runs\das_scanner_appearance_20260628T114046Z\chart_exports\event_day_details_grouped\0537_NKLA_2025-02-10_push22.91_rebreak\05_daily_context.png,das_scanner_appearance:NKLA:2025-02-10T11:22:00+00:00,NKLA,2025-02-10,22.907,22.907,,,17.6512,14.147111913357408,22.906976744186043,19.24638989169675,22.907,4.4673,4.4673,rebreak_confirmed,5.1656,flat_shelf_break,2025-02-10 06:32:00 EST,2025-02-10 06:38:00 EST,0.2191,green_wick_dip_reactivation
538,C:\TSIS_Data\00_CTO\13_TRADING_SYSTEMS\03_STRATEGY_LIBRARY\LONG\DAS\runs\das_scanner_appearance_20260628T114046Z\chart_exports\event_day_details_grouped\0538_LUCY_2026-01-07_push22.88_rebreak,C:\TSIS_Data\00_CTO\13_TRADING_SYSTEMS\03_STRATEGY_LIBRARY\LONG\DAS\runs\das_scanner_appearance_20260628T114046Z\chart_exports\event_day_details_grouped\0538_LUCY_2026-01-07_push22.88_rebreak\02_three_day_overview.png,C:\TSIS_Data\00_CTO\13_TRADING_SYSTEMS\03_STRATEGY_LIBRARY\LONG\DAS\runs\das_scanner_appearance_20260628T114046Z\chart_exports\event_day_details_grouped\0538_LUCY_2026-01-07_push22.88_rebreak\03_event_day_premarket_detail.png,C:\TSIS_Data\00_CTO\13_TRADING_SYSTEMS\03_STRATEGY_LIBRARY\LONG\DAS\runs\das_scanner_appearance_20260628T114046Z\chart_exports\event_day_details_grouped\0538_LUCY_2026-01-07_push22.88_rebreak\04_event_day_detail_until_1600_ny.png,C:\TSIS_Data\00_CTO\13_TRADING_SYSTEMS\03_STRATEGY_LIBRARY\LONG\DAS\runs\das_scanner_appearance_20260628T114046Z\chart_exports\event_day_details_grouped\0538_LUCY_2026-01-07_push22.88_rebreak\05_daily_context.png,das_scanner_appearance:LUCY:2026-01-07T13:03:00+00:00,LUCY,2026-01-07,22.8814,22.8814,50.000000000000014,51.204510507432076,17.7966,18.742525200751732,52.542372881355945,53.76729882111737,52.5424,29.4964,29.4964,rebreak_confirmed,6.2069,last_red_high_break,2026-01-07 08:07:00 EST,2026-01-07 08:10:00 EST,0.6757,green_wick_dip_reactivation
539,C:\TSIS_Data\00_CTO\13_TRADING_SYSTEMS\03_STRATEGY_LIBRARY\LONG\DAS\runs\das_scanner_appearance_20260628T114046Z\chart_exports\event_day_details_grouped\0539_CGTX_2024-12-19_push22.88_rebreak,C:\TSIS_Data\00_CTO\13_TRADING_SYSTEMS\03_STRATEGY_LIBRARY\LONG\DAS\runs\das_scanner_appearance_20260628T114046Z\chart_exports\event_day_details_grouped\0539_CGTX_2024-12-19_push22.88_rebreak\02_three_day_overview.png,C:\TSIS_Data\00_CTO\13_TRADING_SYSTEMS\03_STRATEGY_LIBRARY\LONG\DAS\runs\das_scanner_appearance_20260628T114046Z\chart_exports\event_day_details_grouped\0539_CGTX_2024-12-19_push22.88_rebreak\03_event_day_premarket_detail.png,C:\TSIS_Data\00_CTO\13_TRADING_SYSTEMS\03_STRATEGY_LIBRARY\LONG\DAS\runs\das_scanner_appearance_20260628T114046Z\chart_exports\event_day_details_grouped\0539_CGTX_2024-12-19_push22.88_rebreak\04_event_day_detail_until_1600_ny.png,C:\TSIS_Data\00_CTO\13_TRADING_SYSTEMS\03_STRATEGY_LIBRARY\LONG\DAS\runs\das_scanner_appearance_20260628T114046Z\chart_exports\event_day_details_grouped\0539_CGTX_2024-12-19_push22.88_rebreak\05_daily_context.png,das_scanner_appearance:CGTX:2024-12-19T10:35:00+00:00,CGTX,2024-12-19,22.8769,22.8769,,,-16.7692,-7.20411663807889,27.692307692307683,42.36706689536878,27.6923,53.4196,53.4196,rebreak_confirmed,6.0974,multi_candle_flag_break,2024-12-19 08:16:00 EST,2024-12-19 08:18:00 EST,0.7728,green_wick_dip_reactivation
540,C:\TSIS_Data\00_CTO\13_TRADING_SYSTEMS\03_STRATEGY_LIBRARY\LONG\DAS\runs\das_scanner_appearance_20260628T114046Z\chart_exports\event_day_details_grouped\0540_RIME_2026-02-24_push22.86_rebreak,C:\TSIS_Data\00_CTO\13_TRADING_SYSTEMS\03_STRATEGY_LIBRARY\LONG\DAS\runs\das_scanner_appearance_20260628T114046Z\chart_exports\event_day_details_grouped\0540_RIME_2026-02-24_push22.86_rebreak\02_three_day_overview.png,C:\TSIS_Data\00_CTO\13_TRADING_SYSTEMS\03_STRATEGY_LIBRARY\LONG\DAS\runs\das_scanner_appearance_20260628T114046Z\chart_exports\event_day_details_grouped\0540_RIME_2026-02-24_push22.86_rebreak\03_event_day_premarket_detail.png,C:\TSIS_Data\00_CTO\13_TRADING_SYSTEMS\03_STRATEGY_LIBRARY\LONG\DAS\runs\das_scanner_appearance_20260628T114046Z\chart_exports\event_day_details_grouped\0540_RIME_2026-02-24_push22.86_rebreak\04_event_day_detail_until_1600_ny.png,C:\TSIS_Data\00_CTO\13_TRADING_SYSTEMS\03_STRATEGY_LIBRARY\LONG\DAS\runs\das_scanner_appearance_20260628T114046Z\chart_exports\event_day_details_grouped\0540_RIME_2026-02-24_push22.86_rebreak\05_daily_context.png,das_scanner_appearance:RIME:2026-02-24T14:15:00+00:00,RIME,2026-02-24,22.8571,22.8571,,,20.0,14.754098360655737,40.57142857142857,34.42622950819671,40.5714,17.1429,17.1429,rebreak_confirmed,6.9767,ascending_flag_break,2026-02-24 09:19:00 EST,2026-02-24 09:21:00 EST,0.4367,green_wick_dip_new_high
541,C:\TSIS_Data\00_CTO\13_TRADING_SYSTEMS\03_STRATEGY_LIBRARY\LONG\DAS\runs\das_scanner_appearance_20260628T114046Z\chart_exports\event_day_details_grouped\0541_NIXX_2025-03-03_push22.84_rebreak,C:\TSIS_Data\00_CTO\13_TRADING_SYSTEMS\03_STRATEGY_LIBRARY\LONG\DAS\runs\das_scanner_appearance_20260628T114046Z\chart_exports\event_day_details_grouped\0541_NIXX_2025-03-03_push22.84_rebreak\02_three_day_overview.png,C:\TSIS_Data\00_CTO\13_TRADING_SYSTEMS\03_STRATEGY_LIBRARY\LONG\DAS\runs\das_scanner_appearance_20260628T114046Z\chart_exports\event_day_details_grouped\0541_NIXX_2025-03-03_push22.84_rebreak\03_event_day_premarket_detail.png,C:\TSIS_Data\00_CTO\13_TRADING_SYSTEMS\03_STRATEGY_LIBRARY\LONG\DAS\runs\das_scanner_appearance_20260628T114046Z\chart_exports\event_day_details_grouped\0541_NIXX_2025-03-03_push22.84_rebreak\04_event_day_detail_until_1600_ny.png,C:\TSIS_Data\00_CTO\13_TRADING_SYSTEMS\03_STRATEGY_LIBRARY\LONG\DAS\runs\das_scanner_appearance_20260628T114046Z\chart_exports\event_day_details_grouped\0541_NIXX_2025-03-03_push22.84_rebreak\05_daily_context.png,das_scanner_appearance:NIXX:2025-03-03T14:02:00+00:00,NIXX,2025-03-03,22.8395,22.8395,,,16.0494,15.259640733247496,25.92592592592592,25.06897185948133,25.9259,8.5106,8.5106,rebreak_confirmed,7.5377,multi_candle_flag_break,2025-03-03 09:07:00 EST,2025-03-03 09:10:00 EST,0.5556,green_wick_dip_reactivation
542,C:\TSIS_Data\00_CTO\13_TRADING_SYSTEMS\03_STRATEGY_LIBRARY\LONG\DAS\runs\das_scanner_appearance_20260628T114046Z\chart_exports\event_day_details_grouped\0542_OPTX_2025-12-23_push22.82_rebreak,C:\TSIS_Data\00_CTO\13_TRADING_SYSTEMS\03_STRATEGY_LIBRARY\LONG\DAS\runs\das_scanner_appearance_20260628T114046Z\chart_exports\event_day_details_grouped\0542_OPTX_2025-12-23_push22.82_rebreak\02_three_day_overview.png,C:\TSIS_Data\00_CTO\13_TRADING_SYSTEMS\03_STRATEGY_LIBRARY\LONG\DAS\runs\das_scanner_appearance_20260628T114046Z\chart_exports\event_day_details_grouped\0542_OPTX_2025-12-23_push22.82_rebreak\03_event_day_premarket_detail.png,C:\TSIS_Data\00_CTO\13_TRADING_SYSTEMS\03_STRATEGY_LIBRARY\LONG\DAS\runs\das_scanner_appearance_20260628T114046Z\chart_exports\event_day_details_grouped\0542_OPTX_2025-12-23_push22.82_rebreak\04_event_day_detail_until_1600_ny.png,C:\TSIS_Data\00_CTO\13_TRADING_SYSTEMS\03_STRATEGY_LIBRARY\LONG\DAS\runs\das_scanner_appearance_20260628T114046Z\chart_exports\event_day_details_grouped\0542_OPTX_2025-12-23_push22.82_rebreak\05_daily_context.png,das_scanner_appearance:OPTX:2025-12-23T09:08:00+00:00,OPTX,2025-12-23,22.8216,22.8216,,,6.0166,30.69053708439898,42.32365145228216,75.44757033248082,42.3237,34.2466,34.2466,rebreak_confirmed,4.0541,flat_shelf_break,2025-12-23 05:15:00 EST,2025-12-23 05:16:00 EST,1.3423,green_wick_dip_new_high
543,C:\TSIS_Data\00_CTO\13_TRADING_SYSTEMS\03_STRATEGY_LIBRARY\LONG\DAS\runs\das_scanner_appearance_20260628T114046Z\chart_exports\event_day_details_grouped\0543_ELBM_2025-10-17_push22.78_rebreak,C:\TSIS_Data\00_CTO\13_TRADING_SYSTEMS\03_STRATEGY_LIBRARY\LONG\DAS\runs\das_scanner_appearance_20260628T114046Z\chart_exports\event_day_details_grouped\0543_ELBM_2025-10-17_push22.78_rebreak\02_three_day_overview.png,C:\TSIS_Data\00_CTO\13_TRADING_SYSTEMS\03_STRATEGY_LIBRARY\LONG\DAS\runs\das_scanner_appearance_20260628T114046Z\chart_exports\event_day_details_grouped\0543_ELBM_2025-10-17_push22.78_rebreak\03_event_day_premarket_detail.png,C:\TSIS_Data\00_CTO\13_TRADING_SYSTEMS\03_STRATEGY_LIBRARY\LONG\DAS\runs\das_scanner_appearance_20260628T114046Z\chart_exports\event_day_details_grouped\0543_ELBM_2025-10-17_push22.78_rebreak\04_event_day_detail_until_1600_ny.png,C:\TSIS_Data\00_CTO\13_TRADING_SYSTEMS\03_STRATEGY_LIBRARY\LONG\DAS\runs\das_scanner_appearance_20260628T114046Z\chart_exports\event_day_details_grouped\0543_ELBM_2025-10-17_push22.78_rebreak\05_daily_context.png,das_scanner_appearance:ELBM:2025-10-17T11:47:00+00:00,ELBM,2025-10-17,22.7848,22.7848,51.26582278481012,47.07692307692308,1.2658,-1.538461538461533,68.35443037974683,63.6923076923077,68.3544,66.25,66.25,rebreak_confirmed,4.1237,single_candle_rebreak,2025-10-17 08:27:00 EDT,2025-10-17 08:28:00 EDT,1.0923,green_wick_dip_reactivation
544,C:\TSIS_Data\00_CTO\13_TRADING_SYSTEMS\03_STRATEGY_LIBRARY\LONG\DAS\runs\das_scanner_appearance_20260628T114046Z\chart_exports\event_day_details_grouped\0544_FATN_2026-02-03_push22.77_rebreak,C:\TSIS_Data\00_CTO\13_TRADING_SYSTEMS\03_STRATEGY_LIBRARY\LONG\DAS\runs\das_scanner_appearance_20260628T114046Z\chart_exports\event_day_details_grouped\0544_FATN_2026-02-03_push22.77_rebreak\02_three_day_overview.png,C:\TSIS_Data\00_CTO\13_TRADING_SYSTEMS\03_STRATEGY_LIBRARY\LONG\DAS\runs\das_scanner_appearance_20260628T114046Z\chart_exports\event_day_details_grouped\0544_FATN_2026-02-03_push22.77_rebreak\03_event_day_premarket_detail.png,C:\TSIS_Data\00_CTO\13_TRADING_SYSTEMS\03_STRATEGY_LIBRARY\LONG\DAS\runs\das_scanner_appearance_20260628T114046Z\chart_exports\event_day_details_grouped\0544_FATN_2026-02-03_push22.77_rebreak\04_event_day_detail_until_1600_ny.png,C:\TSIS_Data\00_CTO\13_TRADING_SYSTEMS\03_STRATEGY_LIBRARY\LONG\DAS\runs\das_scanner_appearance_20260628T114046Z\chart_exports\event_day_details_grouped\0544_FATN_2026-02-03_push22.77_rebreak\05_daily_context.png,das_scanner_appearance:FATN:2026-02-03T09:03:00+00:00,FATN,2026-02-03,22.7723,22.7723,,,7.2607,82.58426966292134,28.712871287128717,119.10112359550563,28.7129,20.0,20.0,rebreak_confirmed,5.1075,multi_candle_flag_break,2026-02-03 06:56:00 EST,2026-02-03 06:58:00 EST,0.5525,green_wick_dip_reactivation
545,C:\TSIS_Data\00_CTO\13_TRADING_SYSTEMS\03_STRATEGY_LIBRARY\LONG\DAS\runs\das_scanner_appearance_20260628T114046Z\chart_exports\event_day_details_grouped\0545_OPTT_2024-12-27_push22.77_rebreak,C:\TSIS_Data\00_CTO\13_TRADING_SYSTEMS\03_STRATEGY_LIBRARY\LONG\DAS\runs\das_scanner_appearance_20260628T114046Z\chart_exports\event_day_details_grouped\0545_OPTT_2024-12-27_push22.77_rebreak\02_three_day_overview.png,C:\TSIS_Data\00_CTO\13_TRADING_SYSTEMS\03_STRATEGY_LIBRARY\LONG\DAS\runs\das_scanner_appearance_20260628T114046Z\chart_exports\event_day_details_grouped\0545_OPTT_2024-12-27_push22.77_rebreak\03_event_day_premarket_detail.png,C:\TSIS_Data\00_CTO\13_TRADING_SYSTEMS\03_STRATEGY_LIBRARY\LONG\DAS\runs\das_scanner_appearance_20260628T114046Z\chart_exports\event_day_details_grouped\0545_OPTT_2024-12-27_push22.77_rebreak\04_event_day_detail_until_1600_ny.png,C:\TSIS_Data\00_CTO\13_TRADING_SYSTEMS\03_STRATEGY_LIBRARY\LONG\DAS\runs\das_scanner_appearance_20260628T114046Z\chart_exports\event_day_details_grouped\0545_OPTT_2024-12-27_push22.77_rebreak\05_daily_context.png,das_scanner_appearance:OPTT:2024-12-27T09:05:00+00:00,OPTT,2024-12-27,22.7723,22.7723,,,6.9505,21.452664717787282,23.762376237623762,40.544187092421865,23.7624,15.7193,15.7193,rebreak_confirmed,6.2581,ascending_flag_break,2024-12-27 08:15:00 EST,2024-12-27 08:19:00 EST,0.6437,green_wick_dip_new_high
546,C:\TSIS_Data\00_CTO\13_TRADING_SYSTEMS\03_STRATEGY_LIBRARY\LONG\DAS\runs\das_scanner_appearance_20260628T114046Z\chart_exports\event_day_details_grouped\0546_VS_2025-01-17_push22.71_rebreak,C:\TSIS_Data\00_CTO\13_TRADING_SYSTEMS\03_STRATEGY_LIBRARY\LONG\DAS\runs\das_scanner_appearance_20260628T114046Z\chart_exports\event_day_details_grouped\0546_VS_2025-01-17_push22.71_rebreak\02_three_day_overview.png,C:\TSIS_Data\00_CTO\13_TRADING_SYSTEMS\03_STRATEGY_LIBRARY\LONG\DAS\runs\das_scanner_appearance_20260628T114046Z\chart_exports\event_day_details_grouped\0546_VS_2025-01-17_push22.71_rebreak\03_event_day_premarket_detail.png,C:\TSIS_Data\00_CTO\13_TRADING_SYSTEMS\03_STRATEGY_LIBRARY\LONG\DAS\runs\das_scanner_appearance_20260628T114046Z\chart_exports\event_day_details_grouped\0546_VS_2025-01-17_push22.71_rebreak\04_event_day_detail_until_1600_ny.png,C:\TSIS_Data\00_CTO\13_TRADING_SYSTEMS\03_STRATEGY_LIBRARY\LONG\DAS\runs\das_scanner_appearance_20260628T114046Z\chart_exports\event_day_details_grouped\0546_VS_2025-01-17_push22.71_rebreak\05_daily_context.png,das_scanner_appearance:VS:2025-01-17T09:05:00+00:00,VS,2025-01-17,22.7092,22.7092,50.19920318725101,96.35416666666667,15.1394,50.52083333333335,50.19920318725101,96.35416666666667,50.1992,30.4498,30.4498,rebreak_confirmed,5.8442,single_candle_rebreak,2025-01-17 04:08:00 EST,2025-01-17 04:09:00 EST,2.8939,green_wick_dip_new_high
547,C:\TSIS_Data\00_CTO\13_TRADING_SYSTEMS\03_STRATEGY_LIBRARY\LONG\DAS\runs\das_scanner_appearance_20260628T114046Z\chart_exports\event_day_details_grouped\0547_KAVL_2025-08-07_push22.70_rebreak,C:\TSIS_Data\00_CTO\13_TRADING_SYSTEMS\03_STRATEGY_LIBRARY\LONG\DAS\runs\das_scanner_appearance_20260628T114046Z\chart_exports\event_day_details_grouped\0547_KAVL_2025-08-07_push22.70_rebreak\02_three_day_overview.png,C:\TSIS_Data\00_CTO\13_TRADING_SYSTEMS\03_STRATEGY_LIBRARY\LONG\DAS\runs\das_scanner_appearance_20260628T114046Z\chart_exports\event_day_details_grouped\0547_KAVL_2025-08-07_push22.70_rebreak\03_event_day_premarket_detail.png,C:\TSIS_Data\00_CTO\13_TRADING_SYSTEMS\03_STRATEGY_LIBRARY\LONG\DAS\runs\das_scanner_appearance_20260628T114046Z\chart_exports\event_day_details_grouped\0547_KAVL_2025-08-07_push22.70_rebreak\04_event_day_detail_until_1600_ny.png,C:\TSIS_Data\00_CTO\13_TRADING_SYSTEMS\03_STRATEGY_LIBRARY\LONG\DAS\runs\das_scanner_appearance_20260628T114046Z\chart_exports\event_day_details_grouped\0547_KAVL_2025-08-07_push22.70_rebreak\05_daily_context.png,das_scanner_appearance:KAVL:2025-08-07T08:50:00+00:00,KAVL,2025-08-07,22.6994,22.6994,,,4.9898,9.700854700854688,26.789366053169733,32.47863247863247,26.7894,20.7635,20.7635,rebreak_confirmed,9.6667,vwap_reclaim_rebreak,2025-08-07 08:27:00 EDT,2025-08-07 08:45:00 EDT,1.4745,green_wick_dip_reactivation
548,C:\TSIS_Data\00_CTO\13_TRADING_SYSTEMS\03_STRATEGY_LIBRARY\LONG\DAS\runs\das_scanner_appearance_20260628T114046Z\chart_exports\event_day_details_grouped\0548_TUP_2024-05-14_push22.68_rebreak,C:\TSIS_Data\00_CTO\13_TRADING_SYSTEMS\03_STRATEGY_LIBRARY\LONG\DAS\runs\das_scanner_appearance_20260628T114046Z\chart_exports\event_day_details_grouped\0548_TUP_2024-05-14_push22.68_rebreak\02_three_day_overview.png,C:\TSIS_Data\00_CTO\13_TRADING_SYSTEMS\03_STRATEGY_LIBRARY\LONG\DAS\runs\das_scanner_appearance_20260628T114046Z\chart_exports\event_day_details_grouped\0548_TUP_2024-05-14_push22.68_rebreak\03_event_day_premarket_detail.png,C:\TSIS_Data\00_CTO\13_TRADING_SYSTEMS\03_STRATEGY_LIBRARY\LONG\DAS\runs\das_scanner_appearance_20260628T114046Z\chart_exports\event_day_details_grouped\0548_TUP_2024-05-14_push22.68_rebreak\04_event_day_detail_until_1600_ny.png,C:\TSIS_Data\00_CTO\13_TRADING_SYSTEMS\03_STRATEGY_LIBRARY\LONG\DAS\runs\das_scanner_appearance_20260628T114046Z\chart_exports\event_day_details_grouped\0548_TUP_2024-05-14_push22.68_rebreak\05_daily_context.png,das_scanner_appearance:TUP:2024-05-14T11:04:00+00:00,TUP,2024-05-14,22.6804,22.6804,,,4.6392,11.538461538461524,28.350515463917542,36.813186813186825,28.3505,22.6601,22.6601,rebreak_confirmed,4.2017,multi_candle_flag_break,2024-05-14 08:56:00 EDT,2024-05-14 09:03:00 EDT,0.2212,green_wick_dip_reactivation
549,C:\TSIS_Data\00_CTO\13_TRADING_SYSTEMS\03_STRATEGY_LIBRARY\LONG\DAS\runs\das_scanner_appearance_20260628T114046Z\chart_exports\event_day_details_grouped\0549_REKR_2025-10-07_push22.65_rebreak,C:\TSIS_Data\00_CTO\13_TRADING_SYSTEMS\03_STRATEGY_LIBRARY\LONG\DAS\runs\das_scanner_appearance_20260628T114046Z\chart_exports\event_day_details_grouped\0549_REKR_2025-10-07_push22.65_rebreak\02_three_day_overview.png,C:\TSIS_Data\00_CTO\13_TRADING_SYSTEMS\03_STRATEGY_LIBRARY\LONG\DAS\runs\das_scanner_appearance_20260628T114046Z\chart_exports\event_day_details_grouped\0549_REKR_2025-10-07_push22.65_rebreak\03_event_day_premarket_detail.png,C:\TSIS_Data\00_CTO\13_TRADING_SYSTEMS\03_STRATEGY_LIBRARY\LONG\DAS\runs\das_scanner_appearance_20260628T114046Z\chart_exports\event_day_details_grouped\0549_REKR_2025-10-07_push22.65_rebreak\04_event_day_detail_until_1600_ny.png,C:\TSIS_Data\00_CTO\13_TRADING_SYSTEMS\03_STRATEGY_LIBRARY\LONG\DAS\runs\das_scanner_appearance_20260628T114046Z\chart_exports\event_day_details_grouped\0549_REKR_2025-10-07_push22.65_rebreak\05_daily_context.png,das_scanner_appearance:REKR:2025-10-07T11:07:00+00:00,REKR,2025-10-07,22.6519,22.6519,,,13.2597,13.259668508287278,25.966850828729264,25.966850828729264,25.9669,11.2195,11.2195,rebreak_confirmed,6.3063,flat_shelf_break,2025-10-07 07:37:00 EDT,2025-10-07 07:44:00 EDT,0.9132,green_wick_dip_reactivation
550,C:\TSIS_Data\00_CTO\13_TRADING_SYSTEMS\03_STRATEGY_LIBRARY\LONG\DAS\runs\das_scanner_appearance_20260628T114046Z\chart_exports\event_day_details_grouped\0550_ENVB_2025-12-10_push22.64_rebreak,C:\TSIS_Data\00_CTO\13_TRADING_SYSTEMS\03_STRATEGY_LIBRARY\LONG\DAS\runs\das_scanner_appearance_20260628T114046Z\chart_exports\event_day_details_grouped\0550_ENVB_2025-12-10_push22.64_rebreak\02_three_day_overview.png,C:\TSIS_Data\00_CTO\13_TRADING_SYSTEMS\03_STRATEGY_LIBRARY\LONG\DAS\runs\das_scanner_appearance_20260628T114046Z\chart_exports\event_day_details_grouped\0550_ENVB_2025-12-10_push22.64_rebreak\03_event_day_premarket_detail.png,C:\TSIS_Data\00_CTO\13_TRADING_SYSTEMS\03_STRATEGY_LIBRARY\LONG\DAS\runs\das_scanner_appearance_20260628T114046Z\chart_exports\event_day_details_grouped\0550_ENVB_2025-12-10_push22.64_rebreak\04_event_day_detail_until_1600_ny.png,C:\TSIS_Data\00_CTO\13_TRADING_SYSTEMS\03_STRATEGY_LIBRARY\LONG\DAS\runs\das_scanner_appearance_20260628T114046Z\chart_exports\event_day_details_grouped\0550_ENVB_2025-12-10_push22.64_rebreak\05_daily_context.png,das_scanner_appearance:ENVB:2025-12-10T09:12:00+00:00,ENVB,2025-12-10,22.6381,22.6381,,,-4.6346,78.03660565723793,42.602495543672006,166.22296173044927,42.6025,49.5327,49.5327,rebreak_confirmed,8.2849,flat_shelf_break,2025-12-10 06:25:00 EST,2025-12-10 06:26:00 EST,0.9538,green_wick_dip_new_high
551,C:\TSIS_Data\00_CTO\13_TRADING_SYSTEMS\03_STRATEGY_LIBRARY\LONG\DAS\runs\das_scanner_appearance_20260628T114046Z\chart_exports\event_day_details_grouped\0551_CETX_2025-12-11_push22.60_rebreak,C:\TSIS_Data\00_CTO\13_TRADING_SYSTEMS\03_STRATEGY_LIBRARY\LONG\DAS\runs\das_scanner_appearance_20260628T114046Z\chart_exports\event_day_details_grouped\0551_CETX_2025-12-11_push22.60_rebreak\02_three_day_overview.png,C:\TSIS_Data\00_CTO\13_TRADING_SYSTEMS\03_STRATEGY_LIBRARY\LONG\DAS\runs\das_scanner_appearance_20260628T114046Z\chart_exports\event_day_details_grouped\0551_CETX_2025-12-11_push22.60_rebreak\03_event_day_premarket_detail.png,C:\TSIS_Data\00_CTO\13_TRADING_SYSTEMS\03_STRATEGY_LIBRARY\LONG\DAS\runs\das_scanner_appearance_20260628T114046Z\chart_exports\event_day_details_grouped\0551_CETX_2025-12-11_push22.60_rebreak\04_event_day_detail_until_1600_ny.png,C:\TSIS_Data\00_CTO\13_TRADING_SYSTEMS\03_STRATEGY_LIBRARY\LONG\DAS\runs\das_scanner_appearance_20260628T114046Z\chart_exports\event_day_details_grouped\0551_CETX_2025-12-11_push22.60_rebreak\05_daily_context.png,das_scanner_appearance:CETX:2025-12-11T13:07:00+00:00,CETX,2025-12-11,22.5974,22.5974,,,10.3818,2.4024096385542033,34.80519480519481,25.060240963855417,34.8052,22.1263,22.1263,rebreak_confirmed,13.1356,ascending_flag_break,2025-12-11 08:13:00 EST,2025-12-11 08:17:00 EST,0.6565,green_wick_dip_new_high
552,C:\TSIS_Data\00_CTO\13_TRADING_SYSTEMS\03_STRATEGY_LIBRARY\LONG\DAS\runs\das_scanner_appearance_20260628T114046Z\chart_exports\event_day_details_grouped\0552_GWH_2025-10-10_push22.59_rebreak,C:\TSIS_Data\00_CTO\13_TRADING_SYSTEMS\03_STRATEGY_LIBRARY\LONG\DAS\runs\das_scanner_appearance_20260628T114046Z\chart_exports\event_day_details_grouped\0552_GWH_2025-10-10_push22.59_rebreak\02_three_day_overview.png,C:\TSIS_Data\00_CTO\13_TRADING_SYSTEMS\03_STRATEGY_LIBRARY\LONG\DAS\runs\das_scanner_appearance_20260628T114046Z\chart_exports\event_day_details_grouped\0552_GWH_2025-10-10_push22.59_rebreak\03_event_day_premarket_detail.png,C:\TSIS_Data\00_CTO\13_TRADING_SYSTEMS\03_STRATEGY_LIBRARY\LONG\DAS\runs\das_scanner_appearance_20260628T114046Z\chart_exports\event_day_details_grouped\0552_GWH_2025-10-10_push22.59_rebreak\04_event_day_detail_until_1600_ny.png,C:\TSIS_Data\00_CTO\13_TRADING_SYSTEMS\03_STRATEGY_LIBRARY\LONG\DAS\runs\das_scanner_appearance_20260628T114046Z\chart_exports\event_day_details_grouped\0552_GWH_2025-10-10_push22.59_rebreak\05_daily_context.png,das_scanner_appearance:GWH:2025-10-10T08:10:00+00:00,GWH,2025-10-10,22.5941,22.5941,50.6276150627615,111.76470588235294,-9.4142,27.35294117647059,105.02092050209207,188.23529411764707,105.0209,126.3279,126.3279,rebreak_confirmed,7.8498,multi_candle_flag_break,2025-10-10 06:15:00 EDT,2025-10-10 06:17:00 EDT,1.4085,green_wick_dip_reactivation
553,C:\TSIS_Data\00_CTO\13_TRADING_SYSTEMS\03_STRATEGY_LIBRARY\LONG\DAS\runs\das_scanner_appearance_20260628T114046Z\chart_exports\event_day_details_grouped\0553_ICCT_2024-10-02_push22.57_rebreak,C:\TSIS_Data\00_CTO\13_TRADING_SYSTEMS\03_STRATEGY_LIBRARY\LONG\DAS\runs\das_scanner_appearance_20260628T114046Z\chart_exports\event_day_details_grouped\0553_ICCT_2024-10-02_push22.57_rebreak\02_three_day_overview.png,C:\TSIS_Data\00_CTO\13_TRADING_SYSTEMS\03_STRATEGY_LIBRARY\LONG\DAS\runs\das_scanner_appearance_20260628T114046Z\chart_exports\event_day_details_grouped\0553_ICCT_2024-10-02_push22.57_rebreak\03_event_day_premarket_detail.png,C:\TSIS_Data\00_CTO\13_TRADING_SYSTEMS\03_STRATEGY_LIBRARY\LONG\DAS\runs\das_scanner_appearance_20260628T114046Z\chart_exports\event_day_details_grouped\0553_ICCT_2024-10-02_push22.57_rebreak\04_event_day_detail_until_1600_ny.png,C:\TSIS_Data\00_CTO\13_TRADING_SYSTEMS\03_STRATEGY_LIBRARY\LONG\DAS\runs\das_scanner_appearance_20260628T114046Z\chart_exports\event_day_details_grouped\0553_ICCT_2024-10-02_push22.57_rebreak\05_daily_context.png,das_scanner_appearance:ICCT:2024-10-02T12:08:00+00:00,ICCT,2024-10-02,22.5716,22.5716,,,-7.0086,51.257142857142846,31.14350957316003,113.31428571428572,31.1435,41.0276,41.0276,rebreak_confirmed,4.5285,single_candle_rebreak,2024-10-02 09:11:00 EDT,2024-10-02 09:16:00 EDT,1.03,green_wick_dip_reactivation
554,C:\TSIS_Data\00_CTO\13_TRADING_SYSTEMS\03_STRATEGY_LIBRARY\LONG\DAS\runs\das_scanner_appearance_20260628T114046Z\chart_exports\event_day_details_grouped\0554_GUTS_2025-09-26_push22.55_rebreak,C:\TSIS_Data\00_CTO\13_TRADING_SYSTEMS\03_STRATEGY_LIBRARY\LONG\DAS\runs\das_scanner_appearance_20260628T114046Z\chart_exports\event_day_details_grouped\0554_GUTS_2025-09-26_push22.55_rebreak\02_three_day_overview.png,C:\TSIS_Data\00_CTO\13_TRADING_SYSTEMS\03_STRATEGY_LIBRARY\LONG\DAS\runs\das_scanner_appearance_20260628T114046Z\chart_exports\event_day_details_grouped\0554_GUTS_2025-09-26_push22.55_rebreak\03_event_day_premarket_detail.png,C:\TSIS_Data\00_CTO\13_TRADING_SYSTEMS\03_STRATEGY_LIBRARY\LONG\DAS\runs\das_scanner_appearance_20260628T114046Z\chart_exports\event_day_details_grouped\0554_GUTS_2025-09-26_push22.55_rebreak\04_event_day_detail_until_1600_ny.png,C:\TSIS_Data\00_CTO\13_TRADING_SYSTEMS\03_STRATEGY_LIBRARY\LONG\DAS\runs\das_scanner_appearance_20260628T114046Z\chart_exports\event_day_details_grouped\0554_GUTS_2025-09-26_push22.55_rebreak\05_daily_context.png,das_scanner_appearance:GUTS:2025-09-26T11:01:00+00:00,GUTS,2025-09-26,22.549,22.549,,,14.7059,14.705882352941169,35.29411764705881,35.29411764705881,35.2941,17.9487,17.9487,rebreak_confirmed,10.4,single_candle_rebreak,2025-09-26 07:03:00 EDT,2025-09-26 07:07:00 EDT,3.4783,green_wick_dip_reactivation
555,C:\TSIS_Data\00_CTO\13_TRADING_SYSTEMS\03_STRATEGY_LIBRARY\LONG\DAS\runs\das_scanner_appearance_20260628T114046Z\chart_exports\event_day_details_grouped\0555_SOBR_2025-12-24_push22.54_rebreak,C:\TSIS_Data\00_CTO\13_TRADING_SYSTEMS\03_STRATEGY_LIBRARY\LONG\DAS\runs\das_scanner_appearance_20260628T114046Z\chart_exports\event_day_details_grouped\0555_SOBR_2025-12-24_push22.54_rebreak\02_three_day_overview.png,C:\TSIS_Data\00_CTO\13_TRADING_SYSTEMS\03_STRATEGY_LIBRARY\LONG\DAS\runs\das_scanner_appearance_20260628T114046Z\chart_exports\event_day_details_grouped\0555_SOBR_2025-12-24_push22.54_rebreak\03_event_day_premarket_detail.png,C:\TSIS_Data\00_CTO\13_TRADING_SYSTEMS\03_STRATEGY_LIBRARY\LONG\DAS\runs\das_scanner_appearance_20260628T114046Z\chart_exports\event_day_details_grouped\0555_SOBR_2025-12-24_push22.54_rebreak\04_event_day_detail_until_1600_ny.png,C:\TSIS_Data\00_CTO\13_TRADING_SYSTEMS\03_STRATEGY_LIBRARY\LONG\DAS\runs\das_scanner_appearance_20260628T114046Z\chart_exports\event_day_details_grouped\0555_SOBR_2025-12-24_push22.54_rebreak\05_daily_context.png,das_scanner_appearance:SOBR:2025-12-24T13:23:00+00:00,SOBR,2025-12-24,22.5352,22.5352,,,20.4225,30.53435114503816,43.66197183098593,55.72519083969465,43.662,19.2982,19.2982,rebreak_confirmed,5.1724,vwap_reclaim_rebreak,2025-12-24 09:00:00 EST,2025-12-24 09:02:00 EST,3.6313,green_wick_dip_new_high
556,C:\TSIS_Data\00_CTO\13_TRADING_SYSTEMS\03_STRATEGY_LIBRARY\LONG\DAS\runs\das_scanner_appearance_20260628T114046Z\chart_exports\event_day_details_grouped\0556_ALT_2026-01-05_push22.54_rebreak,C:\TSIS_Data\00_CTO\13_TRADING_SYSTEMS\03_STRATEGY_LIBRARY\LONG\DAS\runs\das_scanner_appearance_20260628T114046Z\chart_exports\event_day_details_grouped\0556_ALT_2026-01-05_push22.54_rebreak\02_three_day_overview.png,C:\TSIS_Data\00_CTO\13_TRADING_SYSTEMS\03_STRATEGY_LIBRARY\LONG\DAS\runs\das_scanner_appearance_20260628T114046Z\chart_exports\event_day_details_grouped\0556_ALT_2026-01-05_push22.54_rebreak\03_event_day_premarket_detail.png,C:\TSIS_Data\00_CTO\13_TRADING_SYSTEMS\03_STRATEGY_LIBRARY\LONG\DAS\runs\das_scanner_appearance_20260628T114046Z\chart_exports\event_day_details_grouped\0556_ALT_2026-01-05_push22.54_rebreak\04_event_day_detail_until_1600_ny.png,C:\TSIS_Data\00_CTO\13_TRADING_SYSTEMS\03_STRATEGY_LIBRARY\LONG\DAS\runs\das_scanner_appearance_20260628T114046Z\chart_exports\event_day_details_grouped\0556_ALT_2026-01-05_push22.54_rebreak\05_daily_context.png,das_scanner_appearance:ALT:2026-01-05T12:37:00+00:00,ALT,2026-01-05,22.5352,22.5352,,,14.6479,15.625000000000009,26.7605633802817,27.84090909090909,26.7606,10.5651,10.5651,rebreak_confirmed,8.7356,vwap_reclaim_rebreak,2026-01-05 07:52:00 EST,2026-01-05 07:53:00 EST,0.7246,green_wick_dip_reactivation
557,C:\TSIS_Data\00_CTO\13_TRADING_SYSTEMS\03_STRATEGY_LIBRARY\LONG\DAS\runs\das_scanner_appearance_20260628T114046Z\chart_exports\event_day_details_grouped\0557_GTBP_2024-05-21_push22.53_rebreak,C:\TSIS_Data\00_CTO\13_TRADING_SYSTEMS\03_STRATEGY_LIBRARY\LONG\DAS\runs\das_scanner_appearance_20260628T114046Z\chart_exports\event_day_details_grouped\0557_GTBP_2024-05-21_push22.53_rebreak\02_three_day_overview.png,C:\TSIS_Data\00_CTO\13_TRADING_SYSTEMS\03_STRATEGY_LIBRARY\LONG\DAS\runs\das_scanner_appearance_20260628T114046Z\chart_exports\event_day_details_grouped\0557_GTBP_2024-05-21_push22.53_rebreak\03_event_day_premarket_detail.png,C:\TSIS_Data\00_CTO\13_TRADING_SYSTEMS\03_STRATEGY_LIBRARY\LONG\DAS\runs\das_scanner_appearance_20260628T114046Z\chart_exports\event_day_details_grouped\0557_GTBP_2024-05-21_push22.53_rebreak\04_event_day_detail_until_1600_ny.png,C:\TSIS_Data\00_CTO\13_TRADING_SYSTEMS\03_STRATEGY_LIBRARY\LONG\DAS\runs\das_scanner_appearance_20260628T114046Z\chart_exports\event_day_details_grouped\0557_GTBP_2024-05-21_push22.53_rebreak\05_daily_context.png,das_scanner_appearance:GTBP:2024-05-21T12:29:00+00:00,GTBP,2024-05-21,22.5301,22.5301,59.036144578313234,70.32258064516128,12.6675,20.663225806451614,86.74698795180721,100.0,86.747,65.7506,65.7506,rebreak_confirmed,3.0482,single_candle_rebreak,2024-05-21 08:46:00 EDT,2024-05-21 08:47:00 EDT,0.1818,green_wick_dip_new_high
558,C:\TSIS_Data\00_CTO\13_TRADING_SYSTEMS\03_STRATEGY_LIBRARY\LONG\DAS\runs\das_scanner_appearance_20260628T114046Z\chart_exports\event_day_details_grouped\0558_CCLD_2025-03-13_push22.49_rebreak,C:\TSIS_Data\00_CTO\13_TRADING_SYSTEMS\03_STRATEGY_LIBRARY\LONG\DAS\runs\das_scanner_appearance_20260628T114046Z\chart_exports\event_day_details_grouped\0558_CCLD_2025-03-13_push22.49_rebreak\02_three_day_overview.png,C:\TSIS_Data\00_CTO\13_TRADING_SYSTEMS\03_STRATEGY_LIBRARY\LONG\DAS\runs\das_scanner_appearance_20260628T114046Z\chart_exports\event_day_details_grouped\0558_CCLD_2025-03-13_push22.49_rebreak\03_event_day_premarket_detail.png,C:\TSIS_Data\00_CTO\13_TRADING_SYSTEMS\03_STRATEGY_LIBRARY\LONG\DAS\runs\das_scanner_appearance_20260628T114046Z\chart_exports\event_day_details_grouped\0558_CCLD_2025-03-13_push22.49_rebreak\04_event_day_detail_until_1600_ny.png,C:\TSIS_Data\00_CTO\13_TRADING_SYSTEMS\03_STRATEGY_LIBRARY\LONG\DAS\runs\das_scanner_appearance_20260628T114046Z\chart_exports\event_day_details_grouped\0558_CCLD_2025-03-13_push22.49_rebreak\05_daily_context.png,das_scanner_appearance:CCLD:2025-03-13T12:51:00+00:00,CCLD,2025-03-13,22.4852,22.4852,,,9.8284,13.871165644171793,47.92899408284024,53.37423312883437,47.929,34.691,34.691,rebreak_confirmed,3.3816,single_candle_rebreak,2025-03-13 08:59:00 EDT,2025-03-13 09:00:00 EDT,0.2433,green_wick_dip_new_high
559,C:\TSIS_Data\00_CTO\13_TRADING_SYSTEMS\03_STRATEGY_LIBRARY\LONG\DAS\runs\das_scanner_appearance_20260628T114046Z\chart_exports\event_day_details_grouped\0559_SKYE_2026-02-02_push22.44_rebreak,C:\TSIS_Data\00_CTO\13_TRADING_SYSTEMS\03_STRATEGY_LIBRARY\LONG\DAS\runs\das_scanner_appearance_20260628T114046Z\chart_exports\event_day_details_grouped\0559_SKYE_2026-02-02_push22.44_rebreak\02_three_day_overview.png,C:\TSIS_Data\00_CTO\13_TRADING_SYSTEMS\03_STRATEGY_LIBRARY\LONG\DAS\runs\das_scanner_appearance_20260628T114046Z\chart_exports\event_day_details_grouped\0559_SKYE_2026-02-02_push22.44_rebreak\03_event_day_premarket_detail.png,C:\TSIS_Data\00_CTO\13_TRADING_SYSTEMS\03_STRATEGY_LIBRARY\LONG\DAS\runs\das_scanner_appearance_20260628T114046Z\chart_exports\event_day_details_grouped\0559_SKYE_2026-02-02_push22.44_rebreak\04_event_day_detail_until_1600_ny.png,C:\TSIS_Data\00_CTO\13_TRADING_SYSTEMS\03_STRATEGY_LIBRARY\LONG\DAS\runs\das_scanner_appearance_20260628T114046Z\chart_exports\event_day_details_grouped\0559_SKYE_2026-02-02_push22.44_rebreak\05_daily_context.png,das_scanner_appearance:SKYE:2026-02-02T13:00:00+00:00,SKYE,2026-02-02,22.4412,22.4412,,,2.9412,3.960396039603964,22.44117647058822,23.65346534653464,22.4412,18.9429,18.9429,rebreak_confirmed,14.3246,last_red_high_break,2026-02-02 08:03:00 EST,2026-02-02 08:10:00 EST,1.8692,green_wick_dip_reactivation
560,C:\TSIS_Data\00_CTO\13_TRADING_SYSTEMS\03_STRATEGY_LIBRARY\LONG\DAS\runs\das_scanner_appearance_20260628T114046Z\chart_exports\event_day_details_grouped\0560_RR_2025-01-06_push22.41_rebreak,C:\TSIS_Data\00_CTO\13_TRADING_SYSTEMS\03_STRATEGY_LIBRARY\LONG\DAS\runs\das_scanner_appearance_20260628T114046Z\chart_exports\event_day_details_grouped\0560_RR_2025-01-06_push22.41_rebreak\02_three_day_overview.png,C:\TSIS_Data\00_CTO\13_TRADING_SYSTEMS\03_STRATEGY_LIBRARY\LONG\DAS\runs\das_scanner_appearance_20260628T114046Z\chart_exports\event_day_details_grouped\0560_RR_2025-01-06_push22.41_rebreak\03_event_day_premarket_detail.png,C:\TSIS_Data\00_CTO\13_TRADING_SYSTEMS\03_STRATEGY_LIBRARY\LONG\DAS\runs\das_scanner_appearance_20260628T114046Z\chart_exports\event_day_details_grouped\0560_RR_2025-01-06_push22.41_rebreak\04_event_day_detail_until_1600_ny.png,C:\TSIS_Data\00_CTO\13_TRADING_SYSTEMS\03_STRATEGY_LIBRARY\LONG\DAS\runs\das_scanner_appearance_20260628T114046Z\chart_exports\event_day_details_grouped\0560_RR_2025-01-06_push22.41_rebreak\05_daily_context.png,das_scanner_appearance:RR:2025-01-06T09:02:00+00:00,RR,2025-01-06,22.4138,22.4138,,,13.1466,28.992628992628983,30.81896551724139,49.140049140049136,30.819,15.619,15.619,rebreak_confirmed,4.0493,flat_shelf_break,2025-01-06 04:45:00 EST,2025-01-06 04:47:00 EST,0.3431,green_wick_dip_new_high
561,C:\TSIS_Data\00_CTO\13_TRADING_SYSTEMS\03_STRATEGY_LIBRARY\LONG\DAS\runs\das_scanner_appearance_20260628T114046Z\chart_exports\event_day_details_grouped\0561_JAGX_2026-01-12_push22.32_rebreak,C:\TSIS_Data\00_CTO\13_TRADING_SYSTEMS\03_STRATEGY_LIBRARY\LONG\DAS\runs\das_scanner_appearance_20260628T114046Z\chart_exports\event_day_details_grouped\0561_JAGX_2026-01-12_push22.32_rebreak\02_three_day_overview.png,C:\TSIS_Data\00_CTO\13_TRADING_SYSTEMS\03_STRATEGY_LIBRARY\LONG\DAS\runs\das_scanner_appearance_20260628T114046Z\chart_exports\event_day_details_grouped\0561_JAGX_2026-01-12_push22.32_rebreak\03_event_day_premarket_detail.png,C:\TSIS_Data\00_CTO\13_TRADING_SYSTEMS\03_STRATEGY_LIBRARY\LONG\DAS\runs\das_scanner_appearance_20260628T114046Z\chart_exports\event_day_details_grouped\0561_JAGX_2026-01-12_push22.32_rebreak\04_event_day_detail_until_1600_ny.png,C:\TSIS_Data\00_CTO\13_TRADING_SYSTEMS\03_STRATEGY_LIBRARY\LONG\DAS\runs\das_scanner_appearance_20260628T114046Z\chart_exports\event_day_details_grouped\0561_JAGX_2026-01-12_push22.32_rebreak\05_daily_context.png,das_scanner_appearance:JAGX:2026-01-12T10:12:00+00:00,JAGX,2026-01-12,22.3237,22.3237,,,16.9613,24.76689366160294,31.251227656648993,40.01047668936616,31.2512,12.2177,12.2177,rebreak_confirmed,8.7595,ascending_flag_break,2026-01-12 05:17:00 EST,2026-01-12 05:20:00 EST,0.7583,green_wick_dip_reactivation
562,C:\TSIS_Data\00_CTO\13_TRADING_SYSTEMS\03_STRATEGY_LIBRARY\LONG\DAS\runs\das_scanner_appearance_20260628T114046Z\chart_exports\event_day_details_grouped\0562_IOBT_2025-08-11_push22.28_rebreak,C:\TSIS_Data\00_CTO\13_TRADING_SYSTEMS\03_STRATEGY_LIBRARY\LONG\DAS\runs\das_scanner_appearance_20260628T114046Z\chart_exports\event_day_details_grouped\0562_IOBT_2025-08-11_push22.28_rebreak\02_three_day_overview.png,C:\TSIS_Data\00_CTO\13_TRADING_SYSTEMS\03_STRATEGY_LIBRARY\LONG\DAS\runs\das_scanner_appearance_20260628T114046Z\chart_exports\event_day_details_grouped\0562_IOBT_2025-08-11_push22.28_rebreak\03_event_day_premarket_detail.png,C:\TSIS_Data\00_CTO\13_TRADING_SYSTEMS\03_STRATEGY_LIBRARY\LONG\DAS\runs\das_scanner_appearance_20260628T114046Z\chart_exports\event_day_details_grouped\0562_IOBT_2025-08-11_push22.28_rebreak\04_event_day_detail_until_1600_ny.png,C:\TSIS_Data\00_CTO\13_TRADING_SYSTEMS\03_STRATEGY_LIBRARY\LONG\DAS\runs\das_scanner_appearance_20260628T114046Z\chart_exports\event_day_details_grouped\0562_IOBT_2025-08-11_push22.28_rebreak\05_daily_context.png,das_scanner_appearance:IOBT:2025-08-11T09:02:00+00:00,IOBT,2025-08-11,22.2772,22.2772,50.495049504950494,66.12021857923497,3.4653,14.207650273224031,62.87128712871287,79.78142076502732,62.8713,57.4163,57.4163,rebreak_confirmed,3.6437,multi_candle_flag_break,2025-08-11 06:08:00 EDT,2025-08-11 06:10:00 EDT,1.6,green_wick_dip_reactivation
563,C:\TSIS_Data\00_CTO\13_TRADING_SYSTEMS\03_STRATEGY_LIBRARY\LONG\DAS\runs\das_scanner_appearance_20260628T114046Z\chart_exports\event_day_details_grouped\0563_SDST_2025-07-14_push22.28_rebreak,C:\TSIS_Data\00_CTO\13_TRADING_SYSTEMS\03_STRATEGY_LIBRARY\LONG\DAS\runs\das_scanner_appearance_20260628T114046Z\chart_exports\event_day_details_grouped\0563_SDST_2025-07-14_push22.28_rebreak\02_three_day_overview.png,C:\TSIS_Data\00_CTO\13_TRADING_SYSTEMS\03_STRATEGY_LIBRARY\LONG\DAS\runs\das_scanner_appearance_20260628T114046Z\chart_exports\event_day_details_grouped\0563_SDST_2025-07-14_push22.28_rebreak\03_event_day_premarket_detail.png,C:\TSIS_Data\00_CTO\13_TRADING_SYSTEMS\03_STRATEGY_LIBRARY\LONG\DAS\runs\das_scanner_appearance_20260628T114046Z\chart_exports\event_day_details_grouped\0563_SDST_2025-07-14_push22.28_rebreak\04_event_day_detail_until_1600_ny.png,C:\TSIS_Data\00_CTO\13_TRADING_SYSTEMS\03_STRATEGY_LIBRARY\LONG\DAS\runs\das_scanner_appearance_20260628T114046Z\chart_exports\event_day_details_grouped\0563_SDST_2025-07-14_push22.28_rebreak\05_daily_context.png,das_scanner_appearance:SDST:2025-07-14T08:04:00+00:00,SDST,2025-07-14,22.2766,22.2766,50.93374833259225,172.4317817014446,0.0,80.49759229534511,58.69275233437082,186.43659711075443,58.6928,58.6928,58.6928,rebreak_confirmed,3.6364,multi_candle_flag_break,2025-07-14 08:50:00 EDT,2025-07-14 08:51:00 EDT,4.716,green_wick_dip_new_high
564,C:\TSIS_Data\00_CTO\13_TRADING_SYSTEMS\03_STRATEGY_LIBRARY\LONG\DAS\runs\das_scanner_appearance_20260628T114046Z\chart_exports\event_day_details_grouped\0564_PDYN_2024-12-26_push22.22_rebreak,C:\TSIS_Data\00_CTO\13_TRADING_SYSTEMS\03_STRATEGY_LIBRARY\LONG\DAS\runs\das_scanner_appearance_20260628T114046Z\chart_exports\event_day_details_grouped\0564_PDYN_2024-12-26_push22.22_rebreak\02_three_day_overview.png,C:\TSIS_Data\00_CTO\13_TRADING_SYSTEMS\03_STRATEGY_LIBRARY\LONG\DAS\runs\das_scanner_appearance_20260628T114046Z\chart_exports\event_day_details_grouped\0564_PDYN_2024-12-26_push22.22_rebreak\03_event_day_premarket_detail.png,C:\TSIS_Data\00_CTO\13_TRADING_SYSTEMS\03_STRATEGY_LIBRARY\LONG\DAS\runs\das_scanner_appearance_20260628T114046Z\chart_exports\event_day_details_grouped\0564_PDYN_2024-12-26_push22.22_rebreak\04_event_day_detail_until_1600_ny.png,C:\TSIS_Data\00_CTO\13_TRADING_SYSTEMS\03_STRATEGY_LIBRARY\LONG\DAS\runs\das_scanner_appearance_20260628T114046Z\chart_exports\event_day_details_grouped\0564_PDYN_2024-12-26_push22.22_rebreak\05_daily_context.png,das_scanner_appearance:PDYN:2024-12-26T09:28:00+00:00,PDYN,2024-12-26,22.2222,22.2222,,,2.735,21.659919028340067,26.15384615384616,49.39271255060728,26.1538,22.7953,22.7953,rebreak_confirmed,6.014,ascending_flag_break,2024-12-26 08:54:00 EST,2024-12-26 08:57:00 EST,1.4098,green_wick_dip_reactivation
565,C:\TSIS_Data\00_CTO\13_TRADING_SYSTEMS\03_STRATEGY_LIBRARY\LONG\DAS\runs\das_scanner_appearance_20260628T114046Z\chart_exports\event_day_details_grouped\0565_NFE_2025-12-01_push22.22_rebreak,C:\TSIS_Data\00_CTO\13_TRADING_SYSTEMS\03_STRATEGY_LIBRARY\LONG\DAS\runs\das_scanner_appearance_20260628T114046Z\chart_exports\event_day_details_grouped\0565_NFE_2025-12-01_push22.22_rebreak\02_three_day_overview.png,C:\TSIS_Data\00_CTO\13_TRADING_SYSTEMS\03_STRATEGY_LIBRARY\LONG\DAS\runs\das_scanner_appearance_20260628T114046Z\chart_exports\event_day_details_grouped\0565_NFE_2025-12-01_push22.22_rebreak\03_event_day_premarket_detail.png,C:\TSIS_Data\00_CTO\13_TRADING_SYSTEMS\03_STRATEGY_LIBRARY\LONG\DAS\runs\das_scanner_appearance_20260628T114046Z\chart_exports\event_day_details_grouped\0565_NFE_2025-12-01_push22.22_rebreak\04_event_day_detail_until_1600_ny.png,C:\TSIS_Data\00_CTO\13_TRADING_SYSTEMS\03_STRATEGY_LIBRARY\LONG\DAS\runs\das_scanner_appearance_20260628T114046Z\chart_exports\event_day_details_grouped\0565_NFE_2025-12-01_push22.22_rebreak\05_daily_context.png,das_scanner_appearance:NFE:2025-12-01T09:12:00+00:00,NFE,2025-12-01,22.2222,22.2222,,,6.25,25.409836065573778,22.91666666666667,45.08196721311476,22.9167,15.6863,15.6863,rebreak_confirmed,7.6705,ascending_flag_break,2025-12-01 04:35:00 EST,2025-12-01 04:39:00 EST,0.9063,green_wick_dip_new_high
566,C:\TSIS_Data\00_CTO\13_TRADING_SYSTEMS\03_STRATEGY_LIBRARY\LONG\DAS\runs\das_scanner_appearance_20260628T114046Z\chart_exports\event_day_details_grouped\0566_IFRX_2025-11-10_push22.22_rebreak,C:\TSIS_Data\00_CTO\13_TRADING_SYSTEMS\03_STRATEGY_LIBRARY\LONG\DAS\runs\das_scanner_appearance_20260628T114046Z\chart_exports\event_day_details_grouped\0566_IFRX_2025-11-10_push22.22_rebreak\02_three_day_overview.png,C:\TSIS_Data\00_CTO\13_TRADING_SYSTEMS\03_STRATEGY_LIBRARY\LONG\DAS\runs\das_scanner_appearance_20260628T114046Z\chart_exports\event_day_details_grouped\0566_IFRX_2025-11-10_push22.22_rebreak\03_event_day_premarket_detail.png,C:\TSIS_Data\00_CTO\13_TRADING_SYSTEMS\03_STRATEGY_LIBRARY\LONG\DAS\runs\das_scanner_appearance_20260628T114046Z\chart_exports\event_day_details_grouped\0566_IFRX_2025-11-10_push22.22_rebreak\04_event_day_detail_until_1600_ny.png,C:\TSIS_Data\00_CTO\13_TRADING_SYSTEMS\03_STRATEGY_LIBRARY\LONG\DAS\runs\das_scanner_appearance_20260628T114046Z\chart_exports\event_day_details_grouped\0566_IFRX_2025-11-10_push22.22_rebreak\05_daily_context.png,das_scanner_appearance:IFRX:2025-11-10T09:05:00+00:00,IFRX,2025-11-10,22.2222,22.2222,,,-8.8889,32.79352226720646,37.22222222222223,100.0,37.2222,50.6098,50.6098,rebreak_confirmed,15.9091,single_candle_rebreak,2025-11-10 07:40:00 EST,2025-11-10 07:42:00 EST,4.4776,green_wick_dip_reactivation
567,C:\TSIS_Data\00_CTO\13_TRADING_SYSTEMS\03_STRATEGY_LIBRARY\LONG\DAS\runs\das_scanner_appearance_20260628T114046Z\chart_exports\event_day_details_grouped\0567_BURU_2025-03-19_push22.20_rebreak,C:\TSIS_Data\00_CTO\13_TRADING_SYSTEMS\03_STRATEGY_LIBRARY\LONG\DAS\runs\das_scanner_appearance_20260628T114046Z\chart_exports\event_day_details_grouped\0567_BURU_2025-03-19_push22.20_rebreak\02_three_day_overview.png,C:\TSIS_Data\00_CTO\13_TRADING_SYSTEMS\03_STRATEGY_LIBRARY\LONG\DAS\runs\das_scanner_appearance_20260628T114046Z\chart_exports\event_day_details_grouped\0567_BURU_2025-03-19_push22.20_rebreak\03_event_day_premarket_detail.png,C:\TSIS_Data\00_CTO\13_TRADING_SYSTEMS\03_STRATEGY_LIBRARY\LONG\DAS\runs\das_scanner_appearance_20260628T114046Z\chart_exports\event_day_details_grouped\0567_BURU_2025-03-19_push22.20_rebreak\04_event_day_detail_until_1600_ny.png,C:\TSIS_Data\00_CTO\13_TRADING_SYSTEMS\03_STRATEGY_LIBRARY\LONG\DAS\runs\das_scanner_appearance_20260628T114046Z\chart_exports\event_day_details_grouped\0567_BURU_2025-03-19_push22.20_rebreak\05_daily_context.png,das_scanner_appearance:BURU:2025-03-19T12:35:00+00:00,BURU,2025-03-19,22.204,22.204,,,20.4794,24.063221452672696,29.085108217642507,32.92488012786361,29.0851,7.1429,7.1429,rebreak_confirmed,7.3949,last_red_high_break,2025-03-19 08:38:00 EDT,2025-03-19 08:40:00 EDT,1.4041,green_wick_dip_reactivation
568,C:\TSIS_Data\00_CTO\13_TRADING_SYSTEMS\03_STRATEGY_LIBRARY\LONG\DAS\runs\das_scanner_appearance_20260628T114046Z\chart_exports\event_day_details_grouped\0568_ABAT_2025-10-17_push22.20_rebreak,C:\TSIS_Data\00_CTO\13_TRADING_SYSTEMS\03_STRATEGY_LIBRARY\LONG\DAS\runs\das_scanner_appearance_20260628T114046Z\chart_exports\event_day_details_grouped\0568_ABAT_2025-10-17_push22.20_rebreak\02_three_day_overview.png,C:\TSIS_Data\00_CTO\13_TRADING_SYSTEMS\03_STRATEGY_LIBRARY\LONG\DAS\runs\das_scanner_appearance_20260628T114046Z\chart_exports\event_day_details_grouped\0568_ABAT_2025-10-17_push22.20_rebreak\03_event_day_premarket_detail.png,C:\TSIS_Data\00_CTO\13_TRADING_SYSTEMS\03_STRATEGY_LIBRARY\LONG\DAS\runs\das_scanner_appearance_20260628T114046Z\chart_exports\event_day_details_grouped\0568_ABAT_2025-10-17_push22.20_rebreak\04_event_day_detail_until_1600_ny.png,C:\TSIS_Data\00_CTO\13_TRADING_SYSTEMS\03_STRATEGY_LIBRARY\LONG\DAS\runs\das_scanner_appearance_20260628T114046Z\chart_exports\event_day_details_grouped\0568_ABAT_2025-10-17_push22.20_rebreak\05_daily_context.png,das_scanner_appearance:ABAT:2025-10-17T09:19:00+00:00,ABAT,2025-10-17,22.1978,22.1978,,,3.7363,-16.607773851590114,22.197802197802194,-1.7667844522968292,22.1978,17.7966,17.7966,rebreak_confirmed,4.4964,last_red_high_break,2025-10-17 08:38:00 EDT,2025-10-17 08:42:00 EDT,0.0469,green_wick_dip_reactivation
569,C:\TSIS_Data\00_CTO\13_TRADING_SYSTEMS\03_STRATEGY_LIBRARY\LONG\DAS\runs\das_scanner_appearance_20260628T114046Z\chart_exports\event_day_details_grouped\0569_PMAX_2025-12-03_push22.16_rebreak,C:\TSIS_Data\00_CTO\13_TRADING_SYSTEMS\03_STRATEGY_LIBRARY\LONG\DAS\runs\das_scanner_appearance_20260628T114046Z\chart_exports\event_day_details_grouped\0569_PMAX_2025-12-03_push22.16_rebreak\02_three_day_overview.png,C:\TSIS_Data\00_CTO\13_TRADING_SYSTEMS\03_STRATEGY_LIBRARY\LONG\DAS\runs\das_scanner_appearance_20260628T114046Z\chart_exports\event_day_details_grouped\0569_PMAX_2025-12-03_push22.16_rebreak\03_event_day_premarket_detail.png,C:\TSIS_Data\00_CTO\13_TRADING_SYSTEMS\03_STRATEGY_LIBRARY\LONG\DAS\runs\das_scanner_appearance_20260628T114046Z\chart_exports\event_day_details_grouped\0569_PMAX_2025-12-03_push22.16_rebreak\04_event_day_detail_until_1600_ny.png,C:\TSIS_Data\00_CTO\13_TRADING_SYSTEMS\03_STRATEGY_LIBRARY\LONG\DAS\runs\das_scanner_appearance_20260628T114046Z\chart_exports\event_day_details_grouped\0569_PMAX_2025-12-03_push22.16_rebreak\05_daily_context.png,das_scanner_appearance:PMAX:2025-12-03T09:02:00+00:00,PMAX,2025-12-03,22.1557,22.1557,,,15.2695,71.42348279086337,25.748502994011986,87.00743577185095,25.7485,9.0909,9.0909,rebreak_confirmed,8.0882,vwap_reclaim_rebreak,2025-12-03 04:07:00 EST,2025-12-03 04:13:00 EST,2.0888,green_wick_dip_reactivation
570,C:\TSIS_Data\00_CTO\13_TRADING_SYSTEMS\03_STRATEGY_LIBRARY\LONG\DAS\runs\das_scanner_appearance_20260628T114046Z\chart_exports\event_day_details_grouped\0570_SGML_2025-11-19_push22.14_rebreak,C:\TSIS_Data\00_CTO\13_TRADING_SYSTEMS\03_STRATEGY_LIBRARY\LONG\DAS\runs\das_scanner_appearance_20260628T114046Z\chart_exports\event_day_details_grouped\0570_SGML_2025-11-19_push22.14_rebreak\02_three_day_overview.png,C:\TSIS_Data\00_CTO\13_TRADING_SYSTEMS\03_STRATEGY_LIBRARY\LONG\DAS\runs\das_scanner_appearance_20260628T114046Z\chart_exports\event_day_details_grouped\0570_SGML_2025-11-19_push22.14_rebreak\03_event_day_premarket_detail.png,C:\TSIS_Data\00_CTO\13_TRADING_SYSTEMS\03_STRATEGY_LIBRARY\LONG\DAS\runs\das_scanner_appearance_20260628T114046Z\chart_exports\event_day_details_grouped\0570_SGML_2025-11-19_push22.14_rebreak\04_event_day_detail_until_1600_ny.png,C:\TSIS_Data\00_CTO\13_TRADING_SYSTEMS\03_STRATEGY_LIBRARY\LONG\DAS\runs\das_scanner_appearance_20260628T114046Z\chart_exports\event_day_details_grouped\0570_SGML_2025-11-19_push22.14_rebreak\05_daily_context.png,das_scanner_appearance:SGML:2025-11-19T10:48:00+00:00,SGML,2025-11-19,22.1437,22.1437,,,11.0718,21.052631578947363,27.444051825677267,38.896020539152765,27.4441,14.7402,14.7402,rebreak_confirmed,3.4716,flat_shelf_break,2025-11-19 06:36:00 EST,2025-11-19 06:44:00 EST,0.885,green_wick_dip_new_high
571,C:\TSIS_Data\00_CTO\13_TRADING_SYSTEMS\03_STRATEGY_LIBRARY\LONG\DAS\runs\das_scanner_appearance_20260628T114046Z\chart_exports\event_day_details_grouped\0571_AUUD_2026-02-18_push22.14_rebreak,C:\TSIS_Data\00_CTO\13_TRADING_SYSTEMS\03_STRATEGY_LIBRARY\LONG\DAS\runs\das_scanner_appearance_20260628T114046Z\chart_exports\event_day_details_grouped\0571_AUUD_2026-02-18_push22.14_rebreak\02_three_day_overview.png,C:\TSIS_Data\00_CTO\13_TRADING_SYSTEMS\03_STRATEGY_LIBRARY\LONG\DAS\runs\das_scanner_appearance_20260628T114046Z\chart_exports\event_day_details_grouped\0571_AUUD_2026-02-18_push22.14_rebreak\03_event_day_premarket_detail.png,C:\TSIS_Data\00_CTO\13_TRADING_SYSTEMS\03_STRATEGY_LIBRARY\LONG\DAS\runs\das_scanner_appearance_20260628T114046Z\chart_exports\event_day_details_grouped\0571_AUUD_2026-02-18_push22.14_rebreak\04_event_day_detail_until_1600_ny.png,C:\TSIS_Data\00_CTO\13_TRADING_SYSTEMS\03_STRATEGY_LIBRARY\LONG\DAS\runs\das_scanner_appearance_20260628T114046Z\chart_exports\event_day_details_grouped\0571_AUUD_2026-02-18_push22.14_rebreak\05_daily_context.png,das_scanner_appearance:AUUD:2026-02-18T09:01:00+00:00,AUUD,2026-02-18,22.1429,22.1429,,,5.7143,77.26673853156066,22.142857142857146,104.81494789795185,22.1429,15.5405,15.5405,rebreak_confirmed,6.4327,last_red_high_break,2026-02-18 07:20:00 EST,2026-02-18 07:25:00 EST,3.1646,green_wick_dip_reactivation
572,C:\TSIS_Data\00_CTO\13_TRADING_SYSTEMS\03_STRATEGY_LIBRARY\LONG\DAS\runs\das_scanner_appearance_20260628T114046Z\chart_exports\event_day_details_grouped\0572_TENX_2024-08-06_push22.13_rebreak,C:\TSIS_Data\00_CTO\13_TRADING_SYSTEMS\03_STRATEGY_LIBRARY\LONG\DAS\runs\das_scanner_appearance_20260628T114046Z\chart_exports\event_day_details_grouped\0572_TENX_2024-08-06_push22.13_rebreak\02_three_day_overview.png,C:\TSIS_Data\00_CTO\13_TRADING_SYSTEMS\03_STRATEGY_LIBRARY\LONG\DAS\runs\das_scanner_appearance_20260628T114046Z\chart_exports\event_day_details_grouped\0572_TENX_2024-08-06_push22.13_rebreak\03_event_day_premarket_detail.png,C:\TSIS_Data\00_CTO\13_TRADING_SYSTEMS\03_STRATEGY_LIBRARY\LONG\DAS\runs\das_scanner_appearance_20260628T114046Z\chart_exports\event_day_details_grouped\0572_TENX_2024-08-06_push22.13_rebreak\04_event_day_detail_until_1600_ny.png,C:\TSIS_Data\00_CTO\13_TRADING_SYSTEMS\03_STRATEGY_LIBRARY\LONG\DAS\runs\das_scanner_appearance_20260628T114046Z\chart_exports\event_day_details_grouped\0572_TENX_2024-08-06_push22.13_rebreak\05_daily_context.png,das_scanner_appearance:TENX:2024-08-06T11:31:00+00:00,TENX,2024-08-06,22.1333,22.1333,,,19.4667,53.42465753424659,48.800000000000004,91.09589041095892,48.8,24.5536,24.5536,rebreak_confirmed,10.262,ascending_flag_break,2024-08-06 07:36:00 EDT,2024-08-06 07:37:00 EDT,1.7837,green_wick_dip_reactivation
573,C:\TSIS_Data\00_CTO\13_TRADING_SYSTEMS\03_STRATEGY_LIBRARY\LONG\DAS\runs\das_scanner_appearance_20260628T114046Z\chart_exports\event_day_details_grouped\0573_OPTT_2024-12-02_push22.13_rebreak,C:\TSIS_Data\00_CTO\13_TRADING_SYSTEMS\03_STRATEGY_LIBRARY\LONG\DAS\runs\das_scanner_appearance_20260628T114046Z\chart_exports\event_day_details_grouped\0573_OPTT_2024-12-02_push22.13_rebreak\02_three_day_overview.png,C:\TSIS_Data\00_CTO\13_TRADING_SYSTEMS\03_STRATEGY_LIBRARY\LONG\DAS\runs\das_scanner_appearance_20260628T114046Z\chart_exports\event_day_details_grouped\0573_OPTT_2024-12-02_push22.13_rebreak\03_event_day_premarket_detail.png,C:\TSIS_Data\00_CTO\13_TRADING_SYSTEMS\03_STRATEGY_LIBRARY\LONG\DAS\runs\das_scanner_appearance_20260628T114046Z\chart_exports\event_day_details_grouped\0573_OPTT_2024-12-02_push22.13_rebreak\04_event_day_detail_until_1600_ny.png,C:\TSIS_Data\00_CTO\13_TRADING_SYSTEMS\03_STRATEGY_LIBRARY\LONG\DAS\runs\das_scanner_appearance_20260628T114046Z\chart_exports\event_day_details_grouped\0573_OPTT_2024-12-02_push22.13_rebreak\05_daily_context.png,das_scanner_appearance:OPTT:2024-12-02T09:03:00+00:00,OPTT,2024-12-02,22.1292,22.1292,,,-1.7911,17.34,36.59189822564444,63.19999999999999,36.5919,39.083,39.083,rebreak_confirmed,3.2621,flat_shelf_break,2024-12-02 07:37:00 EST,2024-12-02 07:44:00 EST,1.4323,green_wick_dip_new_high
574,C:\TSIS_Data\00_CTO\13_TRADING_SYSTEMS\03_STRATEGY_LIBRARY\LONG\DAS\runs\das_scanner_appearance_20260628T114046Z\chart_exports\event_day_details_grouped\0574_WAFU_2025-02-25_push22.11_rebreak,C:\TSIS_Data\00_CTO\13_TRADING_SYSTEMS\03_STRATEGY_LIBRARY\LONG\DAS\runs\das_scanner_appearance_20260628T114046Z\chart_exports\event_day_details_grouped\0574_WAFU_2025-02-25_push22.11_rebreak\02_three_day_overview.png,C:\TSIS_Data\00_CTO\13_TRADING_SYSTEMS\03_STRATEGY_LIBRARY\LONG\DAS\runs\das_scanner_appearance_20260628T114046Z\chart_exports\event_day_details_grouped\0574_WAFU_2025-02-25_push22.11_rebreak\03_event_day_premarket_detail.png,C:\TSIS_Data\00_CTO\13_TRADING_SYSTEMS\03_STRATEGY_LIBRARY\LONG\DAS\runs\das_scanner_appearance_20260628T114046Z\chart_exports\event_day_details_grouped\0574_WAFU_2025-02-25_push22.11_rebreak\04_event_day_detail_until_1600_ny.png,C:\TSIS_Data\00_CTO\13_TRADING_SYSTEMS\03_STRATEGY_LIBRARY\LONG\DAS\runs\das_scanner_appearance_20260628T114046Z\chart_exports\event_day_details_grouped\0574_WAFU_2025-02-25_push22.11_rebreak\05_daily_context.png,das_scanner_appearance:WAFU:2025-02-25T09:13:00+00:00,WAFU,2025-02-25,22.1122,22.1122,,,-4.6205,71.00591715976333,36.633663366336634,144.97041420118342,36.6337,43.2526,43.2526,rebreak_confirmed,7.5676,ascending_flag_break,2025-02-25 04:21:00 EST,2025-02-25 04:22:00 EST,1.7812,green_wick_dip_new_high
575,C:\TSIS_Data\00_CTO\13_TRADING_SYSTEMS\03_STRATEGY_LIBRARY\LONG\DAS\runs\das_scanner_appearance_20260628T114046Z\chart_exports\event_day_details_grouped\0575_GV_2025-03-07_push22.10_rebreak,C:\TSIS_Data\00_CTO\13_TRADING_SYSTEMS\03_STRATEGY_LIBRARY\LONG\DAS\runs\das_scanner_appearance_20260628T114046Z\chart_exports\event_day_details_grouped\0575_GV_2025-03-07_push22.10_rebreak\02_three_day_overview.png,C:\TSIS_Data\00_CTO\13_TRADING_SYSTEMS\03_STRATEGY_LIBRARY\LONG\DAS\runs\das_scanner_appearance_20260628T114046Z\chart_exports\event_day_details_grouped\0575_GV_2025-03-07_push22.10_rebreak\03_event_day_premarket_detail.png,C:\TSIS_Data\00_CTO\13_TRADING_SYSTEMS\03_STRATEGY_LIBRARY\LONG\DAS\runs\das_scanner_appearance_20260628T114046Z\chart_exports\event_day_details_grouped\0575_GV_2025-03-07_push22.10_rebreak\04_event_day_detail_until_1600_ny.png,C:\TSIS_Data\00_CTO\13_TRADING_SYSTEMS\03_STRATEGY_LIBRARY\LONG\DAS\runs\das_scanner_appearance_20260628T114046Z\chart_exports\event_day_details_grouped\0575_GV_2025-03-07_push22.10_rebreak\05_daily_context.png,das_scanner_appearance:GV:2025-03-07T13:44:00+00:00,GV,2025-03-07,22.0982,22.0982,,,-10.4911,-17.995910020449895,40.624999999999986,28.834355828220865,40.625,57.1072,57.1072,rebreak_confirmed,6.7642,flat_shelf_break,2025-03-07 09:06:00 EST,2025-03-07 09:10:00 EST,1.7442,green_wick_dip_reactivation
576,C:\TSIS_Data\00_CTO\13_TRADING_SYSTEMS\03_STRATEGY_LIBRARY\LONG\DAS\runs\das_scanner_appearance_20260628T114046Z\chart_exports\event_day_details_grouped\0576_VSEE_2025-11-11_push22.09_rebreak,C:\TSIS_Data\00_CTO\13_TRADING_SYSTEMS\03_STRATEGY_LIBRARY\LONG\DAS\runs\das_scanner_appearance_20260628T114046Z\chart_exports\event_day_details_grouped\0576_VSEE_2025-11-11_push22.09_rebreak\02_three_day_overview.png,C:\TSIS_Data\00_CTO\13_TRADING_SYSTEMS\03_STRATEGY_LIBRARY\LONG\DAS\runs\das_scanner_appearance_20260628T114046Z\chart_exports\event_day_details_grouped\0576_VSEE_2025-11-11_push22.09_rebreak\03_event_day_premarket_detail.png,C:\TSIS_Data\00_CTO\13_TRADING_SYSTEMS\03_STRATEGY_LIBRARY\LONG\DAS\runs\das_scanner_appearance_20260628T114046Z\chart_exports\event_day_details_grouped\0576_VSEE_2025-11-11_push22.09_rebreak\04_event_day_detail_until_1600_ny.png,C:\TSIS_Data\00_CTO\13_TRADING_SYSTEMS\03_STRATEGY_LIBRARY\LONG\DAS\runs\das_scanner_appearance_20260628T114046Z\chart_exports\event_day_details_grouped\0576_VSEE_2025-11-11_push22.09_rebreak\05_daily_context.png,das_scanner_appearance:VSEE:2025-11-11T13:22:00+00:00,VSEE,2025-11-11,22.093,22.093,,,20.9302,21.183873223024946,23.25581395348838,23.514332323467734,23.2558,1.9231,1.9231,rebreak_confirmed,12.1048,vwap_reclaim_rebreak,2025-11-11 08:39:00 EST,2025-11-11 08:42:00 EST,0.3153,green_wick_dip_reactivation
577,C:\TSIS_Data\00_CTO\13_TRADING_SYSTEMS\03_STRATEGY_LIBRARY\LONG\DAS\runs\das_scanner_appearance_20260628T114046Z\chart_exports\event_day_details_grouped\0577_MDAI_2024-11-27_push22.08_rebreak,C:\TSIS_Data\00_CTO\13_TRADING_SYSTEMS\03_STRATEGY_LIBRARY\LONG\DAS\runs\das_scanner_appearance_20260628T114046Z\chart_exports\event_day_details_grouped\0577_MDAI_2024-11-27_push22.08_rebreak\02_three_day_overview.png,C:\TSIS_Data\00_CTO\13_TRADING_SYSTEMS\03_STRATEGY_LIBRARY\LONG\DAS\runs\das_scanner_appearance_20260628T114046Z\chart_exports\event_day_details_grouped\0577_MDAI_2024-11-27_push22.08_rebreak\03_event_day_premarket_detail.png,C:\TSIS_Data\00_CTO\13_TRADING_SYSTEMS\03_STRATEGY_LIBRARY\LONG\DAS\runs\das_scanner_appearance_20260628T114046Z\chart_exports\event_day_details_grouped\0577_MDAI_2024-11-27_push22.08_rebreak\04_event_day_detail_until_1600_ny.png,C:\TSIS_Data\00_CTO\13_TRADING_SYSTEMS\03_STRATEGY_LIBRARY\LONG\DAS\runs\das_scanner_appearance_20260628T114046Z\chart_exports\event_day_details_grouped\0577_MDAI_2024-11-27_push22.08_rebreak\05_daily_context.png,das_scanner_appearance:MDAI:2024-11-27T12:27:00+00:00,MDAI,2024-11-27,22.0779,22.0779,,,17.5325,26.573426573426584,27.922077922077914,37.76223776223777,27.9221,8.8398,8.8398,rebreak_confirmed,3.1915,single_candle_rebreak,2024-11-27 07:30:00 EST,2024-11-27 07:32:00 EST,0.8,green_wick_dip_new_high
578,C:\TSIS_Data\00_CTO\13_TRADING_SYSTEMS\03_STRATEGY_LIBRARY\LONG\DAS\runs\das_scanner_appearance_20260628T114046Z\chart_exports\event_day_details_grouped\0578_NVVE_2025-11-21_push22.04_rebreak,C:\TSIS_Data\00_CTO\13_TRADING_SYSTEMS\03_STRATEGY_LIBRARY\LONG\DAS\runs\das_scanner_appearance_20260628T114046Z\chart_exports\event_day_details_grouped\0578_NVVE_2025-11-21_push22.04_rebreak\02_three_day_overview.png,C:\TSIS_Data\00_CTO\13_TRADING_SYSTEMS\03_STRATEGY_LIBRARY\LONG\DAS\runs\das_scanner_appearance_20260628T114046Z\chart_exports\event_day_details_grouped\0578_NVVE_2025-11-21_push22.04_rebreak\03_event_day_premarket_detail.png,C:\TSIS_Data\00_CTO\13_TRADING_SYSTEMS\03_STRATEGY_LIBRARY\LONG\DAS\runs\das_scanner_appearance_20260628T114046Z\chart_exports\event_day_details_grouped\0578_NVVE_2025-11-21_push22.04_rebreak\04_event_day_detail_until_1600_ny.png,C:\TSIS_Data\00_CTO\13_TRADING_SYSTEMS\03_STRATEGY_LIBRARY\LONG\DAS\runs\das_scanner_appearance_20260628T114046Z\chart_exports\event_day_details_grouped\0578_NVVE_2025-11-21_push22.04_rebreak\05_daily_context.png,das_scanner_appearance:NVVE:2025-11-21T10:49:00+00:00,NVVE,2025-11-21,22.0426,22.0426,,,8.5106,55.01519756838904,33.659574468085104,90.94224924012157,33.6596,23.1765,23.1765,rebreak_confirmed,5.1604,multi_candle_flag_break,2025-11-21 07:13:00 EST,2025-11-21 07:14:00 EST,0.8929,green_wick_dip_new_high
579,C:\TSIS_Data\00_CTO\13_TRADING_SYSTEMS\03_STRATEGY_LIBRARY\LONG\DAS\runs\das_scanner_appearance_20260628T114046Z\chart_exports\event_day_details_grouped\0579_QLGN_2025-10-24_push22.00_rebreak,C:\TSIS_Data\00_CTO\13_TRADING_SYSTEMS\03_STRATEGY_LIBRARY\LONG\DAS\runs\das_scanner_appearance_20260628T114046Z\chart_exports\event_day_details_grouped\0579_QLGN_2025-10-24_push22.00_rebreak\02_three_day_overview.png,C:\TSIS_Data\00_CTO\13_TRADING_SYSTEMS\03_STRATEGY_LIBRARY\LONG\DAS\runs\das_scanner_appearance_20260628T114046Z\chart_exports\event_day_details_grouped\0579_QLGN_2025-10-24_push22.00_rebreak\03_event_day_premarket_detail.png,C:\TSIS_Data\00_CTO\13_TRADING_SYSTEMS\03_STRATEGY_LIBRARY\LONG\DAS\runs\das_scanner_appearance_20260628T114046Z\chart_exports\event_day_details_grouped\0579_QLGN_2025-10-24_push22.00_rebreak\04_event_day_detail_until_1600_ny.png,C:\TSIS_Data\00_CTO\13_TRADING_SYSTEMS\03_STRATEGY_LIBRARY\LONG\DAS\runs\das_scanner_appearance_20260628T114046Z\chart_exports\event_day_details_grouped\0579_QLGN_2025-10-24_push22.00_rebreak\05_daily_context.png,das_scanner_appearance:QLGN:2025-10-24T08:03:00+00:00,QLGN,2025-10-24,22.0036,22.0036,,,3.7567,62.46498599439776,41.323792486583194,121.28851540616247,41.3238,36.2069,36.2069,rebreak_confirmed,5.2786,vwap_reclaim_rebreak,2025-10-24 04:41:00 EDT,2025-10-24 04:42:00 EDT,0.2817,green_wick_dip_new_high
580,C:\TSIS_Data\00_CTO\13_TRADING_SYSTEMS\03_STRATEGY_LIBRARY\LONG\DAS\runs\das_scanner_appearance_20260628T114046Z\chart_exports\event_day_details_grouped\0580_FEMY_2025-10-06_push21.97_rebreak,C:\TSIS_Data\00_CTO\13_TRADING_SYSTEMS\03_STRATEGY_LIBRARY\LONG\DAS\runs\das_scanner_appearance_20260628T114046Z\chart_exports\event_day_details_grouped\0580_FEMY_2025-10-06_push21.97_rebreak\02_three_day_overview.png,C:\TSIS_Data\00_CTO\13_TRADING_SYSTEMS\03_STRATEGY_LIBRARY\LONG\DAS\runs\das_scanner_appearance_20260628T114046Z\chart_exports\event_day_details_grouped\0580_FEMY_2025-10-06_push21.97_rebreak\03_event_day_premarket_detail.png,C:\TSIS_Data\00_CTO\13_TRADING_SYSTEMS\03_STRATEGY_LIBRARY\LONG\DAS\runs\das_scanner_appearance_20260628T114046Z\chart_exports\event_day_details_grouped\0580_FEMY_2025-10-06_push21.97_rebreak\04_event_day_detail_until_1600_ny.png,C:\TSIS_Data\00_CTO\13_TRADING_SYSTEMS\03_STRATEGY_LIBRARY\LONG\DAS\runs\das_scanner_appearance_20260628T114046Z\chart_exports\event_day_details_grouped\0580_FEMY_2025-10-06_push21.97_rebreak\05_daily_context.png,das_scanner_appearance:FEMY:2025-10-06T08:01:00+00:00,FEMY,2025-10-06,21.9669,21.9669,,,3.9928,27.962085308056878,25.818461933495946,54.818325434439174,25.8185,20.9877,20.9877,rebreak_confirmed,4.8947,multi_candle_flag_break,2025-10-06 07:25:00 EDT,2025-10-06 07:27:00 EDT,0.327,green_wick_dip_new_high
581,C:\TSIS_Data\00_CTO\13_TRADING_SYSTEMS\03_STRATEGY_LIBRARY\LONG\DAS\runs\das_scanner_appearance_20260628T114046Z\chart_exports\event_day_details_grouped\0581_QURE_2024-07-09_push21.95_rebreak,C:\TSIS_Data\00_CTO\13_TRADING_SYSTEMS\03_STRATEGY_LIBRARY\LONG\DAS\runs\das_scanner_appearance_20260628T114046Z\chart_exports\event_day_details_grouped\0581_QURE_2024-07-09_push21.95_rebreak\02_three_day_overview.png,C:\TSIS_Data\00_CTO\13_TRADING_SYSTEMS\03_STRATEGY_LIBRARY\LONG\DAS\runs\das_scanner_appearance_20260628T114046Z\chart_exports\event_day_details_grouped\0581_QURE_2024-07-09_push21.95_rebreak\03_event_day_premarket_detail.png,C:\TSIS_Data\00_CTO\13_TRADING_SYSTEMS\03_STRATEGY_LIBRARY\LONG\DAS\runs\das_scanner_appearance_20260628T114046Z\chart_exports\event_day_details_grouped\0581_QURE_2024-07-09_push21.95_rebreak\04_event_day_detail_until_1600_ny.png,C:\TSIS_Data\00_CTO\13_TRADING_SYSTEMS\03_STRATEGY_LIBRARY\LONG\DAS\runs\das_scanner_appearance_20260628T114046Z\chart_exports\event_day_details_grouped\0581_QURE_2024-07-09_push21.95_rebreak\05_daily_context.png,das_scanner_appearance:QURE:2024-07-09T11:37:00+00:00,QURE,2024-07-09,21.9512,21.9512,51.843902439024404,64.26385224274405,7.0732,15.83113456464379,52.19512195121953,64.64379947229551,52.1951,42.1412,42.1412,rebreak_confirmed,5.2,flat_shelf_break,2024-07-09 08:37:00 EDT,2024-07-09 08:43:00 EDT,0.174,green_wick_dip_new_high
582,C:\TSIS_Data\00_CTO\13_TRADING_SYSTEMS\03_STRATEGY_LIBRARY\LONG\DAS\runs\das_scanner_appearance_20260628T114046Z\chart_exports\event_day_details_grouped\0582_RIME_2026-02-17_push21.93_rebreak,C:\TSIS_Data\00_CTO\13_TRADING_SYSTEMS\03_STRATEGY_LIBRARY\LONG\DAS\runs\das_scanner_appearance_20260628T114046Z\chart_exports\event_day_details_grouped\0582_RIME_2026-02-17_push21.93_rebreak\02_three_day_overview.png,C:\TSIS_Data\00_CTO\13_TRADING_SYSTEMS\03_STRATEGY_LIBRARY\LONG\DAS\runs\das_scanner_appearance_20260628T114046Z\chart_exports\event_day_details_grouped\0582_RIME_2026-02-17_push21.93_rebreak\03_event_day_premarket_detail.png,C:\TSIS_Data\00_CTO\13_TRADING_SYSTEMS\03_STRATEGY_LIBRARY\LONG\DAS\runs\das_scanner_appearance_20260628T114046Z\chart_exports\event_day_details_grouped\0582_RIME_2026-02-17_push21.93_rebreak\04_event_day_detail_until_1600_ny.png,C:\TSIS_Data\00_CTO\13_TRADING_SYSTEMS\03_STRATEGY_LIBRARY\LONG\DAS\runs\das_scanner_appearance_20260628T114046Z\chart_exports\event_day_details_grouped\0582_RIME_2026-02-17_push21.93_rebreak\05_daily_context.png,das_scanner_appearance:RIME:2026-02-17T09:06:00+00:00,RIME,2026-02-17,21.9277,21.9277,,,-3.6145,14.285714285714285,25.060240963855417,48.2857142857143,25.0602,29.75,29.75,rebreak_confirmed,3.1621,single_candle_rebreak,2026-02-17 07:47:00 EST,2026-02-17 07:52:00 EST,2.9866,green_wick_dip_reactivation
583,C:\TSIS_Data\00_CTO\13_TRADING_SYSTEMS\03_STRATEGY_LIBRARY\LONG\DAS\runs\das_scanner_appearance_20260628T114046Z\chart_exports\event_day_details_grouped\0583_PCSA_2025-10-07_push21.93_rebreak,C:\TSIS_Data\00_CTO\13_TRADING_SYSTEMS\03_STRATEGY_LIBRARY\LONG\DAS\runs\das_scanner_appearance_20260628T114046Z\chart_exports\event_day_details_grouped\0583_PCSA_2025-10-07_push21.93_rebreak\02_three_day_overview.png,C:\TSIS_Data\00_CTO\13_TRADING_SYSTEMS\03_STRATEGY_LIBRARY\LONG\DAS\runs\das_scanner_appearance_20260628T114046Z\chart_exports\event_day_details_grouped\0583_PCSA_2025-10-07_push21.93_rebreak\03_event_day_premarket_detail.png,C:\TSIS_Data\00_CTO\13_TRADING_SYSTEMS\03_STRATEGY_LIBRARY\LONG\DAS\runs\das_scanner_appearance_20260628T114046Z\chart_exports\event_day_details_grouped\0583_PCSA_2025-10-07_push21.93_rebreak\04_event_day_detail_until_1600_ny.png,C:\TSIS_Data\00_CTO\13_TRADING_SYSTEMS\03_STRATEGY_LIBRARY\LONG\DAS\runs\das_scanner_appearance_20260628T114046Z\chart_exports\event_day_details_grouped\0583_PCSA_2025-10-07_push21.93_rebreak\05_daily_context.png,das_scanner_appearance:PCSA:2025-10-07T09:50:00+00:00,PCSA,2025-10-07,21.9257,21.9257,,,-4.7593,23.0277185501066,21.92572214580467,57.49822316986496,21.9257,28.0185,28.0185,rebreak_confirmed,10.9206,last_red_high_break,2025-10-07 08:03:00 EDT,2025-10-07 08:09:00 EDT,11.2482,green_wick_dip_reactivation
584,C:\TSIS_Data\00_CTO\13_TRADING_SYSTEMS\03_STRATEGY_LIBRARY\LONG\DAS\runs\das_scanner_appearance_20260628T114046Z\chart_exports\event_day_details_grouped\0584_SES_2025-01-23_push21.92_rebreak,C:\TSIS_Data\00_CTO\13_TRADING_SYSTEMS\03_STRATEGY_LIBRARY\LONG\DAS\runs\das_scanner_appearance_20260628T114046Z\chart_exports\event_day_details_grouped\0584_SES_2025-01-23_push21.92_rebreak\02_three_day_overview.png,C:\TSIS_Data\00_CTO\13_TRADING_SYSTEMS\03_STRATEGY_LIBRARY\LONG\DAS\runs\das_scanner_appearance_20260628T114046Z\chart_exports\event_day_details_grouped\0584_SES_2025-01-23_push21.92_rebreak\03_event_day_premarket_detail.png,C:\TSIS_Data\00_CTO\13_TRADING_SYSTEMS\03_STRATEGY_LIBRARY\LONG\DAS\runs\das_scanner_appearance_20260628T114046Z\chart_exports\event_day_details_grouped\0584_SES_2025-01-23_push21.92_rebreak\04_event_day_detail_until_1600_ny.png,C:\TSIS_Data\00_CTO\13_TRADING_SYSTEMS\03_STRATEGY_LIBRARY\LONG\DAS\runs\das_scanner_appearance_20260628T114046Z\chart_exports\event_day_details_grouped\0584_SES_2025-01-23_push21.92_rebreak\05_daily_context.png,das_scanner_appearance:SES:2025-01-23T12:16:00+00:00,SES,2025-01-23,21.9237,21.9237,,,-0.0903,6.446956940101031,34.341837886656116,43.13206639403415,34.3418,34.4633,34.4633,rebreak_confirmed,3.7037,multi_candle_flag_break,2025-01-23 08:41:00 EST,2025-01-23 08:45:00 EST,0.9259,green_wick_dip_new_high
585,C:\TSIS_Data\00_CTO\13_TRADING_SYSTEMS\03_STRATEGY_LIBRARY\LONG\DAS\runs\das_scanner_appearance_20260628T114046Z\chart_exports\event_day_details_grouped\0585_CCG_2024-05-29_push21.91_rebreak,C:\TSIS_Data\00_CTO\13_TRADING_SYSTEMS\03_STRATEGY_LIBRARY\LONG\DAS\runs\das_scanner_appearance_20260628T114046Z\chart_exports\event_day_details_grouped\0585_CCG_2024-05-29_push21.91_rebreak\02_three_day_overview.png,C:\TSIS_Data\00_CTO\13_TRADING_SYSTEMS\03_STRATEGY_LIBRARY\LONG\DAS\runs\das_scanner_appearance_20260628T114046Z\chart_exports\event_day_details_grouped\0585_CCG_2024-05-29_push21.91_rebreak\03_event_day_premarket_detail.png,C:\TSIS_Data\00_CTO\13_TRADING_SYSTEMS\03_STRATEGY_LIBRARY\LONG\DAS\runs\das_scanner_appearance_20260628T114046Z\chart_exports\event_day_details_grouped\0585_CCG_2024-05-29_push21.91_rebreak\04_event_day_detail_until_1600_ny.png,C:\TSIS_Data\00_CTO\13_TRADING_SYSTEMS\03_STRATEGY_LIBRARY\LONG\DAS\runs\das_scanner_appearance_20260628T114046Z\chart_exports\event_day_details_grouped\0585_CCG_2024-05-29_push21.91_rebreak\05_daily_context.png,das_scanner_appearance:CCG:2024-05-29T09:39:00+00:00,CCG,2024-05-29,21.9101,21.9101,,,0.5618,34.58646616541353,41.57303370786517,89.4736842105263,41.573,40.7821,40.7821,rebreak_confirmed,3.2258,single_candle_rebreak,2024-05-29 07:28:00 EDT,2024-05-29 07:29:00 EDT,3.1818,green_wick_dip_new_high
586,C:\TSIS_Data\00_CTO\13_TRADING_SYSTEMS\03_STRATEGY_LIBRARY\LONG\DAS\runs\das_scanner_appearance_20260628T114046Z\chart_exports\event_day_details_grouped\0586_SPRO_2025-05-30_push21.90_rebreak,C:\TSIS_Data\00_CTO\13_TRADING_SYSTEMS\03_STRATEGY_LIBRARY\LONG\DAS\runs\das_scanner_appearance_20260628T114046Z\chart_exports\event_day_details_grouped\0586_SPRO_2025-05-30_push21.90_rebreak\02_three_day_overview.png,C:\TSIS_Data\00_CTO\13_TRADING_SYSTEMS\03_STRATEGY_LIBRARY\LONG\DAS\runs\das_scanner_appearance_20260628T114046Z\chart_exports\event_day_details_grouped\0586_SPRO_2025-05-30_push21.90_rebreak\03_event_day_premarket_detail.png,C:\TSIS_Data\00_CTO\13_TRADING_SYSTEMS\03_STRATEGY_LIBRARY\LONG\DAS\runs\das_scanner_appearance_20260628T114046Z\chart_exports\event_day_details_grouped\0586_SPRO_2025-05-30_push21.90_rebreak\04_event_day_detail_until_1600_ny.png,C:\TSIS_Data\00_CTO\13_TRADING_SYSTEMS\03_STRATEGY_LIBRARY\LONG\DAS\runs\das_scanner_appearance_20260628T114046Z\chart_exports\event_day_details_grouped\0586_SPRO_2025-05-30_push21.90_rebreak\05_daily_context.png,das_scanner_appearance:SPRO:2025-05-30T08:11:00+00:00,SPRO,2025-05-30,21.9048,21.9048,,,18.0952,15.779645191409902,21.9047619047619,19.514472455648935,21.9048,3.2258,3.2258,rebreak_confirmed,4.8828,single_candle_rebreak,2025-05-30 04:13:00 EDT,2025-05-30 04:15:00 EDT,1.0246,green_wick_dip_reactivation
587,C:\TSIS_Data\00_CTO\13_TRADING_SYSTEMS\03_STRATEGY_LIBRARY\LONG\DAS\runs\das_scanner_appearance_20260628T114046Z\chart_exports\event_day_details_grouped\0587_PSTV_2025-07-31_push21.90_rebreak,C:\TSIS_Data\00_CTO\13_TRADING_SYSTEMS\03_STRATEGY_LIBRARY\LONG\DAS\runs\das_scanner_appearance_20260628T114046Z\chart_exports\event_day_details_grouped\0587_PSTV_2025-07-31_push21.90_rebreak\02_three_day_overview.png,C:\TSIS_Data\00_CTO\13_TRADING_SYSTEMS\03_STRATEGY_LIBRARY\LONG\DAS\runs\das_scanner_appearance_20260628T114046Z\chart_exports\event_day_details_grouped\0587_PSTV_2025-07-31_push21.90_rebreak\03_event_day_premarket_detail.png,C:\TSIS_Data\00_CTO\13_TRADING_SYSTEMS\03_STRATEGY_LIBRARY\LONG\DAS\runs\das_scanner_appearance_20260628T114046Z\chart_exports\event_day_details_grouped\0587_PSTV_2025-07-31_push21.90_rebreak\04_event_day_detail_until_1600_ny.png,C:\TSIS_Data\00_CTO\13_TRADING_SYSTEMS\03_STRATEGY_LIBRARY\LONG\DAS\runs\das_scanner_appearance_20260628T114046Z\chart_exports\event_day_details_grouped\0587_PSTV_2025-07-31_push21.90_rebreak\05_daily_context.png,das_scanner_appearance:PSTV:2025-07-31T12:00:00+00:00,PSTV,2025-07-31,21.9004,21.9004,,,4.8135,9.993439755084193,21.90039591581579,27.924775858298705,21.9004,16.3022,16.3022,rebreak_confirmed,7.6923,multi_candle_flag_break,2025-07-31 08:47:00 EDT,2025-07-31 08:51:00 EDT,0.4029,green_wick_dip_reactivation
588,C:\TSIS_Data\00_CTO\13_TRADING_SYSTEMS\03_STRATEGY_LIBRARY\LONG\DAS\runs\das_scanner_appearance_20260628T114046Z\chart_exports\event_day_details_grouped\0588_DRCT_2026-01-23_push21.79_rebreak,C:\TSIS_Data\00_CTO\13_TRADING_SYSTEMS\03_STRATEGY_LIBRARY\LONG\DAS\runs\das_scanner_appearance_20260628T114046Z\chart_exports\event_day_details_grouped\0588_DRCT_2026-01-23_push21.79_rebreak\02_three_day_overview.png,C:\TSIS_Data\00_CTO\13_TRADING_SYSTEMS\03_STRATEGY_LIBRARY\LONG\DAS\runs\das_scanner_appearance_20260628T114046Z\chart_exports\event_day_details_grouped\0588_DRCT_2026-01-23_push21.79_rebreak\03_event_day_premarket_detail.png,C:\TSIS_Data\00_CTO\13_TRADING_SYSTEMS\03_STRATEGY_LIBRARY\LONG\DAS\runs\das_scanner_appearance_20260628T114046Z\chart_exports\event_day_details_grouped\0588_DRCT_2026-01-23_push21.79_rebreak\04_event_day_detail_until_1600_ny.png,C:\TSIS_Data\00_CTO\13_TRADING_SYSTEMS\03_STRATEGY_LIBRARY\LONG\DAS\runs\das_scanner_appearance_20260628T114046Z\chart_exports\event_day_details_grouped\0588_DRCT_2026-01-23_push21.79_rebreak\05_daily_context.png,das_scanner_appearance:DRCT:2026-01-23T09:17:00+00:00,DRCT,2026-01-23,21.791,21.791,54.02985074626866,123.37662337662339,-8.0597,33.33333333333333,88.0597014925373,172.72727272727272,88.0597,104.5455,104.5455,rebreak_confirmed,12.9902,vwap_reclaim_rebreak,2026-01-23 05:04:00 EST,2026-01-23 05:06:00 EST,2.6385,green_wick_dip_new_high
589,C:\TSIS_Data\00_CTO\13_TRADING_SYSTEMS\03_STRATEGY_LIBRARY\LONG\DAS\runs\das_scanner_appearance_20260628T114046Z\chart_exports\event_day_details_grouped\0589_APLT_2024-11-29_push21.74_rebreak,C:\TSIS_Data\00_CTO\13_TRADING_SYSTEMS\03_STRATEGY_LIBRARY\LONG\DAS\runs\das_scanner_appearance_20260628T114046Z\chart_exports\event_day_details_grouped\0589_APLT_2024-11-29_push21.74_rebreak\02_three_day_overview.png,C:\TSIS_Data\00_CTO\13_TRADING_SYSTEMS\03_STRATEGY_LIBRARY\LONG\DAS\runs\das_scanner_appearance_20260628T114046Z\chart_exports\event_day_details_grouped\0589_APLT_2024-11-29_push21.74_rebreak\03_event_day_premarket_detail.png,C:\TSIS_Data\00_CTO\13_TRADING_SYSTEMS\03_STRATEGY_LIBRARY\LONG\DAS\runs\das_scanner_appearance_20260628T114046Z\chart_exports\event_day_details_grouped\0589_APLT_2024-11-29_push21.74_rebreak\04_event_day_detail_until_1600_ny.png,C:\TSIS_Data\00_CTO\13_TRADING_SYSTEMS\03_STRATEGY_LIBRARY\LONG\DAS\runs\das_scanner_appearance_20260628T114046Z\chart_exports\event_day_details_grouped\0589_APLT_2024-11-29_push21.74_rebreak\05_daily_context.png,das_scanner_appearance:APLT:2024-11-29T09:23:00+00:00,APLT,2024-11-29,21.7391,21.7391,,,10.0,-70.47841306884482,25.65217391304349,-66.27771295215868,25.6522,14.2292,14.2292,rebreak_confirmed,6.0714,multi_candle_flag_break,2024-11-29 05:36:00 EST,2024-11-29 05:40:00 EST,0.3636,green_wick_dip_new_high
590,C:\TSIS_Data\00_CTO\13_TRADING_SYSTEMS\03_STRATEGY_LIBRARY\LONG\DAS\runs\das_scanner_appearance_20260628T114046Z\chart_exports\event_day_details_grouped\0590_HWH_2025-09-04_push21.67_rebreak,C:\TSIS_Data\00_CTO\13_TRADING_SYSTEMS\03_STRATEGY_LIBRARY\LONG\DAS\runs\das_scanner_appearance_20260628T114046Z\chart_exports\event_day_details_grouped\0590_HWH_2025-09-04_push21.67_rebreak\02_three_day_overview.png,C:\TSIS_Data\00_CTO\13_TRADING_SYSTEMS\03_STRATEGY_LIBRARY\LONG\DAS\runs\das_scanner_appearance_20260628T114046Z\chart_exports\event_day_details_grouped\0590_HWH_2025-09-04_push21.67_rebreak\03_event_day_premarket_detail.png,C:\TSIS_Data\00_CTO\13_TRADING_SYSTEMS\03_STRATEGY_LIBRARY\LONG\DAS\runs\das_scanner_appearance_20260628T114046Z\chart_exports\event_day_details_grouped\0590_HWH_2025-09-04_push21.67_rebreak\04_event_day_detail_until_1600_ny.png,C:\TSIS_Data\00_CTO\13_TRADING_SYSTEMS\03_STRATEGY_LIBRARY\LONG\DAS\runs\das_scanner_appearance_20260628T114046Z\chart_exports\event_day_details_grouped\0590_HWH_2025-09-04_push21.67_rebreak\05_daily_context.png,das_scanner_appearance:HWH:2025-09-04T11:30:00+00:00,HWH,2025-09-04,21.6738,21.6738,,,15.4506,21.71945701357466,36.26609442060085,43.66515837104072,36.2661,18.0297,18.0297,rebreak_confirmed,5.5556,last_red_high_break,2025-09-04 07:35:00 EDT,2025-09-04 07:40:00 EDT,0.274,green_wick_dip_new_high
591,C:\TSIS_Data\00_CTO\13_TRADING_SYSTEMS\03_STRATEGY_LIBRARY\LONG\DAS\runs\das_scanner_appearance_20260628T114046Z\chart_exports\event_day_details_grouped\0591_RKDA_2025-10-15_push21.67_rebreak,C:\TSIS_Data\00_CTO\13_TRADING_SYSTEMS\03_STRATEGY_LIBRARY\LONG\DAS\runs\das_scanner_appearance_20260628T114046Z\chart_exports\event_day_details_grouped\0591_RKDA_2025-10-15_push21.67_rebreak\02_three_day_overview.png,C:\TSIS_Data\00_CTO\13_TRADING_SYSTEMS\03_STRATEGY_LIBRARY\LONG\DAS\runs\das_scanner_appearance_20260628T114046Z\chart_exports\event_day_details_grouped\0591_RKDA_2025-10-15_push21.67_rebreak\03_event_day_premarket_detail.png,C:\TSIS_Data\00_CTO\13_TRADING_SYSTEMS\03_STRATEGY_LIBRARY\LONG\DAS\runs\das_scanner_appearance_20260628T114046Z\chart_exports\event_day_details_grouped\0591_RKDA_2025-10-15_push21.67_rebreak\04_event_day_detail_until_1600_ny.png,C:\TSIS_Data\00_CTO\13_TRADING_SYSTEMS\03_STRATEGY_LIBRARY\LONG\DAS\runs\das_scanner_appearance_20260628T114046Z\chart_exports\event_day_details_grouped\0591_RKDA_2025-10-15_push21.67_rebreak\05_daily_context.png,das_scanner_appearance:RKDA:2025-10-15T08:55:00+00:00,RKDA,2025-10-15,21.6696,21.6696,,,8.881,66.12466124661248,35.16873889875667,106.23306233062331,35.1687,24.1436,24.1436,rebreak_confirmed,11.2409,vwap_reclaim_rebreak,2025-10-15 05:19:00 EDT,2025-10-15 05:21:00 EDT,0.5882,green_wick_dip_new_high
592,C:\TSIS_Data\00_CTO\13_TRADING_SYSTEMS\03_STRATEGY_LIBRARY\LONG\DAS\runs\das_scanner_appearance_20260628T114046Z\chart_exports\event_day_details_grouped\0592_AGRI_2025-08-27_push21.62_rebreak,C:\TSIS_Data\00_CTO\13_TRADING_SYSTEMS\03_STRATEGY_LIBRARY\LONG\DAS\runs\das_scanner_appearance_20260628T114046Z\chart_exports\event_day_details_grouped\0592_AGRI_2025-08-27_push21.62_rebreak\02_three_day_overview.png,C:\TSIS_Data\00_CTO\13_TRADING_SYSTEMS\03_STRATEGY_LIBRARY\LONG\DAS\runs\das_scanner_appearance_20260628T114046Z\chart_exports\event_day_details_grouped\0592_AGRI_2025-08-27_push21.62_rebreak\03_event_day_premarket_detail.png,C:\TSIS_Data\00_CTO\13_TRADING_SYSTEMS\03_STRATEGY_LIBRARY\LONG\DAS\runs\das_scanner_appearance_20260628T114046Z\chart_exports\event_day_details_grouped\0592_AGRI_2025-08-27_push21.62_rebreak\04_event_day_detail_until_1600_ny.png,C:\TSIS_Data\00_CTO\13_TRADING_SYSTEMS\03_STRATEGY_LIBRARY\LONG\DAS\runs\das_scanner_appearance_20260628T114046Z\chart_exports\event_day_details_grouped\0592_AGRI_2025-08-27_push21.62_rebreak\05_daily_context.png,das_scanner_appearance:AGRI:2025-08-27T12:03:00+00:00,AGRI,2025-08-27,21.6216,21.6216,,,14.8649,21.428571428571434,26.35135135135136,33.571428571428584,26.3514,10.0,10.0,rebreak_confirmed,9.7222,flat_shelf_break,2025-08-27 08:09:00 EDT,2025-08-27 08:10:00 EDT,0.7092,green_wick_dip_new_high
593,C:\TSIS_Data\00_CTO\13_TRADING_SYSTEMS\03_STRATEGY_LIBRARY\LONG\DAS\runs\das_scanner_appearance_20260628T114046Z\chart_exports\event_day_details_grouped\0593_EONR_2026-03-03_push21.58_rebreak,C:\TSIS_Data\00_CTO\13_TRADING_SYSTEMS\03_STRATEGY_LIBRARY\LONG\DAS\runs\das_scanner_appearance_20260628T114046Z\chart_exports\event_day_details_grouped\0593_EONR_2026-03-03_push21.58_rebreak\02_three_day_overview.png,C:\TSIS_Data\00_CTO\13_TRADING_SYSTEMS\03_STRATEGY_LIBRARY\LONG\DAS\runs\das_scanner_appearance_20260628T114046Z\chart_exports\event_day_details_grouped\0593_EONR_2026-03-03_push21.58_rebreak\03_event_day_premarket_detail.png,C:\TSIS_Data\00_CTO\13_TRADING_SYSTEMS\03_STRATEGY_LIBRARY\LONG\DAS\runs\das_scanner_appearance_20260628T114046Z\chart_exports\event_day_details_grouped\0593_EONR_2026-03-03_push21.58_rebreak\04_event_day_detail_until_1600_ny.png,C:\TSIS_Data\00_CTO\13_TRADING_SYSTEMS\03_STRATEGY_LIBRARY\LONG\DAS\runs\das_scanner_appearance_20260628T114046Z\chart_exports\event_day_details_grouped\0593_EONR_2026-03-03_push21.58_rebreak\05_daily_context.png,das_scanner_appearance:EONR:2026-03-03T09:10:00+00:00,EONR,2026-03-03,21.5805,21.5805,,,2.7713,13.66422780304527,41.23010906490256,56.19932766462329,41.2301,37.4217,37.4217,rebreak_confirmed,5.7353,single_candle_rebreak,2026-03-03 07:04:00 EST,2026-03-03 07:05:00 EST,0.1611,green_wick_dip_new_high
594,C:\TSIS_Data\00_CTO\13_TRADING_SYSTEMS\03_STRATEGY_LIBRARY\LONG\DAS\runs\das_scanner_appearance_20260628T114046Z\chart_exports\event_day_details_grouped\0594_BEEM_2025-09-18_push21.56_rebreak,C:\TSIS_Data\00_CTO\13_TRADING_SYSTEMS\03_STRATEGY_LIBRARY\LONG\DAS\runs\das_scanner_appearance_20260628T114046Z\chart_exports\event_day_details_grouped\0594_BEEM_2025-09-18_push21.56_rebreak\02_three_day_overview.png,C:\TSIS_Data\00_CTO\13_TRADING_SYSTEMS\03_STRATEGY_LIBRARY\LONG\DAS\runs\das_scanner_appearance_20260628T114046Z\chart_exports\event_day_details_grouped\0594_BEEM_2025-09-18_push21.56_rebreak\03_event_day_premarket_detail.png,C:\TSIS_Data\00_CTO\13_TRADING_SYSTEMS\03_STRATEGY_LIBRARY\LONG\DAS\runs\das_scanner_appearance_20260628T114046Z\chart_exports\event_day_details_grouped\0594_BEEM_2025-09-18_push21.56_rebreak\04_event_day_detail_until_1600_ny.png,C:\TSIS_Data\00_CTO\13_TRADING_SYSTEMS\03_STRATEGY_LIBRARY\LONG\DAS\runs\das_scanner_appearance_20260628T114046Z\chart_exports\event_day_details_grouped\0594_BEEM_2025-09-18_push21.56_rebreak\05_daily_context.png,das_scanner_appearance:BEEM:2025-09-18T10:13:00+00:00,BEEM,2025-09-18,21.5613,21.5613,,,13.3829,20.31558185404338,39.03345724907064,47.53451676528599,39.0335,22.623,22.623,rebreak_confirmed,7.9511,vwap_reclaim_rebreak,2025-09-18 06:16:00 EDT,2025-09-18 06:20:00 EDT,2.4691,green_wick_dip_reactivation
595,C:\TSIS_Data\00_CTO\13_TRADING_SYSTEMS\03_STRATEGY_LIBRARY\LONG\DAS\runs\das_scanner_appearance_20260628T114046Z\chart_exports\event_day_details_grouped\0595_LIDR_2024-12-27_push21.56_rebreak,C:\TSIS_Data\00_CTO\13_TRADING_SYSTEMS\03_STRATEGY_LIBRARY\LONG\DAS\runs\das_scanner_appearance_20260628T114046Z\chart_exports\event_day_details_grouped\0595_LIDR_2024-12-27_push21.56_rebreak\02_three_day_overview.png,C:\TSIS_Data\00_CTO\13_TRADING_SYSTEMS\03_STRATEGY_LIBRARY\LONG\DAS\runs\das_scanner_appearance_20260628T114046Z\chart_exports\event_day_details_grouped\0595_LIDR_2024-12-27_push21.56_rebreak\03_event_day_premarket_detail.png,C:\TSIS_Data\00_CTO\13_TRADING_SYSTEMS\03_STRATEGY_LIBRARY\LONG\DAS\runs\das_scanner_appearance_20260628T114046Z\chart_exports\event_day_details_grouped\0595_LIDR_2024-12-27_push21.56_rebreak\04_event_day_detail_until_1600_ny.png,C:\TSIS_Data\00_CTO\13_TRADING_SYSTEMS\03_STRATEGY_LIBRARY\LONG\DAS\runs\das_scanner_appearance_20260628T114046Z\chart_exports\event_day_details_grouped\0595_LIDR_2024-12-27_push21.56_rebreak\05_daily_context.png,das_scanner_appearance:LIDR:2024-12-27T10:01:00+00:00,LIDR,2024-12-27,21.5569,21.5569,,,16.1677,51.562499999999986,34.13173652694613,75.00000000000001,34.1317,15.4639,15.4639,rebreak_confirmed,9.8522,ascending_flag_break,2024-12-27 05:10:00 EST,2024-12-27 05:13:00 EST,0.5464,green_wick_dip_new_high
596,C:\TSIS_Data\00_CTO\13_TRADING_SYSTEMS\03_STRATEGY_LIBRARY\LONG\DAS\runs\das_scanner_appearance_20260628T114046Z\chart_exports\event_day_details_grouped\0596_TIVC_2025-12-23_push21.55_rebreak,C:\TSIS_Data\00_CTO\13_TRADING_SYSTEMS\03_STRATEGY_LIBRARY\LONG\DAS\runs\das_scanner_appearance_20260628T114046Z\chart_exports\event_day_details_grouped\0596_TIVC_2025-12-23_push21.55_rebreak\02_three_day_overview.png,C:\TSIS_Data\00_CTO\13_TRADING_SYSTEMS\03_STRATEGY_LIBRARY\LONG\DAS\runs\das_scanner_appearance_20260628T114046Z\chart_exports\event_day_details_grouped\0596_TIVC_2025-12-23_push21.55_rebreak\03_event_day_premarket_detail.png,C:\TSIS_Data\00_CTO\13_TRADING_SYSTEMS\03_STRATEGY_LIBRARY\LONG\DAS\runs\das_scanner_appearance_20260628T114046Z\chart_exports\event_day_details_grouped\0596_TIVC_2025-12-23_push21.55_rebreak\04_event_day_detail_until_1600_ny.png,C:\TSIS_Data\00_CTO\13_TRADING_SYSTEMS\03_STRATEGY_LIBRARY\LONG\DAS\runs\das_scanner_appearance_20260628T114046Z\chart_exports\event_day_details_grouped\0596_TIVC_2025-12-23_push21.55_rebreak\05_daily_context.png,das_scanner_appearance:TIVC:2025-12-23T11:34:00+00:00,TIVC,2025-12-23,21.5517,21.5517,,,0.431,26.630434782608692,34.913793103448285,70.1086956521739,34.9138,34.3348,34.3348,rebreak_confirmed,5.6738,vwap_reclaim_rebreak,2025-12-23 07:05:00 EST,2025-12-23 07:06:00 EST,2.3649,green_wick_dip_new_high
597,C:\TSIS_Data\00_CTO\13_TRADING_SYSTEMS\03_STRATEGY_LIBRARY\LONG\DAS\runs\das_scanner_appearance_20260628T114046Z\chart_exports\event_day_details_grouped\0597_WNW_2025-04-22_push21.54_rebreak,C:\TSIS_Data\00_CTO\13_TRADING_SYSTEMS\03_STRATEGY_LIBRARY\LONG\DAS\runs\das_scanner_appearance_20260628T114046Z\chart_exports\event_day_details_grouped\0597_WNW_2025-04-22_push21.54_rebreak\02_three_day_overview.png,C:\TSIS_Data\00_CTO\13_TRADING_SYSTEMS\03_STRATEGY_LIBRARY\LONG\DAS\runs\das_scanner_appearance_20260628T114046Z\chart_exports\event_day_details_grouped\0597_WNW_2025-04-22_push21.54_rebreak\03_event_day_premarket_detail.png,C:\TSIS_Data\00_CTO\13_TRADING_SYSTEMS\03_STRATEGY_LIBRARY\LONG\DAS\runs\das_scanner_appearance_20260628T114046Z\chart_exports\event_day_details_grouped\0597_WNW_2025-04-22_push21.54_rebreak\04_event_day_detail_until_1600_ny.png,C:\TSIS_Data\00_CTO\13_TRADING_SYSTEMS\03_STRATEGY_LIBRARY\LONG\DAS\runs\das_scanner_appearance_20260628T114046Z\chart_exports\event_day_details_grouped\0597_WNW_2025-04-22_push21.54_rebreak\05_daily_context.png,das_scanner_appearance:WNW:2025-04-22T08:11:00+00:00,WNW,2025-04-22,21.5385,21.5385,,,-11.2821,36.91041468819246,44.10256410256411,122.38050015827793,44.1026,62.4277,62.4277,rebreak_confirmed,8.0169,multi_candle_flag_break,2025-04-22 07:13:00 EDT,2025-04-22 07:14:00 EDT,0.8403,green_wick_dip_reactivation
598,C:\TSIS_Data\00_CTO\13_TRADING_SYSTEMS\03_STRATEGY_LIBRARY\LONG\DAS\runs\das_scanner_appearance_20260628T114046Z\chart_exports\event_day_details_grouped\0598_CTM_2025-02-28_push21.53_rebreak,C:\TSIS_Data\00_CTO\13_TRADING_SYSTEMS\03_STRATEGY_LIBRARY\LONG\DAS\runs\das_scanner_appearance_20260628T114046Z\chart_exports\event_day_details_grouped\0598_CTM_2025-02-28_push21.53_rebreak\02_three_day_overview.png,C:\TSIS_Data\00_CTO\13_TRADING_SYSTEMS\03_STRATEGY_LIBRARY\LONG\DAS\runs\das_scanner_appearance_20260628T114046Z\chart_exports\event_day_details_grouped\0598_CTM_2025-02-28_push21.53_rebreak\03_event_day_premarket_detail.png,C:\TSIS_Data\00_CTO\13_TRADING_SYSTEMS\03_STRATEGY_LIBRARY\LONG\DAS\runs\das_scanner_appearance_20260628T114046Z\chart_exports\event_day_details_grouped\0598_CTM_2025-02-28_push21.53_rebreak\04_event_day_detail_until_1600_ny.png,C:\TSIS_Data\00_CTO\13_TRADING_SYSTEMS\03_STRATEGY_LIBRARY\LONG\DAS\runs\das_scanner_appearance_20260628T114046Z\chart_exports\event_day_details_grouped\0598_CTM_2025-02-28_push21.53_rebreak\05_daily_context.png,das_scanner_appearance:CTM:2025-02-28T14:01:00+00:00,CTM,2025-02-28,21.5315,21.5315,,,11.8628,11.826685302655626,22.60701226070122,22.567465863885587,22.607,9.6048,9.6048,rebreak_confirmed,11.5044,vwap_reclaim_rebreak,2025-02-28 09:29:00 EST,,,
599,C:\TSIS_Data\00_CTO\13_TRADING_SYSTEMS\03_STRATEGY_LIBRARY\LONG\DAS\runs\das_scanner_appearance_20260628T114046Z\chart_exports\event_day_details_grouped\0599_PXMD_2024-04-12_push21.47_rebreak,C:\TSIS_Data\00_CTO\13_TRADING_SYSTEMS\03_STRATEGY_LIBRARY\LONG\DAS\runs\das_scanner_appearance_20260628T114046Z\chart_exports\event_day_details_grouped\0599_PXMD_2024-04-12_push21.47_rebreak\02_three_day_overview.png,C:\TSIS_Data\00_CTO\13_TRADING_SYSTEMS\03_STRATEGY_LIBRARY\LONG\DAS\runs\das_scanner_appearance_20260628T114046Z\chart_exports\event_day_details_grouped\0599_PXMD_2024-04-12_push21.47_rebreak\03_event_day_premarket_detail.png,C:\TSIS_Data\00_CTO\13_TRADING_SYSTEMS\03_STRATEGY_LIBRARY\LONG\DAS\runs\das_scanner_appearance_20260628T114046Z\chart_exports\event_day_details_grouped\0599_PXMD_2024-04-12_push21.47_rebreak\04_event_day_detail_until_1600_ny.png,C:\TSIS_Data\00_CTO\13_TRADING_SYSTEMS\03_STRATEGY_LIBRARY\LONG\DAS\runs\das_scanner_appearance_20260628T114046Z\chart_exports\event_day_details_grouped\0599_PXMD_2024-04-12_push21.47_rebreak\05_daily_context.png,das_scanner_appearance:PXMD:2024-04-12T08:06:00+00:00,PXMD,2024-04-12,21.4715,21.4715,,,-6.2934,96.64967225054627,38.82461823229986,191.33284777858705,38.8246,48.1481,48.1481,rebreak_confirmed,6.1905,last_red_high_break,2024-04-12 08:25:00 EDT,2024-04-12 08:28:00 EDT,0.5616,green_wick_dip_reactivation
600,C:\TSIS_Data\00_CTO\13_TRADING_SYSTEMS\03_STRATEGY_LIBRARY\LONG\DAS\runs\das_scanner_appearance_20260628T114046Z\chart_exports\event_day_details_grouped\0600_CYN_2025-06-27_push21.43_rebreak,C:\TSIS_Data\00_CTO\13_TRADING_SYSTEMS\03_STRATEGY_LIBRARY\LONG\DAS\runs\das_scanner_appearance_20260628T114046Z\chart_exports\event_day_details_grouped\0600_CYN_2025-06-27_push21.43_rebreak\02_three_day_overview.png,C:\TSIS_Data\00_CTO\13_TRADING_SYSTEMS\03_STRATEGY_LIBRARY\LONG\DAS\runs\das_scanner_appearance_20260628T114046Z\chart_exports\event_day_details_grouped\0600_CYN_2025-06-27_push21.43_rebreak\03_event_day_premarket_detail.png,C:\TSIS_Data\00_CTO\13_TRADING_SYSTEMS\03_STRATEGY_LIBRARY\LONG\DAS\runs\das_scanner_appearance_20260628T114046Z\chart_exports\event_day_details_grouped\0600_CYN_2025-06-27_push21.43_rebreak\04_event_day_detail_until_1600_ny.png,C:\TSIS_Data\00_CTO\13_TRADING_SYSTEMS\03_STRATEGY_LIBRARY\LONG\DAS\runs\das_scanner_appearance_20260628T114046Z\chart_exports\event_day_details_grouped\0600_CYN_2025-06-27_push21.43_rebreak\05_daily_context.png,das_scanner_appearance:CYN:2025-06-27T08:05:00+00:00,CYN,2025-06-27,21.4286,21.4286,,,8.1714,38.47841989758595,49.657142857142865,91.58741770299928,49.6571,38.3518,38.3518,rebreak_confirmed,6.2118,ascending_flag_break,2025-06-27 04:15:00 EDT,2025-06-27 04:17:00 EDT,0.0453,green_wick_dip_new_high
601,C:\TSIS_Data\00_CTO\13_TRADING_SYSTEMS\03_STRATEGY_LIBRARY\LONG\DAS\runs\das_scanner_appearance_20260628T114046Z\chart_exports\event_day_details_grouped\0601_KITT_2025-12-04_push21.43_rebreak,C:\TSIS_Data\00_CTO\13_TRADING_SYSTEMS\03_STRATEGY_LIBRARY\LONG\DAS\runs\das_scanner_appearance_20260628T114046Z\chart_exports\event_day_details_grouped\0601_KITT_2025-12-04_push21.43_rebreak\02_three_day_overview.png,C:\TSIS_Data\00_CTO\13_TRADING_SYSTEMS\03_STRATEGY_LIBRARY\LONG\DAS\runs\das_scanner_appearance_20260628T114046Z\chart_exports\event_day_details_grouped\0601_KITT_2025-12-04_push21.43_rebreak\03_event_day_premarket_detail.png,C:\TSIS_Data\00_CTO\13_TRADING_SYSTEMS\03_STRATEGY_LIBRARY\LONG\DAS\runs\das_scanner_appearance_20260628T114046Z\chart_exports\event_day_details_grouped\0601_KITT_2025-12-04_push21.43_rebreak\04_event_day_detail_until_1600_ny.png,C:\TSIS_Data\00_CTO\13_TRADING_SYSTEMS\03_STRATEGY_LIBRARY\LONG\DAS\runs\das_scanner_appearance_20260628T114046Z\chart_exports\event_day_details_grouped\0601_KITT_2025-12-04_push21.43_rebreak\05_daily_context.png,das_scanner_appearance:KITT:2025-12-04T09:09:00+00:00,KITT,2025-12-04,21.4286,21.4286,,,-1.0989,15.384615384615383,31.86813186813186,53.84615384615383,31.8681,33.3333,33.3333,rebreak_confirmed,8.5973,multi_candle_flag_break,2025-12-04 04:28:00 EST,2025-12-04 04:30:00 EST,1.4423,green_wick_dip_reactivation
602,C:\TSIS_Data\00_CTO\13_TRADING_SYSTEMS\03_STRATEGY_LIBRARY\LONG\DAS\runs\das_scanner_appearance_20260628T114046Z\chart_exports\event_day_details_grouped\0602_DVLT_2025-12-22_push21.43_rebreak,C:\TSIS_Data\00_CTO\13_TRADING_SYSTEMS\03_STRATEGY_LIBRARY\LONG\DAS\runs\das_scanner_appearance_20260628T114046Z\chart_exports\event_day_details_grouped\0602_DVLT_2025-12-22_push21.43_rebreak\02_three_day_overview.png,C:\TSIS_Data\00_CTO\13_TRADING_SYSTEMS\03_STRATEGY_LIBRARY\LONG\DAS\runs\das_scanner_appearance_20260628T114046Z\chart_exports\event_day_details_grouped\0602_DVLT_2025-12-22_push21.43_rebreak\03_event_day_premarket_detail.png,C:\TSIS_Data\00_CTO\13_TRADING_SYSTEMS\03_STRATEGY_LIBRARY\LONG\DAS\runs\das_scanner_appearance_20260628T114046Z\chart_exports\event_day_details_grouped\0602_DVLT_2025-12-22_push21.43_rebreak\04_event_day_detail_until_1600_ny.png,C:\TSIS_Data\00_CTO\13_TRADING_SYSTEMS\03_STRATEGY_LIBRARY\LONG\DAS\runs\das_scanner_appearance_20260628T114046Z\chart_exports\event_day_details_grouped\0602_DVLT_2025-12-22_push21.43_rebreak\05_daily_context.png,das_scanner_appearance:DVLT:2025-12-22T09:10:00+00:00,DVLT,2025-12-22,21.4272,21.4272,,,8.0945,17.33053074093537,36.192873741285844,47.82974251182344,36.1929,25.9943,25.9943,rebreak_confirmed,4.3139,flat_shelf_break,2025-12-22 04:44:00 EST,2025-12-22 04:52:00 EST,0.3779,green_wick_dip_new_high
603,C:\TSIS_Data\00_CTO\13_TRADING_SYSTEMS\03_STRATEGY_LIBRARY\LONG\DAS\runs\das_scanner_appearance_20260628T114046Z\chart_exports\event_day_details_grouped\0603_TWG_2025-12-08_push21.42_rebreak,C:\TSIS_Data\00_CTO\13_TRADING_SYSTEMS\03_STRATEGY_LIBRARY\LONG\DAS\runs\das_scanner_appearance_20260628T114046Z\chart_exports\event_day_details_grouped\0603_TWG_2025-12-08_push21.42_rebreak\02_three_day_overview.png,C:\TSIS_Data\00_CTO\13_TRADING_SYSTEMS\03_STRATEGY_LIBRARY\LONG\DAS\runs\das_scanner_appearance_20260628T114046Z\chart_exports\event_day_details_grouped\0603_TWG_2025-12-08_push21.42_rebreak\03_event_day_premarket_detail.png,C:\TSIS_Data\00_CTO\13_TRADING_SYSTEMS\03_STRATEGY_LIBRARY\LONG\DAS\runs\das_scanner_appearance_20260628T114046Z\chart_exports\event_day_details_grouped\0603_TWG_2025-12-08_push21.42_rebreak\04_event_day_detail_until_1600_ny.png,C:\TSIS_Data\00_CTO\13_TRADING_SYSTEMS\03_STRATEGY_LIBRARY\LONG\DAS\runs\das_scanner_appearance_20260628T114046Z\chart_exports\event_day_details_grouped\0603_TWG_2025-12-08_push21.42_rebreak\05_daily_context.png,das_scanner_appearance:TWG:2025-12-08T09:14:00+00:00,TWG,2025-12-08,21.4221,21.4221,,,18.5419,119.13477537437605,43.56435643564357,165.3910149750416,43.5644,21.1086,21.1086,rebreak_confirmed,8.1542,vwap_reclaim_rebreak,2025-12-08 04:19:00 EST,2025-12-08 04:21:00 EST,1.8466,green_wick_dip_reactivation
604,C:\TSIS_Data\00_CTO\13_TRADING_SYSTEMS\03_STRATEGY_LIBRARY\LONG\DAS\runs\das_scanner_appearance_20260628T114046Z\chart_exports\event_day_details_grouped\0604_CNEY_2025-05-07_push21.42_rebreak,C:\TSIS_Data\00_CTO\13_TRADING_SYSTEMS\03_STRATEGY_LIBRARY\LONG\DAS\runs\das_scanner_appearance_20260628T114046Z\chart_exports\event_day_details_grouped\0604_CNEY_2025-05-07_push21.42_rebreak\02_three_day_overview.png,C:\TSIS_Data\00_CTO\13_TRADING_SYSTEMS\03_STRATEGY_LIBRARY\LONG\DAS\runs\das_scanner_appearance_20260628T114046Z\chart_exports\event_day_details_grouped\0604_CNEY_2025-05-07_push21.42_rebreak\03_event_day_premarket_detail.png,C:\TSIS_Data\00_CTO\13_TRADING_SYSTEMS\03_STRATEGY_LIBRARY\LONG\DAS\runs\das_scanner_appearance_20260628T114046Z\chart_exports\event_day_details_grouped\0604_CNEY_2025-05-07_push21.42_rebreak\04_event_day_detail_until_1600_ny.png,C:\TSIS_Data\00_CTO\13_TRADING_SYSTEMS\03_STRATEGY_LIBRARY\LONG\DAS\runs\das_scanner_appearance_20260628T114046Z\chart_exports\event_day_details_grouped\0604_CNEY_2025-05-07_push21.42_rebreak\05_daily_context.png,das_scanner_appearance:CNEY:2025-05-07T08:25:00+00:00,CNEY,2025-05-07,21.4169,21.4169,,,5.3746,60.54590570719601,21.416938110749193,84.98759305210916,21.4169,15.2241,15.2241,rebreak_confirmed,4.7954,single_candle_rebreak,2025-05-07 04:55:00 EDT,2025-05-07 04:57:00 EDT,0.6623,green_wick_dip_new_high
605,C:\TSIS_Data\00_CTO\13_TRADING_SYSTEMS\03_STRATEGY_LIBRARY\LONG\DAS\runs\das_scanner_appearance_20260628T114046Z\chart_exports\event_day_details_grouped\0605_WGRX_2025-10-24_push21.39_rebreak,C:\TSIS_Data\00_CTO\13_TRADING_SYSTEMS\03_STRATEGY_LIBRARY\LONG\DAS\runs\das_scanner_appearance_20260628T114046Z\chart_exports\event_day_details_grouped\0605_WGRX_2025-10-24_push21.39_rebreak\02_three_day_overview.png,C:\TSIS_Data\00_CTO\13_TRADING_SYSTEMS\03_STRATEGY_LIBRARY\LONG\DAS\runs\das_scanner_appearance_20260628T114046Z\chart_exports\event_day_details_grouped\0605_WGRX_2025-10-24_push21.39_rebreak\03_event_day_premarket_detail.png,C:\TSIS_Data\00_CTO\13_TRADING_SYSTEMS\03_STRATEGY_LIBRARY\LONG\DAS\runs\das_scanner_appearance_20260628T114046Z\chart_exports\event_day_details_grouped\0605_WGRX_2025-10-24_push21.39_rebreak\04_event_day_detail_until_1600_ny.png,C:\TSIS_Data\00_CTO\13_TRADING_SYSTEMS\03_STRATEGY_LIBRARY\LONG\DAS\runs\das_scanner_appearance_20260628T114046Z\chart_exports\event_day_details_grouped\0605_WGRX_2025-10-24_push21.39_rebreak\05_daily_context.png,das_scanner_appearance:WGRX:2025-10-24T08:01:00+00:00,WGRX,2025-10-24,21.3871,21.3871,50.59445178335533,174.69879518072287,17.4505,114.24096385542171,50.59445178335533,174.69879518072287,50.5945,28.2195,28.2195,rebreak_confirmed,4.4619,multi_candle_flag_break,2025-10-24 07:31:00 EDT,2025-10-24 07:33:00 EDT,2.246,green_wick_dip_reactivation
606,C:\TSIS_Data\00_CTO\13_TRADING_SYSTEMS\03_STRATEGY_LIBRARY\LONG\DAS\runs\das_scanner_appearance_20260628T114046Z\chart_exports\event_day_details_grouped\0606_UMAC_2024-11-29_push21.38_rebreak,C:\TSIS_Data\00_CTO\13_TRADING_SYSTEMS\03_STRATEGY_LIBRARY\LONG\DAS\runs\das_scanner_appearance_20260628T114046Z\chart_exports\event_day_details_grouped\0606_UMAC_2024-11-29_push21.38_rebreak\02_three_day_overview.png,C:\TSIS_Data\00_CTO\13_TRADING_SYSTEMS\03_STRATEGY_LIBRARY\LONG\DAS\runs\das_scanner_appearance_20260628T114046Z\chart_exports\event_day_details_grouped\0606_UMAC_2024-11-29_push21.38_rebreak\03_event_day_premarket_detail.png,C:\TSIS_Data\00_CTO\13_TRADING_SYSTEMS\03_STRATEGY_LIBRARY\LONG\DAS\runs\das_scanner_appearance_20260628T114046Z\chart_exports\event_day_details_grouped\0606_UMAC_2024-11-29_push21.38_rebreak\04_event_day_detail_until_1600_ny.png,C:\TSIS_Data\00_CTO\13_TRADING_SYSTEMS\03_STRATEGY_LIBRARY\LONG\DAS\runs\das_scanner_appearance_20260628T114046Z\chart_exports\event_day_details_grouped\0606_UMAC_2024-11-29_push21.38_rebreak\05_daily_context.png,das_scanner_appearance:UMAC:2024-11-29T12:03:00+00:00,UMAC,2024-11-29,21.3819,21.3819,,,1.0271,12.12319043325976,35.10737628384687,49.94663267738159,35.1074,33.7338,33.7338,rebreak_confirmed,5.0,flat_shelf_break,2024-11-29 07:57:00 EST,2024-11-29 07:58:00 EST,0.155,green_wick_dip_new_high
607,C:\TSIS_Data\00_CTO\13_TRADING_SYSTEMS\03_STRATEGY_LIBRARY\LONG\DAS\runs\das_scanner_appearance_20260628T114046Z\chart_exports\event_day_details_grouped\0607_EVGN_2026-02-04_push21.36_rebreak,C:\TSIS_Data\00_CTO\13_TRADING_SYSTEMS\03_STRATEGY_LIBRARY\LONG\DAS\runs\das_scanner_appearance_20260628T114046Z\chart_exports\event_day_details_grouped\0607_EVGN_2026-02-04_push21.36_rebreak\02_three_day_overview.png,C:\TSIS_Data\00_CTO\13_TRADING_SYSTEMS\03_STRATEGY_LIBRARY\LONG\DAS\runs\das_scanner_appearance_20260628T114046Z\chart_exports\event_day_details_grouped\0607_EVGN_2026-02-04_push21.36_rebreak\03_event_day_premarket_detail.png,C:\TSIS_Data\00_CTO\13_TRADING_SYSTEMS\03_STRATEGY_LIBRARY\LONG\DAS\runs\das_scanner_appearance_20260628T114046Z\chart_exports\event_day_details_grouped\0607_EVGN_2026-02-04_push21.36_rebreak\04_event_day_detail_until_1600_ny.png,C:\TSIS_Data\00_CTO\13_TRADING_SYSTEMS\03_STRATEGY_LIBRARY\LONG\DAS\runs\das_scanner_appearance_20260628T114046Z\chart_exports\event_day_details_grouped\0607_EVGN_2026-02-04_push21.36_rebreak\05_daily_context.png,das_scanner_appearance:EVGN:2026-02-04T13:23:00+00:00,EVGN,2026-02-04,21.3592,21.3592,,,14.5631,13.461538461538453,34.951456310679596,33.65384615384614,34.9515,17.7966,17.7966,rebreak_confirmed,10.4,single_candle_rebreak,2026-02-04 08:25:00 EST,2026-02-04 08:32:00 EST,0.7969,green_wick_dip_new_high
608,C:\TSIS_Data\00_CTO\13_TRADING_SYSTEMS\03_STRATEGY_LIBRARY\LONG\DAS\runs\das_scanner_appearance_20260628T114046Z\chart_exports\event_day_details_grouped\0608_PRTG_2025-03-28_push21.33_rebreak,C:\TSIS_Data\00_CTO\13_TRADING_SYSTEMS\03_STRATEGY_LIBRARY\LONG\DAS\runs\das_scanner_appearance_20260628T114046Z\chart_exports\event_day_details_grouped\0608_PRTG_2025-03-28_push21.33_rebreak\02_three_day_overview.png,C:\TSIS_Data\00_CTO\13_TRADING_SYSTEMS\03_STRATEGY_LIBRARY\LONG\DAS\runs\das_scanner_appearance_20260628T114046Z\chart_exports\event_day_details_grouped\0608_PRTG_2025-03-28_push21.33_rebreak\03_event_day_premarket_detail.png,C:\TSIS_Data\00_CTO\13_TRADING_SYSTEMS\03_STRATEGY_LIBRARY\LONG\DAS\runs\das_scanner_appearance_20260628T114046Z\chart_exports\event_day_details_grouped\0608_PRTG_2025-03-28_push21.33_rebreak\04_event_day_detail_until_1600_ny.png,C:\TSIS_Data\00_CTO\13_TRADING_SYSTEMS\03_STRATEGY_LIBRARY\LONG\DAS\runs\das_scanner_appearance_20260628T114046Z\chart_exports\event_day_details_grouped\0608_PRTG_2025-03-28_push21.33_rebreak\05_daily_context.png,das_scanner_appearance:PRTG:2025-03-28T08:25:00+00:00,PRTG,2025-03-28,21.3347,21.3347,,,2.0222,114.22505307855626,36.501516683518695,186.62420382165604,36.5015,33.7958,33.7958,rebreak_confirmed,3.75,ascending_flag_break,2025-03-28 07:00:00 EDT,2025-03-28 07:01:00 EDT,0.7048,green_wick_dip_new_high
609,C:\TSIS_Data\00_CTO\13_TRADING_SYSTEMS\03_STRATEGY_LIBRARY\LONG\DAS\runs\das_scanner_appearance_20260628T114046Z\chart_exports\event_day_details_grouped\0609_PDYN_2026-01-13_push21.31_rebreak,C:\TSIS_Data\00_CTO\13_TRADING_SYSTEMS\03_STRATEGY_LIBRARY\LONG\DAS\runs\das_scanner_appearance_20260628T114046Z\chart_exports\event_day_details_grouped\0609_PDYN_2026-01-13_push21.31_rebreak\02_three_day_overview.png,C:\TSIS_Data\00_CTO\13_TRADING_SYSTEMS\03_STRATEGY_LIBRARY\LONG\DAS\runs\das_scanner_appearance_20260628T114046Z\chart_exports\event_day_details_grouped\0609_PDYN_2026-01-13_push21.31_rebreak\03_event_day_premarket_detail.png,C:\TSIS_Data\00_CTO\13_TRADING_SYSTEMS\03_STRATEGY_LIBRARY\LONG\DAS\runs\das_scanner_appearance_20260628T114046Z\chart_exports\event_day_details_grouped\0609_PDYN_2026-01-13_push21.31_rebreak\04_event_day_detail_until_1600_ny.png,C:\TSIS_Data\00_CTO\13_TRADING_SYSTEMS\03_STRATEGY_LIBRARY\LONG\DAS\runs\das_scanner_appearance_20260628T114046Z\chart_exports\event_day_details_grouped\0609_PDYN_2026-01-13_push21.31_rebreak\05_daily_context.png,das_scanner_appearance:PDYN:2026-01-13T13:04:00+00:00,PDYN,2026-01-13,21.3141,21.3141,,,14.7436,13.922036595067622,21.314102564102562,20.445505171042168,21.3141,5.7263,5.7263,rebreak_confirmed,3.9445,flat_shelf_break,2026-01-13 08:29:00 EST,2026-01-13 08:44:00 EST,0.0443,green_wick_dip_new_high
610,C:\TSIS_Data\00_CTO\13_TRADING_SYSTEMS\03_STRATEGY_LIBRARY\LONG\DAS\runs\das_scanner_appearance_20260628T114046Z\chart_exports\event_day_details_grouped\0610_MOBX_2026-03-04_push21.31_rebreak,C:\TSIS_Data\00_CTO\13_TRADING_SYSTEMS\03_STRATEGY_LIBRARY\LONG\DAS\runs\das_scanner_appearance_20260628T114046Z\chart_exports\event_day_details_grouped\0610_MOBX_2026-03-04_push21.31_rebreak\02_three_day_overview.png,C:\TSIS_Data\00_CTO\13_TRADING_SYSTEMS\03_STRATEGY_LIBRARY\LONG\DAS\runs\das_scanner_appearance_20260628T114046Z\chart_exports\event_day_details_grouped\0610_MOBX_2026-03-04_push21.31_rebreak\03_event_day_premarket_detail.png,C:\TSIS_Data\00_CTO\13_TRADING_SYSTEMS\03_STRATEGY_LIBRARY\LONG\DAS\runs\das_scanner_appearance_20260628T114046Z\chart_exports\event_day_details_grouped\0610_MOBX_2026-03-04_push21.31_rebreak\04_event_day_detail_until_1600_ny.png,C:\TSIS_Data\00_CTO\13_TRADING_SYSTEMS\03_STRATEGY_LIBRARY\LONG\DAS\runs\das_scanner_appearance_20260628T114046Z\chart_exports\event_day_details_grouped\0610_MOBX_2026-03-04_push21.31_rebreak\05_daily_context.png,das_scanner_appearance:MOBX:2026-03-04T09:00:00+00:00,MOBX,2026-03-04,21.3115,21.3115,,,7.377,19.090909090909086,32.78688524590165,47.27272727272727,32.7869,23.6641,23.6641,rebreak_confirmed,8.7838,last_red_high_break,2026-03-04 04:04:00 EST,2026-03-04 04:07:00 EST,0.6536,green_wick_dip_new_high
611,C:\TSIS_Data\00_CTO\13_TRADING_SYSTEMS\03_STRATEGY_LIBRARY\LONG\DAS\runs\das_scanner_appearance_20260628T114046Z\chart_exports\event_day_details_grouped\0611_MIRA_2025-10-16_push21.28_rebreak,C:\TSIS_Data\00_CTO\13_TRADING_SYSTEMS\03_STRATEGY_LIBRARY\LONG\DAS\runs\das_scanner_appearance_20260628T114046Z\chart_exports\event_day_details_grouped\0611_MIRA_2025-10-16_push21.28_rebreak\02_three_day_overview.png,C:\TSIS_Data\00_CTO\13_TRADING_SYSTEMS\03_STRATEGY_LIBRARY\LONG\DAS\runs\das_scanner_appearance_20260628T114046Z\chart_exports\event_day_details_grouped\0611_MIRA_2025-10-16_push21.28_rebreak\03_event_day_premarket_detail.png,C:\TSIS_Data\00_CTO\13_TRADING_SYSTEMS\03_STRATEGY_LIBRARY\LONG\DAS\runs\das_scanner_appearance_20260628T114046Z\chart_exports\event_day_details_grouped\0611_MIRA_2025-10-16_push21.28_rebreak\04_event_day_detail_until_1600_ny.png,C:\TSIS_Data\00_CTO\13_TRADING_SYSTEMS\03_STRATEGY_LIBRARY\LONG\DAS\runs\das_scanner_appearance_20260628T114046Z\chart_exports\event_day_details_grouped\0611_MIRA_2025-10-16_push21.28_rebreak\05_daily_context.png,das_scanner_appearance:MIRA:2025-10-16T08:02:00+00:00,MIRA,2025-10-16,21.2766,21.2766,,,-4.6809,69.6969696969697,26.38297872340426,125.0,26.383,32.5893,32.5893,rebreak_confirmed,3.1579,multi_candle_flag_break,2025-10-16 05:44:00 EDT,2025-10-16 05:48:00 EDT,1.7857,green_wick_dip_reactivation
612,C:\TSIS_Data\00_CTO\13_TRADING_SYSTEMS\03_STRATEGY_LIBRARY\LONG\DAS\runs\das_scanner_appearance_20260628T114046Z\chart_exports\event_day_details_grouped\0612_SAVE_2024-01-19_push21.26_rebreak,C:\TSIS_Data\00_CTO\13_TRADING_SYSTEMS\03_STRATEGY_LIBRARY\LONG\DAS\runs\das_scanner_appearance_20260628T114046Z\chart_exports\event_day_details_grouped\0612_SAVE_2024-01-19_push21.26_rebreak\02_three_day_overview.png,C:\TSIS_Data\00_CTO\13_TRADING_SYSTEMS\03_STRATEGY_LIBRARY\LONG\DAS\runs\das_scanner_appearance_20260628T114046Z\chart_exports\event_day_details_grouped\0612_SAVE_2024-01-19_push21.26_rebreak\03_event_day_premarket_detail.png,C:\TSIS_Data\00_CTO\13_TRADING_SYSTEMS\03_STRATEGY_LIBRARY\LONG\DAS\runs\das_scanner_appearance_20260628T114046Z\chart_exports\event_day_details_grouped\0612_SAVE_2024-01-19_push21.26_rebreak\04_event_day_detail_until_1600_ny.png,C:\TSIS_Data\00_CTO\13_TRADING_SYSTEMS\03_STRATEGY_LIBRARY\LONG\DAS\runs\das_scanner_appearance_20260628T114046Z\chart_exports\event_day_details_grouped\0612_SAVE_2024-01-19_push21.26_rebreak\05_daily_context.png,das_scanner_appearance:SAVE:2024-01-19T12:01:00+00:00,SAVE,2024-01-19,21.2585,21.2585,,,8.8435,12.478031634446396,32.99319727891157,37.43409490333919,32.9932,22.1875,22.1875,rebreak_confirmed,12.6227,last_red_high_break,2024-01-19 08:02:00 EST,2024-01-19 08:04:00 EST,20.1141,green_wick_dip_new_high
613,C:\TSIS_Data\00_CTO\13_TRADING_SYSTEMS\03_STRATEGY_LIBRARY\LONG\DAS\runs\das_scanner_appearance_20260628T114046Z\chart_exports\event_day_details_grouped\0613_AIFF_2025-02-13_push21.23_rebreak,C:\TSIS_Data\00_CTO\13_TRADING_SYSTEMS\03_STRATEGY_LIBRARY\LONG\DAS\runs\das_scanner_appearance_20260628T114046Z\chart_exports\event_day_details_grouped\0613_AIFF_2025-02-13_push21.23_rebreak\02_three_day_overview.png,C:\TSIS_Data\00_CTO\13_TRADING_SYSTEMS\03_STRATEGY_LIBRARY\LONG\DAS\runs\das_scanner_appearance_20260628T114046Z\chart_exports\event_day_details_grouped\0613_AIFF_2025-02-13_push21.23_rebreak\03_event_day_premarket_detail.png,C:\TSIS_Data\00_CTO\13_TRADING_SYSTEMS\03_STRATEGY_LIBRARY\LONG\DAS\runs\das_scanner_appearance_20260628T114046Z\chart_exports\event_day_details_grouped\0613_AIFF_2025-02-13_push21.23_rebreak\04_event_day_detail_until_1600_ny.png,C:\TSIS_Data\00_CTO\13_TRADING_SYSTEMS\03_STRATEGY_LIBRARY\LONG\DAS\runs\das_scanner_appearance_20260628T114046Z\chart_exports\event_day_details_grouped\0613_AIFF_2025-02-13_push21.23_rebreak\05_daily_context.png,das_scanner_appearance:AIFF:2025-02-13T10:46:00+00:00,AIFF,2025-02-13,21.2254,21.2254,,,3.574,9.230769230769226,29.467541940189633,36.53846153846153,29.4675,25.0,25.0,rebreak_confirmed,4.3321,vwap_reclaim_rebreak,2025-02-13 08:17:00 EST,2025-02-13 08:24:00 EST,0.4321,green_wick_dip_reactivation
614,C:\TSIS_Data\00_CTO\13_TRADING_SYSTEMS\03_STRATEGY_LIBRARY\LONG\DAS\runs\das_scanner_appearance_20260628T114046Z\chart_exports\event_day_details_grouped\0614_NNOX_2024-02-15_push21.21_rebreak,C:\TSIS_Data\00_CTO\13_TRADING_SYSTEMS\03_STRATEGY_LIBRARY\LONG\DAS\runs\das_scanner_appearance_20260628T114046Z\chart_exports\event_day_details_grouped\0614_NNOX_2024-02-15_push21.21_rebreak\02_three_day_overview.png,C:\TSIS_Data\00_CTO\13_TRADING_SYSTEMS\03_STRATEGY_LIBRARY\LONG\DAS\runs\das_scanner_appearance_20260628T114046Z\chart_exports\event_day_details_grouped\0614_NNOX_2024-02-15_push21.21_rebreak\03_event_day_premarket_detail.png,C:\TSIS_Data\00_CTO\13_TRADING_SYSTEMS\03_STRATEGY_LIBRARY\LONG\DAS\runs\das_scanner_appearance_20260628T114046Z\chart_exports\event_day_details_grouped\0614_NNOX_2024-02-15_push21.21_rebreak\04_event_day_detail_until_1600_ny.png,C:\TSIS_Data\00_CTO\13_TRADING_SYSTEMS\03_STRATEGY_LIBRARY\LONG\DAS\runs\das_scanner_appearance_20260628T114046Z\chart_exports\event_day_details_grouped\0614_NNOX_2024-02-15_push21.21_rebreak\05_daily_context.png,das_scanner_appearance:NNOX:2024-02-15T09:44:00+00:00,NNOX,2024-02-15,21.2121,21.2121,,,-19.0476,47.12824547600313,27.532467532467532,131.78599527930763,27.5325,57.5401,57.5401,rebreak_confirmed,9.7143,single_candle_rebreak,2024-02-15 09:18:00 EST,2024-02-15 09:23:00 EST,0.9302,green_wick_dip_new_high
615,C:\TSIS_Data\00_CTO\13_TRADING_SYSTEMS\03_STRATEGY_LIBRARY\LONG\DAS\runs\das_scanner_appearance_20260628T114046Z\chart_exports\event_day_details_grouped\0615_CGTL_2025-09-10_push21.19_rebreak,C:\TSIS_Data\00_CTO\13_TRADING_SYSTEMS\03_STRATEGY_LIBRARY\LONG\DAS\runs\das_scanner_appearance_20260628T114046Z\chart_exports\event_day_details_grouped\0615_CGTL_2025-09-10_push21.19_rebreak\02_three_day_overview.png,C:\TSIS_Data\00_CTO\13_TRADING_SYSTEMS\03_STRATEGY_LIBRARY\LONG\DAS\runs\das_scanner_appearance_20260628T114046Z\chart_exports\event_day_details_grouped\0615_CGTL_2025-09-10_push21.19_rebreak\03_event_day_premarket_detail.png,C:\TSIS_Data\00_CTO\13_TRADING_SYSTEMS\03_STRATEGY_LIBRARY\LONG\DAS\runs\das_scanner_appearance_20260628T114046Z\chart_exports\event_day_details_grouped\0615_CGTL_2025-09-10_push21.19_rebreak\04_event_day_detail_until_1600_ny.png,C:\TSIS_Data\00_CTO\13_TRADING_SYSTEMS\03_STRATEGY_LIBRARY\LONG\DAS\runs\das_scanner_appearance_20260628T114046Z\chart_exports\event_day_details_grouped\0615_CGTL_2025-09-10_push21.19_rebreak\05_daily_context.png,das_scanner_appearance:CGTL:2025-09-10T08:13:00+00:00,CGTL,2025-09-10,21.1938,21.1938,74.21602787456443,101.78978768204946,2.9389,19.23144411300229,99.96970156036964,131.6195823828742,99.9697,94.2605,94.2605,rebreak_confirmed,10.45,single_candle_rebreak,2025-09-10 04:22:00 EDT,2025-09-10 04:25:00 EDT,1.2707,green_wick_dip_reactivation
616,C:\TSIS_Data\00_CTO\13_TRADING_SYSTEMS\03_STRATEGY_LIBRARY\LONG\DAS\runs\das_scanner_appearance_20260628T114046Z\chart_exports\event_day_details_grouped\0616_EPOW_2025-09-30_push21.19_rebreak,C:\TSIS_Data\00_CTO\13_TRADING_SYSTEMS\03_STRATEGY_LIBRARY\LONG\DAS\runs\das_scanner_appearance_20260628T114046Z\chart_exports\event_day_details_grouped\0616_EPOW_2025-09-30_push21.19_rebreak\02_three_day_overview.png,C:\TSIS_Data\00_CTO\13_TRADING_SYSTEMS\03_STRATEGY_LIBRARY\LONG\DAS\runs\das_scanner_appearance_20260628T114046Z\chart_exports\event_day_details_grouped\0616_EPOW_2025-09-30_push21.19_rebreak\03_event_day_premarket_detail.png,C:\TSIS_Data\00_CTO\13_TRADING_SYSTEMS\03_STRATEGY_LIBRARY\LONG\DAS\runs\das_scanner_appearance_20260628T114046Z\chart_exports\event_day_details_grouped\0616_EPOW_2025-09-30_push21.19_rebreak\04_event_day_detail_until_1600_ny.png,C:\TSIS_Data\00_CTO\13_TRADING_SYSTEMS\03_STRATEGY_LIBRARY\LONG\DAS\runs\das_scanner_appearance_20260628T114046Z\chart_exports\event_day_details_grouped\0616_EPOW_2025-09-30_push21.19_rebreak\05_daily_context.png,das_scanner_appearance:EPOW:2025-09-30T08:01:00+00:00,EPOW,2025-09-30,21.1921,21.1921,,,13.245,94.09761634506243,25.16556291390728,114.52894438138476,25.1656,10.5263,10.5263,rebreak_confirmed,11.4754,vwap_reclaim_rebreak,2025-09-30 04:39:00 EDT,2025-09-30 04:40:00 EDT,1.087,green_wick_dip_new_high
617,C:\TSIS_Data\00_CTO\13_TRADING_SYSTEMS\03_STRATEGY_LIBRARY\LONG\DAS\runs\das_scanner_appearance_20260628T114046Z\chart_exports\event_day_details_grouped\0617_STAF_2025-01-14_push21.18_rebreak,C:\TSIS_Data\00_CTO\13_TRADING_SYSTEMS\03_STRATEGY_LIBRARY\LONG\DAS\runs\das_scanner_appearance_20260628T114046Z\chart_exports\event_day_details_grouped\0617_STAF_2025-01-14_push21.18_rebreak\02_three_day_overview.png,C:\TSIS_Data\00_CTO\13_TRADING_SYSTEMS\03_STRATEGY_LIBRARY\LONG\DAS\runs\das_scanner_appearance_20260628T114046Z\chart_exports\event_day_details_grouped\0617_STAF_2025-01-14_push21.18_rebreak\03_event_day_premarket_detail.png,C:\TSIS_Data\00_CTO\13_TRADING_SYSTEMS\03_STRATEGY_LIBRARY\LONG\DAS\runs\das_scanner_appearance_20260628T114046Z\chart_exports\event_day_details_grouped\0617_STAF_2025-01-14_push21.18_rebreak\04_event_day_detail_until_1600_ny.png,C:\TSIS_Data\00_CTO\13_TRADING_SYSTEMS\03_STRATEGY_LIBRARY\LONG\DAS\runs\das_scanner_appearance_20260628T114046Z\chart_exports\event_day_details_grouped\0617_STAF_2025-01-14_push21.18_rebreak\05_daily_context.png,das_scanner_appearance:STAF:2025-01-14T09:03:00+00:00,STAF,2025-01-14,21.1796,21.1796,,,8.5791,78.02197802197803,30.831099195710454,114.5054945054945,30.8311,20.4938,20.4938,rebreak_confirmed,3.3186,single_candle_rebreak,2025-01-14 04:20:00 EST,2025-01-14 04:22:00 EST,1.3363,green_wick_dip_new_high
618,C:\TSIS_Data\00_CTO\13_TRADING_SYSTEMS\03_STRATEGY_LIBRARY\LONG\DAS\runs\das_scanner_appearance_20260628T114046Z\chart_exports\event_day_details_grouped\0618_SGN_2026-02-25_push21.14_rebreak,C:\TSIS_Data\00_CTO\13_TRADING_SYSTEMS\03_STRATEGY_LIBRARY\LONG\DAS\runs\das_scanner_appearance_20260628T114046Z\chart_exports\event_day_details_grouped\0618_SGN_2026-02-25_push21.14_rebreak\02_three_day_overview.png,C:\TSIS_Data\00_CTO\13_TRADING_SYSTEMS\03_STRATEGY_LIBRARY\LONG\DAS\runs\das_scanner_appearance_20260628T114046Z\chart_exports\event_day_details_grouped\0618_SGN_2026-02-25_push21.14_rebreak\03_event_day_premarket_detail.png,C:\TSIS_Data\00_CTO\13_TRADING_SYSTEMS\03_STRATEGY_LIBRARY\LONG\DAS\runs\das_scanner_appearance_20260628T114046Z\chart_exports\event_day_details_grouped\0618_SGN_2026-02-25_push21.14_rebreak\04_event_day_detail_until_1600_ny.png,C:\TSIS_Data\00_CTO\13_TRADING_SYSTEMS\03_STRATEGY_LIBRARY\LONG\DAS\runs\das_scanner_appearance_20260628T114046Z\chart_exports\event_day_details_grouped\0618_SGN_2026-02-25_push21.14_rebreak\05_daily_context.png,das_scanner_appearance:SGN:2026-02-25T13:00:00+00:00,SGN,2026-02-25,21.1404,21.1404,,,-1.8772,-0.9737960339943255,21.140350877192994,22.25566572237961,21.1404,23.4579,23.4579,rebreak_confirmed,4.4316,single_candle_rebreak,2026-02-25 08:54:00 EST,2026-02-25 08:55:00 EST,0.0149,green_wick_dip_new_high
619,C:\TSIS_Data\00_CTO\13_TRADING_SYSTEMS\03_STRATEGY_LIBRARY\LONG\DAS\runs\das_scanner_appearance_20260628T114046Z\chart_exports\event_day_details_grouped\0619_ASBP_2025-10-02_push21.12_rebreak,C:\TSIS_Data\00_CTO\13_TRADING_SYSTEMS\03_STRATEGY_LIBRARY\LONG\DAS\runs\das_scanner_appearance_20260628T114046Z\chart_exports\event_day_details_grouped\0619_ASBP_2025-10-02_push21.12_rebreak\02_three_day_overview.png,C:\TSIS_Data\00_CTO\13_TRADING_SYSTEMS\03_STRATEGY_LIBRARY\LONG\DAS\runs\das_scanner_appearance_20260628T114046Z\chart_exports\event_day_details_grouped\0619_ASBP_2025-10-02_push21.12_rebreak\03_event_day_premarket_detail.png,C:\TSIS_Data\00_CTO\13_TRADING_SYSTEMS\03_STRATEGY_LIBRARY\LONG\DAS\runs\das_scanner_appearance_20260628T114046Z\chart_exports\event_day_details_grouped\0619_ASBP_2025-10-02_push21.12_rebreak\04_event_day_detail_until_1600_ny.png,C:\TSIS_Data\00_CTO\13_TRADING_SYSTEMS\03_STRATEGY_LIBRARY\LONG\DAS\runs\das_scanner_appearance_20260628T114046Z\chart_exports\event_day_details_grouped\0619_ASBP_2025-10-02_push21.12_rebreak\05_daily_context.png,das_scanner_appearance:ASBP:2025-10-02T09:13:00+00:00,ASBP,2025-10-02,21.1151,21.1151,53.525179856115116,99.34609995329285,6.5468,38.3465670247548,69.06474820143886,119.52358710882767,69.0647,58.6766,58.6766,rebreak_confirmed,4.0689,multi_candle_flag_break,2025-10-02 06:14:00 EDT,2025-10-02 06:15:00 EDT,0.3488,green_wick_dip_reactivation
620,C:\TSIS_Data\00_CTO\13_TRADING_SYSTEMS\03_STRATEGY_LIBRARY\LONG\DAS\runs\das_scanner_appearance_20260628T114046Z\chart_exports\event_day_details_grouped\0620_USEG_2026-03-02_push21.09_rebreak,C:\TSIS_Data\00_CTO\13_TRADING_SYSTEMS\03_STRATEGY_LIBRARY\LONG\DAS\runs\das_scanner_appearance_20260628T114046Z\chart_exports\event_day_details_grouped\0620_USEG_2026-03-02_push21.09_rebreak\02_three_day_overview.png,C:\TSIS_Data\00_CTO\13_TRADING_SYSTEMS\03_STRATEGY_LIBRARY\LONG\DAS\runs\das_scanner_appearance_20260628T114046Z\chart_exports\event_day_details_grouped\0620_USEG_2026-03-02_push21.09_rebreak\03_event_day_premarket_detail.png,C:\TSIS_Data\00_CTO\13_TRADING_SYSTEMS\03_STRATEGY_LIBRARY\LONG\DAS\runs\das_scanner_appearance_20260628T114046Z\chart_exports\event_day_details_grouped\0620_USEG_2026-03-02_push21.09_rebreak\04_event_day_detail_until_1600_ny.png,C:\TSIS_Data\00_CTO\13_TRADING_SYSTEMS\03_STRATEGY_LIBRARY\LONG\DAS\runs\das_scanner_appearance_20260628T114046Z\chart_exports\event_day_details_grouped\0620_USEG_2026-03-02_push21.09_rebreak\05_daily_context.png,das_scanner_appearance:USEG:2026-03-02T09:22:00+00:00,USEG,2026-03-02,21.0938,21.0938,,,4.6875,25.821596244131467,36.71874999999999,64.31924882629109,36.7187,30.597,30.597,rebreak_confirmed,4.5161,multi_candle_flag_break,2026-03-02 05:34:00 EST,2026-03-02 05:37:00 EST,1.5385,green_wick_dip_new_high
621,C:\TSIS_Data\00_CTO\13_TRADING_SYSTEMS\03_STRATEGY_LIBRARY\LONG\DAS\runs\das_scanner_appearance_20260628T114046Z\chart_exports\event_day_details_grouped\0621_HTCR_2025-05-29_push21.09_rebreak,C:\TSIS_Data\00_CTO\13_TRADING_SYSTEMS\03_STRATEGY_LIBRARY\LONG\DAS\runs\das_scanner_appearance_20260628T114046Z\chart_exports\event_day_details_grouped\0621_HTCR_2025-05-29_push21.09_rebreak\02_three_day_overview.png,C:\TSIS_Data\00_CTO\13_TRADING_SYSTEMS\03_STRATEGY_LIBRARY\LONG\DAS\runs\das_scanner_appearance_20260628T114046Z\chart_exports\event_day_details_grouped\0621_HTCR_2025-05-29_push21.09_rebreak\03_event_day_premarket_detail.png,C:\TSIS_Data\00_CTO\13_TRADING_SYSTEMS\03_STRATEGY_LIBRARY\LONG\DAS\runs\das_scanner_appearance_20260628T114046Z\chart_exports\event_day_details_grouped\0621_HTCR_2025-05-29_push21.09_rebreak\04_event_day_detail_until_1600_ny.png,C:\TSIS_Data\00_CTO\13_TRADING_SYSTEMS\03_STRATEGY_LIBRARY\LONG\DAS\runs\das_scanner_appearance_20260628T114046Z\chart_exports\event_day_details_grouped\0621_HTCR_2025-05-29_push21.09_rebreak\05_daily_context.png,das_scanner_appearance:HTCR:2025-05-29T08:06:00+00:00,HTCR,2025-05-29,21.0926,21.0926,,,0.6759,22.873345935727787,40.80540692762601,71.85083347654236,40.8054,39.8601,39.8601,rebreak_confirmed,9.3023,single_candle_rebreak,2025-05-29 05:10:00 EDT,2025-05-29 05:11:00 EDT,2.115,green_wick_dip_new_high
622,C:\TSIS_Data\00_CTO\13_TRADING_SYSTEMS\03_STRATEGY_LIBRARY\LONG\DAS\runs\das_scanner_appearance_20260628T114046Z\chart_exports\event_day_details_grouped\0622_NXDR_2025-12-10_push21.08_rebreak,C:\TSIS_Data\00_CTO\13_TRADING_SYSTEMS\03_STRATEGY_LIBRARY\LONG\DAS\runs\das_scanner_appearance_20260628T114046Z\chart_exports\event_day_details_grouped\0622_NXDR_2025-12-10_push21.08_rebreak\02_three_day_overview.png,C:\TSIS_Data\00_CTO\13_TRADING_SYSTEMS\03_STRATEGY_LIBRARY\LONG\DAS\runs\das_scanner_appearance_20260628T114046Z\chart_exports\event_day_details_grouped\0622_NXDR_2025-12-10_push21.08_rebreak\03_event_day_premarket_detail.png,C:\TSIS_Data\00_CTO\13_TRADING_SYSTEMS\03_STRATEGY_LIBRARY\LONG\DAS\runs\das_scanner_appearance_20260628T114046Z\chart_exports\event_day_details_grouped\0622_NXDR_2025-12-10_push21.08_rebreak\04_event_day_detail_until_1600_ny.png,C:\TSIS_Data\00_CTO\13_TRADING_SYSTEMS\03_STRATEGY_LIBRARY\LONG\DAS\runs\das_scanner_appearance_20260628T114046Z\chart_exports\event_day_details_grouped\0622_NXDR_2025-12-10_push21.08_rebreak\05_daily_context.png,das_scanner_appearance:NXDR:2025-12-10T12:30:00+00:00,NXDR,2025-12-10,21.0784,21.0784,,,16.2255,18.55,36.27450980392155,38.99999999999999,36.2745,17.2501,17.2501,rebreak_confirmed,3.6437,vwap_reclaim_rebreak,2025-12-10 08:01:00 EST,2025-12-10 08:05:00 EST,0.4267,green_wick_dip_new_high
623,C:\TSIS_Data\00_CTO\13_TRADING_SYSTEMS\03_STRATEGY_LIBRARY\LONG\DAS\runs\das_scanner_appearance_20260628T114046Z\chart_exports\event_day_details_grouped\0623_LAES_2025-10-17_push21.06_rebreak,C:\TSIS_Data\00_CTO\13_TRADING_SYSTEMS\03_STRATEGY_LIBRARY\LONG\DAS\runs\das_scanner_appearance_20260628T114046Z\chart_exports\event_day_details_grouped\0623_LAES_2025-10-17_push21.06_rebreak\02_three_day_overview.png,C:\TSIS_Data\00_CTO\13_TRADING_SYSTEMS\03_STRATEGY_LIBRARY\LONG\DAS\runs\das_scanner_appearance_20260628T114046Z\chart_exports\event_day_details_grouped\0623_LAES_2025-10-17_push21.06_rebreak\03_event_day_premarket_detail.png,C:\TSIS_Data\00_CTO\13_TRADING_SYSTEMS\03_STRATEGY_LIBRARY\LONG\DAS\runs\das_scanner_appearance_20260628T114046Z\chart_exports\event_day_details_grouped\0623_LAES_2025-10-17_push21.06_rebreak\04_event_day_detail_until_1600_ny.png,C:\TSIS_Data\00_CTO\13_TRADING_SYSTEMS\03_STRATEGY_LIBRARY\LONG\DAS\runs\das_scanner_appearance_20260628T114046Z\chart_exports\event_day_details_grouped\0623_LAES_2025-10-17_push21.06_rebreak\05_daily_context.png,das_scanner_appearance:LAES:2025-10-17T08:07:00+00:00,LAES,2025-10-17,21.0619,21.0619,,,1.7699,-9.589773424110437,26.01769911504424,11.951445777449338,26.0177,23.8261,23.8261,rebreak_confirmed,4.2398,single_candle_rebreak,2025-10-17 08:05:00 EDT,2025-10-17 08:08:00 EDT,0.5848,green_wick_dip_reactivation
624,C:\TSIS_Data\00_CTO\13_TRADING_SYSTEMS\03_STRATEGY_LIBRARY\LONG\DAS\runs\das_scanner_appearance_20260628T114046Z\chart_exports\event_day_details_grouped\0624_VRME_2025-01-14_push21.05_rebreak,C:\TSIS_Data\00_CTO\13_TRADING_SYSTEMS\03_STRATEGY_LIBRARY\LONG\DAS\runs\das_scanner_appearance_20260628T114046Z\chart_exports\event_day_details_grouped\0624_VRME_2025-01-14_push21.05_rebreak\02_three_day_overview.png,C:\TSIS_Data\00_CTO\13_TRADING_SYSTEMS\03_STRATEGY_LIBRARY\LONG\DAS\runs\das_scanner_appearance_20260628T114046Z\chart_exports\event_day_details_grouped\0624_VRME_2025-01-14_push21.05_rebreak\03_event_day_premarket_detail.png,C:\TSIS_Data\00_CTO\13_TRADING_SYSTEMS\03_STRATEGY_LIBRARY\LONG\DAS\runs\das_scanner_appearance_20260628T114046Z\chart_exports\event_day_details_grouped\0624_VRME_2025-01-14_push21.05_rebreak\04_event_day_detail_until_1600_ny.png,C:\TSIS_Data\00_CTO\13_TRADING_SYSTEMS\03_STRATEGY_LIBRARY\LONG\DAS\runs\das_scanner_appearance_20260628T114046Z\chart_exports\event_day_details_grouped\0624_VRME_2025-01-14_push21.05_rebreak\05_daily_context.png,das_scanner_appearance:VRME:2025-01-14T10:29:00+00:00,VRME,2025-01-14,21.0526,21.0526,,,0.8772,10.643415514131087,23.464912280701764,35.41791942273001,23.4649,22.3913,22.3913,rebreak_confirmed,8.6957,vwap_reclaim_rebreak,2025-01-14 07:42:00 EST,2025-01-14 07:44:00 EST,3.7523,green_wick_dip_reactivation
625,C:\TSIS_Data\00_CTO\13_TRADING_SYSTEMS\03_STRATEGY_LIBRARY\LONG\DAS\runs\das_scanner_appearance_20260628T114046Z\chart_exports\event_day_details_grouped\0625_HWH_2025-09-02_push21.05_rebreak,C:\TSIS_Data\00_CTO\13_TRADING_SYSTEMS\03_STRATEGY_LIBRARY\LONG\DAS\runs\das_scanner_appearance_20260628T114046Z\chart_exports\event_day_details_grouped\0625_HWH_2025-09-02_push21.05_rebreak\02_three_day_overview.png,C:\TSIS_Data\00_CTO\13_TRADING_SYSTEMS\03_STRATEGY_LIBRARY\LONG\DAS\runs\das_scanner_appearance_20260628T114046Z\chart_exports\event_day_details_grouped\0625_HWH_2025-09-02_push21.05_rebreak\03_event_day_premarket_detail.png,C:\TSIS_Data\00_CTO\13_TRADING_SYSTEMS\03_STRATEGY_LIBRARY\LONG\DAS\runs\das_scanner_appearance_20260628T114046Z\chart_exports\event_day_details_grouped\0625_HWH_2025-09-02_push21.05_rebreak\04_event_day_detail_until_1600_ny.png,C:\TSIS_Data\00_CTO\13_TRADING_SYSTEMS\03_STRATEGY_LIBRARY\LONG\DAS\runs\das_scanner_appearance_20260628T114046Z\chart_exports\event_day_details_grouped\0625_HWH_2025-09-02_push21.05_rebreak\05_daily_context.png,das_scanner_appearance:HWH:2025-09-02T08:15:00+00:00,HWH,2025-09-02,21.0526,21.0526,57.89473684210527,,11.0526,,77.89473684210526,,77.8947,60.1896,60.1896,rebreak_confirmed,8.2609,vwap_reclaim_rebreak,2025-09-02 04:31:00 EDT,2025-09-02 04:32:00 EDT,1.7621,green_wick_dip_new_high
626,C:\TSIS_Data\00_CTO\13_TRADING_SYSTEMS\03_STRATEGY_LIBRARY\LONG\DAS\runs\das_scanner_appearance_20260628T114046Z\chart_exports\event_day_details_grouped\0626_NKGN_2024-03-07_push21.03_rebreak,C:\TSIS_Data\00_CTO\13_TRADING_SYSTEMS\03_STRATEGY_LIBRARY\LONG\DAS\runs\das_scanner_appearance_20260628T114046Z\chart_exports\event_day_details_grouped\0626_NKGN_2024-03-07_push21.03_rebreak\02_three_day_overview.png,C:\TSIS_Data\00_CTO\13_TRADING_SYSTEMS\03_STRATEGY_LIBRARY\LONG\DAS\runs\das_scanner_appearance_20260628T114046Z\chart_exports\event_day_details_grouped\0626_NKGN_2024-03-07_push21.03_rebreak\03_event_day_premarket_detail.png,C:\TSIS_Data\00_CTO\13_TRADING_SYSTEMS\03_STRATEGY_LIBRARY\LONG\DAS\runs\das_scanner_appearance_20260628T114046Z\chart_exports\event_day_details_grouped\0626_NKGN_2024-03-07_push21.03_rebreak\04_event_day_detail_until_1600_ny.png,C:\TSIS_Data\00_CTO\13_TRADING_SYSTEMS\03_STRATEGY_LIBRARY\LONG\DAS\runs\das_scanner_appearance_20260628T114046Z\chart_exports\event_day_details_grouped\0626_NKGN_2024-03-07_push21.03_rebreak\05_daily_context.png,das_scanner_appearance:NKGN:2024-03-07T12:31:00+00:00,NKGN,2024-03-07,21.0256,21.0256,,,7.6923,12.299465240641709,33.33333333333334,39.03743315508021,33.3333,23.8095,23.8095,rebreak_confirmed,8.0508,single_candle_rebreak,2024-03-07 07:53:00 EST,2024-03-07 07:56:00 EST,7.234,green_wick_dip_new_high
627,C:\TSIS_Data\00_CTO\13_TRADING_SYSTEMS\03_STRATEGY_LIBRARY\LONG\DAS\runs\das_scanner_appearance_20260628T114046Z\chart_exports\event_day_details_grouped\0627_PSTV_2025-10-21_push21.02_rebreak,C:\TSIS_Data\00_CTO\13_TRADING_SYSTEMS\03_STRATEGY_LIBRARY\LONG\DAS\runs\das_scanner_appearance_20260628T114046Z\chart_exports\event_day_details_grouped\0627_PSTV_2025-10-21_push21.02_rebreak\02_three_day_overview.png,C:\TSIS_Data\00_CTO\13_TRADING_SYSTEMS\03_STRATEGY_LIBRARY\LONG\DAS\runs\das_scanner_appearance_20260628T114046Z\chart_exports\event_day_details_grouped\0627_PSTV_2025-10-21_push21.02_rebreak\03_event_day_premarket_detail.png,C:\TSIS_Data\00_CTO\13_TRADING_SYSTEMS\03_STRATEGY_LIBRARY\LONG\DAS\runs\das_scanner_appearance_20260628T114046Z\chart_exports\event_day_details_grouped\0627_PSTV_2025-10-21_push21.02_rebreak\04_event_day_detail_until_1600_ny.png,C:\TSIS_Data\00_CTO\13_TRADING_SYSTEMS\03_STRATEGY_LIBRARY\LONG\DAS\runs\das_scanner_appearance_20260628T114046Z\chart_exports\event_day_details_grouped\0627_PSTV_2025-10-21_push21.02_rebreak\05_daily_context.png,das_scanner_appearance:PSTV:2025-10-21T12:03:00+00:00,PSTV,2025-10-21,21.018,21.018,,,6.9229,3.908682116914554,31.215518775582847,27.516430300933912,31.2155,22.7197,22.7197,rebreak_confirmed,3.8088,single_candle_rebreak,2025-10-21 08:10:00 EDT,2025-10-21 08:14:00 EDT,2.1658,green_wick_dip_reactivation
628,C:\TSIS_Data\00_CTO\13_TRADING_SYSTEMS\03_STRATEGY_LIBRARY\LONG\DAS\runs\das_scanner_appearance_20260628T114046Z\chart_exports\event_day_details_grouped\0628_USEG_2025-01-22_push21.00_rebreak,C:\TSIS_Data\00_CTO\13_TRADING_SYSTEMS\03_STRATEGY_LIBRARY\LONG\DAS\runs\das_scanner_appearance_20260628T114046Z\chart_exports\event_day_details_grouped\0628_USEG_2025-01-22_push21.00_rebreak\02_three_day_overview.png,C:\TSIS_Data\00_CTO\13_TRADING_SYSTEMS\03_STRATEGY_LIBRARY\LONG\DAS\runs\das_scanner_appearance_20260628T114046Z\chart_exports\event_day_details_grouped\0628_USEG_2025-01-22_push21.00_rebreak\03_event_day_premarket_detail.png,C:\TSIS_Data\00_CTO\13_TRADING_SYSTEMS\03_STRATEGY_LIBRARY\LONG\DAS\runs\das_scanner_appearance_20260628T114046Z\chart_exports\event_day_details_grouped\0628_USEG_2025-01-22_push21.00_rebreak\04_event_day_detail_until_1600_ny.png,C:\TSIS_Data\00_CTO\13_TRADING_SYSTEMS\03_STRATEGY_LIBRARY\LONG\DAS\runs\das_scanner_appearance_20260628T114046Z\chart_exports\event_day_details_grouped\0628_USEG_2025-01-22_push21.00_rebreak\05_daily_context.png,das_scanner_appearance:USEG:2025-01-22T09:05:00+00:00,USEG,2025-01-22,21.0024,21.0024,,,9.7852,22.994652406417096,32.458233890214785,48.39572192513368,32.4582,20.6522,20.6522,rebreak_confirmed,4.7337,multi_candle_flag_break,2025-01-22 05:09:00 EST,2025-01-22 05:10:00 EST,2.6923,green_wick_dip_reactivation
629,C:\TSIS_Data\00_CTO\13_TRADING_SYSTEMS\03_STRATEGY_LIBRARY\LONG\DAS\runs\das_scanner_appearance_20260628T114046Z\chart_exports\event_day_details_grouped\0629_LGVN_2024-07-10_push20.98_rebreak,C:\TSIS_Data\00_CTO\13_TRADING_SYSTEMS\03_STRATEGY_LIBRARY\LONG\DAS\runs\das_scanner_appearance_20260628T114046Z\chart_exports\event_day_details_grouped\0629_LGVN_2024-07-10_push20.98_rebreak\02_three_day_overview.png,C:\TSIS_Data\00_CTO\13_TRADING_SYSTEMS\03_STRATEGY_LIBRARY\LONG\DAS\runs\das_scanner_appearance_20260628T114046Z\chart_exports\event_day_details_grouped\0629_LGVN_2024-07-10_push20.98_rebreak\03_event_day_premarket_detail.png,C:\TSIS_Data\00_CTO\13_TRADING_SYSTEMS\03_STRATEGY_LIBRARY\LONG\DAS\runs\das_scanner_appearance_20260628T114046Z\chart_exports\event_day_details_grouped\0629_LGVN_2024-07-10_push20.98_rebreak\04_event_day_detail_until_1600_ny.png,C:\TSIS_Data\00_CTO\13_TRADING_SYSTEMS\03_STRATEGY_LIBRARY\LONG\DAS\runs\das_scanner_appearance_20260628T114046Z\chart_exports\event_day_details_grouped\0629_LGVN_2024-07-10_push20.98_rebreak\05_daily_context.png,das_scanner_appearance:LGVN:2024-07-10T11:32:00+00:00,LGVN,2024-07-10,20.979,20.979,57.342657342657354,57.950157950157944,18.8811,19.34011934011933,149.62937062937067,150.59319059319057,149.6294,109.9824,109.9824,rebreak_confirmed,6.9364,vwap_reclaim_rebreak,2024-07-10 07:45:00 EDT,2024-07-10 07:46:00 EDT,2.5788,green_wick_dip_new_high
630,C:\TSIS_Data\00_CTO\13_TRADING_SYSTEMS\03_STRATEGY_LIBRARY\LONG\DAS\runs\das_scanner_appearance_20260628T114046Z\chart_exports\event_day_details_grouped\0630_BURU_2025-04-01_push20.97_rebreak,C:\TSIS_Data\00_CTO\13_TRADING_SYSTEMS\03_STRATEGY_LIBRARY\LONG\DAS\runs\das_scanner_appearance_20260628T114046Z\chart_exports\event_day_details_grouped\0630_BURU_2025-04-01_push20.97_rebreak\02_three_day_overview.png,C:\TSIS_Data\00_CTO\13_TRADING_SYSTEMS\03_STRATEGY_LIBRARY\LONG\DAS\runs\das_scanner_appearance_20260628T114046Z\chart_exports\event_day_details_grouped\0630_BURU_2025-04-01_push20.97_rebreak\03_event_day_premarket_detail.png,C:\TSIS_Data\00_CTO\13_TRADING_SYSTEMS\03_STRATEGY_LIBRARY\LONG\DAS\runs\das_scanner_appearance_20260628T114046Z\chart_exports\event_day_details_grouped\0630_BURU_2025-04-01_push20.97_rebreak\04_event_day_detail_until_1600_ny.png,C:\TSIS_Data\00_CTO\13_TRADING_SYSTEMS\03_STRATEGY_LIBRARY\LONG\DAS\runs\das_scanner_appearance_20260628T114046Z\chart_exports\event_day_details_grouped\0630_BURU_2025-04-01_push20.97_rebreak\05_daily_context.png,das_scanner_appearance:BURU:2025-04-01T12:35:00+00:00,BURU,2025-04-01,20.9709,20.9709,,,18.7972,21.308529753725807,21.074422937584103,23.63386534193002,21.0744,1.9169,1.9169,rebreak_confirmed,8.1629,multi_candle_flag_break,2025-04-01 08:42:00 EDT,2025-04-01 08:45:00 EDT,1.1133,green_wick_dip_new_high
631,C:\TSIS_Data\00_CTO\13_TRADING_SYSTEMS\03_STRATEGY_LIBRARY\LONG\DAS\runs\das_scanner_appearance_20260628T114046Z\chart_exports\event_day_details_grouped\0631_BIAF_2025-04-01_push20.97_rebreak,C:\TSIS_Data\00_CTO\13_TRADING_SYSTEMS\03_STRATEGY_LIBRARY\LONG\DAS\runs\das_scanner_appearance_20260628T114046Z\chart_exports\event_day_details_grouped\0631_BIAF_2025-04-01_push20.97_rebreak\02_three_day_overview.png,C:\TSIS_Data\00_CTO\13_TRADING_SYSTEMS\03_STRATEGY_LIBRARY\LONG\DAS\runs\das_scanner_appearance_20260628T114046Z\chart_exports\event_day_details_grouped\0631_BIAF_2025-04-01_push20.97_rebreak\03_event_day_premarket_detail.png,C:\TSIS_Data\00_CTO\13_TRADING_SYSTEMS\03_STRATEGY_LIBRARY\LONG\DAS\runs\das_scanner_appearance_20260628T114046Z\chart_exports\event_day_details_grouped\0631_BIAF_2025-04-01_push20.97_rebreak\04_event_day_detail_until_1600_ny.png,C:\TSIS_Data\00_CTO\13_TRADING_SYSTEMS\03_STRATEGY_LIBRARY\LONG\DAS\runs\das_scanner_appearance_20260628T114046Z\chart_exports\event_day_details_grouped\0631_BIAF_2025-04-01_push20.97_rebreak\05_daily_context.png,das_scanner_appearance:BIAF:2025-04-01T09:26:00+00:00,BIAF,2025-04-01,20.9677,20.9677,,,-9.9839,113.83141762452105,31.080645161290317,211.3793103448276,31.0806,45.6191,45.6191,rebreak_confirmed,11.6,multi_candle_flag_break,2025-04-01 07:36:00 EDT,2025-04-01 07:38:00 EDT,0.0662,green_wick_dip_new_high
632,C:\TSIS_Data\00_CTO\13_TRADING_SYSTEMS\03_STRATEGY_LIBRARY\LONG\DAS\runs\das_scanner_appearance_20260628T114046Z\chart_exports\event_day_details_grouped\0632_BYND_2025-10-23_push20.95_rebreak,C:\TSIS_Data\00_CTO\13_TRADING_SYSTEMS\03_STRATEGY_LIBRARY\LONG\DAS\runs\das_scanner_appearance_20260628T114046Z\chart_exports\event_day_details_grouped\0632_BYND_2025-10-23_push20.95_rebreak\02_three_day_overview.png,C:\TSIS_Data\00_CTO\13_TRADING_SYSTEMS\03_STRATEGY_LIBRARY\LONG\DAS\runs\das_scanner_appearance_20260628T114046Z\chart_exports\event_day_details_grouped\0632_BYND_2025-10-23_push20.95_rebreak\03_event_day_premarket_detail.png,C:\TSIS_Data\00_CTO\13_TRADING_SYSTEMS\03_STRATEGY_LIBRARY\LONG\DAS\runs\das_scanner_appearance_20260628T114046Z\chart_exports\event_day_details_grouped\0632_BYND_2025-10-23_push20.95_rebreak\04_event_day_detail_until_1600_ny.png,C:\TSIS_Data\00_CTO\13_TRADING_SYSTEMS\03_STRATEGY_LIBRARY\LONG\DAS\runs\das_scanner_appearance_20260628T114046Z\chart_exports\event_day_details_grouped\0632_BYND_2025-10-23_push20.95_rebreak\05_daily_context.png,das_scanner_appearance:BYND:2025-10-23T08:00:00+00:00,BYND,2025-10-23,20.9524,20.9524,,,3.0159,-9.357541899441339,20.95238095238096,6.424581005586591,20.9524,17.4114,17.4114,rebreak_confirmed,23.0971,ascending_flag_break,2025-10-23 08:13:00 EDT,2025-10-23 08:14:00 EDT,0.3344,green_wick_dip_reactivation
633,C:\TSIS_Data\00_CTO\13_TRADING_SYSTEMS\03_STRATEGY_LIBRARY\LONG\DAS\runs\das_scanner_appearance_20260628T114046Z\chart_exports\event_day_details_grouped\0633_ORBS_2026-01-05_push20.92_rebreak,C:\TSIS_Data\00_CTO\13_TRADING_SYSTEMS\03_STRATEGY_LIBRARY\LONG\DAS\runs\das_scanner_appearance_20260628T114046Z\chart_exports\event_day_details_grouped\0633_ORBS_2026-01-05_push20.92_rebreak\02_three_day_overview.png,C:\TSIS_Data\00_CTO\13_TRADING_SYSTEMS\03_STRATEGY_LIBRARY\LONG\DAS\runs\das_scanner_appearance_20260628T114046Z\chart_exports\event_day_details_grouped\0633_ORBS_2026-01-05_push20.92_rebreak\03_event_day_premarket_detail.png,C:\TSIS_Data\00_CTO\13_TRADING_SYSTEMS\03_STRATEGY_LIBRARY\LONG\DAS\runs\das_scanner_appearance_20260628T114046Z\chart_exports\event_day_details_grouped\0633_ORBS_2026-01-05_push20.92_rebreak\04_event_day_detail_until_1600_ny.png,C:\TSIS_Data\00_CTO\13_TRADING_SYSTEMS\03_STRATEGY_LIBRARY\LONG\DAS\runs\das_scanner_appearance_20260628T114046Z\chart_exports\event_day_details_grouped\0633_ORBS_2026-01-05_push20.92_rebreak\05_daily_context.png,das_scanner_appearance:ORBS:2026-01-05T11:00:00+00:00,ORBS,2026-01-05,20.9184,20.9184,,,16.8367,25.136612021857918,36.224489795918366,45.901639344262286,36.2245,16.5939,16.5939,rebreak_confirmed,3.1646,ascending_flag_break,2026-01-05 06:07:00 EST,2026-01-05 06:08:00 EST,0.4202,green_wick_dip_new_high
634,C:\TSIS_Data\00_CTO\13_TRADING_SYSTEMS\03_STRATEGY_LIBRARY\LONG\DAS\runs\das_scanner_appearance_20260628T114046Z\chart_exports\event_day_details_grouped\0634_SILO_2025-09-23_push20.92_rebreak,C:\TSIS_Data\00_CTO\13_TRADING_SYSTEMS\03_STRATEGY_LIBRARY\LONG\DAS\runs\das_scanner_appearance_20260628T114046Z\chart_exports\event_day_details_grouped\0634_SILO_2025-09-23_push20.92_rebreak\02_three_day_overview.png,C:\TSIS_Data\00_CTO\13_TRADING_SYSTEMS\03_STRATEGY_LIBRARY\LONG\DAS\runs\das_scanner_appearance_20260628T114046Z\chart_exports\event_day_details_grouped\0634_SILO_2025-09-23_push20.92_rebreak\03_event_day_premarket_detail.png,C:\TSIS_Data\00_CTO\13_TRADING_SYSTEMS\03_STRATEGY_LIBRARY\LONG\DAS\runs\das_scanner_appearance_20260628T114046Z\chart_exports\event_day_details_grouped\0634_SILO_2025-09-23_push20.92_rebreak\04_event_day_detail_until_1600_ny.png,C:\TSIS_Data\00_CTO\13_TRADING_SYSTEMS\03_STRATEGY_LIBRARY\LONG\DAS\runs\das_scanner_appearance_20260628T114046Z\chart_exports\event_day_details_grouped\0634_SILO_2025-09-23_push20.92_rebreak\05_daily_context.png,das_scanner_appearance:SILO:2025-09-23T12:15:00+00:00,SILO,2025-09-23,20.9163,20.9163,68.98235073225685,72.30376515634973,9.6132,11.76770899808552,68.98235073225685,72.30376515634973,68.9824,54.1624,54.1624,rebreak_confirmed,8.9027,vwap_reclaim_rebreak,2025-09-23 08:40:00 EDT,2025-09-23 08:43:00 EDT,2.4117,green_wick_dip_reactivation
635,C:\TSIS_Data\00_CTO\13_TRADING_SYSTEMS\03_STRATEGY_LIBRARY\LONG\DAS\runs\das_scanner_appearance_20260628T114046Z\chart_exports\event_day_details_grouped\0635_WOK_2026-02-06_push20.91_rebreak,C:\TSIS_Data\00_CTO\13_TRADING_SYSTEMS\03_STRATEGY_LIBRARY\LONG\DAS\runs\das_scanner_appearance_20260628T114046Z\chart_exports\event_day_details_grouped\0635_WOK_2026-02-06_push20.91_rebreak\02_three_day_overview.png,C:\TSIS_Data\00_CTO\13_TRADING_SYSTEMS\03_STRATEGY_LIBRARY\LONG\DAS\runs\das_scanner_appearance_20260628T114046Z\chart_exports\event_day_details_grouped\0635_WOK_2026-02-06_push20.91_rebreak\03_event_day_premarket_detail.png,C:\TSIS_Data\00_CTO\13_TRADING_SYSTEMS\03_STRATEGY_LIBRARY\LONG\DAS\runs\das_scanner_appearance_20260628T114046Z\chart_exports\event_day_details_grouped\0635_WOK_2026-02-06_push20.91_rebreak\04_event_day_detail_until_1600_ny.png,C:\TSIS_Data\00_CTO\13_TRADING_SYSTEMS\03_STRATEGY_LIBRARY\LONG\DAS\runs\das_scanner_appearance_20260628T114046Z\chart_exports\event_day_details_grouped\0635_WOK_2026-02-06_push20.91_rebreak\05_daily_context.png,das_scanner_appearance:WOK:2026-02-06T12:52:00+00:00,WOK,2026-02-06,20.915,20.915,,,6.5359,30.923694779116445,20.915032679738566,48.594377510040154,20.915,13.4969,13.4969,rebreak_confirmed,18.9189,vwap_reclaim_rebreak,2026-02-06 08:04:00 EST,2026-02-06 08:09:00 EST,0.728,green_wick_dip_new_high
636,C:\TSIS_Data\00_CTO\13_TRADING_SYSTEMS\03_STRATEGY_LIBRARY\LONG\DAS\runs\das_scanner_appearance_20260628T114046Z\chart_exports\event_day_details_grouped\0636_BURU_2025-08-18_push20.91_rebreak,C:\TSIS_Data\00_CTO\13_TRADING_SYSTEMS\03_STRATEGY_LIBRARY\LONG\DAS\runs\das_scanner_appearance_20260628T114046Z\chart_exports\event_day_details_grouped\0636_BURU_2025-08-18_push20.91_rebreak\02_three_day_overview.png,C:\TSIS_Data\00_CTO\13_TRADING_SYSTEMS\03_STRATEGY_LIBRARY\LONG\DAS\runs\das_scanner_appearance_20260628T114046Z\chart_exports\event_day_details_grouped\0636_BURU_2025-08-18_push20.91_rebreak\03_event_day_premarket_detail.png,C:\TSIS_Data\00_CTO\13_TRADING_SYSTEMS\03_STRATEGY_LIBRARY\LONG\DAS\runs\das_scanner_appearance_20260628T114046Z\chart_exports\event_day_details_grouped\0636_BURU_2025-08-18_push20.91_rebreak\04_event_day_detail_until_1600_ny.png,C:\TSIS_Data\00_CTO\13_TRADING_SYSTEMS\03_STRATEGY_LIBRARY\LONG\DAS\runs\das_scanner_appearance_20260628T114046Z\chart_exports\event_day_details_grouped\0636_BURU_2025-08-18_push20.91_rebreak\05_daily_context.png,das_scanner_appearance:BURU:2025-08-18T10:31:00+00:00,BURU,2025-08-18,20.9107,20.9107,,,7.1647,22.74569957269641,20.91065620814998,38.49019393009752,20.9107,12.8269,12.8269,rebreak_confirmed,7.9747,single_candle_rebreak,2025-08-18 06:39:00 EDT,2025-08-18 06:42:00 EDT,0.9846,green_wick_dip_reactivation
637,C:\TSIS_Data\00_CTO\13_TRADING_SYSTEMS\03_STRATEGY_LIBRARY\LONG\DAS\runs\das_scanner_appearance_20260628T114046Z\chart_exports\event_day_details_grouped\0637_UDMY_2025-12-17_push20.90_rebreak,C:\TSIS_Data\00_CTO\13_TRADING_SYSTEMS\03_STRATEGY_LIBRARY\LONG\DAS\runs\das_scanner_appearance_20260628T114046Z\chart_exports\event_day_details_grouped\0637_UDMY_2025-12-17_push20.90_rebreak\02_three_day_overview.png,C:\TSIS_Data\00_CTO\13_TRADING_SYSTEMS\03_STRATEGY_LIBRARY\LONG\DAS\runs\das_scanner_appearance_20260628T114046Z\chart_exports\event_day_details_grouped\0637_UDMY_2025-12-17_push20.90_rebreak\03_event_day_premarket_detail.png,C:\TSIS_Data\00_CTO\13_TRADING_SYSTEMS\03_STRATEGY_LIBRARY\LONG\DAS\runs\das_scanner_appearance_20260628T114046Z\chart_exports\event_day_details_grouped\0637_UDMY_2025-12-17_push20.90_rebreak\04_event_day_detail_until_1600_ny.png,C:\TSIS_Data\00_CTO\13_TRADING_SYSTEMS\03_STRATEGY_LIBRARY\LONG\DAS\runs\das_scanner_appearance_20260628T114046Z\chart_exports\event_day_details_grouped\0637_UDMY_2025-12-17_push20.90_rebreak\05_daily_context.png,das_scanner_appearance:UDMY:2025-12-17T13:16:00+00:00,UDMY,2025-12-17,20.8981,20.8981,,,10.1572,18.772811918063308,27.80656303972367,37.8026070763501,27.8066,16.022,16.022,rebreak_confirmed,3.8571,flat_shelf_break,2025-12-17 08:24:00 EST,2025-12-17 08:27:00 EST,0.3092,green_wick_dip_reactivation
638,C:\TSIS_Data\00_CTO\13_TRADING_SYSTEMS\03_STRATEGY_LIBRARY\LONG\DAS\runs\das_scanner_appearance_20260628T114046Z\chart_exports\event_day_details_grouped\0638_CLDI_2025-07-09_push20.88_rebreak,C:\TSIS_Data\00_CTO\13_TRADING_SYSTEMS\03_STRATEGY_LIBRARY\LONG\DAS\runs\das_scanner_appearance_20260628T114046Z\chart_exports\event_day_details_grouped\0638_CLDI_2025-07-09_push20.88_rebreak\02_three_day_overview.png,C:\TSIS_Data\00_CTO\13_TRADING_SYSTEMS\03_STRATEGY_LIBRARY\LONG\DAS\runs\das_scanner_appearance_20260628T114046Z\chart_exports\event_day_details_grouped\0638_CLDI_2025-07-09_push20.88_rebreak\03_event_day_premarket_detail.png,C:\TSIS_Data\00_CTO\13_TRADING_SYSTEMS\03_STRATEGY_LIBRARY\LONG\DAS\runs\das_scanner_appearance_20260628T114046Z\chart_exports\event_day_details_grouped\0638_CLDI_2025-07-09_push20.88_rebreak\04_event_day_detail_until_1600_ny.png,C:\TSIS_Data\00_CTO\13_TRADING_SYSTEMS\03_STRATEGY_LIBRARY\LONG\DAS\runs\das_scanner_appearance_20260628T114046Z\chart_exports\event_day_details_grouped\0638_CLDI_2025-07-09_push20.88_rebreak\05_daily_context.png,das_scanner_appearance:CLDI:2025-07-09T08:21:00+00:00,CLDI,2025-07-09,20.8783,20.8783,52.49348716040192,141.81174387724994,-6.0849,48.92298613160225,99.10681056940825,215.72735320153438,99.1068,112.0071,112.0071,rebreak_confirmed,11.8996,multi_candle_flag_break,2025-07-09 07:37:00 EDT,2025-07-09 07:38:00 EDT,2.3158,green_wick_dip_new_high
639,C:\TSIS_Data\00_CTO\13_TRADING_SYSTEMS\03_STRATEGY_LIBRARY\LONG\DAS\runs\das_scanner_appearance_20260628T114046Z\chart_exports\event_day_details_grouped\0639_ARBE_2025-09-22_push20.86_rebreak,C:\TSIS_Data\00_CTO\13_TRADING_SYSTEMS\03_STRATEGY_LIBRARY\LONG\DAS\runs\das_scanner_appearance_20260628T114046Z\chart_exports\event_day_details_grouped\0639_ARBE_2025-09-22_push20.86_rebreak\02_three_day_overview.png,C:\TSIS_Data\00_CTO\13_TRADING_SYSTEMS\03_STRATEGY_LIBRARY\LONG\DAS\runs\das_scanner_appearance_20260628T114046Z\chart_exports\event_day_details_grouped\0639_ARBE_2025-09-22_push20.86_rebreak\03_event_day_premarket_detail.png,C:\TSIS_Data\00_CTO\13_TRADING_SYSTEMS\03_STRATEGY_LIBRARY\LONG\DAS\runs\das_scanner_appearance_20260628T114046Z\chart_exports\event_day_details_grouped\0639_ARBE_2025-09-22_push20.86_rebreak\04_event_day_detail_until_1600_ny.png,C:\TSIS_Data\00_CTO\13_TRADING_SYSTEMS\03_STRATEGY_LIBRARY\LONG\DAS\runs\das_scanner_appearance_20260628T114046Z\chart_exports\event_day_details_grouped\0639_ARBE_2025-09-22_push20.86_rebreak\05_daily_context.png,das_scanner_appearance:ARBE:2025-09-22T12:45:00+00:00,ARBE,2025-09-22,20.8589,20.8589,58.282208588957076,60.24844720496893,7.2822,8.614906832298125,58.282208588957076,60.24844720496893,58.2822,47.5382,47.5382,rebreak_confirmed,4.5685,ascending_flag_break,2025-09-22 09:04:00 EDT,2025-09-22 09:05:00 EDT,0.5102,green_wick_dip_new_high
640,C:\TSIS_Data\00_CTO\13_TRADING_SYSTEMS\03_STRATEGY_LIBRARY\LONG\DAS\runs\das_scanner_appearance_20260628T114046Z\chart_exports\event_day_details_grouped\0640_ZENA_2025-06-10_push20.84_rebreak,C:\TSIS_Data\00_CTO\13_TRADING_SYSTEMS\03_STRATEGY_LIBRARY\LONG\DAS\runs\das_scanner_appearance_20260628T114046Z\chart_exports\event_day_details_grouped\0640_ZENA_2025-06-10_push20.84_rebreak\02_three_day_overview.png,C:\TSIS_Data\00_CTO\13_TRADING_SYSTEMS\03_STRATEGY_LIBRARY\LONG\DAS\runs\das_scanner_appearance_20260628T114046Z\chart_exports\event_day_details_grouped\0640_ZENA_2025-06-10_push20.84_rebreak\03_event_day_premarket_detail.png,C:\TSIS_Data\00_CTO\13_TRADING_SYSTEMS\03_STRATEGY_LIBRARY\LONG\DAS\runs\das_scanner_appearance_20260628T114046Z\chart_exports\event_day_details_grouped\0640_ZENA_2025-06-10_push20.84_rebreak\04_event_day_detail_until_1600_ny.png,C:\TSIS_Data\00_CTO\13_TRADING_SYSTEMS\03_STRATEGY_LIBRARY\LONG\DAS\runs\das_scanner_appearance_20260628T114046Z\chart_exports\event_day_details_grouped\0640_ZENA_2025-06-10_push20.84_rebreak\05_daily_context.png,das_scanner_appearance:ZENA:2025-06-10T12:35:00+00:00,ZENA,2025-06-10,20.8426,20.8426,,,15.0776,15.590200445434302,24.16851441241685,24.721603563474375,24.1685,7.8998,7.8998,rebreak_confirmed,7.8899,ascending_flag_break,2025-06-10 08:40:00 EDT,2025-06-10 08:41:00 EDT,0.5693,green_wick_dip_new_high
641,C:\TSIS_Data\00_CTO\13_TRADING_SYSTEMS\03_STRATEGY_LIBRARY\LONG\DAS\runs\das_scanner_appearance_20260628T114046Z\chart_exports\event_day_details_grouped\0641_BMR_2024-02-13_push20.80_rebreak,C:\TSIS_Data\00_CTO\13_TRADING_SYSTEMS\03_STRATEGY_LIBRARY\LONG\DAS\runs\das_scanner_appearance_20260628T114046Z\chart_exports\event_day_details_grouped\0641_BMR_2024-02-13_push20.80_rebreak\02_three_day_overview.png,C:\TSIS_Data\00_CTO\13_TRADING_SYSTEMS\03_STRATEGY_LIBRARY\LONG\DAS\runs\das_scanner_appearance_20260628T114046Z\chart_exports\event_day_details_grouped\0641_BMR_2024-02-13_push20.80_rebreak\03_event_day_premarket_detail.png,C:\TSIS_Data\00_CTO\13_TRADING_SYSTEMS\03_STRATEGY_LIBRARY\LONG\DAS\runs\das_scanner_appearance_20260628T114046Z\chart_exports\event_day_details_grouped\0641_BMR_2024-02-13_push20.80_rebreak\04_event_day_detail_until_1600_ny.png,C:\TSIS_Data\00_CTO\13_TRADING_SYSTEMS\03_STRATEGY_LIBRARY\LONG\DAS\runs\das_scanner_appearance_20260628T114046Z\chart_exports\event_day_details_grouped\0641_BMR_2024-02-13_push20.80_rebreak\05_daily_context.png,das_scanner_appearance:BMR:2024-02-13T09:08:00+00:00,BMR,2024-02-13,20.8012,20.8012,51.54083204930663,97.6884422110553,-7.9353,20.100502512562816,51.54083204930663,97.6884422110553,51.5408,64.6025,64.6025,rebreak_confirmed,8.227,multi_candle_flag_break,2024-02-13 08:41:00 EST,2024-02-13 08:42:00 EST,0.8838,green_wick_dip_new_high
642,C:\TSIS_Data\00_CTO\13_TRADING_SYSTEMS\03_STRATEGY_LIBRARY\LONG\DAS\runs\das_scanner_appearance_20260628T114046Z\chart_exports\event_day_details_grouped\0642_LITM_2025-03-21_push20.77_rebreak,C:\TSIS_Data\00_CTO\13_TRADING_SYSTEMS\03_STRATEGY_LIBRARY\LONG\DAS\runs\das_scanner_appearance_20260628T114046Z\chart_exports\event_day_details_grouped\0642_LITM_2025-03-21_push20.77_rebreak\02_three_day_overview.png,C:\TSIS_Data\00_CTO\13_TRADING_SYSTEMS\03_STRATEGY_LIBRARY\LONG\DAS\runs\das_scanner_appearance_20260628T114046Z\chart_exports\event_day_details_grouped\0642_LITM_2025-03-21_push20.77_rebreak\03_event_day_premarket_detail.png,C:\TSIS_Data\00_CTO\13_TRADING_SYSTEMS\03_STRATEGY_LIBRARY\LONG\DAS\runs\das_scanner_appearance_20260628T114046Z\chart_exports\event_day_details_grouped\0642_LITM_2025-03-21_push20.77_rebreak\04_event_day_detail_until_1600_ny.png,C:\TSIS_Data\00_CTO\13_TRADING_SYSTEMS\03_STRATEGY_LIBRARY\LONG\DAS\runs\das_scanner_appearance_20260628T114046Z\chart_exports\event_day_details_grouped\0642_LITM_2025-03-21_push20.77_rebreak\05_daily_context.png,das_scanner_appearance:LITM:2025-03-21T12:16:00+00:00,LITM,2025-03-21,20.7681,20.7681,,,9.1137,23.73534338358458,26.54357459379616,43.50083752093802,26.5436,15.974,15.974,rebreak_confirmed,4.0117,multi_candle_flag_break,2025-03-21 08:36:00 EDT,2025-03-21 08:37:00 EDT,0.425,green_wick_dip_new_high
643,C:\TSIS_Data\00_CTO\13_TRADING_SYSTEMS\03_STRATEGY_LIBRARY\LONG\DAS\runs\das_scanner_appearance_20260628T114046Z\chart_exports\event_day_details_grouped\0643_VVPR_2024-07-03_push20.76_rebreak,C:\TSIS_Data\00_CTO\13_TRADING_SYSTEMS\03_STRATEGY_LIBRARY\LONG\DAS\runs\das_scanner_appearance_20260628T114046Z\chart_exports\event_day_details_grouped\0643_VVPR_2024-07-03_push20.76_rebreak\02_three_day_overview.png,C:\TSIS_Data\00_CTO\13_TRADING_SYSTEMS\03_STRATEGY_LIBRARY\LONG\DAS\runs\das_scanner_appearance_20260628T114046Z\chart_exports\event_day_details_grouped\0643_VVPR_2024-07-03_push20.76_rebreak\03_event_day_premarket_detail.png,C:\TSIS_Data\00_CTO\13_TRADING_SYSTEMS\03_STRATEGY_LIBRARY\LONG\DAS\runs\das_scanner_appearance_20260628T114046Z\chart_exports\event_day_details_grouped\0643_VVPR_2024-07-03_push20.76_rebreak\04_event_day_detail_until_1600_ny.png,C:\TSIS_Data\00_CTO\13_TRADING_SYSTEMS\03_STRATEGY_LIBRARY\LONG\DAS\runs\das_scanner_appearance_20260628T114046Z\chart_exports\event_day_details_grouped\0643_VVPR_2024-07-03_push20.76_rebreak\05_daily_context.png,das_scanner_appearance:VVPR:2024-07-03T08:08:00+00:00,VVPR,2024-07-03,20.7627,20.7627,50.000000000000014,136.0,9.322,72.00000000000001,50.42372881355932,136.66666666666666,50.4237,37.5969,37.5969,rebreak_confirmed,3.6842,multi_candle_flag_break,2024-07-03 06:59:00 EDT,2024-07-03 07:00:00 EDT,0.3425,green_wick_dip_new_high
644,C:\TSIS_Data\00_CTO\13_TRADING_SYSTEMS\03_STRATEGY_LIBRARY\LONG\DAS\runs\das_scanner_appearance_20260628T114046Z\chart_exports\event_day_details_grouped\0644_BURU_2025-05-12_push20.74_rebreak,C:\TSIS_Data\00_CTO\13_TRADING_SYSTEMS\03_STRATEGY_LIBRARY\LONG\DAS\runs\das_scanner_appearance_20260628T114046Z\chart_exports\event_day_details_grouped\0644_BURU_2025-05-12_push20.74_rebreak\02_three_day_overview.png,C:\TSIS_Data\00_CTO\13_TRADING_SYSTEMS\03_STRATEGY_LIBRARY\LONG\DAS\runs\das_scanner_appearance_20260628T114046Z\chart_exports\event_day_details_grouped\0644_BURU_2025-05-12_push20.74_rebreak\03_event_day_premarket_detail.png,C:\TSIS_Data\00_CTO\13_TRADING_SYSTEMS\03_STRATEGY_LIBRARY\LONG\DAS\runs\das_scanner_appearance_20260628T114046Z\chart_exports\event_day_details_grouped\0644_BURU_2025-05-12_push20.74_rebreak\04_event_day_detail_until_1600_ny.png,C:\TSIS_Data\00_CTO\13_TRADING_SYSTEMS\03_STRATEGY_LIBRARY\LONG\DAS\runs\das_scanner_appearance_20260628T114046Z\chart_exports\event_day_details_grouped\0644_BURU_2025-05-12_push20.74_rebreak\05_daily_context.png,das_scanner_appearance:BURU:2025-05-12T12:21:00+00:00,BURU,2025-05-12,20.7435,20.7435,,,10.3372,9.972451790633611,44.817578772802655,44.338842975206624,44.8176,31.25,31.25,rebreak_confirmed,8.6757,single_candle_rebreak,2025-05-12 08:29:00 EDT,2025-05-12 08:30:00 EDT,0.4246,green_wick_dip_new_high
645,C:\TSIS_Data\00_CTO\13_TRADING_SYSTEMS\03_STRATEGY_LIBRARY\LONG\DAS\runs\das_scanner_appearance_20260628T114046Z\chart_exports\event_day_details_grouped\0645_EVGO_2024-11-12_push20.73_rebreak,C:\TSIS_Data\00_CTO\13_TRADING_SYSTEMS\03_STRATEGY_LIBRARY\LONG\DAS\runs\das_scanner_appearance_20260628T114046Z\chart_exports\event_day_details_grouped\0645_EVGO_2024-11-12_push20.73_rebreak\02_three_day_overview.png,C:\TSIS_Data\00_CTO\13_TRADING_SYSTEMS\03_STRATEGY_LIBRARY\LONG\DAS\runs\das_scanner_appearance_20260628T114046Z\chart_exports\event_day_details_grouped\0645_EVGO_2024-11-12_push20.73_rebreak\03_event_day_premarket_detail.png,C:\TSIS_Data\00_CTO\13_TRADING_SYSTEMS\03_STRATEGY_LIBRARY\LONG\DAS\runs\das_scanner_appearance_20260628T114046Z\chart_exports\event_day_details_grouped\0645_EVGO_2024-11-12_push20.73_rebreak\04_event_day_detail_until_1600_ny.png,C:\TSIS_Data\00_CTO\13_TRADING_SYSTEMS\03_STRATEGY_LIBRARY\LONG\DAS\runs\das_scanner_appearance_20260628T114046Z\chart_exports\event_day_details_grouped\0645_EVGO_2024-11-12_push20.73_rebreak\05_daily_context.png,das_scanner_appearance:EVGO:2024-11-12T13:08:00+00:00,EVGO,2024-11-12,20.7273,20.7273,,,13.0909,15.291936978683971,24.54545454545454,26.969416126042635,24.5455,10.1286,10.1286,rebreak_confirmed,4.9699,flat_shelf_break,2024-11-12 08:22:00 EST,2024-11-12 08:23:00 EST,0.3671,green_wick_dip_new_high
646,C:\TSIS_Data\00_CTO\13_TRADING_SYSTEMS\03_STRATEGY_LIBRARY\LONG\DAS\runs\das_scanner_appearance_20260628T114046Z\chart_exports\event_day_details_grouped\0646_SABR_2026-03-02_push20.72_rebreak,C:\TSIS_Data\00_CTO\13_TRADING_SYSTEMS\03_STRATEGY_LIBRARY\LONG\DAS\runs\das_scanner_appearance_20260628T114046Z\chart_exports\event_day_details_grouped\0646_SABR_2026-03-02_push20.72_rebreak\02_three_day_overview.png,C:\TSIS_Data\00_CTO\13_TRADING_SYSTEMS\03_STRATEGY_LIBRARY\LONG\DAS\runs\das_scanner_appearance_20260628T114046Z\chart_exports\event_day_details_grouped\0646_SABR_2026-03-02_push20.72_rebreak\03_event_day_premarket_detail.png,C:\TSIS_Data\00_CTO\13_TRADING_SYSTEMS\03_STRATEGY_LIBRARY\LONG\DAS\runs\das_scanner_appearance_20260628T114046Z\chart_exports\event_day_details_grouped\0646_SABR_2026-03-02_push20.72_rebreak\04_event_day_detail_until_1600_ny.png,C:\TSIS_Data\00_CTO\13_TRADING_SYSTEMS\03_STRATEGY_LIBRARY\LONG\DAS\runs\das_scanner_appearance_20260628T114046Z\chart_exports\event_day_details_grouped\0646_SABR_2026-03-02_push20.72_rebreak\05_daily_context.png,das_scanner_appearance:SABR:2026-03-02T13:00:00+00:00,SABR,2026-03-02,20.7207,20.7207,,,16.2252,8.869198312236284,32.43243243243242,24.0506329113924,32.4324,13.9447,13.9447,rebreak_confirmed,14.1791,single_candle_rebreak,2026-03-02 08:06:00 EST,2026-03-02 08:09:00 EST,0.359,green_wick_dip_new_high
647,C:\TSIS_Data\00_CTO\13_TRADING_SYSTEMS\03_STRATEGY_LIBRARY\LONG\DAS\runs\das_scanner_appearance_20260628T114046Z\chart_exports\event_day_details_grouped\0647_TNON_2025-03-25_push20.71_rebreak,C:\TSIS_Data\00_CTO\13_TRADING_SYSTEMS\03_STRATEGY_LIBRARY\LONG\DAS\runs\das_scanner_appearance_20260628T114046Z\chart_exports\event_day_details_grouped\0647_TNON_2025-03-25_push20.71_rebreak\02_three_day_overview.png,C:\TSIS_Data\00_CTO\13_TRADING_SYSTEMS\03_STRATEGY_LIBRARY\LONG\DAS\runs\das_scanner_appearance_20260628T114046Z\chart_exports\event_day_details_grouped\0647_TNON_2025-03-25_push20.71_rebreak\03_event_day_premarket_detail.png,C:\TSIS_Data\00_CTO\13_TRADING_SYSTEMS\03_STRATEGY_LIBRARY\LONG\DAS\runs\das_scanner_appearance_20260628T114046Z\chart_exports\event_day_details_grouped\0647_TNON_2025-03-25_push20.71_rebreak\04_event_day_detail_until_1600_ny.png,C:\TSIS_Data\00_CTO\13_TRADING_SYSTEMS\03_STRATEGY_LIBRARY\LONG\DAS\runs\das_scanner_appearance_20260628T114046Z\chart_exports\event_day_details_grouped\0647_TNON_2025-03-25_push20.71_rebreak\05_daily_context.png,das_scanner_appearance:TNON:2025-03-25T08:01:00+00:00,TNON,2025-03-25,20.7101,20.7101,58.579881656804744,172.24705404307196,-8.8757,56.44047135310849,258.5798816568047,515.6034132466476,258.5799,293.5065,293.5065,rebreak_confirmed,3.9216,multi_candle_flag_break,2025-03-25 05:50:00 EDT,2025-03-25 05:51:00 EDT,0.9569,green_wick_dip_new_high
648,C:\TSIS_Data\00_CTO\13_TRADING_SYSTEMS\03_STRATEGY_LIBRARY\LONG\DAS\runs\das_scanner_appearance_20260628T114046Z\chart_exports\event_day_details_grouped\0648_AMC_2024-05-14_push20.71_rebreak,C:\TSIS_Data\00_CTO\13_TRADING_SYSTEMS\03_STRATEGY_LIBRARY\LONG\DAS\runs\das_scanner_appearance_20260628T114046Z\chart_exports\event_day_details_grouped\0648_AMC_2024-05-14_push20.71_rebreak\02_three_day_overview.png,C:\TSIS_Data\00_CTO\13_TRADING_SYSTEMS\03_STRATEGY_LIBRARY\LONG\DAS\runs\das_scanner_appearance_20260628T114046Z\chart_exports\event_day_details_grouped\0648_AMC_2024-05-14_push20.71_rebreak\03_event_day_premarket_detail.png,C:\TSIS_Data\00_CTO\13_TRADING_SYSTEMS\03_STRATEGY_LIBRARY\LONG\DAS\runs\das_scanner_appearance_20260628T114046Z\chart_exports\event_day_details_grouped\0648_AMC_2024-05-14_push20.71_rebreak\04_event_day_detail_until_1600_ny.png,C:\TSIS_Data\00_CTO\13_TRADING_SYSTEMS\03_STRATEGY_LIBRARY\LONG\DAS\runs\das_scanner_appearance_20260628T114046Z\chart_exports\event_day_details_grouped\0648_AMC_2024-05-14_push20.71_rebreak\05_daily_context.png,das_scanner_appearance:AMC:2024-05-14T08:01:00+00:00,AMC,2024-05-14,20.7084,20.7084,55.31335149863761,118.29044117647058,-1.4986,38.44209558823529,81.19891008174388,154.672181372549,81.1989,83.9557,83.9557,rebreak_confirmed,4.6275,multi_candle_flag_break,2024-05-14 07:10:00 EDT,2024-05-14 07:11:00 EDT,0.5682,green_wick_dip_new_high
649,C:\TSIS_Data\00_CTO\13_TRADING_SYSTEMS\03_STRATEGY_LIBRARY\LONG\DAS\runs\das_scanner_appearance_20260628T114046Z\chart_exports\event_day_details_grouped\0649_BAOS_2025-06-04_push20.67_rebreak,C:\TSIS_Data\00_CTO\13_TRADING_SYSTEMS\03_STRATEGY_LIBRARY\LONG\DAS\runs\das_scanner_appearance_20260628T114046Z\chart_exports\event_day_details_grouped\0649_BAOS_2025-06-04_push20.67_rebreak\02_three_day_overview.png,C:\TSIS_Data\00_CTO\13_TRADING_SYSTEMS\03_STRATEGY_LIBRARY\LONG\DAS\runs\das_scanner_appearance_20260628T114046Z\chart_exports\event_day_details_grouped\0649_BAOS_2025-06-04_push20.67_rebreak\03_event_day_premarket_detail.png,C:\TSIS_Data\00_CTO\13_TRADING_SYSTEMS\03_STRATEGY_LIBRARY\LONG\DAS\runs\das_scanner_appearance_20260628T114046Z\chart_exports\event_day_details_grouped\0649_BAOS_2025-06-04_push20.67_rebreak\04_event_day_detail_until_1600_ny.png,C:\TSIS_Data\00_CTO\13_TRADING_SYSTEMS\03_STRATEGY_LIBRARY\LONG\DAS\runs\das_scanner_appearance_20260628T114046Z\chart_exports\event_day_details_grouped\0649_BAOS_2025-06-04_push20.67_rebreak\05_daily_context.png,das_scanner_appearance:BAOS:2025-06-04T08:12:00+00:00,BAOS,2025-06-04,20.6704,20.6704,57.541899441340775,128.3400809716599,-7.5419,34.0080971659919,67.87709497206703,143.31983805668014,67.8771,81.571,81.571,rebreak_confirmed,12.7315,single_candle_rebreak,2025-06-04 04:21:00 EDT,2025-06-04 04:23:00 EDT,1.3921,green_wick_dip_reactivation
650,C:\TSIS_Data\00_CTO\13_TRADING_SYSTEMS\03_STRATEGY_LIBRARY\LONG\DAS\runs\das_scanner_appearance_20260628T114046Z\chart_exports\event_day_details_grouped\0650_MGOL_2025-02-14_push20.65_rebreak,C:\TSIS_Data\00_CTO\13_TRADING_SYSTEMS\03_STRATEGY_LIBRARY\LONG\DAS\runs\das_scanner_appearance_20260628T114046Z\chart_exports\event_day_details_grouped\0650_MGOL_2025-02-14_push20.65_rebreak\02_three_day_overview.png,C:\TSIS_Data\00_CTO\13_TRADING_SYSTEMS\03_STRATEGY_LIBRARY\LONG\DAS\runs\das_scanner_appearance_20260628T114046Z\chart_exports\event_day_details_grouped\0650_MGOL_2025-02-14_push20.65_rebreak\03_event_day_premarket_detail.png,C:\TSIS_Data\00_CTO\13_TRADING_SYSTEMS\03_STRATEGY_LIBRARY\LONG\DAS\runs\das_scanner_appearance_20260628T114046Z\chart_exports\event_day_details_grouped\0650_MGOL_2025-02-14_push20.65_rebreak\04_event_day_detail_until_1600_ny.png,C:\TSIS_Data\00_CTO\13_TRADING_SYSTEMS\03_STRATEGY_LIBRARY\LONG\DAS\runs\das_scanner_appearance_20260628T114046Z\chart_exports\event_day_details_grouped\0650_MGOL_2025-02-14_push20.65_rebreak\05_daily_context.png,das_scanner_appearance:MGOL:2025-02-14T09:02:00+00:00,MGOL,2025-02-14,20.65,20.65,53.749999999999986,47.305389221556894,5.6625,1.233532934131747,54.99999999999999,48.50299401197605,55.0,46.6935,46.6935,rebreak_confirmed,5.0041,single_candle_rebreak,2025-02-14 06:45:00 EST,2025-02-14 06:46:00 EST,1.1821,green_wick_dip_new_high
651,C:\TSIS_Data\00_CTO\13_TRADING_SYSTEMS\03_STRATEGY_LIBRARY\LONG\DAS\runs\das_scanner_appearance_20260628T114046Z\chart_exports\event_day_details_grouped\0651_PSTV_2025-03-20_push20.64_rebreak,C:\TSIS_Data\00_CTO\13_TRADING_SYSTEMS\03_STRATEGY_LIBRARY\LONG\DAS\runs\das_scanner_appearance_20260628T114046Z\chart_exports\event_day_details_grouped\0651_PSTV_2025-03-20_push20.64_rebreak\02_three_day_overview.png,C:\TSIS_Data\00_CTO\13_TRADING_SYSTEMS\03_STRATEGY_LIBRARY\LONG\DAS\runs\das_scanner_appearance_20260628T114046Z\chart_exports\event_day_details_grouped\0651_PSTV_2025-03-20_push20.64_rebreak\03_event_day_premarket_detail.png,C:\TSIS_Data\00_CTO\13_TRADING_SYSTEMS\03_STRATEGY_LIBRARY\LONG\DAS\runs\das_scanner_appearance_20260628T114046Z\chart_exports\event_day_details_grouped\0651_PSTV_2025-03-20_push20.64_rebreak\04_event_day_detail_until_1600_ny.png,C:\TSIS_Data\00_CTO\13_TRADING_SYSTEMS\03_STRATEGY_LIBRARY\LONG\DAS\runs\das_scanner_appearance_20260628T114046Z\chart_exports\event_day_details_grouped\0651_PSTV_2025-03-20_push20.64_rebreak\05_daily_context.png,das_scanner_appearance:PSTV:2025-03-20T11:40:00+00:00,PSTV,2025-03-20,20.6419,20.6419,,,11.109,13.441915227629492,30.693830482414004,33.43799058084772,30.6938,17.6267,17.6267,rebreak_confirmed,3.1544,single_candle_rebreak,2025-03-20 07:44:00 EDT,2025-03-20 07:45:00 EDT,0.365,green_wick_dip_new_high
652,C:\TSIS_Data\00_CTO\13_TRADING_SYSTEMS\03_STRATEGY_LIBRARY\LONG\DAS\runs\das_scanner_appearance_20260628T114046Z\chart_exports\event_day_details_grouped\0652_CRVO_2025-03-13_push20.58_rebreak,C:\TSIS_Data\00_CTO\13_TRADING_SYSTEMS\03_STRATEGY_LIBRARY\LONG\DAS\runs\das_scanner_appearance_20260628T114046Z\chart_exports\event_day_details_grouped\0652_CRVO_2025-03-13_push20.58_rebreak\02_three_day_overview.png,C:\TSIS_Data\00_CTO\13_TRADING_SYSTEMS\03_STRATEGY_LIBRARY\LONG\DAS\runs\das_scanner_appearance_20260628T114046Z\chart_exports\event_day_details_grouped\0652_CRVO_2025-03-13_push20.58_rebreak\03_event_day_premarket_detail.png,C:\TSIS_Data\00_CTO\13_TRADING_SYSTEMS\03_STRATEGY_LIBRARY\LONG\DAS\runs\das_scanner_appearance_20260628T114046Z\chart_exports\event_day_details_grouped\0652_CRVO_2025-03-13_push20.58_rebreak\04_event_day_detail_until_1600_ny.png,C:\TSIS_Data\00_CTO\13_TRADING_SYSTEMS\03_STRATEGY_LIBRARY\LONG\DAS\runs\das_scanner_appearance_20260628T114046Z\chart_exports\event_day_details_grouped\0652_CRVO_2025-03-13_push20.58_rebreak\05_daily_context.png,das_scanner_appearance:CRVO:2025-03-13T09:10:00+00:00,CRVO,2025-03-13,20.5832,20.5832,,,2.4014,-2.9268292682926926,42.538593481989714,35.12195121951219,42.5386,39.196,39.196,rebreak_confirmed,3.1294,last_red_high_break,2025-03-13 07:27:00 EDT,2025-03-13 07:28:00 EDT,0.4202,green_wick_dip_new_high
653,C:\TSIS_Data\00_CTO\13_TRADING_SYSTEMS\03_STRATEGY_LIBRARY\LONG\DAS\runs\das_scanner_appearance_20260628T114046Z\chart_exports\event_day_details_grouped\0653_BENF_2025-10-22_push20.56_rebreak,C:\TSIS_Data\00_CTO\13_TRADING_SYSTEMS\03_STRATEGY_LIBRARY\LONG\DAS\runs\das_scanner_appearance_20260628T114046Z\chart_exports\event_day_details_grouped\0653_BENF_2025-10-22_push20.56_rebreak\02_three_day_overview.png,C:\TSIS_Data\00_CTO\13_TRADING_SYSTEMS\03_STRATEGY_LIBRARY\LONG\DAS\runs\das_scanner_appearance_20260628T114046Z\chart_exports\event_day_details_grouped\0653_BENF_2025-10-22_push20.56_rebreak\03_event_day_premarket_detail.png,C:\TSIS_Data\00_CTO\13_TRADING_SYSTEMS\03_STRATEGY_LIBRARY\LONG\DAS\runs\das_scanner_appearance_20260628T114046Z\chart_exports\event_day_details_grouped\0653_BENF_2025-10-22_push20.56_rebreak\04_event_day_detail_until_1600_ny.png,C:\TSIS_Data\00_CTO\13_TRADING_SYSTEMS\03_STRATEGY_LIBRARY\LONG\DAS\runs\das_scanner_appearance_20260628T114046Z\chart_exports\event_day_details_grouped\0653_BENF_2025-10-22_push20.56_rebreak\05_daily_context.png,das_scanner_appearance:BENF:2025-10-22T08:22:00+00:00,BENF,2025-10-22,20.5553,20.5553,,,6.3078,84.56659619450319,35.168046760837804,134.67230443974634,35.168,27.1478,27.1478,rebreak_confirmed,23.9596,multi_candle_flag_break,2025-10-22 08:07:00 EDT,2025-10-22 08:11:00 EDT,0.9801,green_wick_dip_reactivation
654,C:\TSIS_Data\00_CTO\13_TRADING_SYSTEMS\03_STRATEGY_LIBRARY\LONG\DAS\runs\das_scanner_appearance_20260628T114046Z\chart_exports\event_day_details_grouped\0654_BZAI_2025-07-18_push20.55_rebreak,C:\TSIS_Data\00_CTO\13_TRADING_SYSTEMS\03_STRATEGY_LIBRARY\LONG\DAS\runs\das_scanner_appearance_20260628T114046Z\chart_exports\event_day_details_grouped\0654_BZAI_2025-07-18_push20.55_rebreak\02_three_day_overview.png,C:\TSIS_Data\00_CTO\13_TRADING_SYSTEMS\03_STRATEGY_LIBRARY\LONG\DAS\runs\das_scanner_appearance_20260628T114046Z\chart_exports\event_day_details_grouped\0654_BZAI_2025-07-18_push20.55_rebreak\03_event_day_premarket_detail.png,C:\TSIS_Data\00_CTO\13_TRADING_SYSTEMS\03_STRATEGY_LIBRARY\LONG\DAS\runs\das_scanner_appearance_20260628T114046Z\chart_exports\event_day_details_grouped\0654_BZAI_2025-07-18_push20.55_rebreak\04_event_day_detail_until_1600_ny.png,C:\TSIS_Data\00_CTO\13_TRADING_SYSTEMS\03_STRATEGY_LIBRARY\LONG\DAS\runs\das_scanner_appearance_20260628T114046Z\chart_exports\event_day_details_grouped\0654_BZAI_2025-07-18_push20.55_rebreak\05_daily_context.png,das_scanner_appearance:BZAI:2025-07-18T08:07:00+00:00,BZAI,2025-07-18,20.5455,20.5455,,,-9.0909,64.51156516303097,27.27272727272727,130.31619122824335,27.2727,40.0,40.0,rebreak_confirmed,6.184,ascending_flag_break,2025-07-18 06:58:00 EDT,2025-07-18 07:00:00 EDT,0.3053,green_wick_dip_new_high
655,C:\TSIS_Data\00_CTO\13_TRADING_SYSTEMS\03_STRATEGY_LIBRARY\LONG\DAS\runs\das_scanner_appearance_20260628T114046Z\chart_exports\event_day_details_grouped\0655_AYTU_2025-05-15_push20.54_rebreak,C:\TSIS_Data\00_CTO\13_TRADING_SYSTEMS\03_STRATEGY_LIBRARY\LONG\DAS\runs\das_scanner_appearance_20260628T114046Z\chart_exports\event_day_details_grouped\0655_AYTU_2025-05-15_push20.54_rebreak\02_three_day_overview.png,C:\TSIS_Data\00_CTO\13_TRADING_SYSTEMS\03_STRATEGY_LIBRARY\LONG\DAS\runs\das_scanner_appearance_20260628T114046Z\chart_exports\event_day_details_grouped\0655_AYTU_2025-05-15_push20.54_rebreak\03_event_day_premarket_detail.png,C:\TSIS_Data\00_CTO\13_TRADING_SYSTEMS\03_STRATEGY_LIBRARY\LONG\DAS\runs\das_scanner_appearance_20260628T114046Z\chart_exports\event_day_details_grouped\0655_AYTU_2025-05-15_push20.54_rebreak\04_event_day_detail_until_1600_ny.png,C:\TSIS_Data\00_CTO\13_TRADING_SYSTEMS\03_STRATEGY_LIBRARY\LONG\DAS\runs\das_scanner_appearance_20260628T114046Z\chart_exports\event_day_details_grouped\0655_AYTU_2025-05-15_push20.54_rebreak\05_daily_context.png,das_scanner_appearance:AYTU:2025-05-15T08:04:00+00:00,AYTU,2025-05-15,20.5405,20.5405,,,-8.1081,25.925925925925913,20.540540540540533,65.18518518518516,20.5405,31.1765,31.1765,rebreak_confirmed,11.6592,multi_candle_flag_break,2025-05-15 07:39:00 EDT,2025-05-15 07:42:00 EDT,1.4364,green_wick_dip_new_high
656,C:\TSIS_Data\00_CTO\13_TRADING_SYSTEMS\03_STRATEGY_LIBRARY\LONG\DAS\runs\das_scanner_appearance_20260628T114046Z\chart_exports\event_day_details_grouped\0656_MGRX_2026-02-20_push20.54_rebreak,C:\TSIS_Data\00_CTO\13_TRADING_SYSTEMS\03_STRATEGY_LIBRARY\LONG\DAS\runs\das_scanner_appearance_20260628T114046Z\chart_exports\event_day_details_grouped\0656_MGRX_2026-02-20_push20.54_rebreak\02_three_day_overview.png,C:\TSIS_Data\00_CTO\13_TRADING_SYSTEMS\03_STRATEGY_LIBRARY\LONG\DAS\runs\das_scanner_appearance_20260628T114046Z\chart_exports\event_day_details_grouped\0656_MGRX_2026-02-20_push20.54_rebreak\03_event_day_premarket_detail.png,C:\TSIS_Data\00_CTO\13_TRADING_SYSTEMS\03_STRATEGY_LIBRARY\LONG\DAS\runs\das_scanner_appearance_20260628T114046Z\chart_exports\event_day_details_grouped\0656_MGRX_2026-02-20_push20.54_rebreak\04_event_day_detail_until_1600_ny.png,C:\TSIS_Data\00_CTO\13_TRADING_SYSTEMS\03_STRATEGY_LIBRARY\LONG\DAS\runs\das_scanner_appearance_20260628T114046Z\chart_exports\event_day_details_grouped\0656_MGRX_2026-02-20_push20.54_rebreak\05_daily_context.png,das_scanner_appearance:MGRX:2026-02-20T09:44:00+00:00,MGRX,2026-02-20,20.5357,20.5357,,,11.875,40.0,45.647321428571416,82.26256983240224,45.6473,30.1875,30.1875,rebreak_confirmed,5.2037,multi_candle_flag_break,2026-02-20 07:31:00 EST,2026-02-20 07:32:00 EST,0.5837,green_wick_dip_new_high
657,C:\TSIS_Data\00_CTO\13_TRADING_SYSTEMS\03_STRATEGY_LIBRARY\LONG\DAS\runs\das_scanner_appearance_20260628T114046Z\chart_exports\event_day_details_grouped\0657_AREC_2025-04-17_push20.54_rebreak,C:\TSIS_Data\00_CTO\13_TRADING_SYSTEMS\03_STRATEGY_LIBRARY\LONG\DAS\runs\das_scanner_appearance_20260628T114046Z\chart_exports\event_day_details_grouped\0657_AREC_2025-04-17_push20.54_rebreak\02_three_day_overview.png,C:\TSIS_Data\00_CTO\13_TRADING_SYSTEMS\03_STRATEGY_LIBRARY\LONG\DAS\runs\das_scanner_appearance_20260628T114046Z\chart_exports\event_day_details_grouped\0657_AREC_2025-04-17_push20.54_rebreak\03_event_day_premarket_detail.png,C:\TSIS_Data\00_CTO\13_TRADING_SYSTEMS\03_STRATEGY_LIBRARY\LONG\DAS\runs\das_scanner_appearance_20260628T114046Z\chart_exports\event_day_details_grouped\0657_AREC_2025-04-17_push20.54_rebreak\04_event_day_detail_until_1600_ny.png,C:\TSIS_Data\00_CTO\13_TRADING_SYSTEMS\03_STRATEGY_LIBRARY\LONG\DAS\runs\das_scanner_appearance_20260628T114046Z\chart_exports\event_day_details_grouped\0657_AREC_2025-04-17_push20.54_rebreak\05_daily_context.png,das_scanner_appearance:AREC:2025-04-17T08:55:00+00:00,AREC,2025-04-17,20.5357,20.5357,,,-7.1429,-5.4545454545454595,20.53571428571428,22.727272727272727,20.5357,29.8077,29.8077,rebreak_confirmed,6.6667,single_candle_rebreak,2025-04-17 09:18:00 EDT,,,
658,C:\TSIS_Data\00_CTO\13_TRADING_SYSTEMS\03_STRATEGY_LIBRARY\LONG\DAS\runs\das_scanner_appearance_20260628T114046Z\chart_exports\event_day_details_grouped\0658_CGC_2024-03-25_push20.51_rebreak,C:\TSIS_Data\00_CTO\13_TRADING_SYSTEMS\03_STRATEGY_LIBRARY\LONG\DAS\runs\das_scanner_appearance_20260628T114046Z\chart_exports\event_day_details_grouped\0658_CGC_2024-03-25_push20.51_rebreak\02_three_day_overview.png,C:\TSIS_Data\00_CTO\13_TRADING_SYSTEMS\03_STRATEGY_LIBRARY\LONG\DAS\runs\das_scanner_appearance_20260628T114046Z\chart_exports\event_day_details_grouped\0658_CGC_2024-03-25_push20.51_rebreak\03_event_day_premarket_detail.png,C:\TSIS_Data\00_CTO\13_TRADING_SYSTEMS\03_STRATEGY_LIBRARY\LONG\DAS\runs\das_scanner_appearance_20260628T114046Z\chart_exports\event_day_details_grouped\0658_CGC_2024-03-25_push20.51_rebreak\04_event_day_detail_until_1600_ny.png,C:\TSIS_Data\00_CTO\13_TRADING_SYSTEMS\03_STRATEGY_LIBRARY\LONG\DAS\runs\das_scanner_appearance_20260628T114046Z\chart_exports\event_day_details_grouped\0658_CGC_2024-03-25_push20.51_rebreak\05_daily_context.png,das_scanner_appearance:CGC:2024-03-25T08:56:00+00:00,CGC,2024-03-25,20.5128,20.5128,,,13.4615,15.234375,21.41025641025642,23.30729166666668,21.4103,7.0056,7.0056,rebreak_confirmed,3.0851,ascending_flag_break,2024-03-25 05:06:00 EDT,2024-03-25 05:08:00 EDT,1.7112,green_wick_dip_reactivation
659,C:\TSIS_Data\00_CTO\13_TRADING_SYSTEMS\03_STRATEGY_LIBRARY\LONG\DAS\runs\das_scanner_appearance_20260628T114046Z\chart_exports\event_day_details_grouped\0659_RR_2026-01-27_push20.51_rebreak,C:\TSIS_Data\00_CTO\13_TRADING_SYSTEMS\03_STRATEGY_LIBRARY\LONG\DAS\runs\das_scanner_appearance_20260628T114046Z\chart_exports\event_day_details_grouped\0659_RR_2026-01-27_push20.51_rebreak\02_three_day_overview.png,C:\TSIS_Data\00_CTO\13_TRADING_SYSTEMS\03_STRATEGY_LIBRARY\LONG\DAS\runs\das_scanner_appearance_20260628T114046Z\chart_exports\event_day_details_grouped\0659_RR_2026-01-27_push20.51_rebreak\03_event_day_premarket_detail.png,C:\TSIS_Data\00_CTO\13_TRADING_SYSTEMS\03_STRATEGY_LIBRARY\LONG\DAS\runs\das_scanner_appearance_20260628T114046Z\chart_exports\event_day_details_grouped\0659_RR_2026-01-27_push20.51_rebreak\04_event_day_detail_until_1600_ny.png,C:\TSIS_Data\00_CTO\13_TRADING_SYSTEMS\03_STRATEGY_LIBRARY\LONG\DAS\runs\das_scanner_appearance_20260628T114046Z\chart_exports\event_day_details_grouped\0659_RR_2026-01-27_push20.51_rebreak\05_daily_context.png,das_scanner_appearance:RR:2026-01-27T13:00:00+00:00,RR,2026-01-27,20.5128,20.5128,,,13.8256,16.821052631578944,22.820512820512825,26.052631578947377,22.8205,7.9023,7.9023,rebreak_confirmed,6.1702,flat_shelf_break,2026-01-27 08:05:00 EST,2026-01-27 08:15:00 EST,0.4454,green_wick_dip_reactivation
660,C:\TSIS_Data\00_CTO\13_TRADING_SYSTEMS\03_STRATEGY_LIBRARY\LONG\DAS\runs\das_scanner_appearance_20260628T114046Z\chart_exports\event_day_details_grouped\0660_MGOL_2025-01-03_push20.45_rebreak,C:\TSIS_Data\00_CTO\13_TRADING_SYSTEMS\03_STRATEGY_LIBRARY\LONG\DAS\runs\das_scanner_appearance_20260628T114046Z\chart_exports\event_day_details_grouped\0660_MGOL_2025-01-03_push20.45_rebreak\02_three_day_overview.png,C:\TSIS_Data\00_CTO\13_TRADING_SYSTEMS\03_STRATEGY_LIBRARY\LONG\DAS\runs\das_scanner_appearance_20260628T114046Z\chart_exports\event_day_details_grouped\0660_MGOL_2025-01-03_push20.45_rebreak\03_event_day_premarket_detail.png,C:\TSIS_Data\00_CTO\13_TRADING_SYSTEMS\03_STRATEGY_LIBRARY\LONG\DAS\runs\das_scanner_appearance_20260628T114046Z\chart_exports\event_day_details_grouped\0660_MGOL_2025-01-03_push20.45_rebreak\04_event_day_detail_until_1600_ny.png,C:\TSIS_Data\00_CTO\13_TRADING_SYSTEMS\03_STRATEGY_LIBRARY\LONG\DAS\runs\das_scanner_appearance_20260628T114046Z\chart_exports\event_day_details_grouped\0660_MGOL_2025-01-03_push20.45_rebreak\05_daily_context.png,das_scanner_appearance:MGOL:2025-01-03T09:09:00+00:00,MGOL,2025-01-03,20.4488,20.4488,,,6.4909,40.023337222870474,33.1135902636917,75.02917152858811,33.1136,25.0,25.0,rebreak_confirmed,10.2305,ascending_flag_break,2025-01-03 04:34:00 EST,2025-01-03 04:35:00 EST,4.0614,green_wick_dip_new_high
661,C:\TSIS_Data\00_CTO\13_TRADING_SYSTEMS\03_STRATEGY_LIBRARY\LONG\DAS\runs\das_scanner_appearance_20260628T114046Z\chart_exports\event_day_details_grouped\0661_SPWR_2024-05-22_push20.45_rebreak,C:\TSIS_Data\00_CTO\13_TRADING_SYSTEMS\03_STRATEGY_LIBRARY\LONG\DAS\runs\das_scanner_appearance_20260628T114046Z\chart_exports\event_day_details_grouped\0661_SPWR_2024-05-22_push20.45_rebreak\02_three_day_overview.png,C:\TSIS_Data\00_CTO\13_TRADING_SYSTEMS\03_STRATEGY_LIBRARY\LONG\DAS\runs\das_scanner_appearance_20260628T114046Z\chart_exports\event_day_details_grouped\0661_SPWR_2024-05-22_push20.45_rebreak\03_event_day_premarket_detail.png,C:\TSIS_Data\00_CTO\13_TRADING_SYSTEMS\03_STRATEGY_LIBRARY\LONG\DAS\runs\das_scanner_appearance_20260628T114046Z\chart_exports\event_day_details_grouped\0661_SPWR_2024-05-22_push20.45_rebreak\04_event_day_detail_until_1600_ny.png,C:\TSIS_Data\00_CTO\13_TRADING_SYSTEMS\03_STRATEGY_LIBRARY\LONG\DAS\runs\das_scanner_appearance_20260628T114046Z\chart_exports\event_day_details_grouped\0661_SPWR_2024-05-22_push20.45_rebreak\05_daily_context.png,das_scanner_appearance:SPWR:2024-05-22T13:07:00+00:00,SPWR,2024-05-22,20.4461,20.4461,,,15.6134,13.919413919413914,24.53531598513012,22.710622710622715,24.5353,7.717,7.717,rebreak_confirmed,5.2469,single_candle_rebreak,2024-05-22 09:09:00 EDT,2024-05-22 09:11:00 EDT,0.6309,green_wick_dip_reactivation
662,C:\TSIS_Data\00_CTO\13_TRADING_SYSTEMS\03_STRATEGY_LIBRARY\LONG\DAS\runs\das_scanner_appearance_20260628T114046Z\chart_exports\event_day_details_grouped\0662_ONMD_2024-05-30_push20.41_rebreak,C:\TSIS_Data\00_CTO\13_TRADING_SYSTEMS\03_STRATEGY_LIBRARY\LONG\DAS\runs\das_scanner_appearance_20260628T114046Z\chart_exports\event_day_details_grouped\0662_ONMD_2024-05-30_push20.41_rebreak\02_three_day_overview.png,C:\TSIS_Data\00_CTO\13_TRADING_SYSTEMS\03_STRATEGY_LIBRARY\LONG\DAS\runs\das_scanner_appearance_20260628T114046Z\chart_exports\event_day_details_grouped\0662_ONMD_2024-05-30_push20.41_rebreak\03_event_day_premarket_detail.png,C:\TSIS_Data\00_CTO\13_TRADING_SYSTEMS\03_STRATEGY_LIBRARY\LONG\DAS\runs\das_scanner_appearance_20260628T114046Z\chart_exports\event_day_details_grouped\0662_ONMD_2024-05-30_push20.41_rebreak\04_event_day_detail_until_1600_ny.png,C:\TSIS_Data\00_CTO\13_TRADING_SYSTEMS\03_STRATEGY_LIBRARY\LONG\DAS\runs\das_scanner_appearance_20260628T114046Z\chart_exports\event_day_details_grouped\0662_ONMD_2024-05-30_push20.41_rebreak\05_daily_context.png,das_scanner_appearance:ONMD:2024-05-30T08:43:00+00:00,ONMD,2024-05-30,20.4082,20.4082,,,-1.6327,24.22680412371135,26.530612244897956,59.7938144329897,26.5306,28.6307,28.6307,rebreak_confirmed,4.4068,last_red_high_break,2024-05-30 07:22:00 EDT,2024-05-30 07:27:00 EDT,1.0676,green_wick_dip_reactivation
663,C:\TSIS_Data\00_CTO\13_TRADING_SYSTEMS\03_STRATEGY_LIBRARY\LONG\DAS\runs\das_scanner_appearance_20260628T114046Z\chart_exports\event_day_details_grouped\0663_CRML_2025-10-08_push20.36_rebreak,C:\TSIS_Data\00_CTO\13_TRADING_SYSTEMS\03_STRATEGY_LIBRARY\LONG\DAS\runs\das_scanner_appearance_20260628T114046Z\chart_exports\event_day_details_grouped\0663_CRML_2025-10-08_push20.36_rebreak\02_three_day_overview.png,C:\TSIS_Data\00_CTO\13_TRADING_SYSTEMS\03_STRATEGY_LIBRARY\LONG\DAS\runs\das_scanner_appearance_20260628T114046Z\chart_exports\event_day_details_grouped\0663_CRML_2025-10-08_push20.36_rebreak\03_event_day_premarket_detail.png,C:\TSIS_Data\00_CTO\13_TRADING_SYSTEMS\03_STRATEGY_LIBRARY\LONG\DAS\runs\das_scanner_appearance_20260628T114046Z\chart_exports\event_day_details_grouped\0663_CRML_2025-10-08_push20.36_rebreak\04_event_day_detail_until_1600_ny.png,C:\TSIS_Data\00_CTO\13_TRADING_SYSTEMS\03_STRATEGY_LIBRARY\LONG\DAS\runs\das_scanner_appearance_20260628T114046Z\chart_exports\event_day_details_grouped\0663_CRML_2025-10-08_push20.36_rebreak\05_daily_context.png,das_scanner_appearance:CRML:2025-10-08T10:31:00+00:00,CRML,2025-10-08,20.3598,20.3598,,,8.9015,14.827758362456308,22.253787878787875,28.906640039940086,22.2538,12.2609,12.2609,rebreak_confirmed,4.2486,last_red_high_break,2025-10-08 09:08:00 EDT,2025-10-08 09:09:00 EDT,0.2404,green_wick_dip_new_high
664,C:\TSIS_Data\00_CTO\13_TRADING_SYSTEMS\03_STRATEGY_LIBRARY\LONG\DAS\runs\das_scanner_appearance_20260628T114046Z\chart_exports\event_day_details_grouped\0664_SOAR_2024-12-03_push20.33_rebreak,C:\TSIS_Data\00_CTO\13_TRADING_SYSTEMS\03_STRATEGY_LIBRARY\LONG\DAS\runs\das_scanner_appearance_20260628T114046Z\chart_exports\event_day_details_grouped\0664_SOAR_2024-12-03_push20.33_rebreak\02_three_day_overview.png,C:\TSIS_Data\00_CTO\13_TRADING_SYSTEMS\03_STRATEGY_LIBRARY\LONG\DAS\runs\das_scanner_appearance_20260628T114046Z\chart_exports\event_day_details_grouped\0664_SOAR_2024-12-03_push20.33_rebreak\03_event_day_premarket_detail.png,C:\TSIS_Data\00_CTO\13_TRADING_SYSTEMS\03_STRATEGY_LIBRARY\LONG\DAS\runs\das_scanner_appearance_20260628T114046Z\chart_exports\event_day_details_grouped\0664_SOAR_2024-12-03_push20.33_rebreak\04_event_day_detail_until_1600_ny.png,C:\TSIS_Data\00_CTO\13_TRADING_SYSTEMS\03_STRATEGY_LIBRARY\LONG\DAS\runs\das_scanner_appearance_20260628T114046Z\chart_exports\event_day_details_grouped\0664_SOAR_2024-12-03_push20.33_rebreak\05_daily_context.png,das_scanner_appearance:SOAR:2024-12-03T10:36:00+00:00,SOAR,2024-12-03,20.332,20.332,,,-10.8321,81.62811387900355,20.331950207468886,145.1067615658363,20.332,34.9498,34.9498,rebreak_confirmed,24.2287,vwap_reclaim_rebreak,2024-12-03 08:26:00 EST,2024-12-03 08:28:00 EST,2.0751,green_wick_dip_reactivation
665,C:\TSIS_Data\00_CTO\13_TRADING_SYSTEMS\03_STRATEGY_LIBRARY\LONG\DAS\runs\das_scanner_appearance_20260628T114046Z\chart_exports\event_day_details_grouped\0665_DVLT_2025-11-24_push20.32_rebreak,C:\TSIS_Data\00_CTO\13_TRADING_SYSTEMS\03_STRATEGY_LIBRARY\LONG\DAS\runs\das_scanner_appearance_20260628T114046Z\chart_exports\event_day_details_grouped\0665_DVLT_2025-11-24_push20.32_rebreak\02_three_day_overview.png,C:\TSIS_Data\00_CTO\13_TRADING_SYSTEMS\03_STRATEGY_LIBRARY\LONG\DAS\runs\das_scanner_appearance_20260628T114046Z\chart_exports\event_day_details_grouped\0665_DVLT_2025-11-24_push20.32_rebreak\03_event_day_premarket_detail.png,C:\TSIS_Data\00_CTO\13_TRADING_SYSTEMS\03_STRATEGY_LIBRARY\LONG\DAS\runs\das_scanner_appearance_20260628T114046Z\chart_exports\event_day_details_grouped\0665_DVLT_2025-11-24_push20.32_rebreak\04_event_day_detail_until_1600_ny.png,C:\TSIS_Data\00_CTO\13_TRADING_SYSTEMS\03_STRATEGY_LIBRARY\LONG\DAS\runs\das_scanner_appearance_20260628T114046Z\chart_exports\event_day_details_grouped\0665_DVLT_2025-11-24_push20.32_rebreak\05_daily_context.png,das_scanner_appearance:DVLT:2025-11-24T09:04:00+00:00,DVLT,2025-11-24,20.3248,20.3248,,,-2.4383,-5.880711267044094,20.324833657064925,16.079260027111083,20.3248,23.3321,23.3321,rebreak_confirmed,4.7295,flat_shelf_break,2025-11-24 08:41:00 EST,2025-11-24 08:43:00 EST,0.3424,green_wick_dip_reactivation
666,C:\TSIS_Data\00_CTO\13_TRADING_SYSTEMS\03_STRATEGY_LIBRARY\LONG\DAS\runs\das_scanner_appearance_20260628T114046Z\chart_exports\event_day_details_grouped\0666_COOT_2025-10-15_push20.24_rebreak,C:\TSIS_Data\00_CTO\13_TRADING_SYSTEMS\03_STRATEGY_LIBRARY\LONG\DAS\runs\das_scanner_appearance_20260628T114046Z\chart_exports\event_day_details_grouped\0666_COOT_2025-10-15_push20.24_rebreak\02_three_day_overview.png,C:\TSIS_Data\00_CTO\13_TRADING_SYSTEMS\03_STRATEGY_LIBRARY\LONG\DAS\runs\das_scanner_appearance_20260628T114046Z\chart_exports\event_day_details_grouped\0666_COOT_2025-10-15_push20.24_rebreak\03_event_day_premarket_detail.png,C:\TSIS_Data\00_CTO\13_TRADING_SYSTEMS\03_STRATEGY_LIBRARY\LONG\DAS\runs\das_scanner_appearance_20260628T114046Z\chart_exports\event_day_details_grouped\0666_COOT_2025-10-15_push20.24_rebreak\04_event_day_detail_until_1600_ny.png,C:\TSIS_Data\00_CTO\13_TRADING_SYSTEMS\03_STRATEGY_LIBRARY\LONG\DAS\runs\das_scanner_appearance_20260628T114046Z\chart_exports\event_day_details_grouped\0666_COOT_2025-10-15_push20.24_rebreak\05_daily_context.png,das_scanner_appearance:COOT:2025-10-15T08:00:00+00:00,COOT,2025-10-15,20.2381,20.2381,51.48809523809524,422.1048312647451,-8.9286,213.87834649707665,51.48809523809524,422.1048312647451,51.4881,66.3399,66.3399,rebreak_confirmed,8.9109,single_candle_rebreak,2025-10-15 04:10:00 EDT,2025-10-15 04:14:00 EDT,0.2681,green_wick_dip_new_high
667,C:\TSIS_Data\00_CTO\13_TRADING_SYSTEMS\03_STRATEGY_LIBRARY\LONG\DAS\runs\das_scanner_appearance_20260628T114046Z\chart_exports\event_day_details_grouped\0667_OTRK_2024-03-19_push20.23_rebreak,C:\TSIS_Data\00_CTO\13_TRADING_SYSTEMS\03_STRATEGY_LIBRARY\LONG\DAS\runs\das_scanner_appearance_20260628T114046Z\chart_exports\event_day_details_grouped\0667_OTRK_2024-03-19_push20.23_rebreak\02_three_day_overview.png,C:\TSIS_Data\00_CTO\13_TRADING_SYSTEMS\03_STRATEGY_LIBRARY\LONG\DAS\runs\das_scanner_appearance_20260628T114046Z\chart_exports\event_day_details_grouped\0667_OTRK_2024-03-19_push20.23_rebreak\03_event_day_premarket_detail.png,C:\TSIS_Data\00_CTO\13_TRADING_SYSTEMS\03_STRATEGY_LIBRARY\LONG\DAS\runs\das_scanner_appearance_20260628T114046Z\chart_exports\event_day_details_grouped\0667_OTRK_2024-03-19_push20.23_rebreak\04_event_day_detail_until_1600_ny.png,C:\TSIS_Data\00_CTO\13_TRADING_SYSTEMS\03_STRATEGY_LIBRARY\LONG\DAS\runs\das_scanner_appearance_20260628T114046Z\chart_exports\event_day_details_grouped\0667_OTRK_2024-03-19_push20.23_rebreak\05_daily_context.png,das_scanner_appearance:OTRK:2024-03-19T12:00:00+00:00,OTRK,2024-03-19,20.2285,20.2285,,,-1.6619,96.21761658031089,42.94988314723448,185.23316062176167,42.9499,45.3657,45.3657,rebreak_confirmed,6.9978,multi_candle_flag_break,2024-03-19 08:45:00 EDT,2024-03-19 08:46:00 EDT,2.0196,green_wick_dip_new_high
668,C:\TSIS_Data\00_CTO\13_TRADING_SYSTEMS\03_STRATEGY_LIBRARY\LONG\DAS\runs\das_scanner_appearance_20260628T114046Z\chart_exports\event_day_details_grouped\0668_RCKT_2025-07-17_push20.21_rebreak,C:\TSIS_Data\00_CTO\13_TRADING_SYSTEMS\03_STRATEGY_LIBRARY\LONG\DAS\runs\das_scanner_appearance_20260628T114046Z\chart_exports\event_day_details_grouped\0668_RCKT_2025-07-17_push20.21_rebreak\02_three_day_overview.png,C:\TSIS_Data\00_CTO\13_TRADING_SYSTEMS\03_STRATEGY_LIBRARY\LONG\DAS\runs\das_scanner_appearance_20260628T114046Z\chart_exports\event_day_details_grouped\0668_RCKT_2025-07-17_push20.21_rebreak\03_event_day_premarket_detail.png,C:\TSIS_Data\00_CTO\13_TRADING_SYSTEMS\03_STRATEGY_LIBRARY\LONG\DAS\runs\das_scanner_appearance_20260628T114046Z\chart_exports\event_day_details_grouped\0668_RCKT_2025-07-17_push20.21_rebreak\04_event_day_detail_until_1600_ny.png,C:\TSIS_Data\00_CTO\13_TRADING_SYSTEMS\03_STRATEGY_LIBRARY\LONG\DAS\runs\das_scanner_appearance_20260628T114046Z\chart_exports\event_day_details_grouped\0668_RCKT_2025-07-17_push20.21_rebreak\05_daily_context.png,das_scanner_appearance:RCKT:2025-07-17T12:07:00+00:00,RCKT,2025-07-17,20.2091,20.2091,,,17.4216,17.83216783216784,23.693379790940757,24.125874125874127,23.6934,5.3412,5.3412,rebreak_confirmed,5.2174,last_red_high_break,2025-07-17 08:11:00 EDT,2025-07-17 08:15:00 EDT,0.1854,green_wick_dip_new_high
669,C:\TSIS_Data\00_CTO\13_TRADING_SYSTEMS\03_STRATEGY_LIBRARY\LONG\DAS\runs\das_scanner_appearance_20260628T114046Z\chart_exports\event_day_details_grouped\0669_INVZ_2025-01-07_push20.20_rebreak,C:\TSIS_Data\00_CTO\13_TRADING_SYSTEMS\03_STRATEGY_LIBRARY\LONG\DAS\runs\das_scanner_appearance_20260628T114046Z\chart_exports\event_day_details_grouped\0669_INVZ_2025-01-07_push20.20_rebreak\02_three_day_overview.png,C:\TSIS_Data\00_CTO\13_TRADING_SYSTEMS\03_STRATEGY_LIBRARY\LONG\DAS\runs\das_scanner_appearance_20260628T114046Z\chart_exports\event_day_details_grouped\0669_INVZ_2025-01-07_push20.20_rebreak\03_event_day_premarket_detail.png,C:\TSIS_Data\00_CTO\13_TRADING_SYSTEMS\03_STRATEGY_LIBRARY\LONG\DAS\runs\das_scanner_appearance_20260628T114046Z\chart_exports\event_day_details_grouped\0669_INVZ_2025-01-07_push20.20_rebreak\04_event_day_detail_until_1600_ny.png,C:\TSIS_Data\00_CTO\13_TRADING_SYSTEMS\03_STRATEGY_LIBRARY\LONG\DAS\runs\das_scanner_appearance_20260628T114046Z\chart_exports\event_day_details_grouped\0669_INVZ_2025-01-07_push20.20_rebreak\05_daily_context.png,das_scanner_appearance:INVZ:2025-01-07T13:00:00+00:00,INVZ,2025-01-07,20.202,20.202,,,15.6566,15.656565656565661,40.4040404040404,40.4040404040404,40.404,21.3974,21.3974,rebreak_confirmed,18.937,vwap_reclaim_rebreak,2025-01-07 08:06:00 EST,2025-01-07 08:10:00 EST,0.4054,green_wick_dip_reactivation
670,C:\TSIS_Data\00_CTO\13_TRADING_SYSTEMS\03_STRATEGY_LIBRARY\LONG\DAS\runs\das_scanner_appearance_20260628T114046Z\chart_exports\event_day_details_grouped\0670_BATL_2026-02-27_push20.19_rebreak,C:\TSIS_Data\00_CTO\13_TRADING_SYSTEMS\03_STRATEGY_LIBRARY\LONG\DAS\runs\das_scanner_appearance_20260628T114046Z\chart_exports\event_day_details_grouped\0670_BATL_2026-02-27_push20.19_rebreak\02_three_day_overview.png,C:\TSIS_Data\00_CTO\13_TRADING_SYSTEMS\03_STRATEGY_LIBRARY\LONG\DAS\runs\das_scanner_appearance_20260628T114046Z\chart_exports\event_day_details_grouped\0670_BATL_2026-02-27_push20.19_rebreak\03_event_day_premarket_detail.png,C:\TSIS_Data\00_CTO\13_TRADING_SYSTEMS\03_STRATEGY_LIBRARY\LONG\DAS\runs\das_scanner_appearance_20260628T114046Z\chart_exports\event_day_details_grouped\0670_BATL_2026-02-27_push20.19_rebreak\04_event_day_detail_until_1600_ny.png,C:\TSIS_Data\00_CTO\13_TRADING_SYSTEMS\03_STRATEGY_LIBRARY\LONG\DAS\runs\das_scanner_appearance_20260628T114046Z\chart_exports\event_day_details_grouped\0670_BATL_2026-02-27_push20.19_rebreak\05_daily_context.png,das_scanner_appearance:BATL:2026-02-27T13:15:00+00:00,BATL,2026-02-27,20.1923,20.1923,,,19.9519,20.45575242601266,47.355769230769226,47.974701878047604,47.3558,22.8457,22.8457,rebreak_confirmed,3.0,last_red_high_break,2026-02-27 08:18:00 EST,2026-02-27 08:20:00 EST,0.1255,green_wick_dip_new_high
671,C:\TSIS_Data\00_CTO\13_TRADING_SYSTEMS\03_STRATEGY_LIBRARY\LONG\DAS\runs\das_scanner_appearance_20260628T114046Z\chart_exports\event_day_details_grouped\0671_HKPD_2025-09-05_push20.18_rebreak,C:\TSIS_Data\00_CTO\13_TRADING_SYSTEMS\03_STRATEGY_LIBRARY\LONG\DAS\runs\das_scanner_appearance_20260628T114046Z\chart_exports\event_day_details_grouped\0671_HKPD_2025-09-05_push20.18_rebreak\02_three_day_overview.png,C:\TSIS_Data\00_CTO\13_TRADING_SYSTEMS\03_STRATEGY_LIBRARY\LONG\DAS\runs\das_scanner_appearance_20260628T114046Z\chart_exports\event_day_details_grouped\0671_HKPD_2025-09-05_push20.18_rebreak\03_event_day_premarket_detail.png,C:\TSIS_Data\00_CTO\13_TRADING_SYSTEMS\03_STRATEGY_LIBRARY\LONG\DAS\runs\das_scanner_appearance_20260628T114046Z\chart_exports\event_day_details_grouped\0671_HKPD_2025-09-05_push20.18_rebreak\04_event_day_detail_until_1600_ny.png,C:\TSIS_Data\00_CTO\13_TRADING_SYSTEMS\03_STRATEGY_LIBRARY\LONG\DAS\runs\das_scanner_appearance_20260628T114046Z\chart_exports\event_day_details_grouped\0671_HKPD_2025-09-05_push20.18_rebreak\05_daily_context.png,das_scanner_appearance:HKPD:2025-09-05T12:08:00+00:00,HKPD,2025-09-05,20.1835,20.1835,,,18.3486,22.857142857142858,47.70642201834862,53.333333333333336,47.7064,24.8062,24.8062,rebreak_confirmed,3.0534,flat_shelf_break,2025-09-05 08:23:00 EDT,2025-09-05 08:24:00 EDT,0.0076,green_wick_dip_new_high
672,C:\TSIS_Data\00_CTO\13_TRADING_SYSTEMS\03_STRATEGY_LIBRARY\LONG\DAS\runs\das_scanner_appearance_20260628T114046Z\chart_exports\event_day_details_grouped\0672_KULR_2026-01-14_push20.17_rebreak,C:\TSIS_Data\00_CTO\13_TRADING_SYSTEMS\03_STRATEGY_LIBRARY\LONG\DAS\runs\das_scanner_appearance_20260628T114046Z\chart_exports\event_day_details_grouped\0672_KULR_2026-01-14_push20.17_rebreak\02_three_day_overview.png,C:\TSIS_Data\00_CTO\13_TRADING_SYSTEMS\03_STRATEGY_LIBRARY\LONG\DAS\runs\das_scanner_appearance_20260628T114046Z\chart_exports\event_day_details_grouped\0672_KULR_2026-01-14_push20.17_rebreak\03_event_day_premarket_detail.png,C:\TSIS_Data\00_CTO\13_TRADING_SYSTEMS\03_STRATEGY_LIBRARY\LONG\DAS\runs\das_scanner_appearance_20260628T114046Z\chart_exports\event_day_details_grouped\0672_KULR_2026-01-14_push20.17_rebreak\04_event_day_detail_until_1600_ny.png,C:\TSIS_Data\00_CTO\13_TRADING_SYSTEMS\03_STRATEGY_LIBRARY\LONG\DAS\runs\das_scanner_appearance_20260628T114046Z\chart_exports\event_day_details_grouped\0672_KULR_2026-01-14_push20.17_rebreak\05_daily_context.png,das_scanner_appearance:KULR:2026-01-14T13:44:00+00:00,KULR,2026-01-14,20.1705,20.1705,,,16.7614,18.61471861471863,24.71590909090908,26.695526695526688,24.7159,6.8127,6.8127,rebreak_confirmed,4.4917,vwap_reclaim_rebreak,2026-01-14 08:56:00 EST,2026-01-14 08:58:00 EST,1.1765,green_wick_dip_reactivation
673,C:\TSIS_Data\00_CTO\13_TRADING_SYSTEMS\03_STRATEGY_LIBRARY\LONG\DAS\runs\das_scanner_appearance_20260628T114046Z\chart_exports\event_day_details_grouped\0673_BFI_2024-08-01_push20.15_rebreak,C:\TSIS_Data\00_CTO\13_TRADING_SYSTEMS\03_STRATEGY_LIBRARY\LONG\DAS\runs\das_scanner_appearance_20260628T114046Z\chart_exports\event_day_details_grouped\0673_BFI_2024-08-01_push20.15_rebreak\02_three_day_overview.png,C:\TSIS_Data\00_CTO\13_TRADING_SYSTEMS\03_STRATEGY_LIBRARY\LONG\DAS\runs\das_scanner_appearance_20260628T114046Z\chart_exports\event_day_details_grouped\0673_BFI_2024-08-01_push20.15_rebreak\03_event_day_premarket_detail.png,C:\TSIS_Data\00_CTO\13_TRADING_SYSTEMS\03_STRATEGY_LIBRARY\LONG\DAS\runs\das_scanner_appearance_20260628T114046Z\chart_exports\event_day_details_grouped\0673_BFI_2024-08-01_push20.15_rebreak\04_event_day_detail_until_1600_ny.png,C:\TSIS_Data\00_CTO\13_TRADING_SYSTEMS\03_STRATEGY_LIBRARY\LONG\DAS\runs\das_scanner_appearance_20260628T114046Z\chart_exports\event_day_details_grouped\0673_BFI_2024-08-01_push20.15_rebreak\05_daily_context.png,das_scanner_appearance:BFI:2024-08-01T11:54:00+00:00,BFI,2024-08-01,20.1494,20.1494,,,2.2893,13.513513513513503,21.773015099853872,35.13513513513512,21.773,19.0476,19.0476,rebreak_confirmed,21.6622,ascending_flag_break,2024-08-01 08:08:00 EDT,2024-08-01 08:16:00 EDT,0.1897,green_wick_dip_new_high
674,C:\TSIS_Data\00_CTO\13_TRADING_SYSTEMS\03_STRATEGY_LIBRARY\LONG\DAS\runs\das_scanner_appearance_20260628T114046Z\chart_exports\event_day_details_grouped\0674_ATCH_2025-09-24_push20.14_rebreak,C:\TSIS_Data\00_CTO\13_TRADING_SYSTEMS\03_STRATEGY_LIBRARY\LONG\DAS\runs\das_scanner_appearance_20260628T114046Z\chart_exports\event_day_details_grouped\0674_ATCH_2025-09-24_push20.14_rebreak\02_three_day_overview.png,C:\TSIS_Data\00_CTO\13_TRADING_SYSTEMS\03_STRATEGY_LIBRARY\LONG\DAS\runs\das_scanner_appearance_20260628T114046Z\chart_exports\event_day_details_grouped\0674_ATCH_2025-09-24_push20.14_rebreak\03_event_day_premarket_detail.png,C:\TSIS_Data\00_CTO\13_TRADING_SYSTEMS\03_STRATEGY_LIBRARY\LONG\DAS\runs\das_scanner_appearance_20260628T114046Z\chart_exports\event_day_details_grouped\0674_ATCH_2025-09-24_push20.14_rebreak\04_event_day_detail_until_1600_ny.png,C:\TSIS_Data\00_CTO\13_TRADING_SYSTEMS\03_STRATEGY_LIBRARY\LONG\DAS\runs\das_scanner_appearance_20260628T114046Z\chart_exports\event_day_details_grouped\0674_ATCH_2025-09-24_push20.14_rebreak\05_daily_context.png,das_scanner_appearance:ATCH:2025-09-24T12:53:00+00:00,ATCH,2025-09-24,20.1395,20.1395,,,18.3953,26.51590457256462,27.348837209302324,36.083499005964214,27.3488,7.5624,7.5624,rebreak_confirmed,3.2714,single_candle_rebreak,2025-09-24 09:18:00 EDT,2025-09-24 09:19:00 EDT,0.402,green_wick_dip_new_high
675,C:\TSIS_Data\00_CTO\13_TRADING_SYSTEMS\03_STRATEGY_LIBRARY\LONG\DAS\runs\das_scanner_appearance_20260628T114046Z\chart_exports\event_day_details_grouped\0675_ABAT_2025-04-30_push20.08_rebreak,C:\TSIS_Data\00_CTO\13_TRADING_SYSTEMS\03_STRATEGY_LIBRARY\LONG\DAS\runs\das_scanner_appearance_20260628T114046Z\chart_exports\event_day_details_grouped\0675_ABAT_2025-04-30_push20.08_rebreak\02_three_day_overview.png,C:\TSIS_Data\00_CTO\13_TRADING_SYSTEMS\03_STRATEGY_LIBRARY\LONG\DAS\runs\das_scanner_appearance_20260628T114046Z\chart_exports\event_day_details_grouped\0675_ABAT_2025-04-30_push20.08_rebreak\03_event_day_premarket_detail.png,C:\TSIS_Data\00_CTO\13_TRADING_SYSTEMS\03_STRATEGY_LIBRARY\LONG\DAS\runs\das_scanner_appearance_20260628T114046Z\chart_exports\event_day_details_grouped\0675_ABAT_2025-04-30_push20.08_rebreak\04_event_day_detail_until_1600_ny.png,C:\TSIS_Data\00_CTO\13_TRADING_SYSTEMS\03_STRATEGY_LIBRARY\LONG\DAS\runs\das_scanner_appearance_20260628T114046Z\chart_exports\event_day_details_grouped\0675_ABAT_2025-04-30_push20.08_rebreak\05_daily_context.png,das_scanner_appearance:ABAT:2025-04-30T10:58:00+00:00,ABAT,2025-04-30,20.0844,20.0844,,,16.2338,16.612377850162872,20.084415584415577,20.47557003257329,20.0844,3.3128,3.3128,rebreak_confirmed,16.7307,flat_shelf_break,2025-04-30 08:06:00 EDT,2025-04-30 08:12:00 EDT,0.6053,green_wick_dip_reactivation
676,C:\TSIS_Data\00_CTO\13_TRADING_SYSTEMS\03_STRATEGY_LIBRARY\LONG\DAS\runs\das_scanner_appearance_20260628T114046Z\chart_exports\event_day_details_grouped\0676_SSKN_2025-09-23_push20.08_rebreak,C:\TSIS_Data\00_CTO\13_TRADING_SYSTEMS\03_STRATEGY_LIBRARY\LONG\DAS\runs\das_scanner_appearance_20260628T114046Z\chart_exports\event_day_details_grouped\0676_SSKN_2025-09-23_push20.08_rebreak\02_three_day_overview.png,C:\TSIS_Data\00_CTO\13_TRADING_SYSTEMS\03_STRATEGY_LIBRARY\LONG\DAS\runs\das_scanner_appearance_20260628T114046Z\chart_exports\event_day_details_grouped\0676_SSKN_2025-09-23_push20.08_rebreak\03_event_day_premarket_detail.png,C:\TSIS_Data\00_CTO\13_TRADING_SYSTEMS\03_STRATEGY_LIBRARY\LONG\DAS\runs\das_scanner_appearance_20260628T114046Z\chart_exports\event_day_details_grouped\0676_SSKN_2025-09-23_push20.08_rebreak\04_event_day_detail_until_1600_ny.png,C:\TSIS_Data\00_CTO\13_TRADING_SYSTEMS\03_STRATEGY_LIBRARY\LONG\DAS\runs\das_scanner_appearance_20260628T114046Z\chart_exports\event_day_details_grouped\0676_SSKN_2025-09-23_push20.08_rebreak\05_daily_context.png,das_scanner_appearance:SSKN:2025-09-23T08:07:00+00:00,SSKN,2025-09-23,20.0837,20.0837,50.209205020920486,109.94152046783626,-5.8577,31.578947368421055,75.31380753138076,145.0292397660819,75.3138,86.2222,86.2222,rebreak_confirmed,17.77,vwap_reclaim_rebreak,2025-09-23 04:50:00 EDT,2025-09-23 04:51:00 EDT,2.1583,green_wick_dip_new_high
677,C:\TSIS_Data\00_CTO\13_TRADING_SYSTEMS\03_STRATEGY_LIBRARY\LONG\DAS\runs\das_scanner_appearance_20260628T114046Z\chart_exports\event_day_details_grouped\0677_UAVS_2026-01-02_push20.00_rebreak,C:\TSIS_Data\00_CTO\13_TRADING_SYSTEMS\03_STRATEGY_LIBRARY\LONG\DAS\runs\das_scanner_appearance_20260628T114046Z\chart_exports\event_day_details_grouped\0677_UAVS_2026-01-02_push20.00_rebreak\02_three_day_overview.png,C:\TSIS_Data\00_CTO\13_TRADING_SYSTEMS\03_STRATEGY_LIBRARY\LONG\DAS\runs\das_scanner_appearance_20260628T114046Z\chart_exports\event_day_details_grouped\0677_UAVS_2026-01-02_push20.00_rebreak\03_event_day_premarket_detail.png,C:\TSIS_Data\00_CTO\13_TRADING_SYSTEMS\03_STRATEGY_LIBRARY\LONG\DAS\runs\das_scanner_appearance_20260628T114046Z\chart_exports\event_day_details_grouped\0677_UAVS_2026-01-02_push20.00_rebreak\04_event_day_detail_until_1600_ny.png,C:\TSIS_Data\00_CTO\13_TRADING_SYSTEMS\03_STRATEGY_LIBRARY\LONG\DAS\runs\das_scanner_appearance_20260628T114046Z\chart_exports\event_day_details_grouped\0677_UAVS_2026-01-02_push20.00_rebreak\05_daily_context.png,das_scanner_appearance:UAVS:2026-01-02T13:01:00+00:00,UAVS,2026-01-02,20.0024,20.0024,,,13.2623,14.146341463414647,43.998063891577914,45.1219512195122,43.9981,27.1368,27.1368,rebreak_confirmed,3.7209,last_red_high_break,2026-01-02 08:08:00 EST,2026-01-02 08:10:00 EST,1.8614,green_wick_dip_reactivation
678,C:\TSIS_Data\00_CTO\13_TRADING_SYSTEMS\03_STRATEGY_LIBRARY\LONG\DAS\runs\das_scanner_appearance_20260628T114046Z\chart_exports\event_day_details_grouped\0678_UAVS_2026-01-13_push20.00_rebreak,C:\TSIS_Data\00_CTO\13_TRADING_SYSTEMS\03_STRATEGY_LIBRARY\LONG\DAS\runs\das_scanner_appearance_20260628T114046Z\chart_exports\event_day_details_grouped\0678_UAVS_2026-01-13_push20.00_rebreak\02_three_day_overview.png,C:\TSIS_Data\00_CTO\13_TRADING_SYSTEMS\03_STRATEGY_LIBRARY\LONG\DAS\runs\das_scanner_appearance_20260628T114046Z\chart_exports\event_day_details_grouped\0678_UAVS_2026-01-13_push20.00_rebreak\03_event_day_premarket_detail.png,C:\TSIS_Data\00_CTO\13_TRADING_SYSTEMS\03_STRATEGY_LIBRARY\LONG\DAS\runs\das_scanner_appearance_20260628T114046Z\chart_exports\event_day_details_grouped\0678_UAVS_2026-01-13_push20.00_rebreak\04_event_day_detail_until_1600_ny.png,C:\TSIS_Data\00_CTO\13_TRADING_SYSTEMS\03_STRATEGY_LIBRARY\LONG\DAS\runs\das_scanner_appearance_20260628T114046Z\chart_exports\event_day_details_grouped\0678_UAVS_2026-01-13_push20.00_rebreak\05_daily_context.png,das_scanner_appearance:UAVS:2026-01-13T13:01:00+00:00,UAVS,2026-01-13,20.0,20.0,,,2.5,3.797468354430369,24.0625,25.63291139240506,24.0625,21.0366,21.0366,rebreak_confirmed,3.6458,multi_candle_flag_break,2026-01-13 08:32:00 EST,2026-01-13 08:33:00 EST,0.5155,green_wick_dip_new_high
679,C:\TSIS_Data\00_CTO\13_TRADING_SYSTEMS\03_STRATEGY_LIBRARY\LONG\DAS\runs\das_scanner_appearance_20260628T114046Z\chart_exports\event_day_details_grouped\0679_BOXL_2026-02-06_push20.00_rebreak,C:\TSIS_Data\00_CTO\13_TRADING_SYSTEMS\03_STRATEGY_LIBRARY\LONG\DAS\runs\das_scanner_appearance_20260628T114046Z\chart_exports\event_day_details_grouped\0679_BOXL_2026-02-06_push20.00_rebreak\02_three_day_overview.png,C:\TSIS_Data\00_CTO\13_TRADING_SYSTEMS\03_STRATEGY_LIBRARY\LONG\DAS\runs\das_scanner_appearance_20260628T114046Z\chart_exports\event_day_details_grouped\0679_BOXL_2026-02-06_push20.00_rebreak\03_event_day_premarket_detail.png,C:\TSIS_Data\00_CTO\13_TRADING_SYSTEMS\03_STRATEGY_LIBRARY\LONG\DAS\runs\das_scanner_appearance_20260628T114046Z\chart_exports\event_day_details_grouped\0679_BOXL_2026-02-06_push20.00_rebreak\04_event_day_detail_until_1600_ny.png,C:\TSIS_Data\00_CTO\13_TRADING_SYSTEMS\03_STRATEGY_LIBRARY\LONG\DAS\runs\das_scanner_appearance_20260628T114046Z\chart_exports\event_day_details_grouped\0679_BOXL_2026-02-06_push20.00_rebreak\05_daily_context.png,das_scanner_appearance:BOXL:2026-02-06T13:00:00+00:00,BOXL,2026-02-06,20.0,20.0,,,13.8889,9.042553191489358,20.000000000000004,14.89361702127661,20.0,5.3659,5.3659,rebreak_confirmed,6.9444,single_candle_rebreak,2026-02-06 09:16:00 EST,2026-02-06 09:27:00 EST,0.9434,green_wick_dip_reactivation
