position,image_path,candidate_id,ticker,session_date,visible_maxpush_pct,pm_open_to_momentum_trigger_pct,pm_open_to_scanner_pct,pm_open_to_premarket_extension_high_pct,das_state,first_dip_depth_pct,first_rebreak_type,first_rebreak_ts_et
1,C:\TSIS_Data\00_CTO\13_TRADING_SYSTEMS\03_STRATEGY_LIBRARY\LONG\DAS\runs\das_scanner_appearance_20260628T114046Z\chart_exports\event_day_premarket_detail_only\20260628T183512Z\images\0001_SYRA_2024-02-08_push543.33_rebreak_03_event_day_premarket_detail.png,das_scanner_appearance:SYRA:2024-02-08T14:03:00+00:00,SYRA,2024-02-08,543.3333,66.66666666666667,337.5,716.6666666666667,rebreak_confirmed,19.0415,ascending_flag_break,2024-02-08 09:09:00 EST
2,C:\TSIS_Data\00_CTO\13_TRADING_SYSTEMS\03_STRATEGY_LIBRARY\LONG\DAS\runs\das_scanner_appearance_20260628T114046Z\chart_exports\event_day_premarket_detail_only\20260628T183512Z\images\0002_SRXH_2025-12-16_push525.88_rebreak_03_event_day_premarket_detail.png,das_scanner_appearance:SRXH:2025-12-16T13:30:00+00:00,SRXH,2025-12-16,525.884,525.884016973126,180.7284,525.884016973126,rebreak_confirmed,60.452,vwap_reclaim_rebreak,2025-12-16 08:38:00 EST
3,C:\TSIS_Data\00_CTO\13_TRADING_SYSTEMS\03_STRATEGY_LIBRARY\LONG\DAS\runs\das_scanner_appearance_20260628T114046Z\chart_exports\event_day_premarket_detail_only\20260628T183512Z\images\0003_SONN_2025-07-14_push476.62_rebreak_03_event_day_premarket_detail.png,das_scanner_appearance:SONN:2025-07-14T10:02:00+00:00,SONN,2025-07-14,476.616,69.20152091254754,135.7414,476.6159695817491,rebreak_confirmed,44.0158,last_red_high_break,2025-07-14 06:06:00 EDT
4,C:\TSIS_Data\00_CTO\13_TRADING_SYSTEMS\03_STRATEGY_LIBRARY\LONG\DAS\runs\das_scanner_appearance_20260628T114046Z\chart_exports\event_day_premarket_detail_only\20260628T183512Z\images\0004_MSS_2025-09-29_push464.70_rebreak_03_event_day_premarket_detail.png,das_scanner_appearance:MSS:2025-09-29T12:30:00+00:00,MSS,2025-09-29,464.7034,239.87755963690103,193.4347,583.9772007599746,rebreak_confirmed,27.6636,vwap_reclaim_rebreak,2025-09-29 08:40:00 EDT
5,C:\TSIS_Data\00_CTO\13_TRADING_SYSTEMS\03_STRATEGY_LIBRARY\LONG\DAS\runs\das_scanner_appearance_20260628T114046Z\chart_exports\event_day_premarket_detail_only\20260628T183512Z\images\0005_MWYN_2025-09-10_push430.50_rebreak_03_event_day_premarket_detail.png,das_scanner_appearance:MWYN:2025-09-10T08:14:00+00:00,MWYN,2025-09-10,430.504,65.78249336870026,58.046,480.238726790451,rebreak_confirmed,56.25,vwap_reclaim_rebreak,2025-09-10 04:47:00 EDT
6,C:\TSIS_Data\00_CTO\13_TRADING_SYSTEMS\03_STRATEGY_LIBRARY\LONG\DAS\runs\das_scanner_appearance_20260628T114046Z\chart_exports\event_day_premarket_detail_only\20260628T183512Z\images\0006_CAMP_2025-09-10_push304.37_rebreak_03_event_day_premarket_detail.png,das_scanner_appearance:CAMP:2025-09-10T11:01:00+00:00,CAMP,2025-09-10,304.3716,169.94535519125685,226.2295,304.37158469945354,rebreak_confirmed,45.0,vwap_reclaim_rebreak,2025-09-10 07:05:00 EDT
7,C:\TSIS_Data\00_CTO\13_TRADING_SYSTEMS\03_STRATEGY_LIBRARY\LONG\DAS\runs\das_scanner_appearance_20260628T114046Z\chart_exports\event_day_premarket_detail_only\20260628T183512Z\images\0007_INM_2024-08-20_push231.75_rebreak_03_event_day_premarket_detail.png,das_scanner_appearance:INM:2024-08-20T11:38:00+00:00,INM,2024-08-20,231.7536,76.37102234258631,208.6662,541.8415707515234,rebreak_confirmed,20.2041,ascending_flag_break,2024-08-20 07:44:00 EDT
8,C:\TSIS_Data\00_CTO\13_TRADING_SYSTEMS\03_STRATEGY_LIBRARY\LONG\DAS\runs\das_scanner_appearance_20260628T114046Z\chart_exports\event_day_premarket_detail_only\20260628T183512Z\images\0008_HTOO_2025-07-22_push229.27_rebreak_03_event_day_premarket_detail.png,das_scanner_appearance:HTOO:2025-07-22T12:02:00+00:00,HTOO,2025-07-22,229.2725,76.57657657657656,198.2005,242.56756756756755,rebreak_confirmed,31.5991,vwap_reclaim_rebreak,2025-07-22 08:28:00 EDT
9,C:\TSIS_Data\00_CTO\13_TRADING_SYSTEMS\03_STRATEGY_LIBRARY\LONG\DAS\runs\das_scanner_appearance_20260628T114046Z\chart_exports\event_day_premarket_detail_only\20260628T183512Z\images\0009_DALN_2025-07-10_push213.21_rebreak_03_event_day_premarket_detail.png,das_scanner_appearance:DALN:2025-07-10T12:02:00+00:00,DALN,2025-07-10,213.205,212.75626423690207,194.3052,213.20501138952164,rebreak_confirmed,8.3616,ascending_flag_break,2025-07-10 08:06:00 EDT
10,C:\TSIS_Data\00_CTO\13_TRADING_SYSTEMS\03_STRATEGY_LIBRARY\LONG\DAS\runs\das_scanner_appearance_20260628T114046Z\chart_exports\event_day_premarket_detail_only\20260628T183512Z\images\0010_CJMB_2026-01-15_push209.48_rebreak_03_event_day_premarket_detail.png,das_scanner_appearance:CJMB:2026-01-15T13:46:00+00:00,CJMB,2026-01-15,209.4794,95.0144141088689,169.6286,293.4203832457181,rebreak_confirmed,21.3699,single_candle_rebreak,2026-01-15 08:48:00 EST
11,C:\TSIS_Data\00_CTO\13_TRADING_SYSTEMS\03_STRATEGY_LIBRARY\LONG\DAS\runs\das_scanner_appearance_20260628T114046Z\chart_exports\event_day_premarket_detail_only\20260628T183512Z\images\0011_KAVL_2024-06-14_push207.35_rebreak_03_event_day_premarket_detail.png,das_scanner_appearance:KAVL:2024-06-14T13:15:00+00:00,KAVL,2024-06-14,207.3529,92.6470588235294,26.4706,244.8235294117647,rebreak_confirmed,14.8325,single_candle_rebreak,2024-06-14 09:20:00 EDT
12,C:\TSIS_Data\00_CTO\13_TRADING_SYSTEMS\03_STRATEGY_LIBRARY\LONG\DAS\runs\das_scanner_appearance_20260628T114046Z\chart_exports\event_day_premarket_detail_only\20260628T183512Z\images\0012_ALBT_2025-07-14_push197.01_rebreak_03_event_day_premarket_detail.png,das_scanner_appearance:ALBT:2025-07-14T12:02:00+00:00,ALBT,2025-07-14,197.0149,130.5970149253731,154.1045,197.0149253731343,rebreak_confirmed,27.2613,single_candle_rebreak,2025-07-14 08:04:00 EDT
13,C:\TSIS_Data\00_CTO\13_TRADING_SYSTEMS\03_STRATEGY_LIBRARY\LONG\DAS\runs\das_scanner_appearance_20260628T114046Z\chart_exports\event_day_premarket_detail_only\20260628T183512Z\images\0013_SGN_2025-05-28_push181.69_rebreak_03_event_day_premarket_detail.png,das_scanner_appearance:SGN:2025-05-28T12:45:00+00:00,SGN,2025-05-28,181.6901,65.70008285004143,39.6615,376.87300272221563,rebreak_confirmed,17.6471,single_candle_rebreak,2025-05-28 08:51:00 EDT
14,C:\TSIS_Data\00_CTO\13_TRADING_SYSTEMS\03_STRATEGY_LIBRARY\LONG\DAS\runs\das_scanner_appearance_20260628T114046Z\chart_exports\event_day_premarket_detail_only\20260628T183512Z\images\0014_PRFX_2026-02-11_push170.65_rebreak_03_event_day_premarket_detail.png,das_scanner_appearance:PRFX:2026-02-11T13:31:00+00:00,PRFX,2026-02-11,170.6485,94.53924914675767,48.8055,170.64846416382252,rebreak_confirmed,46.1538,single_candle_rebreak,2026-02-11 08:33:00 EST
15,C:\TSIS_Data\00_CTO\13_TRADING_SYSTEMS\03_STRATEGY_LIBRARY\LONG\DAS\runs\das_scanner_appearance_20260628T114046Z\chart_exports\event_day_premarket_detail_only\20260628T183512Z\images\0015_RANI_2025-10-17_push167.57_rebreak_03_event_day_premarket_detail.png,das_scanner_appearance:RANI:2025-10-17T11:30:00+00:00,RANI,2025-10-17,167.5727,167.57273306434487,105.9885,229.15693353153537,rebreak_confirmed,27.3571,single_candle_rebreak,2025-10-17 07:32:00 EDT
16,C:\TSIS_Data\00_CTO\13_TRADING_SYSTEMS\03_STRATEGY_LIBRARY\LONG\DAS\runs\das_scanner_appearance_20260628T114046Z\chart_exports\event_day_premarket_detail_only\20260628T183512Z\images\0016_OSRH_2025-03-26_push166.27_rebreak_03_event_day_premarket_detail.png,das_scanner_appearance:OSRH:2025-03-26T11:21:00+00:00,OSRH,2025-03-26,166.2722,68.0473372781065,71.0059,177.51479289940832,rebreak_confirmed,20.8889,vwap_reclaim_rebreak,2025-03-26 07:31:00 EDT
17,C:\TSIS_Data\00_CTO\13_TRADING_SYSTEMS\03_STRATEGY_LIBRARY\LONG\DAS\runs\das_scanner_appearance_20260628T114046Z\chart_exports\event_day_premarket_detail_only\20260628T183512Z\images\0017_ROLR_2026-01-14_push165.17_rebreak_03_event_day_premarket_detail.png,das_scanner_appearance:ROLR:2026-01-14T13:19:00+00:00,ROLR,2026-01-14,165.1685,65.44943820224718,115.5084,485.3932584269663,rebreak_confirmed,24.7881,vwap_reclaim_rebreak,2026-01-14 08:23:00 EST
18,C:\TSIS_Data\00_CTO\13_TRADING_SYSTEMS\03_STRATEGY_LIBRARY\LONG\DAS\runs\das_scanner_appearance_20260628T114046Z\chart_exports\event_day_premarket_detail_only\20260628T183512Z\images\0018_SPRO_2025-05-28_push160.00_rebreak_03_event_day_premarket_detail.png,das_scanner_appearance:SPRO:2025-05-28T11:01:00+00:00,SPRO,2025-05-28,160.0,71.42857142857143,47.1429,318.5714285714286,rebreak_confirmed,17.5824,last_red_high_break,2025-05-28 07:06:00 EDT
19,C:\TSIS_Data\00_CTO\13_TRADING_SYSTEMS\03_STRATEGY_LIBRARY\LONG\DAS\runs\das_scanner_appearance_20260628T114046Z\chart_exports\event_day_premarket_detail_only\20260628T183512Z\images\0019_NERV_2025-10-21_push157.25_rebreak_03_event_day_premarket_detail.png,das_scanner_appearance:NERV:2025-10-21T12:00:00+00:00,NERV,2025-10-21,157.2491,79.92565055762083,74.3494,183.271375464684,rebreak_confirmed,14.5939,vwap_reclaim_rebreak,2025-10-21 08:15:00 EDT
20,C:\TSIS_Data\00_CTO\13_TRADING_SYSTEMS\03_STRATEGY_LIBRARY\LONG\DAS\runs\das_scanner_appearance_20260628T114046Z\chart_exports\event_day_premarket_detail_only\20260628T183512Z\images\0020_TWG_2026-01-20_push155.17_rebreak_03_event_day_premarket_detail.png,das_scanner_appearance:TWG:2026-01-20T11:51:00+00:00,TWG,2026-01-20,155.1724,99.71264367816093,126.7241,225.0,rebreak_confirmed,19.482,vwap_reclaim_rebreak,2026-01-20 07:23:00 EST
21,C:\TSIS_Data\00_CTO\13_TRADING_SYSTEMS\03_STRATEGY_LIBRARY\LONG\DAS\runs\das_scanner_appearance_20260628T114046Z\chart_exports\event_day_premarket_detail_only\20260628T183512Z\images\0021_LIDR_2025-07-24_push153.10_rebreak_03_event_day_premarket_detail.png,das_scanner_appearance:LIDR:2025-07-24T12:01:00+00:00,LIDR,2025-07-24,153.0973,61.94690265486727,60.177,304.42477876106204,rebreak_confirmed,8.042,single_candle_rebreak,2025-07-24 08:10:00 EDT
22,C:\TSIS_Data\00_CTO\13_TRADING_SYSTEMS\03_STRATEGY_LIBRARY\LONG\DAS\runs\das_scanner_appearance_20260628T114046Z\chart_exports\event_day_premarket_detail_only\20260628T183512Z\images\0022_GLTO_2025-11-10_push146.03_rebreak_03_event_day_premarket_detail.png,das_scanner_appearance:GLTO:2025-11-10T12:03:00+00:00,GLTO,2025-11-10,146.0348,73.88781431334624,121.47,410.25145067698264,rebreak_confirmed,13.6006,single_candle_rebreak,2025-11-10 07:06:00 EST
23,C:\TSIS_Data\00_CTO\13_TRADING_SYSTEMS\03_STRATEGY_LIBRARY\LONG\DAS\runs\das_scanner_appearance_20260628T114046Z\chart_exports\event_day_premarket_detail_only\20260628T183512Z\images\0023_STAF_2024-08-22_push145.90_rebreak_03_event_day_premarket_detail.png,das_scanner_appearance:STAF:2024-08-22T08:09:00+00:00,STAF,2024-08-22,145.9016,104.91803278688525,121.3115,207.3770491803279,rebreak_confirmed,19.0,vwap_reclaim_rebreak,2024-08-22 04:12:00 EDT
24,C:\TSIS_Data\00_CTO\13_TRADING_SYSTEMS\03_STRATEGY_LIBRARY\LONG\DAS\runs\das_scanner_appearance_20260628T114046Z\chart_exports\event_day_premarket_detail_only\20260628T183512Z\images\0024_BBLG_2025-06-27_push144.00_rebreak_03_event_day_premarket_detail.png,das_scanner_appearance:BBLG:2025-06-27T11:02:00+00:00,BBLG,2025-06-27,144.0,87.25,118.0,193.00000000000003,rebreak_confirmed,16.7008,vwap_reclaim_rebreak,2025-06-27 07:08:00 EDT
25,C:\TSIS_Data\00_CTO\13_TRADING_SYSTEMS\03_STRATEGY_LIBRARY\LONG\DAS\runs\das_scanner_appearance_20260628T114046Z\chart_exports\event_day_premarket_detail_only\20260628T183512Z\images\0025_SELX_2025-11-10_push141.28_rebreak_03_event_day_premarket_detail.png,das_scanner_appearance:SELX:2025-11-10T10:18:00+00:00,SELX,2025-11-10,141.2795,70.96373914242383,88.8874,217.11016131256034,rebreak_confirmed,26.5714,single_candle_rebreak,2025-11-10 05:20:00 EST
26,C:\TSIS_Data\00_CTO\13_TRADING_SYSTEMS\03_STRATEGY_LIBRARY\LONG\DAS\runs\das_scanner_appearance_20260628T114046Z\chart_exports\event_day_premarket_detail_only\20260628T183512Z\images\0026_XAGE_2025-04-14_push140.58_rebreak_03_event_day_premarket_detail.png,das_scanner_appearance:XAGE:2025-04-14T12:10:00+00:00,XAGE,2025-04-14,140.5774,52.36567762630313,121.4916,160.22453889334403,rebreak_confirmed,11.5333,multi_candle_flag_break,2025-04-14 08:14:00 EDT
27,C:\TSIS_Data\00_CTO\13_TRADING_SYSTEMS\03_STRATEGY_LIBRARY\LONG\DAS\runs\das_scanner_appearance_20260628T114046Z\chart_exports\event_day_premarket_detail_only\20260628T183512Z\images\0027_GELS_2025-04-22_push135.03_rebreak_03_event_day_premarket_detail.png,das_scanner_appearance:GELS:2025-04-22T08:01:00+00:00,GELS,2025-04-22,135.0318,59.23566878980891,110.828,291.08280254777065,rebreak_confirmed,18.1572,last_red_high_break,2025-04-22 04:04:00 EDT
28,C:\TSIS_Data\00_CTO\13_TRADING_SYSTEMS\03_STRATEGY_LIBRARY\LONG\DAS\runs\das_scanner_appearance_20260628T114046Z\chart_exports\event_day_premarket_detail_only\20260628T183512Z\images\0028_STAF_2024-11-04_push132.78_rebreak_03_event_day_premarket_detail.png,das_scanner_appearance:STAF:2024-11-04T12:31:00+00:00,STAF,2024-11-04,132.7778,86.11111111111111,88.3333,141.66666666666666,rebreak_confirmed,17.4224,multi_candle_flag_break,2024-11-04 07:37:00 EST
29,C:\TSIS_Data\00_CTO\13_TRADING_SYSTEMS\03_STRATEGY_LIBRARY\LONG\DAS\runs\das_scanner_appearance_20260628T114046Z\chart_exports\event_day_premarket_detail_only\20260628T183512Z\images\0029_QNTM_2025-02-04_push132.08_rebreak_03_event_day_premarket_detail.png,das_scanner_appearance:QNTM:2025-02-04T12:05:00+00:00,QNTM,2025-02-04,132.0755,87.1069182389937,119.4969,132.70440251572327,rebreak_confirmed,14.4986,single_candle_rebreak,2025-02-04 07:07:00 EST
30,C:\TSIS_Data\00_CTO\13_TRADING_SYSTEMS\03_STRATEGY_LIBRARY\LONG\DAS\runs\das_scanner_appearance_20260628T114046Z\chart_exports\event_day_premarket_detail_only\20260628T183512Z\images\0030_CADL_2024-12-11_push126.65_rebreak_03_event_day_premarket_detail.png,das_scanner_appearance:CADL:2024-12-11T12:05:00+00:00,CADL,2024-12-11,126.6533,59.31863727454909,43.487,181.7635270541082,rebreak_confirmed,11.229,multi_candle_flag_break,2024-12-11 07:18:00 EST
31,C:\TSIS_Data\00_CTO\13_TRADING_SYSTEMS\03_STRATEGY_LIBRARY\LONG\DAS\runs\das_scanner_appearance_20260628T114046Z\chart_exports\event_day_premarket_detail_only\20260628T183512Z\images\0031_HIND_2026-01-27_push121.79_rebreak_03_event_day_premarket_detail.png,das_scanner_appearance:HIND:2026-01-27T13:02:00+00:00,HIND,2026-01-27,121.791,87.31940298507462,64.1791,125.96716417910446,rebreak_confirmed,36.3392,vwap_reclaim_rebreak,2026-01-27 08:10:00 EST
32,C:\TSIS_Data\00_CTO\13_TRADING_SYSTEMS\03_STRATEGY_LIBRARY\LONG\DAS\runs\das_scanner_appearance_20260628T114046Z\chart_exports\event_day_premarket_detail_only\20260628T183512Z\images\0032_TMDE_2025-06-13_push120.61_rebreak_03_event_day_premarket_detail.png,das_scanner_appearance:TMDE:2025-06-13T10:48:00+00:00,TMDE,2025-06-13,120.6073,55.72281339216195,92.0581,167.32416298987803,rebreak_confirmed,29.4118,vwap_reclaim_rebreak,2025-06-13 07:10:00 EDT
33,C:\TSIS_Data\00_CTO\13_TRADING_SYSTEMS\03_STRATEGY_LIBRARY\LONG\DAS\runs\das_scanner_appearance_20260628T114046Z\chart_exports\event_day_premarket_detail_only\20260628T183512Z\images\0033_PTIX_2025-05-19_push119.81_rebreak_03_event_day_premarket_detail.png,das_scanner_appearance:PTIX:2025-05-19T11:46:00+00:00,PTIX,2025-05-19,119.8142,116.71826625386996,86.6873,200.30959752321976,rebreak_confirmed,27.8873,single_candle_rebreak,2025-05-19 07:48:00 EDT
34,C:\TSIS_Data\00_CTO\13_TRADING_SYSTEMS\03_STRATEGY_LIBRARY\LONG\DAS\runs\das_scanner_appearance_20260628T114046Z\chart_exports\event_day_premarket_detail_only\20260628T183512Z\images\0034_RKDA_2024-12-05_push119.72_rebreak_03_event_day_premarket_detail.png,das_scanner_appearance:RKDA:2024-12-05T13:04:00+00:00,RKDA,2024-12-05,119.7183,70.77464788732394,92.2535,229.22535211267606,rebreak_confirmed,19.7115,vwap_reclaim_rebreak,2024-12-05 08:11:00 EST
35,C:\TSIS_Data\00_CTO\13_TRADING_SYSTEMS\03_STRATEGY_LIBRARY\LONG\DAS\runs\das_scanner_appearance_20260628T114046Z\chart_exports\event_day_premarket_detail_only\20260628T183512Z\images\0035_MIRA_2024-07-15_push118.72_rebreak_03_event_day_premarket_detail.png,das_scanner_appearance:MIRA:2024-07-15T11:20:00+00:00,MIRA,2024-07-15,118.7227,61.27734033245843,74.9781,118.72265966754156,rebreak_confirmed,30.792,ascending_flag_break,2024-07-15 07:25:00 EDT
36,C:\TSIS_Data\00_CTO\13_TRADING_SYSTEMS\03_STRATEGY_LIBRARY\LONG\DAS\runs\das_scanner_appearance_20260628T114046Z\chart_exports\event_day_premarket_detail_only\20260628T183512Z\images\0036_MNPR_2024-09-12_push118.15_rebreak_03_event_day_premarket_detail.png,das_scanner_appearance:MNPR:2024-09-12T12:02:00+00:00,MNPR,2024-09-12,118.1452,85.08064516129032,89.9194,129.83870967741936,rebreak_confirmed,12.3845,vwap_reclaim_rebreak,2024-09-12 08:21:00 EDT
37,C:\TSIS_Data\00_CTO\13_TRADING_SYSTEMS\03_STRATEGY_LIBRARY\LONG\DAS\runs\das_scanner_appearance_20260628T114046Z\chart_exports\event_day_premarket_detail_only\20260628T183512Z\images\0037_DM_2025-03-25_push117.26_rebreak_03_event_day_premarket_detail.png,das_scanner_appearance:DM:2025-03-25T13:05:00+00:00,DM,2025-03-25,117.2566,50.44247787610621,73.0088,117.25663716814161,rebreak_confirmed,8.3503,single_candle_rebreak,2025-03-25 09:12:00 EDT
38,C:\TSIS_Data\00_CTO\13_TRADING_SYSTEMS\03_STRATEGY_LIBRARY\LONG\DAS\runs\das_scanner_appearance_20260628T114046Z\chart_exports\event_day_premarket_detail_only\20260628T183512Z\images\0038_CYCN_2024-12-04_push116.11_rebreak_03_event_day_premarket_detail.png,das_scanner_appearance:CYCN:2024-12-04T12:25:00+00:00,CYCN,2024-12-04,116.1111,78.33333333333331,88.8889,294.4444444444444,rebreak_confirmed,20.8226,vwap_reclaim_rebreak,2024-12-04 07:38:00 EST
39,C:\TSIS_Data\00_CTO\13_TRADING_SYSTEMS\03_STRATEGY_LIBRARY\LONG\DAS\runs\das_scanner_appearance_20260628T114046Z\chart_exports\event_day_premarket_detail_only\20260628T183512Z\images\0039_HOTH_2025-01-07_push114.74_rebreak_03_event_day_premarket_detail.png,das_scanner_appearance:HOTH:2025-01-07T13:29:00+00:00,HOTH,2025-01-07,114.7389,65.93460224499758,63.4944,156.22254758418742,rebreak_confirmed,10.2273,single_candle_rebreak,2025-01-07 08:34:00 EST
40,C:\TSIS_Data\00_CTO\13_TRADING_SYSTEMS\03_STRATEGY_LIBRARY\LONG\DAS\runs\das_scanner_appearance_20260628T114046Z\chart_exports\event_day_premarket_detail_only\20260628T183512Z\images\0040_OP_2025-06-23_push111.11_rebreak_03_event_day_premarket_detail.png,das_scanner_appearance:OP:2025-06-23T08:03:00+00:00,OP,2025-06-23,111.1111,88.8888888888889,61.9883,111.11111111111111,rebreak_confirmed,29.9169,vwap_reclaim_rebreak,2025-06-23 04:13:00 EDT
41,C:\TSIS_Data\00_CTO\13_TRADING_SYSTEMS\03_STRATEGY_LIBRARY\LONG\DAS\runs\das_scanner_appearance_20260628T114046Z\chart_exports\event_day_premarket_detail_only\20260628T183512Z\images\0041_AMOD_2025-01-30_push108.92_rebreak_03_event_day_premarket_detail.png,das_scanner_appearance:AMOD:2025-01-30T13:17:00+00:00,AMOD,2025-01-30,108.9172,108.91719745222927,75.1783,119.7452229299363,rebreak_confirmed,20.4268,vwap_reclaim_rebreak,2025-01-30 08:23:00 EST
42,C:\TSIS_Data\00_CTO\13_TRADING_SYSTEMS\03_STRATEGY_LIBRARY\LONG\DAS\runs\das_scanner_appearance_20260628T114046Z\chart_exports\event_day_premarket_detail_only\20260628T183512Z\images\0042_OP_2025-07-14_push106.78_rebreak_03_event_day_premarket_detail.png,das_scanner_appearance:OP:2025-07-14T08:02:00+00:00,OP,2025-07-14,106.7797,99.43502824858756,97.1751,115.2542372881356,rebreak_confirmed,22.9508,vwap_reclaim_rebreak,2025-07-14 04:06:00 EDT
43,C:\TSIS_Data\00_CTO\13_TRADING_SYSTEMS\03_STRATEGY_LIBRARY\LONG\DAS\runs\das_scanner_appearance_20260628T114046Z\chart_exports\event_day_premarket_detail_only\20260628T183512Z\images\0043_SMFL_2024-08-21_push106.42_rebreak_03_event_day_premarket_detail.png,das_scanner_appearance:SMFL:2024-08-21T12:02:00+00:00,SMFL,2024-08-21,106.422,53.211009174311904,49.5413,156.8807339449541,rebreak_confirmed,14.6667,vwap_reclaim_rebreak,2024-08-21 08:26:00 EDT
44,C:\TSIS_Data\00_CTO\13_TRADING_SYSTEMS\03_STRATEGY_LIBRARY\LONG\DAS\runs\das_scanner_appearance_20260628T114046Z\chart_exports\event_day_premarket_detail_only\20260628T183512Z\images\0044_STSS_2025-06-04_push104.27_rebreak_03_event_day_premarket_detail.png,das_scanner_appearance:STSS:2025-06-04T11:15:00+00:00,STSS,2025-06-04,104.2667,104.26666666666667,82.0,110.66666666666667,rebreak_confirmed,21.671,vwap_reclaim_rebreak,2025-06-04 07:35:00 EDT
45,C:\TSIS_Data\00_CTO\13_TRADING_SYSTEMS\03_STRATEGY_LIBRARY\LONG\DAS\runs\das_scanner_appearance_20260628T114046Z\chart_exports\event_day_premarket_detail_only\20260628T183512Z\images\0045_MNY_2024-02-20_push104.26_rebreak_03_event_day_premarket_detail.png,das_scanner_appearance:MNY:2024-02-20T13:27:00+00:00,MNY,2024-02-20,104.2553,104.25531914893615,63.8298,106.38297872340424,rebreak_confirmed,25.8333,vwap_reclaim_rebreak,2024-02-20 08:30:00 EST
46,C:\TSIS_Data\00_CTO\13_TRADING_SYSTEMS\03_STRATEGY_LIBRARY\LONG\DAS\runs\das_scanner_appearance_20260628T114046Z\chart_exports\event_day_premarket_detail_only\20260628T183512Z\images\0046_YYGH_2025-09-11_push104.25_rebreak_03_event_day_premarket_detail.png,das_scanner_appearance:YYGH:2025-09-11T08:07:00+00:00,YYGH,2025-09-11,104.2462,62.989949748743726,60.4774,161.30653266331657,rebreak_confirmed,31.2093,vwap_reclaim_rebreak,2025-09-11 04:20:00 EDT
47,C:\TSIS_Data\00_CTO\13_TRADING_SYSTEMS\03_STRATEGY_LIBRARY\LONG\DAS\runs\das_scanner_appearance_20260628T114046Z\chart_exports\event_day_premarket_detail_only\20260628T183512Z\images\0047_GLMD_2025-04-28_push103.70_rebreak_03_event_day_premarket_detail.png,das_scanner_appearance:GLMD:2025-04-28T12:01:00+00:00,GLMD,2025-04-28,103.7037,103.70370370370368,65.4321,103.70370370370368,rebreak_confirmed,27.5758,vwap_reclaim_rebreak,2025-04-28 08:04:00 EDT
48,C:\TSIS_Data\00_CTO\13_TRADING_SYSTEMS\03_STRATEGY_LIBRARY\LONG\DAS\runs\das_scanner_appearance_20260628T114046Z\chart_exports\event_day_premarket_detail_only\20260628T183512Z\images\0048_LGCB_2025-10-16_push103.05_rebreak_03_event_day_premarket_detail.png,das_scanner_appearance:LGCB:2025-10-16T08:13:00+00:00,LGCB,2025-10-16,103.0457,86.29441624365482,69.0355,196.95431472081216,rebreak_confirmed,16.5,single_candle_rebreak,2025-10-16 04:17:00 EDT
49,C:\TSIS_Data\00_CTO\13_TRADING_SYSTEMS\03_STRATEGY_LIBRARY\LONG\DAS\runs\das_scanner_appearance_20260628T114046Z\chart_exports\event_day_premarket_detail_only\20260628T183512Z\images\0049_MYSZ_2024-12-27_push103.01_rebreak_03_event_day_premarket_detail.png,das_scanner_appearance:MYSZ:2024-12-27T13:04:00+00:00,MYSZ,2024-12-27,103.0108,74.83870967741936,73.972,131.82795698924727,rebreak_confirmed,12.0763,single_candle_rebreak,2024-12-27 08:07:00 EST
50,C:\TSIS_Data\00_CTO\13_TRADING_SYSTEMS\03_STRATEGY_LIBRARY\LONG\DAS\runs\das_scanner_appearance_20260628T114046Z\chart_exports\event_day_premarket_detail_only\20260628T183512Z\images\0050_ENSC_2025-04-23_push102.04_rebreak_03_event_day_premarket_detail.png,das_scanner_appearance:ENSC:2025-04-23T12:04:00+00:00,ENSC,2025-04-23,102.0408,75.51020408163265,71.9388,164.79591836734699,rebreak_confirmed,11.3636,ascending_flag_break,2025-04-23 08:12:00 EDT
51,C:\TSIS_Data\00_CTO\13_TRADING_SYSTEMS\03_STRATEGY_LIBRARY\LONG\DAS\runs\das_scanner_appearance_20260628T114046Z\chart_exports\event_day_premarket_detail_only\20260628T183512Z\images\0051_FRGT_2025-09-15_push101.40_rebreak_03_event_day_premarket_detail.png,das_scanner_appearance:FRGT:2025-09-15T13:02:00+00:00,FRGT,2025-09-15,101.3986,53.84615384615385,76.2168,120.62937062937063,rebreak_confirmed,13.8889,single_candle_rebreak,2025-09-15 09:05:00 EDT
52,C:\TSIS_Data\00_CTO\13_TRADING_SYSTEMS\03_STRATEGY_LIBRARY\LONG\DAS\runs\das_scanner_appearance_20260628T114046Z\chart_exports\event_day_premarket_detail_only\20260628T183512Z\images\0052_VYNE_2025-12-17_push100.55_rebreak_03_event_day_premarket_detail.png,das_scanner_appearance:VYNE:2025-12-17T13:30:00+00:00,VYNE,2025-12-17,100.5495,86.81318681318683,78.5714,119.7802197802198,rebreak_confirmed,10.9589,vwap_reclaim_rebreak,2025-12-17 08:42:00 EST
53,C:\TSIS_Data\00_CTO\13_TRADING_SYSTEMS\03_STRATEGY_LIBRARY\LONG\DAS\runs\das_scanner_appearance_20260628T114046Z\chart_exports\event_day_premarket_detail_only\20260628T183512Z\images\0053_BSLK_2025-05-30_push100.00_rebreak_03_event_day_premarket_detail.png,das_scanner_appearance:BSLK:2025-05-30T08:13:00+00:00,BSLK,2025-05-30,100.0,58.87850467289718,85.0467,124.29906542056072,rebreak_confirmed,12.3832,single_candle_rebreak,2025-05-30 04:16:00 EDT
54,C:\TSIS_Data\00_CTO\13_TRADING_SYSTEMS\03_STRATEGY_LIBRARY\LONG\DAS\runs\das_scanner_appearance_20260628T114046Z\chart_exports\event_day_premarket_detail_only\20260628T183512Z\images\0054_AIFF_2025-01-14_push100.00_rebreak_03_event_day_premarket_detail.png,das_scanner_appearance:AIFF:2025-01-14T12:47:00+00:00,AIFF,2025-01-14,100.0,67.89473684210526,84.2105,140.52631578947373,rebreak_confirmed,13.9474,vwap_reclaim_rebreak,2025-01-14 08:17:00 EST
55,C:\TSIS_Data\00_CTO\13_TRADING_SYSTEMS\03_STRATEGY_LIBRARY\LONG\DAS\runs\das_scanner_appearance_20260628T114046Z\chart_exports\event_day_premarket_detail_only\20260628T183512Z\images\0055_PRZO_2024-11-29_push98.36_rebreak_03_event_day_premarket_detail.png,das_scanner_appearance:PRZO:2024-11-29T12:07:00+00:00,PRZO,2024-11-29,98.3607,58.721311475409834,55.0656,103.27868852459017,rebreak_confirmed,10.7438,vwap_reclaim_rebreak,2024-11-29 07:17:00 EST
56,C:\TSIS_Data\00_CTO\13_TRADING_SYSTEMS\03_STRATEGY_LIBRARY\LONG\DAS\runs\das_scanner_appearance_20260628T114046Z\chart_exports\event_day_premarket_detail_only\20260628T183512Z\images\0056_ATXG_2025-07-02_push97.37_rebreak_03_event_day_premarket_detail.png,das_scanner_appearance:ATXG:2025-07-02T13:20:00+00:00,ATXG,2025-07-02,97.3684,97.36842105263158,87.1199,144.1520467836257,rebreak_confirmed,24.4444,single_candle_rebreak,2025-07-02 09:22:00 EDT
57,C:\TSIS_Data\00_CTO\13_TRADING_SYSTEMS\03_STRATEGY_LIBRARY\LONG\DAS\runs\das_scanner_appearance_20260628T114046Z\chart_exports\event_day_premarket_detail_only\20260628T183512Z\images\0057_JTAI_2025-02-14_push95.09_rebreak_03_event_day_premarket_detail.png,das_scanner_appearance:JTAI:2025-02-14T14:01:00+00:00,JTAI,2025-02-14,95.0943,73.20754716981132,79.2453,153.9622641509434,rebreak_confirmed,8.5106,single_candle_rebreak,2025-02-14 09:05:00 EST
58,C:\TSIS_Data\00_CTO\13_TRADING_SYSTEMS\03_STRATEGY_LIBRARY\LONG\DAS\runs\das_scanner_appearance_20260628T114046Z\chart_exports\event_day_premarket_detail_only\20260628T183512Z\images\0058_MOGO_2025-07-02_push94.02_rebreak_03_event_day_premarket_detail.png,das_scanner_appearance:MOGO:2025-07-02T12:05:00+00:00,MOGO,2025-07-02,94.0171,57.26495726495728,40.1709,241.88034188034192,rebreak_confirmed,23.348,vwap_reclaim_rebreak,2025-07-02 08:11:00 EDT
59,C:\TSIS_Data\00_CTO\13_TRADING_SYSTEMS\03_STRATEGY_LIBRARY\LONG\DAS\runs\das_scanner_appearance_20260628T114046Z\chart_exports\event_day_premarket_detail_only\20260628T183512Z\images\0059_GXAI_2024-03-13_push93.17_rebreak_03_event_day_premarket_detail.png,das_scanner_appearance:GXAI:2024-03-13T12:34:00+00:00,GXAI,2024-03-13,93.1689,57.3055028462998,84.63,118.21631878557876,rebreak_confirmed,7.7603,single_candle_rebreak,2024-03-13 08:37:00 EDT
60,C:\TSIS_Data\00_CTO\13_TRADING_SYSTEMS\03_STRATEGY_LIBRARY\LONG\DAS\runs\das_scanner_appearance_20260628T114046Z\chart_exports\event_day_premarket_detail_only\20260628T183512Z\images\0060_ONMD_2025-06-24_push91.18_rebreak_03_event_day_premarket_detail.png,das_scanner_appearance:ONMD:2025-06-24T12:22:00+00:00,ONMD,2025-06-24,91.1765,49.99999999999999,71.1471,117.58823529411764,rebreak_confirmed,18.0308,vwap_reclaim_rebreak,2025-06-24 08:30:00 EDT
61,C:\TSIS_Data\00_CTO\13_TRADING_SYSTEMS\03_STRATEGY_LIBRARY\LONG\DAS\runs\das_scanner_appearance_20260628T114046Z\chart_exports\event_day_premarket_detail_only\20260628T183512Z\images\0061_VVOS_2025-07-01_push90.85_rebreak_03_event_day_premarket_detail.png,das_scanner_appearance:VVOS:2025-07-01T12:31:00+00:00,VVOS,2025-07-01,90.8517,57.728706624605685,72.5552,109.77917981072555,rebreak_confirmed,17.1901,vwap_reclaim_rebreak,2025-07-01 08:40:00 EDT
62,C:\TSIS_Data\00_CTO\13_TRADING_SYSTEMS\03_STRATEGY_LIBRARY\LONG\DAS\runs\das_scanner_appearance_20260628T114046Z\chart_exports\event_day_premarket_detail_only\20260628T183512Z\images\0062_RXT_2026-02-18_push90.45_rebreak_03_event_day_premarket_detail.png,das_scanner_appearance:RXT:2026-02-18T13:15:00+00:00,RXT,2026-02-18,90.4524,90.45238095238098,51.2143,171.42857142857142,rebreak_confirmed,23.4904,last_red_high_break,2026-02-18 08:18:00 EST
63,C:\TSIS_Data\00_CTO\13_TRADING_SYSTEMS\03_STRATEGY_LIBRARY\LONG\DAS\runs\das_scanner_appearance_20260628T114046Z\chart_exports\event_day_premarket_detail_only\20260628T183512Z\images\0063_CGTX_2024-12-18_push89.80_rebreak_03_event_day_premarket_detail.png,das_scanner_appearance:CGTX:2024-12-18T12:24:00+00:00,CGTX,2024-12-18,89.8,58.86666666666665,39.0667,197.7777777777778,rebreak_confirmed,21.3207,single_candle_rebreak,2024-12-18 07:29:00 EST
64,C:\TSIS_Data\00_CTO\13_TRADING_SYSTEMS\03_STRATEGY_LIBRARY\LONG\DAS\runs\das_scanner_appearance_20260628T114046Z\chart_exports\event_day_premarket_detail_only\20260628T183512Z\images\0064_AMIX_2024-12-30_push88.30_rebreak_03_event_day_premarket_detail.png,das_scanner_appearance:AMIX:2024-12-30T13:32:00+00:00,AMIX,2024-12-30,88.3041,66.66666666666667,68.7105,101.75438596491229,rebreak_confirmed,7.764,single_candle_rebreak,2024-12-30 08:38:00 EST
65,C:\TSIS_Data\00_CTO\13_TRADING_SYSTEMS\03_STRATEGY_LIBRARY\LONG\DAS\runs\das_scanner_appearance_20260628T114046Z\chart_exports\event_day_premarket_detail_only\20260628T183512Z\images\0065_LOBO_2025-05-15_push88.00_rebreak_03_event_day_premarket_detail.png,das_scanner_appearance:LOBO:2025-05-15T13:00:00+00:00,LOBO,2025-05-15,88.0046,55.709342560553644,51.0957,101.84544405997693,rebreak_confirmed,9.816,multi_candle_flag_break,2025-05-15 09:06:00 EDT
66,C:\TSIS_Data\00_CTO\13_TRADING_SYSTEMS\03_STRATEGY_LIBRARY\LONG\DAS\runs\das_scanner_appearance_20260628T114046Z\chart_exports\event_day_premarket_detail_only\20260628T183512Z\images\0066_JDZG_2025-10-14_push87.70_rebreak_03_event_day_premarket_detail.png,das_scanner_appearance:JDZG:2025-10-14T11:06:00+00:00,JDZG,2025-10-14,87.7005,60.96256684491976,69.5187,100.53475935828875,rebreak_confirmed,14.5299,vwap_reclaim_rebreak,2025-10-14 07:15:00 EDT
67,C:\TSIS_Data\00_CTO\13_TRADING_SYSTEMS\03_STRATEGY_LIBRARY\LONG\DAS\runs\das_scanner_appearance_20260628T114046Z\chart_exports\event_day_premarket_detail_only\20260628T183512Z\images\0067_BKYI_2025-01-15_push87.12_rebreak_03_event_day_premarket_detail.png,das_scanner_appearance:BKYI:2025-01-15T13:07:00+00:00,BKYI,2025-01-15,87.1212,74.24242424242422,61.3636,96.96969696969697,rebreak_confirmed,12.9555,vwap_reclaim_rebreak,2025-01-15 08:13:00 EST
68,C:\TSIS_Data\00_CTO\13_TRADING_SYSTEMS\03_STRATEGY_LIBRARY\LONG\DAS\runs\das_scanner_appearance_20260628T114046Z\chart_exports\event_day_premarket_detail_only\20260628T183512Z\images\0068_MYSZ_2024-12-20_push86.57_rebreak_03_event_day_premarket_detail.png,das_scanner_appearance:MYSZ:2024-12-20T10:58:00+00:00,MYSZ,2024-12-20,86.5672,64.17910447761194,48.5075,423.1343283582089,rebreak_confirmed,32.4,last_red_high_break,2024-12-20 06:02:00 EST
69,C:\TSIS_Data\00_CTO\13_TRADING_SYSTEMS\03_STRATEGY_LIBRARY\LONG\DAS\runs\das_scanner_appearance_20260628T114046Z\chart_exports\event_day_premarket_detail_only\20260628T183512Z\images\0069_EVTV_2026-01-26_push86.47_rebreak_03_event_day_premarket_detail.png,das_scanner_appearance:EVTV:2026-01-26T13:16:00+00:00,EVTV,2026-01-26,86.4706,60.00000000000002,24.1176,102.94117647058825,rebreak_confirmed,11.3565,vwap_reclaim_rebreak,2026-01-26 08:39:00 EST
70,C:\TSIS_Data\00_CTO\13_TRADING_SYSTEMS\03_STRATEGY_LIBRARY\LONG\DAS\runs\das_scanner_appearance_20260628T114046Z\chart_exports\event_day_premarket_detail_only\20260628T183512Z\images\0070_TIRX_2026-01-28_push86.38_rebreak_03_event_day_premarket_detail.png,das_scanner_appearance:TIRX:2026-01-28T12:16:00+00:00,TIRX,2026-01-28,86.3814,68.72551973485993,74.1488,186.1705332931606,rebreak_confirmed,20.7889,vwap_reclaim_rebreak,2026-01-28 07:37:00 EST
71,C:\TSIS_Data\00_CTO\13_TRADING_SYSTEMS\03_STRATEGY_LIBRARY\LONG\DAS\runs\das_scanner_appearance_20260628T114046Z\chart_exports\event_day_premarket_detail_only\20260628T183512Z\images\0071_RVYL_2026-01-23_push86.34_rebreak_03_event_day_premarket_detail.png,das_scanner_appearance:RVYL:2026-01-23T09:04:00+00:00,RVYL,2026-01-23,86.3429,53.414264036418814,83.0046,94.23368740515934,rebreak_confirmed,13.2736,single_candle_rebreak,2026-01-23 04:07:00 EST
72,C:\TSIS_Data\00_CTO\13_TRADING_SYSTEMS\03_STRATEGY_LIBRARY\LONG\DAS\runs\das_scanner_appearance_20260628T114046Z\chart_exports\event_day_premarket_detail_only\20260628T183512Z\images\0072_BON_2025-05-16_push86.04_rebreak_03_event_day_premarket_detail.png,das_scanner_appearance:BON:2025-05-16T13:02:00+00:00,BON,2025-05-16,86.0417,67.70833333333336,63.3333,99.58333333333334,rebreak_confirmed,16.0134,single_candle_rebreak,2025-05-16 09:07:00 EDT
73,C:\TSIS_Data\00_CTO\13_TRADING_SYSTEMS\03_STRATEGY_LIBRARY\LONG\DAS\runs\das_scanner_appearance_20260628T114046Z\chart_exports\event_day_premarket_detail_only\20260628T183512Z\images\0073_QTTB_2025-12-01_push85.85_rebreak_03_event_day_premarket_detail.png,das_scanner_appearance:QTTB:2025-12-01T12:15:00+00:00,QTTB,2025-12-01,85.8491,74.0566037735849,75.9434,137.26415094339623,rebreak_confirmed,8.6294,flat_shelf_break,2025-12-01 07:21:00 EST
74,C:\TSIS_Data\00_CTO\13_TRADING_SYSTEMS\03_STRATEGY_LIBRARY\LONG\DAS\runs\das_scanner_appearance_20260628T114046Z\chart_exports\event_day_premarket_detail_only\20260628T183512Z\images\0074_PMAX_2025-10-13_push85.81_rebreak_03_event_day_premarket_detail.png,das_scanner_appearance:PMAX:2025-10-13T08:07:00+00:00,PMAX,2025-10-13,85.8086,51.155115511551166,34.6535,240.92409240924098,rebreak_confirmed,27.8863,last_red_high_break,2025-10-13 04:10:00 EDT
75,C:\TSIS_Data\00_CTO\13_TRADING_SYSTEMS\03_STRATEGY_LIBRARY\LONG\DAS\runs\das_scanner_appearance_20260628T114046Z\chart_exports\event_day_premarket_detail_only\20260628T183512Z\images\0075_CING_2024-08-15_push85.43_rebreak_03_event_day_premarket_detail.png,das_scanner_appearance:CING:2024-08-15T11:51:00+00:00,CING,2024-08-15,85.4271,53.26633165829144,58.2915,179.39698492462307,rebreak_confirmed,17.8862,vwap_reclaim_rebreak,2024-08-15 07:54:00 EDT
76,C:\TSIS_Data\00_CTO\13_TRADING_SYSTEMS\03_STRATEGY_LIBRARY\LONG\DAS\runs\das_scanner_appearance_20260628T114046Z\chart_exports\event_day_premarket_detail_only\20260628T183512Z\images\0076_PRSO_2024-02-20_push84.77_rebreak_03_event_day_premarket_detail.png,das_scanner_appearance:PRSO:2024-02-20T13:14:00+00:00,PRSO,2024-02-20,84.7682,60.264900662251655,66.5563,108.6092715231788,rebreak_confirmed,22.5806,vwap_reclaim_rebreak,2024-02-20 08:20:00 EST
77,C:\TSIS_Data\00_CTO\13_TRADING_SYSTEMS\03_STRATEGY_LIBRARY\LONG\DAS\runs\das_scanner_appearance_20260628T114046Z\chart_exports\event_day_premarket_detail_only\20260628T183512Z\images\0077_XHLD_2026-01-29_push84.62_rebreak_03_event_day_premarket_detail.png,das_scanner_appearance:XHLD:2026-01-29T13:30:00+00:00,XHLD,2026-01-29,84.6154,74.23076923076923,68.4615,86.15384615384615,rebreak_confirmed,17.7083,multi_candle_flag_break,2026-01-29 08:35:00 EST
78,C:\TSIS_Data\00_CTO\13_TRADING_SYSTEMS\03_STRATEGY_LIBRARY\LONG\DAS\runs\das_scanner_appearance_20260628T114046Z\chart_exports\event_day_premarket_detail_only\20260628T183512Z\images\0078_LDTC_2024-12-09_push84.37_rebreak_03_event_day_premarket_detail.png,das_scanner_appearance:LDTC:2024-12-09T12:31:00+00:00,LDTC,2024-12-09,84.3701,68.86527039699905,65.7706,506.43951234760857,rebreak_confirmed,10.2577,vwap_reclaim_rebreak,2024-12-09 07:44:00 EST
79,C:\TSIS_Data\00_CTO\13_TRADING_SYSTEMS\03_STRATEGY_LIBRARY\LONG\DAS\runs\das_scanner_appearance_20260628T114046Z\chart_exports\event_day_premarket_detail_only\20260628T183512Z\images\0079_SHPH_2026-01-20_push84.21_rebreak_03_event_day_premarket_detail.png,das_scanner_appearance:SHPH:2026-01-20T12:58:00+00:00,SHPH,2026-01-20,84.2105,84.21052631578948,65.7895,163.15789473684214,rebreak_confirmed,21.0,vwap_reclaim_rebreak,2026-01-20 08:05:00 EST
80,C:\TSIS_Data\00_CTO\13_TRADING_SYSTEMS\03_STRATEGY_LIBRARY\LONG\DAS\runs\das_scanner_appearance_20260628T114046Z\chart_exports\event_day_premarket_detail_only\20260628T183512Z\images\0080_GLTO_2025-10-07_push83.86_rebreak_03_event_day_premarket_detail.png,das_scanner_appearance:GLTO:2025-10-07T09:03:00+00:00,GLTO,2025-10-07,83.8624,58.73015873015874,47.619,858.9947089947091,rebreak_confirmed,21.7266,vwap_reclaim_rebreak,2025-10-07 05:11:00 EDT
81,C:\TSIS_Data\00_CTO\13_TRADING_SYSTEMS\03_STRATEGY_LIBRARY\LONG\DAS\runs\das_scanner_appearance_20260628T114046Z\chart_exports\event_day_premarket_detail_only\20260628T183512Z\images\0081_INM_2025-06-24_push83.78_rebreak_03_event_day_premarket_detail.png,das_scanner_appearance:INM:2025-06-24T11:02:00+00:00,INM,2025-06-24,83.7838,67.1814671814672,55.9846,108.49420849420852,rebreak_confirmed,22.6891,vwap_reclaim_rebreak,2025-06-24 07:07:00 EDT
82,C:\TSIS_Data\00_CTO\13_TRADING_SYSTEMS\03_STRATEGY_LIBRARY\LONG\DAS\runs\das_scanner_appearance_20260628T114046Z\chart_exports\event_day_premarket_detail_only\20260628T183512Z\images\0082_OSRH_2026-01-12_push82.44_rebreak_03_event_day_premarket_detail.png,das_scanner_appearance:OSRH:2026-01-12T13:05:00+00:00,OSRH,2026-01-12,82.4382,82.4381926683717,58.2097,82.4381926683717,rebreak_confirmed,17.9439,single_candle_rebreak,2026-01-12 08:07:00 EST
83,C:\TSIS_Data\00_CTO\13_TRADING_SYSTEMS\03_STRATEGY_LIBRARY\LONG\DAS\runs\das_scanner_appearance_20260628T114046Z\chart_exports\event_day_premarket_detail_only\20260628T183512Z\images\0083_UPXI_2025-04-21_push82.40_rebreak_03_event_day_premarket_detail.png,das_scanner_appearance:UPXI:2025-04-21T12:03:00+00:00,UPXI,2025-04-21,82.4034,82.40343347639485,56.2232,415.0214592274678,rebreak_confirmed,22.8235,vwap_reclaim_rebreak,2025-04-21 08:10:00 EDT
84,C:\TSIS_Data\00_CTO\13_TRADING_SYSTEMS\03_STRATEGY_LIBRARY\LONG\DAS\runs\das_scanner_appearance_20260628T114046Z\chart_exports\event_day_premarket_detail_only\20260628T183512Z\images\0084_IMTE_2025-11-10_push81.74_rebreak_03_event_day_premarket_detail.png,das_scanner_appearance:IMTE:2025-11-10T09:06:00+00:00,IMTE,2025-11-10,81.7371,81.737094436392,81.7371,166.4734084067343,rebreak_confirmed,17.1779,vwap_reclaim_rebreak,2025-11-10 04:14:00 EST
85,C:\TSIS_Data\00_CTO\13_TRADING_SYSTEMS\03_STRATEGY_LIBRARY\LONG\DAS\runs\das_scanner_appearance_20260628T114046Z\chart_exports\event_day_premarket_detail_only\20260628T183512Z\images\0085_PSTV_2025-03-06_push80.51_rebreak_03_event_day_premarket_detail.png,das_scanner_appearance:PSTV:2025-03-06T12:32:00+00:00,PSTV,2025-03-06,80.5054,61.47029865441416,73.9416,120.18378733180177,rebreak_confirmed,10.5091,vwap_reclaim_rebreak,2025-03-06 07:39:00 EST
86,C:\TSIS_Data\00_CTO\13_TRADING_SYSTEMS\03_STRATEGY_LIBRARY\LONG\DAS\runs\das_scanner_appearance_20260628T114046Z\chart_exports\event_day_premarket_detail_only\20260628T183512Z\images\0086_HTOO_2025-07-25_push80.33_rebreak_03_event_day_premarket_detail.png,das_scanner_appearance:HTOO:2025-07-25T12:02:00+00:00,HTOO,2025-07-25,80.3347,75.73221757322176,52.9268,109.20502092050208,rebreak_confirmed,27.1462,vwap_reclaim_rebreak,2025-07-25 08:11:00 EDT
87,C:\TSIS_Data\00_CTO\13_TRADING_SYSTEMS\03_STRATEGY_LIBRARY\LONG\DAS\runs\das_scanner_appearance_20260628T114046Z\chart_exports\event_day_premarket_detail_only\20260628T183512Z\images\0087_GPUS_2025-09-15_push79.48_rebreak_03_event_day_premarket_detail.png,das_scanner_appearance:GPUS:2025-09-15T10:01:00+00:00,GPUS,2025-09-15,79.4837,79.48373218607152,37.1336,394.756655014789,rebreak_confirmed,23.7154,single_candle_rebreak,2025-09-15 06:04:00 EDT
88,C:\TSIS_Data\00_CTO\13_TRADING_SYSTEMS\03_STRATEGY_LIBRARY\LONG\DAS\runs\das_scanner_appearance_20260628T114046Z\chart_exports\event_day_premarket_detail_only\20260628T183512Z\images\0088_YHC_2025-05-12_push78.87_rebreak_03_event_day_premarket_detail.png,das_scanner_appearance:YHC:2025-05-12T08:57:00+00:00,YHC,2025-05-12,78.8679,58.49056603773586,24.1509,228.3018867924528,rebreak_confirmed,17.9325,last_red_high_break,2025-05-12 05:03:00 EDT
89,C:\TSIS_Data\00_CTO\13_TRADING_SYSTEMS\03_STRATEGY_LIBRARY\LONG\DAS\runs\das_scanner_appearance_20260628T114046Z\chart_exports\event_day_premarket_detail_only\20260628T183512Z\images\0089_IBO_2025-04-01_push78.10_rebreak_03_event_day_premarket_detail.png,das_scanner_appearance:IBO:2025-04-01T12:06:00+00:00,IBO,2025-04-01,78.1031,59.52797202797202,51.8794,98.86363636363636,rebreak_confirmed,20.2454,last_red_high_break,2025-04-01 08:09:00 EDT
90,C:\TSIS_Data\00_CTO\13_TRADING_SYSTEMS\03_STRATEGY_LIBRARY\LONG\DAS\runs\das_scanner_appearance_20260628T114046Z\chart_exports\event_day_premarket_detail_only\20260628T183512Z\images\0090_MSPR_2025-09-17_push77.31_rebreak_03_event_day_premarket_detail.png,das_scanner_appearance:MSPR:2025-09-17T10:28:00+00:00,MSPR,2025-09-17,77.305,65.95744680851064,25.5319,82.26950354609929,rebreak_confirmed,17.6,single_candle_rebreak,2025-09-17 06:33:00 EDT
91,C:\TSIS_Data\00_CTO\13_TRADING_SYSTEMS\03_STRATEGY_LIBRARY\LONG\DAS\runs\das_scanner_appearance_20260628T114046Z\chart_exports\event_day_premarket_detail_only\20260628T183512Z\images\0091_INTZ_2024-12-30_push74.89_rebreak_03_event_day_premarket_detail.png,das_scanner_appearance:INTZ:2024-12-30T09:02:00+00:00,INTZ,2024-12-30,74.8899,74.8898678414097,14.0969,137.88546255506608,rebreak_confirmed,14.6096,single_candle_rebreak,2024-12-30 04:05:00 EST
92,C:\TSIS_Data\00_CTO\13_TRADING_SYSTEMS\03_STRATEGY_LIBRARY\LONG\DAS\runs\das_scanner_appearance_20260628T114046Z\chart_exports\event_day_premarket_detail_only\20260628T183512Z\images\0092_WAFU_2024-12-26_push74.86_rebreak_03_event_day_premarket_detail.png,das_scanner_appearance:WAFU:2024-12-26T09:08:00+00:00,WAFU,2024-12-26,74.8603,62.01117318435754,63.6872,120.67039106145252,rebreak_confirmed,13.738,single_candle_rebreak,2024-12-26 04:10:00 EST
93,C:\TSIS_Data\00_CTO\13_TRADING_SYSTEMS\03_STRATEGY_LIBRARY\LONG\DAS\runs\das_scanner_appearance_20260628T114046Z\chart_exports\event_day_premarket_detail_only\20260628T183512Z\images\0093_WAI_2025-09-26_push73.35_rebreak_03_event_day_premarket_detail.png,das_scanner_appearance:WAI:2025-09-26T08:11:00+00:00,WAI,2025-09-26,73.3509,55.93667546174142,53.0343,137.20316622691294,rebreak_confirmed,11.7199,single_candle_rebreak,2025-09-26 04:13:00 EDT
94,C:\TSIS_Data\00_CTO\13_TRADING_SYSTEMS\03_STRATEGY_LIBRARY\LONG\DAS\runs\das_scanner_appearance_20260628T114046Z\chart_exports\event_day_premarket_detail_only\20260628T183512Z\images\0094_OLB_2026-02-17_push72.82_rebreak_03_event_day_premarket_detail.png,das_scanner_appearance:OLB:2026-02-17T12:29:00+00:00,OLB,2026-02-17,72.8235,72.82350399654355,10.1534,144.11319939511773,rebreak_confirmed,17.775,single_candle_rebreak,2026-02-17 08:32:00 EST
95,C:\TSIS_Data\00_CTO\13_TRADING_SYSTEMS\03_STRATEGY_LIBRARY\LONG\DAS\runs\das_scanner_appearance_20260628T114046Z\chart_exports\event_day_premarket_detail_only\20260628T183512Z\images\0095_HOLO_2025-07-11_push72.68_rebreak_03_event_day_premarket_detail.png,das_scanner_appearance:HOLO:2025-07-11T12:15:00+00:00,HOLO,2025-07-11,72.6829,72.68292682926827,45.3659,75.60975609756098,rebreak_confirmed,31.0734,vwap_reclaim_rebreak,2025-07-11 09:00:00 EDT
96,C:\TSIS_Data\00_CTO\13_TRADING_SYSTEMS\03_STRATEGY_LIBRARY\LONG\DAS\runs\das_scanner_appearance_20260628T114046Z\chart_exports\event_day_premarket_detail_only\20260628T183512Z\images\0096_BGLC_2025-07-30_push72.56_rebreak_03_event_day_premarket_detail.png,das_scanner_appearance:BGLC:2025-07-30T12:02:00+00:00,BGLC,2025-07-30,72.5581,64.41860465116281,48.6047,120.00000000000004,rebreak_confirmed,17.7898,flat_shelf_break,2025-07-30 08:08:00 EDT
97,C:\TSIS_Data\00_CTO\13_TRADING_SYSTEMS\03_STRATEGY_LIBRARY\LONG\DAS\runs\das_scanner_appearance_20260628T114046Z\chart_exports\event_day_premarket_detail_only\20260628T183512Z\images\0097_QURE_2024-12-10_push71.60_rebreak_03_event_day_premarket_detail.png,das_scanner_appearance:QURE:2024-12-10T12:12:00+00:00,QURE,2024-12-10,71.6,50.66666666666667,61.4667,111.73333333333335,rebreak_confirmed,6.7599,single_candle_rebreak,2024-12-10 07:15:00 EST
98,C:\TSIS_Data\00_CTO\13_TRADING_SYSTEMS\03_STRATEGY_LIBRARY\LONG\DAS\runs\das_scanner_appearance_20260628T114046Z\chart_exports\event_day_premarket_detail_only\20260628T183512Z\images\0098_GXAI_2026-03-05_push71.31_rebreak_03_event_day_premarket_detail.png,das_scanner_appearance:GXAI:2026-03-05T13:12:00+00:00,GXAI,2026-03-05,71.3115,71.31147540983605,45.9016,105.73770491803278,rebreak_confirmed,9.0909,vwap_reclaim_rebreak,2026-03-05 08:30:00 EST
99,C:\TSIS_Data\00_CTO\13_TRADING_SYSTEMS\03_STRATEGY_LIBRARY\LONG\DAS\runs\das_scanner_appearance_20260628T114046Z\chart_exports\event_day_premarket_detail_only\20260628T183512Z\images\0099_CAPS_2025-08-25_push71.19_rebreak_03_event_day_premarket_detail.png,das_scanner_appearance:CAPS:2025-08-25T11:31:00+00:00,CAPS,2025-08-25,71.1864,52.542372881355945,43.2203,81.35593220338984,rebreak_confirmed,9.4059,vwap_reclaim_rebreak,2025-08-25 07:45:00 EDT
100,C:\TSIS_Data\00_CTO\13_TRADING_SYSTEMS\03_STRATEGY_LIBRARY\LONG\DAS\runs\das_scanner_appearance_20260628T114046Z\chart_exports\event_day_premarket_detail_only\20260628T183512Z\images\0100_ZVSA_2025-07-08_push70.95_rebreak_03_event_day_premarket_detail.png,das_scanner_appearance:ZVSA:2025-07-08T11:53:00+00:00,ZVSA,2025-07-08,70.9531,58.85022692889561,39.1074,86.08169440242057,rebreak_confirmed,19.8938,vwap_reclaim_rebreak,2025-07-08 08:02:00 EDT
101,C:\TSIS_Data\00_CTO\13_TRADING_SYSTEMS\03_STRATEGY_LIBRARY\LONG\DAS\runs\das_scanner_appearance_20260628T114046Z\chart_exports\event_day_premarket_detail_only\20260628T183512Z\images\0101_WBUY_2025-06-30_push70.25_rebreak_03_event_day_premarket_detail.png,das_scanner_appearance:WBUY:2025-06-30T11:04:00+00:00,WBUY,2025-06-30,70.2509,50.358422939068106,35.3047,117.92114695340501,rebreak_confirmed,26.2105,vwap_reclaim_rebreak,2025-06-30 07:09:00 EDT
102,C:\TSIS_Data\00_CTO\13_TRADING_SYSTEMS\03_STRATEGY_LIBRARY\LONG\DAS\runs\das_scanner_appearance_20260628T114046Z\chart_exports\event_day_premarket_detail_only\20260628T183512Z\images\0102_CYCC_2025-01-03_push70.04_rebreak_03_event_day_premarket_detail.png,das_scanner_appearance:CYCC:2025-01-03T14:01:00+00:00,CYCC,2025-01-03,70.0425,50.01250312578145,37.5344,100.0500125031258,rebreak_confirmed,14.7059,vwap_reclaim_rebreak,2025-01-03 09:16:00 EST
103,C:\TSIS_Data\00_CTO\13_TRADING_SYSTEMS\03_STRATEGY_LIBRARY\LONG\DAS\runs\das_scanner_appearance_20260628T114046Z\chart_exports\event_day_premarket_detail_only\20260628T183512Z\images\0103_SPHL_2026-01-15_push69.83_rebreak_03_event_day_premarket_detail.png,das_scanner_appearance:SPHL:2026-01-15T12:02:00+00:00,SPHL,2026-01-15,69.8347,61.98347107438017,62.3967,412.80991735537197,rebreak_confirmed,22.3844,ascending_flag_break,2026-01-15 07:06:00 EST
104,C:\TSIS_Data\00_CTO\13_TRADING_SYSTEMS\03_STRATEGY_LIBRARY\LONG\DAS\runs\das_scanner_appearance_20260628T114046Z\chart_exports\event_day_premarket_detail_only\20260628T183512Z\images\0104_PALI_2024-12-12_push69.70_rebreak_03_event_day_premarket_detail.png,das_scanner_appearance:PALI:2024-12-12T09:09:00+00:00,PALI,2024-12-12,69.697,53.333333333333336,50.303,118.18181818181819,rebreak_confirmed,8.9286,single_candle_rebreak,2024-12-12 04:14:00 EST
105,C:\TSIS_Data\00_CTO\13_TRADING_SYSTEMS\03_STRATEGY_LIBRARY\LONG\DAS\runs\das_scanner_appearance_20260628T114046Z\chart_exports\event_day_premarket_detail_only\20260628T183512Z\images\0105_LPTX_2025-06-23_push69.58_rebreak_03_event_day_premarket_detail.png,das_scanner_appearance:LPTX:2025-06-23T11:05:00+00:00,LPTX,2025-06-23,69.5812,69.58124835396367,64.2349,95.60179088754282,rebreak_confirmed,16.0118,last_red_high_break,2025-06-23 07:08:00 EDT
106,C:\TSIS_Data\00_CTO\13_TRADING_SYSTEMS\03_STRATEGY_LIBRARY\LONG\DAS\runs\das_scanner_appearance_20260628T114046Z\chart_exports\event_day_premarket_detail_only\20260628T183512Z\images\0106_GPUS_2025-06-20_push69.54_rebreak_03_event_day_premarket_detail.png,das_scanner_appearance:GPUS:2025-06-20T10:39:00+00:00,GPUS,2025-06-20,69.5402,69.54022988505749,34.4828,81.60919540229887,rebreak_confirmed,32.8814,ascending_flag_break,2025-06-20 06:44:00 EDT
107,C:\TSIS_Data\00_CTO\13_TRADING_SYSTEMS\03_STRATEGY_LIBRARY\LONG\DAS\runs\das_scanner_appearance_20260628T114046Z\chart_exports\event_day_premarket_detail_only\20260628T183512Z\images\0107_PRSO_2026-03-06_push68.80_rebreak_03_event_day_premarket_detail.png,das_scanner_appearance:PRSO:2026-03-06T13:01:00+00:00,PRSO,2026-03-06,68.8009,50.174621653085,30.5355,120.023282887078,rebreak_confirmed,6.2069,single_candle_rebreak,2026-03-06 08:09:00 EST
108,C:\TSIS_Data\00_CTO\13_TRADING_SYSTEMS\03_STRATEGY_LIBRARY\LONG\DAS\runs\das_scanner_appearance_20260628T114046Z\chart_exports\event_day_premarket_detail_only\20260628T183512Z\images\0108_SOAR_2025-06-12_push68.72_rebreak_03_event_day_premarket_detail.png,das_scanner_appearance:SOAR:2025-06-12T12:01:00+00:00,SOAR,2025-06-12,68.7204,56.87203791469195,36.9668,100.94786729857823,rebreak_confirmed,22.7528,single_candle_rebreak,2025-06-12 08:03:00 EDT
109,C:\TSIS_Data\00_CTO\13_TRADING_SYSTEMS\03_STRATEGY_LIBRARY\LONG\DAS\runs\das_scanner_appearance_20260628T114046Z\chart_exports\event_day_premarket_detail_only\20260628T183512Z\images\0109_THAR_2025-11-03_push68.58_rebreak_03_event_day_premarket_detail.png,das_scanner_appearance:THAR:2025-11-03T14:06:00+00:00,THAR,2025-11-03,68.5811,63.85135135135134,44.2568,152.36486486486487,rebreak_confirmed,25.0481,vwap_reclaim_rebreak,2025-11-03 09:15:00 EST
110,C:\TSIS_Data\00_CTO\13_TRADING_SYSTEMS\03_STRATEGY_LIBRARY\LONG\DAS\runs\das_scanner_appearance_20260628T114046Z\chart_exports\event_day_premarket_detail_only\20260628T183512Z\images\0110_CYN_2025-06-26_push68.21_rebreak_03_event_day_premarket_detail.png,das_scanner_appearance:CYN:2025-06-26T11:06:00+00:00,CYN,2025-06-26,68.207,68.20702402957485,59.8891,210.35120147874306,rebreak_confirmed,9.1209,vwap_reclaim_rebreak,2025-06-26 07:15:00 EDT
111,C:\TSIS_Data\00_CTO\13_TRADING_SYSTEMS\03_STRATEGY_LIBRARY\LONG\DAS\runs\das_scanner_appearance_20260628T114046Z\chart_exports\event_day_premarket_detail_only\20260628T183512Z\images\0111_AIM_2026-02-05_push67.57_rebreak_03_event_day_premarket_detail.png,das_scanner_appearance:AIM:2026-02-05T13:44:00+00:00,AIM,2026-02-05,67.5676,50.45045045045043,16.2162,71.17117117117114,rebreak_confirmed,12.3656,single_candle_rebreak,2026-02-05 08:57:00 EST
112,C:\TSIS_Data\00_CTO\13_TRADING_SYSTEMS\03_STRATEGY_LIBRARY\LONG\DAS\runs\das_scanner_appearance_20260628T114046Z\chart_exports\event_day_premarket_detail_only\20260628T183512Z\images\0112_ONMD_2024-05-23_push67.33_rebreak_03_event_day_premarket_detail.png,das_scanner_appearance:ONMD:2024-05-23T11:08:00+00:00,ONMD,2024-05-23,67.3347,56.312625250501,49.9399,230.66132264529054,rebreak_confirmed,16.1677,vwap_reclaim_rebreak,2024-05-23 07:42:00 EDT
113,C:\TSIS_Data\00_CTO\13_TRADING_SYSTEMS\03_STRATEGY_LIBRARY\LONG\DAS\runs\das_scanner_appearance_20260628T114046Z\chart_exports\event_day_premarket_detail_only\20260628T183512Z\images\0113_VRAX_2024-06-06_push67.27_rebreak_03_event_day_premarket_detail.png,das_scanner_appearance:VRAX:2024-06-06T08:08:00+00:00,VRAX,2024-06-06,67.2727,67.27272727272727,27.8788,120.0,rebreak_confirmed,18.4783,single_candle_rebreak,2024-06-06 04:11:00 EDT
114,C:\TSIS_Data\00_CTO\13_TRADING_SYSTEMS\03_STRATEGY_LIBRARY\LONG\DAS\runs\das_scanner_appearance_20260628T114046Z\chart_exports\event_day_premarket_detail_only\20260628T183512Z\images\0114_FLYX_2026-01-08_push65.98_rebreak_03_event_day_premarket_detail.png,das_scanner_appearance:FLYX:2026-01-08T13:15:00+00:00,FLYX,2026-01-08,65.9763,51.18343195266274,36.3905,107.98816568047339,rebreak_confirmed,6.7736,single_candle_rebreak,2026-01-08 08:20:00 EST
115,C:\TSIS_Data\00_CTO\13_TRADING_SYSTEMS\03_STRATEGY_LIBRARY\LONG\DAS\runs\das_scanner_appearance_20260628T114046Z\chart_exports\event_day_premarket_detail_only\20260628T183512Z\images\0115_KTTA_2025-05-06_push65.97_rebreak_03_event_day_premarket_detail.png,das_scanner_appearance:KTTA:2025-05-06T11:04:00+00:00,KTTA,2025-05-06,65.9722,63.888888888888886,34.7222,127.08333333333334,rebreak_confirmed,24.2678,single_candle_rebreak,2025-05-06 07:06:00 EDT
116,C:\TSIS_Data\00_CTO\13_TRADING_SYSTEMS\03_STRATEGY_LIBRARY\LONG\DAS\runs\das_scanner_appearance_20260628T114046Z\chart_exports\event_day_premarket_detail_only\20260628T183512Z\images\0116_PLRZ_2025-12-02_push65.82_rebreak_03_event_day_premarket_detail.png,das_scanner_appearance:PLRZ:2025-12-02T12:57:00+00:00,PLRZ,2025-12-02,65.8228,54.430379746835435,50.3165,153.1645569620253,rebreak_confirmed,11.8321,single_candle_rebreak,2025-12-02 08:00:00 EST
117,C:\TSIS_Data\00_CTO\13_TRADING_SYSTEMS\03_STRATEGY_LIBRARY\LONG\DAS\runs\das_scanner_appearance_20260628T114046Z\chart_exports\event_day_premarket_detail_only\20260628T183512Z\images\0117_CYTO_2024-03-25_push65.32_rebreak_03_event_day_premarket_detail.png,das_scanner_appearance:CYTO:2024-03-25T12:50:00+00:00,CYTO,2024-03-25,65.3179,57.22543352601157,47.9769,84.97109826589596,rebreak_confirmed,4.8951,single_candle_rebreak,2024-03-25 08:53:00 EDT
118,C:\TSIS_Data\00_CTO\13_TRADING_SYSTEMS\03_STRATEGY_LIBRARY\LONG\DAS\runs\das_scanner_appearance_20260628T114046Z\chart_exports\event_day_premarket_detail_only\20260628T183512Z\images\0118_RAYA_2026-01-22_push65.15_rebreak_03_event_day_premarket_detail.png,das_scanner_appearance:RAYA:2026-01-22T11:10:00+00:00,RAYA,2026-01-22,65.1452,65.14522821576763,58.0913,81.32780082987551,rebreak_confirmed,8.6683,vwap_reclaim_rebreak,2026-01-22 06:21:00 EST
119,C:\TSIS_Data\00_CTO\13_TRADING_SYSTEMS\03_STRATEGY_LIBRARY\LONG\DAS\runs\das_scanner_appearance_20260628T114046Z\chart_exports\event_day_premarket_detail_only\20260628T183512Z\images\0119_SGN_2025-07-11_push64.96_rebreak_03_event_day_premarket_detail.png,das_scanner_appearance:SGN:2025-07-11T10:31:00+00:00,SGN,2025-07-11,64.9635,64.96350364963502,44.8905,202.18978102189777,rebreak_confirmed,25.6637,vwap_reclaim_rebreak,2025-07-11 06:38:00 EDT
120,C:\TSIS_Data\00_CTO\13_TRADING_SYSTEMS\03_STRATEGY_LIBRARY\LONG\DAS\runs\das_scanner_appearance_20260628T114046Z\chart_exports\event_day_premarket_detail_only\20260628T183512Z\images\0120_LXRX_2025-03-28_push64.80_rebreak_03_event_day_premarket_detail.png,das_scanner_appearance:LXRX:2025-03-28T11:30:00+00:00,LXRX,2025-03-28,64.8028,64.80282519128902,49.2643,127.48675691583284,rebreak_confirmed,20.6429,vwap_reclaim_rebreak,2025-03-28 07:33:00 EDT
121,C:\TSIS_Data\00_CTO\13_TRADING_SYSTEMS\03_STRATEGY_LIBRARY\LONG\DAS\runs\das_scanner_appearance_20260628T114046Z\chart_exports\event_day_premarket_detail_only\20260628T183512Z\images\0121_TIVC_2025-08-15_push64.71_rebreak_03_event_day_premarket_detail.png,das_scanner_appearance:TIVC:2025-08-15T12:31:00+00:00,TIVC,2025-08-15,64.7059,64.70588235294117,56.8627,95.42483660130719,rebreak_confirmed,15.6746,vwap_reclaim_rebreak,2025-08-15 08:49:00 EDT
122,C:\TSIS_Data\00_CTO\13_TRADING_SYSTEMS\03_STRATEGY_LIBRARY\LONG\DAS\runs\das_scanner_appearance_20260628T114046Z\chart_exports\event_day_premarket_detail_only\20260628T183512Z\images\0122_ALZN_2025-05-29_push64.47_rebreak_03_event_day_premarket_detail.png,das_scanner_appearance:ALZN:2025-05-29T12:01:00+00:00,ALZN,2025-05-29,64.4699,60.17191977077363,25.5014,159.025787965616,rebreak_confirmed,31.8815,vwap_reclaim_rebreak,2025-05-29 08:04:00 EDT
123,C:\TSIS_Data\00_CTO\13_TRADING_SYSTEMS\03_STRATEGY_LIBRARY\LONG\DAS\runs\das_scanner_appearance_20260628T114046Z\chart_exports\event_day_premarket_detail_only\20260628T183512Z\images\0123_LOBO_2025-05-13_push63.62_rebreak_03_event_day_premarket_detail.png,das_scanner_appearance:LOBO:2025-05-13T09:00:00+00:00,LOBO,2025-05-13,63.6156,57.89473684210525,33.8673,306.17848970251714,rebreak_confirmed,20.979,single_candle_rebreak,2025-05-13 05:02:00 EDT
124,C:\TSIS_Data\00_CTO\13_TRADING_SYSTEMS\03_STRATEGY_LIBRARY\LONG\DAS\runs\das_scanner_appearance_20260628T114046Z\chart_exports\event_day_premarket_detail_only\20260628T183512Z\images\0124_EQ_2025-08-11_push63.50_rebreak_03_event_day_premarket_detail.png,das_scanner_appearance:EQ:2025-08-11T12:32:00+00:00,EQ,2025-08-11,63.4989,63.49887594522789,44.533,147.29204986715715,rebreak_confirmed,12.5,single_candle_rebreak,2025-08-11 08:34:00 EDT
125,C:\TSIS_Data\00_CTO\13_TRADING_SYSTEMS\03_STRATEGY_LIBRARY\LONG\DAS\runs\das_scanner_appearance_20260628T114046Z\chart_exports\event_day_premarket_detail_only\20260628T183512Z\images\0125_SGBX_2025-10-10_push62.47_rebreak_03_event_day_premarket_detail.png,das_scanner_appearance:SGBX:2025-10-10T08:29:00+00:00,SGBX,2025-10-10,62.4658,54.52054794520548,33.1507,168.49315068493152,rebreak_confirmed,11.6358,multi_candle_flag_break,2025-10-10 04:38:00 EDT
126,C:\TSIS_Data\00_CTO\13_TRADING_SYSTEMS\03_STRATEGY_LIBRARY\LONG\DAS\runs\das_scanner_appearance_20260628T114046Z\chart_exports\event_day_premarket_detail_only\20260628T183512Z\images\0126_BTBD_2025-09-03_push61.60_rebreak_03_event_day_premarket_detail.png,das_scanner_appearance:BTBD:2025-09-03T12:26:00+00:00,BTBD,2025-09-03,61.6,55.99999999999999,52.4,73.99999999999999,rebreak_confirmed,16.0891,vwap_reclaim_rebreak,2025-09-03 08:54:00 EDT
127,C:\TSIS_Data\00_CTO\13_TRADING_SYSTEMS\03_STRATEGY_LIBRARY\LONG\DAS\runs\das_scanner_appearance_20260628T114046Z\chart_exports\event_day_premarket_detail_only\20260628T183512Z\images\0127_AGFY_2024-11-05_push61.60_rebreak_03_event_day_premarket_detail.png,das_scanner_appearance:AGFY:2024-11-05T13:20:00+00:00,AGFY,2024-11-05,61.596,56.35910224438903,43.3915,70.07481296758107,rebreak_confirmed,16.0494,vwap_reclaim_rebreak,2024-11-05 08:53:00 EST
128,C:\TSIS_Data\00_CTO\13_TRADING_SYSTEMS\03_STRATEGY_LIBRARY\LONG\DAS\runs\das_scanner_appearance_20260628T114046Z\chart_exports\event_day_premarket_detail_only\20260628T183512Z\images\0128_REBN_2024-05-08_push61.49_rebreak_03_event_day_premarket_detail.png,das_scanner_appearance:REBN:2024-05-08T12:33:00+00:00,REBN,2024-05-08,61.4943,52.28735632183907,39.0805,89.6551724137931,rebreak_confirmed,7.1174,single_candle_rebreak,2024-05-08 08:37:00 EDT
129,C:\TSIS_Data\00_CTO\13_TRADING_SYSTEMS\03_STRATEGY_LIBRARY\LONG\DAS\runs\das_scanner_appearance_20260628T114046Z\chart_exports\event_day_premarket_detail_only\20260628T183512Z\images\0129_AIRI_2025-07-10_push61.36_rebreak_03_event_day_premarket_detail.png,das_scanner_appearance:AIRI:2025-07-10T11:04:00+00:00,AIRI,2025-07-10,61.3569,61.35693215339232,39.528,71.38643067846606,rebreak_confirmed,15.7221,vwap_reclaim_rebreak,2025-07-10 07:22:00 EDT
130,C:\TSIS_Data\00_CTO\13_TRADING_SYSTEMS\03_STRATEGY_LIBRARY\LONG\DAS\runs\das_scanner_appearance_20260628T114046Z\chart_exports\event_day_premarket_detail_only\20260628T183512Z\images\0130_IBO_2025-06-23_push61.02_rebreak_03_event_day_premarket_detail.png,das_scanner_appearance:IBO:2025-06-23T11:47:00+00:00,IBO,2025-06-23,61.0238,58.54761904761906,19.0476,192.8571428571429,rebreak_confirmed,17.9506,single_candle_rebreak,2025-06-23 07:53:00 EDT
131,C:\TSIS_Data\00_CTO\13_TRADING_SYSTEMS\03_STRATEGY_LIBRARY\LONG\DAS\runs\das_scanner_appearance_20260628T114046Z\chart_exports\event_day_premarket_detail_only\20260628T183512Z\images\0131_MITQ_2024-06-05_push60.67_rebreak_03_event_day_premarket_detail.png,das_scanner_appearance:MITQ:2024-06-05T11:03:00+00:00,MITQ,2024-06-05,60.6742,50.56179775280899,39.3258,84.2696629213483,rebreak_confirmed,13.986,vwap_reclaim_rebreak,2024-06-05 07:46:00 EDT
132,C:\TSIS_Data\00_CTO\13_TRADING_SYSTEMS\03_STRATEGY_LIBRARY\LONG\DAS\runs\das_scanner_appearance_20260628T114046Z\chart_exports\event_day_premarket_detail_only\20260628T183512Z\images\0132_AIHS_2025-09-03_push60.24_rebreak_03_event_day_premarket_detail.png,das_scanner_appearance:AIHS:2025-09-03T11:42:00+00:00,AIHS,2025-09-03,60.241,59.839357429718866,34.1365,77.51004016064256,rebreak_confirmed,7.5188,single_candle_rebreak,2025-09-03 07:47:00 EDT
133,C:\TSIS_Data\00_CTO\13_TRADING_SYSTEMS\03_STRATEGY_LIBRARY\LONG\DAS\runs\das_scanner_appearance_20260628T114046Z\chart_exports\event_day_premarket_detail_only\20260628T183512Z\images\0133_MOTS_2024-01-30_push60.19_rebreak_03_event_day_premarket_detail.png,das_scanner_appearance:MOTS:2024-01-30T13:02:00+00:00,MOTS,2024-01-30,60.1942,50.48543689320388,54.3689,65.04854368932038,rebreak_confirmed,12.1212,single_candle_rebreak,2024-01-30 08:04:00 EST
134,C:\TSIS_Data\00_CTO\13_TRADING_SYSTEMS\03_STRATEGY_LIBRARY\LONG\DAS\runs\das_scanner_appearance_20260628T114046Z\chart_exports\event_day_premarket_detail_only\20260628T183512Z\images\0134_BKYI_2025-01-10_push59.67_rebreak_03_event_day_premarket_detail.png,das_scanner_appearance:BKYI:2025-01-10T13:29:00+00:00,BKYI,2025-01-10,59.6667,59.66666666666667,25.6944,59.66666666666667,rebreak_confirmed,30.8455,vwap_reclaim_rebreak,2025-01-10 08:39:00 EST
135,C:\TSIS_Data\00_CTO\13_TRADING_SYSTEMS\03_STRATEGY_LIBRARY\LONG\DAS\runs\das_scanner_appearance_20260628T114046Z\chart_exports\event_day_premarket_detail_only\20260628T183512Z\images\0135_CETY_2025-11-25_push59.63_rebreak_03_event_day_premarket_detail.png,das_scanner_appearance:CETY:2025-11-25T14:16:00+00:00,CETY,2025-11-25,59.633,59.63302752293577,43.1193,68.80733944954129,rebreak_confirmed,9.1954,vwap_reclaim_rebreak,2025-11-25 09:22:00 EST
136,C:\TSIS_Data\00_CTO\13_TRADING_SYSTEMS\03_STRATEGY_LIBRARY\LONG\DAS\runs\das_scanner_appearance_20260628T114046Z\chart_exports\event_day_premarket_detail_only\20260628T183512Z\images\0136_TPET_2025-01-08_push59.38_rebreak_03_event_day_premarket_detail.png,das_scanner_appearance:TPET:2025-01-08T09:51:00+00:00,TPET,2025-01-08,59.375,59.375,51.5625,107.03124999999997,rebreak_confirmed,14.2157,last_red_high_break,2025-01-08 04:54:00 EST
137,C:\TSIS_Data\00_CTO\13_TRADING_SYSTEMS\03_STRATEGY_LIBRARY\LONG\DAS\runs\das_scanner_appearance_20260628T114046Z\chart_exports\event_day_premarket_detail_only\20260628T183512Z\images\0137_AZTR_2025-10-20_push58.93_rebreak_03_event_day_premarket_detail.png,das_scanner_appearance:AZTR:2025-10-20T12:02:00+00:00,AZTR,2025-10-20,58.9329,56.094792110117794,51.8377,78.79948914431674,rebreak_confirmed,12.5893,vwap_reclaim_rebreak,2025-10-20 08:21:00 EDT
138,C:\TSIS_Data\00_CTO\13_TRADING_SYSTEMS\03_STRATEGY_LIBRARY\LONG\DAS\runs\das_scanner_appearance_20260628T114046Z\chart_exports\event_day_premarket_detail_only\20260628T183512Z\images\0138_ZENA_2025-06-05_push58.49_rebreak_03_event_day_premarket_detail.png,das_scanner_appearance:ZENA:2025-06-05T12:01:00+00:00,ZENA,2025-06-05,58.4906,58.490566037735846,40.8805,70.44025157232703,rebreak_confirmed,13.6905,vwap_reclaim_rebreak,2025-06-05 08:31:00 EDT
139,C:\TSIS_Data\00_CTO\13_TRADING_SYSTEMS\03_STRATEGY_LIBRARY\LONG\DAS\runs\das_scanner_appearance_20260628T114046Z\chart_exports\event_day_premarket_detail_only\20260628T183512Z\images\0139_ICCM_2025-07-25_push58.38_rebreak_03_event_day_premarket_detail.png,das_scanner_appearance:ICCM:2025-07-25T13:01:00+00:00,ICCM,2025-07-25,58.3756,58.37563451776651,34.0102,58.37563451776651,rebreak_confirmed,19.2308,vwap_reclaim_rebreak,2025-07-25 09:05:00 EDT
140,C:\TSIS_Data\00_CTO\13_TRADING_SYSTEMS\03_STRATEGY_LIBRARY\LONG\DAS\runs\das_scanner_appearance_20260628T114046Z\chart_exports\event_day_premarket_detail_only\20260628T183512Z\images\0140_KAPA_2025-07-15_push58.28_rebreak_03_event_day_premarket_detail.png,das_scanner_appearance:KAPA:2025-07-15T12:01:00+00:00,KAPA,2025-07-15,58.2756,58.275550195960214,58.2756,183.38860416038588,rebreak_confirmed,14.2857,vwap_reclaim_rebreak,2025-07-15 08:20:00 EDT
141,C:\TSIS_Data\00_CTO\13_TRADING_SYSTEMS\03_STRATEGY_LIBRARY\LONG\DAS\runs\das_scanner_appearance_20260628T114046Z\chart_exports\event_day_premarket_detail_only\20260628T183512Z\images\0141_MITQ_2025-06-20_push58.13_rebreak_03_event_day_premarket_detail.png,das_scanner_appearance:MITQ:2025-06-20T11:54:00+00:00,MITQ,2025-06-20,58.1335,54.7869587717785,36.2774,84.5782301190271,rebreak_confirmed,17.6503,single_candle_rebreak,2025-06-20 07:58:00 EDT
142,C:\TSIS_Data\00_CTO\13_TRADING_SYSTEMS\03_STRATEGY_LIBRARY\LONG\DAS\runs\das_scanner_appearance_20260628T114046Z\chart_exports\event_day_premarket_detail_only\20260628T183512Z\images\0142_RYDE_2025-10-30_push57.99_rebreak_03_event_day_premarket_detail.png,das_scanner_appearance:RYDE:2025-10-30T10:05:00+00:00,RYDE,2025-10-30,57.9892,52.60323159784558,33.4291,57.98922800718132,rebreak_confirmed,12.7614,single_candle_rebreak,2025-10-30 06:09:00 EDT
143,C:\TSIS_Data\00_CTO\13_TRADING_SYSTEMS\03_STRATEGY_LIBRARY\LONG\DAS\runs\das_scanner_appearance_20260628T114046Z\chart_exports\event_day_premarket_detail_only\20260628T183512Z\images\0143_DARE_2025-07-14_push57.94_rebreak_03_event_day_premarket_detail.png,das_scanner_appearance:DARE:2025-07-14T12:02:00+00:00,DARE,2025-07-14,57.9365,52.781746031746025,39.2857,312.69841269841277,rebreak_confirmed,27.1357,vwap_reclaim_rebreak,2025-07-14 08:05:00 EDT
144,C:\TSIS_Data\00_CTO\13_TRADING_SYSTEMS\03_STRATEGY_LIBRARY\LONG\DAS\runs\das_scanner_appearance_20260628T114046Z\chart_exports\event_day_premarket_detail_only\20260628T183512Z\images\0144_BATL_2026-01-26_push56.84_rebreak_03_event_day_premarket_detail.png,das_scanner_appearance:BATL:2026-01-26T09:01:00+00:00,BATL,2026-01-26,56.8421,51.052631578947384,50.5263,258.94210526315794,rebreak_confirmed,17.1141,vwap_reclaim_rebreak,2026-01-26 04:09:00 EST
145,C:\TSIS_Data\00_CTO\13_TRADING_SYSTEMS\03_STRATEGY_LIBRARY\LONG\DAS\runs\das_scanner_appearance_20260628T114046Z\chart_exports\event_day_premarket_detail_only\20260628T183512Z\images\0145_BATL_2025-06-16_push55.76_rebreak_03_event_day_premarket_detail.png,das_scanner_appearance:BATL:2025-06-16T08:01:00+00:00,BATL,2025-06-16,55.7621,55.76208178438663,47.5836,123.04832713754648,rebreak_confirmed,11.6945,single_candle_rebreak,2025-06-16 04:03:00 EDT
146,C:\TSIS_Data\00_CTO\13_TRADING_SYSTEMS\03_STRATEGY_LIBRARY\LONG\DAS\runs\das_scanner_appearance_20260628T114046Z\chart_exports\event_day_premarket_detail_only\20260628T183512Z\images\0146_LBGJ_2026-02-27_push55.53_rebreak_03_event_day_premarket_detail.png,das_scanner_appearance:LBGJ:2026-02-27T14:03:00+00:00,LBGJ,2026-02-27,55.5275,55.5275325767129,25.0525,58.68011769651113,rebreak_confirmed,23.6486,single_candle_rebreak,2026-02-27 09:05:00 EST
147,C:\TSIS_Data\00_CTO\13_TRADING_SYSTEMS\03_STRATEGY_LIBRARY\LONG\DAS\runs\das_scanner_appearance_20260628T114046Z\chart_exports\event_day_premarket_detail_only\20260628T183512Z\images\0147_QSI_2024-11-20_push55.09_rebreak_03_event_day_premarket_detail.png,das_scanner_appearance:QSI:2024-11-20T12:01:00+00:00,QSI,2024-11-20,55.0949,55.094941295839995,30.1348,144.9630381214669,rebreak_confirmed,10.1869,single_candle_rebreak,2024-11-20 07:05:00 EST
148,C:\TSIS_Data\00_CTO\13_TRADING_SYSTEMS\03_STRATEGY_LIBRARY\LONG\DAS\runs\das_scanner_appearance_20260628T114046Z\chart_exports\event_day_premarket_detail_only\20260628T183512Z\images\0148_GSIT_2025-10-20_push54.98_rebreak_03_event_day_premarket_detail.png,das_scanner_appearance:GSIT:2025-10-20T13:18:00+00:00,GSIT,2025-10-20,54.9843,51.85909980430527,34.3933,60.46966731898237,rebreak_confirmed,6.3096,single_candle_rebreak,2025-10-20 09:24:00 EDT
149,C:\TSIS_Data\00_CTO\13_TRADING_SYSTEMS\03_STRATEGY_LIBRARY\LONG\DAS\runs\das_scanner_appearance_20260628T114046Z\chart_exports\event_day_premarket_detail_only\20260628T183512Z\images\0149_DRMA_2025-12-24_push54.68_rebreak_03_event_day_premarket_detail.png,das_scanner_appearance:DRMA:2025-12-24T13:01:00+00:00,DRMA,2025-12-24,54.6798,54.679802955665046,43.3498,66.00985221674878,rebreak_confirmed,12.1019,single_candle_rebreak,2025-12-24 08:03:00 EST
150,C:\TSIS_Data\00_CTO\13_TRADING_SYSTEMS\03_STRATEGY_LIBRARY\LONG\DAS\runs\das_scanner_appearance_20260628T114046Z\chart_exports\event_day_premarket_detail_only\20260628T183512Z\images\0150_EVTV_2026-01-06_push54.33_rebreak_03_event_day_premarket_detail.png,das_scanner_appearance:EVTV:2026-01-06T12:00:00+00:00,EVTV,2026-01-06,54.3291,54.32906094690034,39.1839,92.28354695265499,rebreak_confirmed,12.3559,single_candle_rebreak,2026-01-06 07:02:00 EST
151,C:\TSIS_Data\00_CTO\13_TRADING_SYSTEMS\03_STRATEGY_LIBRARY\LONG\DAS\runs\das_scanner_appearance_20260628T114046Z\chart_exports\event_day_premarket_detail_only\20260628T183512Z\images\0151_GPUS_2025-07-01_push54.29_rebreak_03_event_day_premarket_detail.png,das_scanner_appearance:GPUS:2025-07-01T10:32:00+00:00,GPUS,2025-07-01,54.2857,54.285714285714306,33.5714,140.71428571428575,rebreak_confirmed,23.6111,single_candle_rebreak,2025-07-01 06:34:00 EDT
152,C:\TSIS_Data\00_CTO\13_TRADING_SYSTEMS\03_STRATEGY_LIBRARY\LONG\DAS\runs\das_scanner_appearance_20260628T114046Z\chart_exports\event_day_premarket_detail_only\20260628T183512Z\images\0152_PHIO_2025-11-03_push54.19_rebreak_03_event_day_premarket_detail.png,das_scanner_appearance:PHIO:2025-11-03T12:47:00+00:00,PHIO,2025-11-03,54.1872,54.18719211822661,35.468,133.99014778325125,rebreak_confirmed,15.9744,vwap_reclaim_rebreak,2025-11-03 07:57:00 EST
153,C:\TSIS_Data\00_CTO\13_TRADING_SYSTEMS\03_STRATEGY_LIBRARY\LONG\DAS\runs\das_scanner_appearance_20260628T114046Z\chart_exports\event_day_premarket_detail_only\20260628T183512Z\images\0153_VRME_2026-02-12_push54.17_rebreak_03_event_day_premarket_detail.png,das_scanner_appearance:VRME:2026-02-12T13:05:00+00:00,VRME,2026-02-12,54.1652,54.165164082221416,17.9679,54.165164082221416,rebreak_confirmed,29.2398,vwap_reclaim_rebreak,2026-02-12 08:17:00 EST
154,C:\TSIS_Data\00_CTO\13_TRADING_SYSTEMS\03_STRATEGY_LIBRARY\LONG\DAS\runs\das_scanner_appearance_20260628T114046Z\chart_exports\event_day_premarket_detail_only\20260628T183512Z\images\0154_NKGN_2025-02-21_push54.02_rebreak_03_event_day_premarket_detail.png,das_scanner_appearance:NKGN:2025-02-21T13:02:00+00:00,NKGN,2025-02-21,54.0179,54.01785714285713,38.4152,54.01785714285713,rebreak_confirmed,13.0435,vwap_reclaim_rebreak,2025-02-21 08:09:00 EST
155,C:\TSIS_Data\00_CTO\13_TRADING_SYSTEMS\03_STRATEGY_LIBRARY\LONG\DAS\runs\das_scanner_appearance_20260628T114046Z\chart_exports\event_day_premarket_detail_only\20260628T183512Z\images\0155_GV_2025-03-05_push53.85_rebreak_03_event_day_premarket_detail.png,das_scanner_appearance:GV:2025-03-05T14:01:00+00:00,GV,2025-03-05,53.8462,53.84615384615385,40.0,80.76923076923077,rebreak_confirmed,14.0,vwap_reclaim_rebreak,2025-03-05 09:04:00 EST
156,C:\TSIS_Data\00_CTO\13_TRADING_SYSTEMS\03_STRATEGY_LIBRARY\LONG\DAS\runs\das_scanner_appearance_20260628T114046Z\chart_exports\event_day_premarket_detail_only\20260628T183512Z\images\0156_LAES_2024-12-16_push53.85_rebreak_03_event_day_premarket_detail.png,das_scanner_appearance:LAES:2024-12-16T09:00:00+00:00,LAES,2024-12-16,53.8462,53.846153846153854,43.0769,53.846153846153854,rebreak_confirmed,19.0,vwap_reclaim_rebreak,2024-12-16 04:43:00 EST
157,C:\TSIS_Data\00_CTO\13_TRADING_SYSTEMS\03_STRATEGY_LIBRARY\LONG\DAS\runs\das_scanner_appearance_20260628T114046Z\chart_exports\event_day_premarket_detail_only\20260628T183512Z\images\0157_ICON_2026-01-20_push53.85_rebreak_03_event_day_premarket_detail.png,das_scanner_appearance:ICON:2026-01-20T09:02:00+00:00,ICON,2026-01-20,53.8462,52.36686390532546,33.432,82.54437869822485,rebreak_confirmed,20.8654,single_candle_rebreak,2026-01-20 04:04:00 EST
158,C:\TSIS_Data\00_CTO\13_TRADING_SYSTEMS\03_STRATEGY_LIBRARY\LONG\DAS\runs\das_scanner_appearance_20260628T114046Z\chart_exports\event_day_premarket_detail_only\20260628T183512Z\images\0158_STI_2025-10-13_push53.70_rebreak_03_event_day_premarket_detail.png,das_scanner_appearance:STI:2025-10-13T10:04:00+00:00,STI,2025-10-13,53.6972,53.69718309859156,40.1408,137.85211267605635,rebreak_confirmed,18.6712,single_candle_rebreak,2025-10-13 06:06:00 EDT
159,C:\TSIS_Data\00_CTO\13_TRADING_SYSTEMS\03_STRATEGY_LIBRARY\LONG\DAS\runs\das_scanner_appearance_20260628T114046Z\chart_exports\event_day_premarket_detail_only\20260628T183512Z\images\0159_ALBT_2026-02-26_push53.52_rebreak_03_event_day_premarket_detail.png,das_scanner_appearance:ALBT:2026-02-26T13:01:00+00:00,ALBT,2026-02-26,53.5152,53.515151515151516,44.3434,172.72727272727275,rebreak_confirmed,10.5145,vwap_reclaim_rebreak,2026-02-26 08:04:00 EST
160,C:\TSIS_Data\00_CTO\13_TRADING_SYSTEMS\03_STRATEGY_LIBRARY\LONG\DAS\runs\das_scanner_appearance_20260628T114046Z\chart_exports\event_day_premarket_detail_only\20260628T183512Z\images\0160_VERO_2025-11-10_push53.30_rebreak_03_event_day_premarket_detail.png,das_scanner_appearance:VERO:2025-11-10T12:33:00+00:00,VERO,2025-11-10,53.304,53.30396475770925,39.6916,59.91189427312775,rebreak_confirmed,22.1264,vwap_reclaim_rebreak,2025-11-10 07:38:00 EST
161,C:\TSIS_Data\00_CTO\13_TRADING_SYSTEMS\03_STRATEGY_LIBRARY\LONG\DAS\runs\das_scanner_appearance_20260628T114046Z\chart_exports\event_day_premarket_detail_only\20260628T183512Z\images\0161_APCX_2024-12-19_push53.25_rebreak_03_event_day_premarket_detail.png,das_scanner_appearance:APCX:2024-12-19T09:01:00+00:00,APCX,2024-12-19,53.2545,53.25454545454544,38.1818,158.18181818181816,rebreak_confirmed,13.3942,single_candle_rebreak,2024-12-19 04:05:00 EST
162,C:\TSIS_Data\00_CTO\13_TRADING_SYSTEMS\03_STRATEGY_LIBRARY\LONG\DAS\runs\das_scanner_appearance_20260628T114046Z\chart_exports\event_day_premarket_detail_only\20260628T183512Z\images\0162_QLGN_2025-09-22_push53.21_rebreak_03_event_day_premarket_detail.png,das_scanner_appearance:QLGN:2025-09-22T08:01:00+00:00,QLGN,2025-09-22,53.211,52.90519877675841,52.1407,103.36391437308869,rebreak_confirmed,14.5709,single_candle_rebreak,2025-09-22 04:04:00 EDT
163,C:\TSIS_Data\00_CTO\13_TRADING_SYSTEMS\03_STRATEGY_LIBRARY\LONG\DAS\runs\das_scanner_appearance_20260628T114046Z\chart_exports\event_day_premarket_detail_only\20260628T183512Z\images\0163_SSKN_2025-09-02_push53.15_rebreak_03_event_day_premarket_detail.png,das_scanner_appearance:SSKN:2025-09-02T12:06:00+00:00,SSKN,2025-09-02,53.1496,53.14960629921261,29.1339,77.55905511811022,rebreak_confirmed,16.1954,vwap_reclaim_rebreak,2025-09-02 08:17:00 EDT
164,C:\TSIS_Data\00_CTO\13_TRADING_SYSTEMS\03_STRATEGY_LIBRARY\LONG\DAS\runs\das_scanner_appearance_20260628T114046Z\chart_exports\event_day_premarket_detail_only\20260628T183512Z\images\0164_PTIX_2025-08-21_push52.75_rebreak_03_event_day_premarket_detail.png,das_scanner_appearance:PTIX:2025-08-21T12:13:00+00:00,PTIX,2025-08-21,52.7469,52.74687660448399,47.6382,81.41365736779052,rebreak_confirmed,7.563,vwap_reclaim_rebreak,2025-08-21 08:22:00 EDT
165,C:\TSIS_Data\00_CTO\13_TRADING_SYSTEMS\03_STRATEGY_LIBRARY\LONG\DAS\runs\das_scanner_appearance_20260628T114046Z\chart_exports\event_day_premarket_detail_only\20260628T183512Z\images\0165_POAI_2024-07-25_push52.73_rebreak_03_event_day_premarket_detail.png,das_scanner_appearance:POAI:2024-07-25T11:56:00+00:00,POAI,2024-07-25,52.7273,52.72727272727271,41.8182,147.27272727272725,rebreak_confirmed,11.9048,vwap_reclaim_rebreak,2024-07-25 08:23:00 EDT
166,C:\TSIS_Data\00_CTO\13_TRADING_SYSTEMS\03_STRATEGY_LIBRARY\LONG\DAS\runs\das_scanner_appearance_20260628T114046Z\chart_exports\event_day_premarket_detail_only\20260628T183512Z\images\0166_AZTR_2025-08-27_push52.40_rebreak_03_event_day_premarket_detail.png,das_scanner_appearance:AZTR:2025-08-27T12:10:00+00:00,AZTR,2025-08-27,52.4017,52.401687304395175,29.2557,106.83086134167914,rebreak_confirmed,20.1518,single_candle_rebreak,2025-08-27 08:12:00 EDT
167,C:\TSIS_Data\00_CTO\13_TRADING_SYSTEMS\03_STRATEGY_LIBRARY\LONG\DAS\runs\das_scanner_appearance_20260628T114046Z\chart_exports\event_day_premarket_detail_only\20260628T183512Z\images\0167_LAES_2024-12-11_push52.40_rebreak_03_event_day_premarket_detail.png,das_scanner_appearance:LAES:2024-12-11T09:00:00+00:00,LAES,2024-12-11,52.3995,52.399481193255504,35.1059,78.33981841763942,rebreak_confirmed,18.4397,single_candle_rebreak,2024-12-11 04:02:00 EST
168,C:\TSIS_Data\00_CTO\13_TRADING_SYSTEMS\03_STRATEGY_LIBRARY\LONG\DAS\runs\das_scanner_appearance_20260628T114046Z\chart_exports\event_day_premarket_detail_only\20260628T183512Z\images\0168_IVF_2026-01-20_push52.23_rebreak_03_event_day_premarket_detail.png,das_scanner_appearance:IVF:2026-01-20T09:01:00+00:00,IVF,2026-01-20,52.2337,52.233676975944995,-11.3402,70.10309278350515,rebreak_confirmed,24.1535,vwap_reclaim_rebreak,2026-01-20 04:39:00 EST
169,C:\TSIS_Data\00_CTO\13_TRADING_SYSTEMS\03_STRATEGY_LIBRARY\LONG\DAS\runs\das_scanner_appearance_20260628T114046Z\chart_exports\event_day_premarket_detail_only\20260628T183512Z\images\0169_VTAK_2025-08-18_push52.14_rebreak_03_event_day_premarket_detail.png,das_scanner_appearance:VTAK:2025-08-18T12:04:00+00:00,VTAK,2025-08-18,52.1401,52.14007782101169,46.3035,105.44747081712065,rebreak_confirmed,17.3913,vwap_reclaim_rebreak,2025-08-18 08:07:00 EDT
170,C:\TSIS_Data\00_CTO\13_TRADING_SYSTEMS\03_STRATEGY_LIBRARY\LONG\DAS\runs\das_scanner_appearance_20260628T114046Z\chart_exports\event_day_premarket_detail_only\20260628T183512Z\images\0170_VSEE_2024-12-06_push52.03_rebreak_03_event_day_premarket_detail.png,das_scanner_appearance:VSEE:2024-12-06T13:02:00+00:00,VSEE,2024-12-06,52.027,52.02702702702703,33.1081,65.54054054054056,rebreak_confirmed,16.8889,single_candle_rebreak,2024-12-06 08:05:00 EST
171,C:\TSIS_Data\00_CTO\13_TRADING_SYSTEMS\03_STRATEGY_LIBRARY\LONG\DAS\runs\das_scanner_appearance_20260628T114046Z\chart_exports\event_day_premarket_detail_only\20260628T183512Z\images\0171_VSEE_2025-10-28_push51.72_rebreak_03_event_day_premarket_detail.png,das_scanner_appearance:VSEE:2025-10-28T12:21:00+00:00,VSEE,2025-10-28,51.7235,51.72353760445682,27.0369,601.6016713091923,rebreak_confirmed,10.4991,vwap_reclaim_rebreak,2025-10-28 08:36:00 EDT
172,C:\TSIS_Data\00_CTO\13_TRADING_SYSTEMS\03_STRATEGY_LIBRARY\LONG\DAS\runs\das_scanner_appearance_20260628T114046Z\chart_exports\event_day_premarket_detail_only\20260628T183512Z\images\0172_VSTE_2025-03-12_push51.69_rebreak_03_event_day_premarket_detail.png,das_scanner_appearance:VSTE:2025-03-12T11:01:00+00:00,VSTE,2025-03-12,51.6881,50.60289389067524,40.6752,109.0032154340836,rebreak_confirmed,6.5978,single_candle_rebreak,2025-03-12 07:07:00 EDT
173,C:\TSIS_Data\00_CTO\13_TRADING_SYSTEMS\03_STRATEGY_LIBRARY\LONG\DAS\runs\das_scanner_appearance_20260628T114046Z\chart_exports\event_day_premarket_detail_only\20260628T183512Z\images\0173_SNGX_2025-08-18_push51.64_rebreak_03_event_day_premarket_detail.png,das_scanner_appearance:SNGX:2025-08-18T11:31:00+00:00,SNGX,2025-08-18,51.6364,51.63636363636363,34.9091,61.81818181818183,rebreak_confirmed,8.2734,last_red_high_break,2025-08-18 07:37:00 EDT
174,C:\TSIS_Data\00_CTO\13_TRADING_SYSTEMS\03_STRATEGY_LIBRARY\LONG\DAS\runs\das_scanner_appearance_20260628T114046Z\chart_exports\event_day_premarket_detail_only\20260628T183512Z\images\0174_CGTL_2025-12-10_push51.58_rebreak_03_event_day_premarket_detail.png,das_scanner_appearance:CGTL:2025-12-10T14:20:00+00:00,CGTL,2025-12-10,51.5841,51.12930119751403,43.9745,52.34197362437472,rebreak_confirmed,17.0,vwap_reclaim_rebreak,2025-12-10 09:27:00 EST
175,C:\TSIS_Data\00_CTO\13_TRADING_SYSTEMS\03_STRATEGY_LIBRARY\LONG\DAS\runs\das_scanner_appearance_20260628T114046Z\chart_exports\event_day_premarket_detail_only\20260628T183512Z\images\0175_AZTR_2025-06-17_push50.51_rebreak_03_event_day_premarket_detail.png,das_scanner_appearance:AZTR:2025-06-17T12:04:00+00:00,AZTR,2025-06-17,50.5126,50.51262264358945,24.8153,68.13471502590673,rebreak_confirmed,23.1707,single_candle_rebreak,2025-06-17 08:06:00 EDT
176,C:\TSIS_Data\00_CTO\13_TRADING_SYSTEMS\03_STRATEGY_LIBRARY\LONG\DAS\runs\das_scanner_appearance_20260628T114046Z\chart_exports\event_day_premarket_detail_only\20260628T183512Z\images\0176_XAIR_2025-07-22_push50.15_rebreak_03_event_day_premarket_detail.png,das_scanner_appearance:XAIR:2025-07-22T11:32:00+00:00,XAIR,2025-07-22,50.1502,50.150150150150154,20.4204,50.150150150150154,rebreak_confirmed,20.8,vwap_reclaim_rebreak,2025-07-22 08:10:00 EDT
177,C:\TSIS_Data\00_CTO\13_TRADING_SYSTEMS\03_STRATEGY_LIBRARY\LONG\DAS\runs\das_scanner_appearance_20260628T114046Z\chart_exports\event_day_premarket_detail_only\20260628T183512Z\images\0177_MRIN_2025-05-06_push50.00_rebreak_03_event_day_premarket_detail.png,das_scanner_appearance:MRIN:2025-05-06T08:01:00+00:00,MRIN,2025-05-06,50.0,50.000000000000014,3.3333,55.83333333333334,rebreak_confirmed,5.5556,multi_candle_flag_break,2025-05-06 06:37:00 EDT
178,C:\TSIS_Data\00_CTO\13_TRADING_SYSTEMS\03_STRATEGY_LIBRARY\LONG\DAS\runs\das_scanner_appearance_20260628T114046Z\chart_exports\event_day_premarket_detail_only\20260628T183512Z\images\0178_GETY_2025-10-31_push49.51_rebreak_03_event_day_premarket_detail.png,das_scanner_appearance:GETY:2025-10-31T12:01:00+00:00,GETY,2025-10-31,49.505,59.900990099009896,48.0149,84.65346534653465,rebreak_confirmed,13.5728,ascending_flag_break,2025-10-31 08:05:00 EDT
179,C:\TSIS_Data\00_CTO\13_TRADING_SYSTEMS\03_STRATEGY_LIBRARY\LONG\DAS\runs\das_scanner_appearance_20260628T114046Z\chart_exports\event_day_premarket_detail_only\20260628T183512Z\images\0179_VSTE_2024-12-18_push49.40_rebreak_03_event_day_premarket_detail.png,das_scanner_appearance:VSTE:2024-12-18T09:14:00+00:00,VSTE,2024-12-18,49.3976,52.40963855421686,42.1687,151.80722891566262,rebreak_confirmed,18.5484,vwap_reclaim_rebreak,2024-12-18 04:30:00 EST
180,C:\TSIS_Data\00_CTO\13_TRADING_SYSTEMS\03_STRATEGY_LIBRARY\LONG\DAS\runs\das_scanner_appearance_20260628T114046Z\chart_exports\event_day_premarket_detail_only\20260628T183512Z\images\0180_CXAI_2024-04-01_push49.17_rebreak_03_event_day_premarket_detail.png,das_scanner_appearance:CXAI:2024-04-01T13:08:00+00:00,CXAI,2024-04-01,49.1667,51.666666666666686,40.0,79.16666666666666,rebreak_confirmed,6.1453,single_candle_rebreak,2024-04-01 09:11:00 EDT
181,C:\TSIS_Data\00_CTO\13_TRADING_SYSTEMS\03_STRATEGY_LIBRARY\LONG\DAS\runs\das_scanner_appearance_20260628T114046Z\chart_exports\event_day_premarket_detail_only\20260628T183512Z\images\0181_SYRA_2025-01-07_push48.30_rebreak_03_event_day_premarket_detail.png,das_scanner_appearance:SYRA:2025-01-07T12:57:00+00:00,SYRA,2025-01-07,48.3,55.65,0.0,63.33333333333334,rebreak_confirmed,9.6876,single_candle_rebreak,2025-01-07 08:07:00 EST
182,C:\TSIS_Data\00_CTO\13_TRADING_SYSTEMS\03_STRATEGY_LIBRARY\LONG\DAS\runs\das_scanner_appearance_20260628T114046Z\chart_exports\event_day_premarket_detail_only\20260628T183512Z\images\0182_DFLI_2025-08-19_push47.65_rebreak_03_event_day_premarket_detail.png,das_scanner_appearance:DFLI:2025-08-19T11:35:00+00:00,DFLI,2025-08-19,47.645,51.810042818217205,39.3149,53.016738030362006,rebreak_confirmed,7.6984,vwap_reclaim_rebreak,2025-08-19 07:46:00 EDT
183,C:\TSIS_Data\00_CTO\13_TRADING_SYSTEMS\03_STRATEGY_LIBRARY\LONG\DAS\runs\das_scanner_appearance_20260628T114046Z\chart_exports\event_day_premarket_detail_only\20260628T183512Z\images\0183_YIBO_2025-01-28_push47.21_rebreak_03_event_day_premarket_detail.png,das_scanner_appearance:YIBO:2025-01-28T09:16:00+00:00,YIBO,2025-01-28,47.2067,56.145251396648035,37.9888,89.94413407821227,rebreak_confirmed,12.5237,last_red_high_break,2025-01-28 04:19:00 EST
184,C:\TSIS_Data\00_CTO\13_TRADING_SYSTEMS\03_STRATEGY_LIBRARY\LONG\DAS\runs\das_scanner_appearance_20260628T114046Z\chart_exports\event_day_premarket_detail_only\20260628T183512Z\images\0184_ICCT_2025-04-01_push47.03_rebreak_03_event_day_premarket_detail.png,das_scanner_appearance:ICCT:2025-04-01T08:15:00+00:00,ICCT,2025-04-01,47.027,52.97297297297297,-12.1622,90.81081081081079,rebreak_confirmed,11.0294,single_candle_rebreak,2025-04-01 04:35:00 EDT
185,C:\TSIS_Data\00_CTO\13_TRADING_SYSTEMS\03_STRATEGY_LIBRARY\LONG\DAS\runs\das_scanner_appearance_20260628T114046Z\chart_exports\event_day_premarket_detail_only\20260628T183512Z\images\0185_BMGL_2025-06-02_push46.97_rebreak_03_event_day_premarket_detail.png,das_scanner_appearance:BMGL:2025-06-02T08:06:00+00:00,BMGL,2025-06-02,46.9725,59.63302752293577,7.8899,107.70642201834862,rebreak_confirmed,17.4782,vwap_reclaim_rebreak,2025-06-02 04:19:00 EDT
186,C:\TSIS_Data\00_CTO\13_TRADING_SYSTEMS\03_STRATEGY_LIBRARY\LONG\DAS\runs\das_scanner_appearance_20260628T114046Z\chart_exports\event_day_premarket_detail_only\20260628T183512Z\images\0186_HCWB_2025-08-25_push46.69_rebreak_03_event_day_premarket_detail.png,das_scanner_appearance:HCWB:2025-08-25T12:03:00+00:00,HCWB,2025-08-25,46.6859,54.170028818443804,36.3112,66.57060518731988,rebreak_confirmed,6.4833,vwap_reclaim_rebreak,2025-08-25 08:22:00 EDT
187,C:\TSIS_Data\00_CTO\13_TRADING_SYSTEMS\03_STRATEGY_LIBRARY\LONG\DAS\runs\das_scanner_appearance_20260628T114046Z\chart_exports\event_day_premarket_detail_only\20260628T183512Z\images\0187_CGTL_2025-11-17_push46.18_rebreak_03_event_day_premarket_detail.png,das_scanner_appearance:CGTL:2025-11-17T14:21:00+00:00,CGTL,2025-11-17,46.1763,53.71595630096937,41.4371,53.71595630096937,rebreak_confirmed,10.5263,vwap_reclaim_rebreak,2025-11-17 09:29:00 EST
188,C:\TSIS_Data\00_CTO\13_TRADING_SYSTEMS\03_STRATEGY_LIBRARY\LONG\DAS\runs\das_scanner_appearance_20260628T114046Z\chart_exports\event_day_premarket_detail_only\20260628T183512Z\images\0188_VTAK_2025-06-11_push45.98_rebreak_03_event_day_premarket_detail.png,das_scanner_appearance:VTAK:2025-06-11T08:21:00+00:00,VTAK,2025-06-11,45.9758,52.72881715863239,0.1699,82.50159269483967,rebreak_confirmed,10.0815,multi_candle_flag_break,2025-06-11 07:34:00 EDT
189,C:\TSIS_Data\00_CTO\13_TRADING_SYSTEMS\03_STRATEGY_LIBRARY\LONG\DAS\runs\das_scanner_appearance_20260628T114046Z\chart_exports\event_day_premarket_detail_only\20260628T183512Z\images\0189_OMH_2025-06-09_push45.27_rebreak_03_event_day_premarket_detail.png,das_scanner_appearance:OMH:2025-06-09T08:01:00+00:00,OMH,2025-06-09,45.2706,,28.0534,45.270633810394926,rebreak_confirmed,22.2222,vwap_reclaim_rebreak,2025-06-09 04:07:00 EDT
190,C:\TSIS_Data\00_CTO\13_TRADING_SYSTEMS\03_STRATEGY_LIBRARY\LONG\DAS\runs\das_scanner_appearance_20260628T114046Z\chart_exports\event_day_premarket_detail_only\20260628T183512Z\images\0190_NUWE_2026-01-27_push45.25_rebreak_03_event_day_premarket_detail.png,das_scanner_appearance:NUWE:2026-01-27T09:01:00+00:00,NUWE,2026-01-27,45.2532,53.1645569620253,32.9114,100.63291139240505,rebreak_confirmed,16.9935,vwap_reclaim_rebreak,2026-01-27 04:07:00 EST
191,C:\TSIS_Data\00_CTO\13_TRADING_SYSTEMS\03_STRATEGY_LIBRARY\LONG\DAS\runs\das_scanner_appearance_20260628T114046Z\chart_exports\event_day_premarket_detail_only\20260628T183512Z\images\0191_BTCS_2025-05-14_push45.23_rebreak_03_event_day_premarket_detail.png,das_scanner_appearance:BTCS:2025-05-14T12:33:00+00:00,BTCS,2025-05-14,45.2261,,17.0854,45.22613065326634,rebreak_confirmed,28.0277,vwap_reclaim_rebreak,2025-05-14 08:36:00 EDT
192,C:\TSIS_Data\00_CTO\13_TRADING_SYSTEMS\03_STRATEGY_LIBRARY\LONG\DAS\runs\das_scanner_appearance_20260628T114046Z\chart_exports\event_day_premarket_detail_only\20260628T183512Z\images\0192_AREC_2025-11-03_push45.22_rebreak_03_event_day_premarket_detail.png,das_scanner_appearance:AREC:2025-11-03T13:45:00+00:00,AREC,2025-11-03,45.2196,,38.3488,49.870801033591725,rebreak_confirmed,9.6085,ascending_flag_break,2025-11-03 08:49:00 EST
193,C:\TSIS_Data\00_CTO\13_TRADING_SYSTEMS\03_STRATEGY_LIBRARY\LONG\DAS\runs\das_scanner_appearance_20260628T114046Z\chart_exports\event_day_premarket_detail_only\20260628T183512Z\images\0193_GLE_2025-09-10_push45.03_rebreak_03_event_day_premarket_detail.png,das_scanner_appearance:GLE:2025-09-10T10:04:00+00:00,GLE,2025-09-10,45.0318,70.20256502457148,-0.5154,647.9323984178353,rebreak_confirmed,33.2479,single_candle_rebreak,2025-09-10 06:08:00 EDT
194,C:\TSIS_Data\00_CTO\13_TRADING_SYSTEMS\03_STRATEGY_LIBRARY\LONG\DAS\runs\das_scanner_appearance_20260628T114046Z\chart_exports\event_day_premarket_detail_only\20260628T183512Z\images\0194_EVTV_2026-01-12_push44.96_rebreak_03_event_day_premarket_detail.png,das_scanner_appearance:EVTV:2026-01-12T12:00:00+00:00,EVTV,2026-01-12,44.9571,52.633728052266235,42.9155,159.289505920784,rebreak_confirmed,7.7465,ascending_flag_break,2026-01-12 07:09:00 EST
195,C:\TSIS_Data\00_CTO\13_TRADING_SYSTEMS\03_STRATEGY_LIBRARY\LONG\DAS\runs\das_scanner_appearance_20260628T114046Z\chart_exports\event_day_premarket_detail_only\20260628T183512Z\images\0195_VVPR_2025-03-26_push44.95_rebreak_03_event_day_premarket_detail.png,das_scanner_appearance:VVPR:2025-03-26T13:25:00+00:00,VVPR,2025-03-26,44.9541,55.963302752293565,28.8991,55.963302752293565,rebreak_confirmed,7.9114,last_red_high_break,2025-03-26 09:29:00 EDT
196,C:\TSIS_Data\00_CTO\13_TRADING_SYSTEMS\03_STRATEGY_LIBRARY\LONG\DAS\runs\das_scanner_appearance_20260628T114046Z\chart_exports\event_day_premarket_detail_only\20260628T183512Z\images\0196_RANI_2025-07-14_push44.36_rebreak_03_event_day_premarket_detail.png,das_scanner_appearance:RANI:2025-07-14T09:03:00+00:00,RANI,2025-07-14,44.357,56.02216389617966,29.2797,72.0618256051327,rebreak_confirmed,16.4949,vwap_reclaim_rebreak,2025-07-14 05:22:00 EDT
197,C:\TSIS_Data\00_CTO\13_TRADING_SYSTEMS\03_STRATEGY_LIBRARY\LONG\DAS\runs\das_scanner_appearance_20260628T114046Z\chart_exports\event_day_premarket_detail_only\20260628T183512Z\images\0197_CDT_2026-02-03_push44.26_rebreak_03_event_day_premarket_detail.png,das_scanner_appearance:CDT:2026-02-03T10:26:00+00:00,CDT,2026-02-03,44.2623,,43.4426,44.26229508196722,rebreak_confirmed,12.5,vwap_reclaim_rebreak,2026-02-03 05:30:00 EST
198,C:\TSIS_Data\00_CTO\13_TRADING_SYSTEMS\03_STRATEGY_LIBRARY\LONG\DAS\runs\das_scanner_appearance_20260628T114046Z\chart_exports\event_day_premarket_detail_only\20260628T183512Z\images\0198_CLIK_2025-10-27_push44.13_rebreak_03_event_day_premarket_detail.png,das_scanner_appearance:CLIK:2025-10-27T08:03:00+00:00,CLIK,2025-10-27,44.1292,50.19569471624264,33.2681,79.15851272015654,rebreak_confirmed,10.998,single_candle_rebreak,2025-10-27 04:05:00 EDT
199,C:\TSIS_Data\00_CTO\13_TRADING_SYSTEMS\03_STRATEGY_LIBRARY\LONG\DAS\runs\das_scanner_appearance_20260628T114046Z\chart_exports\event_day_premarket_detail_only\20260628T183512Z\images\0199_HOVR_2024-11-11_push43.85_rebreak_03_event_day_premarket_detail.png,das_scanner_appearance:HOVR:2024-11-11T09:03:00+00:00,HOVR,2024-11-11,43.8537,65.29268292682927,37.0488,65.29268292682927,rebreak_confirmed,13.1061,vwap_reclaim_rebreak,2024-11-11 04:44:00 EST
200,C:\TSIS_Data\00_CTO\13_TRADING_SYSTEMS\03_STRATEGY_LIBRARY\LONG\DAS\runs\das_scanner_appearance_20260628T114046Z\chart_exports\event_day_premarket_detail_only\20260628T183512Z\images\0200_IMRX_2025-01-07_push43.46_rebreak_03_event_day_premarket_detail.png,das_scanner_appearance:IMRX:2025-01-07T12:04:00+00:00,IMRX,2025-01-07,43.4599,50.63291139240504,33.5443,137.9746835443038,rebreak_confirmed,12.6471,vwap_reclaim_rebreak,2025-01-07 07:25:00 EST
201,C:\TSIS_Data\00_CTO\13_TRADING_SYSTEMS\03_STRATEGY_LIBRARY\LONG\DAS\runs\das_scanner_appearance_20260628T114046Z\chart_exports\event_day_premarket_detail_only\20260628T183512Z\images\0201_BEAT_2025-12-10_push43.03_rebreak_03_event_day_premarket_detail.png,das_scanner_appearance:BEAT:2025-12-10T12:00:00+00:00,BEAT,2025-12-10,43.0348,61.69154228855721,26.8657,91.54228855721392,rebreak_confirmed,15.6087,single_candle_rebreak,2025-12-10 07:02:00 EST
202,C:\TSIS_Data\00_CTO\13_TRADING_SYSTEMS\03_STRATEGY_LIBRARY\LONG\DAS\runs\das_scanner_appearance_20260628T114046Z\chart_exports\event_day_premarket_detail_only\20260628T183512Z\images\0202_SES_2024-12-27_push42.86_rebreak_03_event_day_premarket_detail.png,das_scanner_appearance:SES:2024-12-27T09:00:00+00:00,SES,2024-12-27,42.8571,,34.9206,46.03174603174603,rebreak_confirmed,11.4815,single_candle_rebreak,2024-12-27 04:03:00 EST
203,C:\TSIS_Data\00_CTO\13_TRADING_SYSTEMS\03_STRATEGY_LIBRARY\LONG\DAS\runs\das_scanner_appearance_20260628T114046Z\chart_exports\event_day_premarket_detail_only\20260628T183512Z\images\0203_GLTO_2025-09-23_push42.86_rebreak_03_event_day_premarket_detail.png,das_scanner_appearance:GLTO:2025-09-23T10:51:00+00:00,GLTO,2025-09-23,42.8571,50.32467532467532,31.4935,126.94805194805194,rebreak_confirmed,13.1818,ascending_flag_break,2025-09-23 06:55:00 EDT
204,C:\TSIS_Data\00_CTO\13_TRADING_SYSTEMS\03_STRATEGY_LIBRARY\LONG\DAS\runs\das_scanner_appearance_20260628T114046Z\chart_exports\event_day_premarket_detail_only\20260628T183512Z\images\0204_OSRH_2025-02-21_push42.65_rebreak_03_event_day_premarket_detail.png,das_scanner_appearance:OSRH:2025-02-21T14:27:00+00:00,OSRH,2025-02-21,42.645,,37.1301,45.52845528455285,rebreak_confirmed,7.4778,single_candle_rebreak,2025-02-21 09:29:00 EST
205,C:\TSIS_Data\00_CTO\13_TRADING_SYSTEMS\03_STRATEGY_LIBRARY\LONG\DAS\runs\das_scanner_appearance_20260628T114046Z\chart_exports\event_day_premarket_detail_only\20260628T183512Z\images\0205_BACK_2025-01-28_push42.50_rebreak_03_event_day_premarket_detail.png,das_scanner_appearance:BACK:2025-01-28T09:01:00+00:00,BACK,2025-01-28,42.5,52.500000000000014,38.3333,74.16666666666666,rebreak_confirmed,6.4327,vwap_reclaim_rebreak,2025-01-28 04:10:00 EST
206,C:\TSIS_Data\00_CTO\13_TRADING_SYSTEMS\03_STRATEGY_LIBRARY\LONG\DAS\runs\das_scanner_appearance_20260628T114046Z\chart_exports\event_day_premarket_detail_only\20260628T183512Z\images\0206_KLTO_2025-01-03_push42.50_rebreak_03_event_day_premarket_detail.png,das_scanner_appearance:KLTO:2025-01-03T11:16:00+00:00,KLTO,2025-01-03,42.4957,62.47170062591556,35.837,62.47170062591556,rebreak_confirmed,11.215,single_candle_rebreak,2025-01-03 06:18:00 EST
207,C:\TSIS_Data\00_CTO\13_TRADING_SYSTEMS\03_STRATEGY_LIBRARY\LONG\DAS\runs\das_scanner_appearance_20260628T114046Z\chart_exports\event_day_premarket_detail_only\20260628T183512Z\images\0207_DOMH_2025-03-31_push42.23_rebreak_03_event_day_premarket_detail.png,das_scanner_appearance:DOMH:2025-03-31T12:26:00+00:00,DOMH,2025-03-31,42.2319,,27.1335,42.23194748358861,rebreak_confirmed,18.7692,vwap_reclaim_rebreak,2025-03-31 08:32:00 EDT
208,C:\TSIS_Data\00_CTO\13_TRADING_SYSTEMS\03_STRATEGY_LIBRARY\LONG\DAS\runs\das_scanner_appearance_20260628T114046Z\chart_exports\event_day_premarket_detail_only\20260628T183512Z\images\0208_KLTO_2025-06-10_push42.16_rebreak_03_event_day_premarket_detail.png,das_scanner_appearance:KLTO:2025-06-10T08:00:00+00:00,KLTO,2025-06-10,42.1569,52.45098039215685,39.2157,57.35294117647059,rebreak_confirmed,9.3103,last_red_high_break,2025-06-10 04:04:00 EDT
209,C:\TSIS_Data\00_CTO\13_TRADING_SYSTEMS\03_STRATEGY_LIBRARY\LONG\DAS\runs\das_scanner_appearance_20260628T114046Z\chart_exports\event_day_premarket_detail_only\20260628T183512Z\images\0209_ONCY_2025-01-15_push42.04_rebreak_03_event_day_premarket_detail.png,das_scanner_appearance:ONCY:2025-01-15T12:04:00+00:00,ONCY,2025-01-15,42.0389,,30.5842,42.0389461626575,rebreak_confirmed,15.3226,vwap_reclaim_rebreak,2025-01-15 07:24:00 EST
210,C:\TSIS_Data\00_CTO\13_TRADING_SYSTEMS\03_STRATEGY_LIBRARY\LONG\DAS\runs\das_scanner_appearance_20260628T114046Z\chart_exports\event_day_premarket_detail_only\20260628T183512Z\images\0210_EHGO_2025-07-07_push41.86_rebreak_03_event_day_premarket_detail.png,das_scanner_appearance:EHGO:2025-07-07T10:13:00+00:00,EHGO,2025-07-07,41.8605,51.162790697674424,34.8837,120.93023255813955,rebreak_confirmed,6.5574,vwap_reclaim_rebreak,2025-07-07 06:18:00 EDT
211,C:\TSIS_Data\00_CTO\13_TRADING_SYSTEMS\03_STRATEGY_LIBRARY\LONG\DAS\runs\das_scanner_appearance_20260628T114046Z\chart_exports\event_day_premarket_detail_only\20260628T183512Z\images\0211_HOUR_2025-09-08_push41.63_rebreak_03_event_day_premarket_detail.png,das_scanner_appearance:HOUR:2025-09-08T11:01:00+00:00,HOUR,2025-09-08,41.6256,,2.2167,47.044334975369466,rebreak_confirmed,7.8261,ascending_flag_break,2025-09-08 07:41:00 EDT
212,C:\TSIS_Data\00_CTO\13_TRADING_SYSTEMS\03_STRATEGY_LIBRARY\LONG\DAS\runs\das_scanner_appearance_20260628T114046Z\chart_exports\event_day_premarket_detail_only\20260628T183512Z\images\0212_GXAI_2026-01-26_push41.30_rebreak_03_event_day_premarket_detail.png,das_scanner_appearance:GXAI:2026-01-26T09:43:00+00:00,GXAI,2026-01-26,41.3043,53.623188405797116,-15.2174,92.02898550724639,rebreak_confirmed,12.8205,last_red_high_break,2026-01-26 07:41:00 EST
213,C:\TSIS_Data\00_CTO\13_TRADING_SYSTEMS\03_STRATEGY_LIBRARY\LONG\DAS\runs\das_scanner_appearance_20260628T114046Z\chart_exports\event_day_premarket_detail_only\20260628T183512Z\images\0213_JCSE_2026-01-05_push41.07_rebreak_03_event_day_premarket_detail.png,das_scanner_appearance:JCSE:2026-01-05T13:03:00+00:00,JCSE,2026-01-05,41.0714,54.4642857142857,35.7143,57.14285714285713,rebreak_confirmed,8.8608,vwap_reclaim_rebreak,2026-01-05 08:24:00 EST
214,C:\TSIS_Data\00_CTO\13_TRADING_SYSTEMS\03_STRATEGY_LIBRARY\LONG\DAS\runs\das_scanner_appearance_20260628T114046Z\chart_exports\event_day_premarket_detail_only\20260628T183512Z\images\0214_SGBX_2025-10-17_push40.95_rebreak_03_event_day_premarket_detail.png,das_scanner_appearance:SGBX:2025-10-17T08:04:00+00:00,SGBX,2025-10-17,40.9524,,35.2381,48.299319727891174,rebreak_confirmed,10.4247,ascending_flag_break,2025-10-17 04:08:00 EDT
215,C:\TSIS_Data\00_CTO\13_TRADING_SYSTEMS\03_STRATEGY_LIBRARY\LONG\DAS\runs\das_scanner_appearance_20260628T114046Z\chart_exports\event_day_premarket_detail_only\20260628T183512Z\images\0215_ATCH_2025-02-24_push40.95_rebreak_03_event_day_premarket_detail.png,das_scanner_appearance:ATCH:2025-02-24T12:04:00+00:00,ATCH,2025-02-24,40.9471,51.25348189415042,17.5487,64.34540389972146,rebreak_confirmed,15.8103,vwap_reclaim_rebreak,2025-02-24 07:20:00 EST
216,C:\TSIS_Data\00_CTO\13_TRADING_SYSTEMS\03_STRATEGY_LIBRARY\LONG\DAS\runs\das_scanner_appearance_20260628T114046Z\chart_exports\event_day_premarket_detail_only\20260628T183512Z\images\0216_HTOO_2025-12-03_push40.83_rebreak_03_event_day_premarket_detail.png,das_scanner_appearance:HTOO:2025-12-03T12:41:00+00:00,HTOO,2025-12-03,40.8333,,25.0,40.833333333333336,rebreak_confirmed,16.1736,ascending_flag_break,2025-12-03 07:47:00 EST
217,C:\TSIS_Data\00_CTO\13_TRADING_SYSTEMS\03_STRATEGY_LIBRARY\LONG\DAS\runs\das_scanner_appearance_20260628T114046Z\chart_exports\event_day_premarket_detail_only\20260628T183512Z\images\0217_GLMD_2024-09-17_push40.28_rebreak_03_event_day_premarket_detail.png,das_scanner_appearance:GLMD:2024-09-17T08:23:00+00:00,GLMD,2024-09-17,40.2834,,13.3603,47.77327935222671,rebreak_confirmed,8.658,single_candle_rebreak,2024-09-17 04:31:00 EDT
218,C:\TSIS_Data\00_CTO\13_TRADING_SYSTEMS\03_STRATEGY_LIBRARY\LONG\DAS\runs\das_scanner_appearance_20260628T114046Z\chart_exports\event_day_premarket_detail_only\20260628T183512Z\images\0218_DOMH_2025-02-11_push40.07_rebreak_03_event_day_premarket_detail.png,das_scanner_appearance:DOMH:2025-02-11T14:00:00+00:00,DOMH,2025-02-11,40.0651,53.74592833876222,31.2704,75.4071661237785,rebreak_confirmed,10.3488,flat_shelf_break,2025-02-11 09:06:00 EST
219,C:\TSIS_Data\00_CTO\13_TRADING_SYSTEMS\03_STRATEGY_LIBRARY\LONG\DAS\runs\das_scanner_appearance_20260628T114046Z\chart_exports\event_day_premarket_detail_only\20260628T183512Z\images\0219_WINT_2025-07-14_push40.00_rebreak_03_event_day_premarket_detail.png,das_scanner_appearance:WINT:2025-07-14T08:31:00+00:00,WINT,2025-07-14,40.0,51.249999999999986,17.5,127.49999999999999,rebreak_confirmed,24.1071,vwap_reclaim_rebreak,2025-07-14 04:45:00 EDT
220,C:\TSIS_Data\00_CTO\13_TRADING_SYSTEMS\03_STRATEGY_LIBRARY\LONG\DAS\runs\das_scanner_appearance_20260628T114046Z\chart_exports\event_day_premarket_detail_only\20260628T183512Z\images\0220_PMAX_2025-04-03_push39.34_rebreak_03_event_day_premarket_detail.png,das_scanner_appearance:PMAX:2025-04-03T08:55:00+00:00,PMAX,2025-04-03,39.3443,,6.5574,39.34426229508197,rebreak_confirmed,14.1176,multi_candle_flag_break,2025-04-03 05:09:00 EDT
221,C:\TSIS_Data\00_CTO\13_TRADING_SYSTEMS\03_STRATEGY_LIBRARY\LONG\DAS\runs\das_scanner_appearance_20260628T114046Z\chart_exports\event_day_premarket_detail_only\20260628T183512Z\images\0221_AGRI_2025-09-22_push39.28_rebreak_03_event_day_premarket_detail.png,das_scanner_appearance:AGRI:2025-09-22T08:04:00+00:00,AGRI,2025-09-22,39.2758,57.938718662952645,13.3705,216.43454038997217,rebreak_confirmed,20.0,single_candle_rebreak,2025-09-22 04:06:00 EDT
222,C:\TSIS_Data\00_CTO\13_TRADING_SYSTEMS\03_STRATEGY_LIBRARY\LONG\DAS\runs\das_scanner_appearance_20260628T114046Z\chart_exports\event_day_premarket_detail_only\20260628T183512Z\images\0222_IMRX_2024-10-15_push39.25_rebreak_03_event_day_premarket_detail.png,das_scanner_appearance:IMRX:2024-10-15T12:17:00+00:00,IMRX,2024-10-15,39.2473,,35.9946,42.47311827956988,rebreak_confirmed,10.0386,vwap_reclaim_rebreak,2024-10-15 08:42:00 EDT
223,C:\TSIS_Data\00_CTO\13_TRADING_SYSTEMS\03_STRATEGY_LIBRARY\LONG\DAS\runs\das_scanner_appearance_20260628T114046Z\chart_exports\event_day_premarket_detail_only\20260628T183512Z\images\0223_RSLS_2025-05-02_push39.21_rebreak_03_event_day_premarket_detail.png,das_scanner_appearance:RSLS:2025-05-02T12:38:00+00:00,RSLS,2025-05-02,39.2057,52.28426395939088,25.2016,83.54732756046583,rebreak_confirmed,16.7739,single_candle_rebreak,2025-05-02 08:40:00 EDT
224,C:\TSIS_Data\00_CTO\13_TRADING_SYSTEMS\03_STRATEGY_LIBRARY\LONG\DAS\runs\das_scanner_appearance_20260628T114046Z\chart_exports\event_day_premarket_detail_only\20260628T183512Z\images\0224_SMFL_2024-09-12_push39.17_rebreak_03_event_day_premarket_detail.png,das_scanner_appearance:SMFL:2024-09-12T08:01:00+00:00,SMFL,2024-09-12,39.1667,50.000000000000014,23.3333,60.83333333333334,rebreak_confirmed,13.7725,last_red_high_break,2024-09-12 04:04:00 EDT
225,C:\TSIS_Data\00_CTO\13_TRADING_SYSTEMS\03_STRATEGY_LIBRARY\LONG\DAS\runs\das_scanner_appearance_20260628T114046Z\chart_exports\event_day_premarket_detail_only\20260628T183512Z\images\0225_CSAI_2025-10-15_push39.10_rebreak_03_event_day_premarket_detail.png,das_scanner_appearance:CSAI:2025-10-15T13:22:00+00:00,CSAI,2025-10-15,39.0977,,23.3083,39.097744360902254,rebreak_confirmed,13.5135,single_candle_rebreak,2025-10-15 09:25:00 EDT
226,C:\TSIS_Data\00_CTO\13_TRADING_SYSTEMS\03_STRATEGY_LIBRARY\LONG\DAS\runs\das_scanner_appearance_20260628T114046Z\chart_exports\event_day_premarket_detail_only\20260628T183512Z\images\0226_MNTS_2026-01-05_push38.98_rebreak_03_event_day_premarket_detail.png,das_scanner_appearance:MNTS:2026-01-05T13:31:00+00:00,MNTS,2026-01-05,38.9831,53.15870570107857,31.7411,55.62403697996917,rebreak_confirmed,7.9823,multi_candle_flag_break,2026-01-05 08:35:00 EST
227,C:\TSIS_Data\00_CTO\13_TRADING_SYSTEMS\03_STRATEGY_LIBRARY\LONG\DAS\runs\das_scanner_appearance_20260628T114046Z\chart_exports\event_day_premarket_detail_only\20260628T183512Z\images\0227_APM_2024-12-31_push38.91_rebreak_03_event_day_premarket_detail.png,das_scanner_appearance:APM:2024-12-31T09:16:00+00:00,APM,2024-12-31,38.9068,53.054662379421224,-3.8585,116.39871382636657,rebreak_confirmed,12.037,single_candle_rebreak,2024-12-31 07:12:00 EST
228,C:\TSIS_Data\00_CTO\13_TRADING_SYSTEMS\03_STRATEGY_LIBRARY\LONG\DAS\runs\das_scanner_appearance_20260628T114046Z\chart_exports\event_day_premarket_detail_only\20260628T183512Z\images\0228_KLTO_2025-06-30_push38.91_rebreak_03_event_day_premarket_detail.png,das_scanner_appearance:KLTO:2025-06-30T08:04:00+00:00,KLTO,2025-06-30,38.9068,53.6977491961415,31.1897,60.77170418006431,rebreak_confirmed,10.3796,vwap_reclaim_rebreak,2025-06-30 04:18:00 EDT
229,C:\TSIS_Data\00_CTO\13_TRADING_SYSTEMS\03_STRATEGY_LIBRARY\LONG\DAS\runs\das_scanner_appearance_20260628T114046Z\chart_exports\event_day_premarket_detail_only\20260628T183512Z\images\0229_CYN_2026-01-27_push38.86_rebreak_03_event_day_premarket_detail.png,das_scanner_appearance:CYN:2026-01-27T12:08:00+00:00,CYN,2026-01-27,38.8626,50.71090047393366,19.6682,74.40758293838864,rebreak_confirmed,16.041,single_candle_rebreak,2026-01-27 07:10:00 EST
230,C:\TSIS_Data\00_CTO\13_TRADING_SYSTEMS\03_STRATEGY_LIBRARY\LONG\DAS\runs\das_scanner_appearance_20260628T114046Z\chart_exports\event_day_premarket_detail_only\20260628T183512Z\images\0230_AUUD_2025-10-16_push38.68_rebreak_03_event_day_premarket_detail.png,das_scanner_appearance:AUUD:2025-10-16T10:10:00+00:00,AUUD,2025-10-16,38.6792,50.471698113207545,31.1321,98.58490566037734,rebreak_confirmed,7.8231,vwap_reclaim_rebreak,2025-10-16 06:18:00 EDT
231,C:\TSIS_Data\00_CTO\13_TRADING_SYSTEMS\03_STRATEGY_LIBRARY\LONG\DAS\runs\das_scanner_appearance_20260628T114046Z\chart_exports\event_day_premarket_detail_only\20260628T183512Z\images\0231_KLTO_2025-07-10_push38.46_rebreak_03_event_day_premarket_detail.png,das_scanner_appearance:KLTO:2025-07-10T09:04:00+00:00,KLTO,2025-07-10,38.4615,52.44755244755247,13.2867,53.14685314685315,rebreak_confirmed,6.5657,vwap_reclaim_rebreak,2025-07-10 05:22:00 EDT
232,C:\TSIS_Data\00_CTO\13_TRADING_SYSTEMS\03_STRATEGY_LIBRARY\LONG\DAS\runs\das_scanner_appearance_20260628T114046Z\chart_exports\event_day_premarket_detail_only\20260628T183512Z\images\0232_GPUS_2025-09-26_push38.46_rebreak_03_event_day_premarket_detail.png,das_scanner_appearance:GPUS:2025-09-26T11:42:00+00:00,GPUS,2025-09-26,38.4615,,30.1538,48.7179487179487,rebreak_confirmed,10.8148,single_candle_rebreak,2025-09-26 07:46:00 EDT
233,C:\TSIS_Data\00_CTO\13_TRADING_SYSTEMS\03_STRATEGY_LIBRARY\LONG\DAS\runs\das_scanner_appearance_20260628T114046Z\chart_exports\event_day_premarket_detail_only\20260628T183512Z\images\0233_MVIS_2025-07-28_push38.46_rebreak_03_event_day_premarket_detail.png,das_scanner_appearance:MVIS:2025-07-28T12:36:00+00:00,MVIS,2025-07-28,38.4615,,6.1538,38.46153846153846,rebreak_confirmed,13.8889,ascending_flag_break,2025-07-28 09:24:00 EDT
234,C:\TSIS_Data\00_CTO\13_TRADING_SYSTEMS\03_STRATEGY_LIBRARY\LONG\DAS\runs\das_scanner_appearance_20260628T114046Z\chart_exports\event_day_premarket_detail_only\20260628T183512Z\images\0234_SGBX_2025-11-21_push38.44_rebreak_03_event_day_premarket_detail.png,das_scanner_appearance:SGBX:2025-11-21T13:00:00+00:00,SGBX,2025-11-21,38.4365,,13.6808,45.59934853420196,rebreak_confirmed,8.0,flat_shelf_break,2025-11-21 08:35:00 EST
235,C:\TSIS_Data\00_CTO\13_TRADING_SYSTEMS\03_STRATEGY_LIBRARY\LONG\DAS\runs\das_scanner_appearance_20260628T114046Z\chart_exports\event_day_premarket_detail_only\20260628T183512Z\images\0235_PALI_2025-09-17_push38.24_rebreak_03_event_day_premarket_detail.png,das_scanner_appearance:PALI:2025-09-17T13:00:00+00:00,PALI,2025-09-17,38.2431,,28.4955,38.24310860179344,rebreak_confirmed,13.3333,single_candle_rebreak,2025-09-17 09:04:00 EDT
236,C:\TSIS_Data\00_CTO\13_TRADING_SYSTEMS\03_STRATEGY_LIBRARY\LONG\DAS\runs\das_scanner_appearance_20260628T114046Z\chart_exports\event_day_premarket_detail_only\20260628T183512Z\images\0236_CWD_2025-08-28_push38.24_rebreak_03_event_day_premarket_detail.png,das_scanner_appearance:CWD:2025-08-28T11:16:00+00:00,CWD,2025-08-28,38.2353,55.88235294117647,34.1176,95.29411764705881,rebreak_confirmed,8.9362,vwap_reclaim_rebreak,2025-08-28 07:22:00 EDT
237,C:\TSIS_Data\00_CTO\13_TRADING_SYSTEMS\03_STRATEGY_LIBRARY\LONG\DAS\runs\das_scanner_appearance_20260628T114046Z\chart_exports\event_day_premarket_detail_only\20260628T183512Z\images\0237_AIFF_2025-08-26_push38.22_rebreak_03_event_day_premarket_detail.png,das_scanner_appearance:AIFF:2025-08-26T11:46:00+00:00,AIFF,2025-08-26,38.2239,,32.0463,42.85714285714287,rebreak_confirmed,5.5866,flat_shelf_break,2025-08-26 07:52:00 EDT
238,C:\TSIS_Data\00_CTO\13_TRADING_SYSTEMS\03_STRATEGY_LIBRARY\LONG\DAS\runs\das_scanner_appearance_20260628T114046Z\chart_exports\event_day_premarket_detail_only\20260628T183512Z\images\0238_LASE_2025-09-18_push38.21_rebreak_03_event_day_premarket_detail.png,das_scanner_appearance:LASE:2025-09-18T12:08:00+00:00,LASE,2025-09-18,38.2143,,32.5,48.92857142857144,rebreak_confirmed,12.1447,vwap_reclaim_rebreak,2025-09-18 08:15:00 EDT
239,C:\TSIS_Data\00_CTO\13_TRADING_SYSTEMS\03_STRATEGY_LIBRARY\LONG\DAS\runs\das_scanner_appearance_20260628T114046Z\chart_exports\event_day_premarket_detail_only\20260628T183512Z\images\0239_EQ_2025-02-06_push38.10_rebreak_03_event_day_premarket_detail.png,das_scanner_appearance:EQ:2025-02-06T13:02:00+00:00,EQ,2025-02-06,38.0972,,33.1806,44.44444444444445,rebreak_confirmed,13.2958,vwap_reclaim_rebreak,2025-02-06 08:08:00 EST
240,C:\TSIS_Data\00_CTO\13_TRADING_SYSTEMS\03_STRATEGY_LIBRARY\LONG\DAS\runs\das_scanner_appearance_20260628T114046Z\chart_exports\event_day_premarket_detail_only\20260628T183512Z\images\0240_SCNX_2025-10-16_push38.07_rebreak_03_event_day_premarket_detail.png,das_scanner_appearance:SCNX:2025-10-16T13:03:00+00:00,SCNX,2025-10-16,38.0697,59.51742627345844,13.941,89.00804289544236,rebreak_confirmed,6.301,single_candle_rebreak,2025-10-16 09:08:00 EDT
241,C:\TSIS_Data\00_CTO\13_TRADING_SYSTEMS\03_STRATEGY_LIBRARY\LONG\DAS\runs\das_scanner_appearance_20260628T114046Z\chart_exports\event_day_premarket_detail_only\20260628T183512Z\images\0241_HOTH_2024-09-05_push38.05_rebreak_03_event_day_premarket_detail.png,das_scanner_appearance:HOTH:2024-09-05T12:04:00+00:00,HOTH,2024-09-05,38.0476,50.72545428933653,25.3557,73.26383997746161,rebreak_confirmed,17.1429,vwap_reclaim_rebreak,2024-09-05 08:14:00 EDT
242,C:\TSIS_Data\00_CTO\13_TRADING_SYSTEMS\03_STRATEGY_LIBRARY\LONG\DAS\runs\das_scanner_appearance_20260628T114046Z\chart_exports\event_day_premarket_detail_only\20260628T183512Z\images\0242_KALA_2025-12-01_push38.04_rebreak_03_event_day_premarket_detail.png,das_scanner_appearance:KALA:2025-12-01T12:02:00+00:00,KALA,2025-12-01,38.0368,51.32924335378323,31.9018,54.396728016359916,rebreak_confirmed,13.3333,single_candle_rebreak,2025-12-01 07:05:00 EST
243,C:\TSIS_Data\00_CTO\13_TRADING_SYSTEMS\03_STRATEGY_LIBRARY\LONG\DAS\runs\das_scanner_appearance_20260628T114046Z\chart_exports\event_day_premarket_detail_only\20260628T183512Z\images\0243_PRZO_2024-01-29_push37.72_rebreak_03_event_day_premarket_detail.png,das_scanner_appearance:PRZO:2024-01-29T12:27:00+00:00,PRZO,2024-01-29,37.7189,,21.6874,41.73017783126087,rebreak_confirmed,10.0,last_red_high_break,2024-01-29 07:34:00 EST
244,C:\TSIS_Data\00_CTO\13_TRADING_SYSTEMS\03_STRATEGY_LIBRARY\LONG\DAS\runs\das_scanner_appearance_20260628T114046Z\chart_exports\event_day_premarket_detail_only\20260628T183512Z\images\0244_BAOS_2025-10-09_push37.72_rebreak_03_event_day_premarket_detail.png,das_scanner_appearance:BAOS:2025-10-09T08:03:00+00:00,BAOS,2025-10-09,37.7176,51.8375241779497,17.4081,60.54158607350099,rebreak_confirmed,17.8371,single_candle_rebreak,2025-10-09 04:07:00 EDT
245,C:\TSIS_Data\00_CTO\13_TRADING_SYSTEMS\03_STRATEGY_LIBRARY\LONG\DAS\runs\das_scanner_appearance_20260628T114046Z\chart_exports\event_day_premarket_detail_only\20260628T183512Z\images\0245_USEG_2025-06-13_push37.35_rebreak_03_event_day_premarket_detail.png,das_scanner_appearance:USEG:2025-06-13T08:02:00+00:00,USEG,2025-06-13,37.3494,53.6144578313253,32.5301,98.19277108433737,rebreak_confirmed,10.0877,vwap_reclaim_rebreak,2025-06-13 04:34:00 EDT
246,C:\TSIS_Data\00_CTO\13_TRADING_SYSTEMS\03_STRATEGY_LIBRARY\LONG\DAS\runs\das_scanner_appearance_20260628T114046Z\chart_exports\event_day_premarket_detail_only\20260628T183512Z\images\0246_BHAT_2025-09-12_push37.21_rebreak_03_event_day_premarket_detail.png,das_scanner_appearance:BHAT:2025-09-12T12:27:00+00:00,BHAT,2025-09-12,37.2093,52.616279069767444,3.4884,52.616279069767444,rebreak_confirmed,14.4068,vwap_reclaim_rebreak,2025-09-12 08:41:00 EDT
247,C:\TSIS_Data\00_CTO\13_TRADING_SYSTEMS\03_STRATEGY_LIBRARY\LONG\DAS\runs\das_scanner_appearance_20260628T114046Z\chart_exports\event_day_premarket_detail_only\20260628T183512Z\images\0247_ZEO_2024-12-09_push37.12_rebreak_03_event_day_premarket_detail.png,das_scanner_appearance:ZEO:2024-12-09T09:11:00+00:00,ZEO,2024-12-09,37.1179,50.21834061135371,10.917,50.655021834061145,rebreak_confirmed,10.828,vwap_reclaim_rebreak,2024-12-09 04:34:00 EST
248,C:\TSIS_Data\00_CTO\13_TRADING_SYSTEMS\03_STRATEGY_LIBRARY\LONG\DAS\runs\das_scanner_appearance_20260628T114046Z\chart_exports\event_day_premarket_detail_only\20260628T183512Z\images\0248_AMZE_2025-11-14_push36.91_rebreak_03_event_day_premarket_detail.png,das_scanner_appearance:AMZE:2025-11-14T13:31:00+00:00,AMZE,2025-11-14,36.9142,54.50236966824643,33.5176,54.50236966824643,rebreak_confirmed,8.1346,ascending_flag_break,2025-11-14 08:35:00 EST
249,C:\TSIS_Data\00_CTO\13_TRADING_SYSTEMS\03_STRATEGY_LIBRARY\LONG\DAS\runs\das_scanner_appearance_20260628T114046Z\chart_exports\event_day_premarket_detail_only\20260628T183512Z\images\0249_NUWE_2025-07-16_push36.89_rebreak_03_event_day_premarket_detail.png,das_scanner_appearance:NUWE:2025-07-16T08:27:00+00:00,NUWE,2025-07-16,36.8932,53.721682847896446,29.1262,107.11974110032362,rebreak_confirmed,6.9346,vwap_reclaim_rebreak,2025-07-16 04:57:00 EDT
250,C:\TSIS_Data\00_CTO\13_TRADING_SYSTEMS\03_STRATEGY_LIBRARY\LONG\DAS\runs\das_scanner_appearance_20260628T114046Z\chart_exports\event_day_premarket_detail_only\20260628T183512Z\images\0250_PMVP_2025-09-10_push36.81_rebreak_03_event_day_premarket_detail.png,das_scanner_appearance:PMVP:2025-09-10T11:16:00+00:00,PMVP,2025-09-10,36.8098,50.30674846625769,19.0184,93.86503067484665,rebreak_confirmed,18.3857,single_candle_rebreak,2025-09-10 07:18:00 EDT
251,C:\TSIS_Data\00_CTO\13_TRADING_SYSTEMS\03_STRATEGY_LIBRARY\LONG\DAS\runs\das_scanner_appearance_20260628T114046Z\chart_exports\event_day_premarket_detail_only\20260628T183512Z\images\0251_UOKA_2025-09-12_push36.73_rebreak_03_event_day_premarket_detail.png,das_scanner_appearance:UOKA:2025-09-12T11:50:00+00:00,UOKA,2025-09-12,36.7347,61.255102040816325,15.3061,83.33333333333333,rebreak_confirmed,17.4129,vwap_reclaim_rebreak,2025-09-12 08:02:00 EDT
252,C:\TSIS_Data\00_CTO\13_TRADING_SYSTEMS\03_STRATEGY_LIBRARY\LONG\DAS\runs\das_scanner_appearance_20260628T114046Z\chart_exports\event_day_premarket_detail_only\20260628T183512Z\images\0252_WOLF_2025-07-07_push36.36_rebreak_03_event_day_premarket_detail.png,das_scanner_appearance:WOLF:2025-07-07T08:15:00+00:00,WOLF,2025-07-07,36.3636,,8.6777,36.36363636363636,rebreak_confirmed,9.697,flat_shelf_break,2025-07-07 06:54:00 EDT
253,C:\TSIS_Data\00_CTO\13_TRADING_SYSTEMS\03_STRATEGY_LIBRARY\LONG\DAS\runs\das_scanner_appearance_20260628T114046Z\chart_exports\event_day_premarket_detail_only\20260628T183512Z\images\0253_BZAI_2026-01-27_push36.31_rebreak_03_event_day_premarket_detail.png,das_scanner_appearance:BZAI:2026-01-27T10:20:00+00:00,BZAI,2026-01-27,36.3128,,31.2849,44.134078212290504,rebreak_confirmed,6.5574,multi_candle_flag_break,2026-01-27 05:24:00 EST
254,C:\TSIS_Data\00_CTO\13_TRADING_SYSTEMS\03_STRATEGY_LIBRARY\LONG\DAS\runs\das_scanner_appearance_20260628T114046Z\chart_exports\event_day_premarket_detail_only\20260628T183512Z\images\0254_TMQ_2024-11-06_push36.25_rebreak_03_event_day_premarket_detail.png,das_scanner_appearance:TMQ:2024-11-06T13:03:00+00:00,TMQ,2024-11-06,36.252,,24.3937,49.133858267716526,rebreak_confirmed,3.2709,single_candle_rebreak,2024-11-06 08:06:00 EST
255,C:\TSIS_Data\00_CTO\13_TRADING_SYSTEMS\03_STRATEGY_LIBRARY\LONG\DAS\runs\das_scanner_appearance_20260628T114046Z\chart_exports\event_day_premarket_detail_only\20260628T183512Z\images\0255_SLNH_2025-09-10_push36.08_rebreak_03_event_day_premarket_detail.png,das_scanner_appearance:SLNH:2025-09-10T10:11:00+00:00,SLNH,2025-09-10,36.0819,56.79763881202729,25.1245,56.79763881202729,rebreak_confirmed,18.6661,vwap_reclaim_rebreak,2025-09-10 06:14:00 EDT
256,C:\TSIS_Data\00_CTO\13_TRADING_SYSTEMS\03_STRATEGY_LIBRARY\LONG\DAS\runs\das_scanner_appearance_20260628T114046Z\chart_exports\event_day_premarket_detail_only\20260628T183512Z\images\0256_SGBX_2025-01-15_push36.07_rebreak_03_event_day_premarket_detail.png,das_scanner_appearance:SGBX:2025-01-15T09:08:00+00:00,SGBX,2025-01-15,36.0656,50.819672131147556,31.4918,216.3934426229508,rebreak_confirmed,12.0602,vwap_reclaim_rebreak,2025-01-15 04:18:00 EST
257,C:\TSIS_Data\00_CTO\13_TRADING_SYSTEMS\03_STRATEGY_LIBRARY\LONG\DAS\runs\das_scanner_appearance_20260628T114046Z\chart_exports\event_day_premarket_detail_only\20260628T183512Z\images\0257_VRAX_2025-12-03_push35.97_rebreak_03_event_day_premarket_detail.png,das_scanner_appearance:VRAX:2025-12-03T13:02:00+00:00,VRAX,2025-12-03,35.9703,65.63658838071693,35.3028,147.21878862793568,rebreak_confirmed,10.6727,vwap_reclaim_rebreak,2025-12-03 08:08:00 EST
258,C:\TSIS_Data\00_CTO\13_TRADING_SYSTEMS\03_STRATEGY_LIBRARY\LONG\DAS\runs\das_scanner_appearance_20260628T114046Z\chart_exports\event_day_premarket_detail_only\20260628T183512Z\images\0258_CHEK_2025-09-15_push35.91_rebreak_03_event_day_premarket_detail.png,das_scanner_appearance:CHEK:2025-09-15T08:00:00+00:00,CHEK,2025-09-15,35.9091,57.72727272727273,-5.9091,100.90909090909088,rebreak_confirmed,11.7057,multi_candle_flag_break,2025-09-15 07:30:00 EDT
259,C:\TSIS_Data\00_CTO\13_TRADING_SYSTEMS\03_STRATEGY_LIBRARY\LONG\DAS\runs\das_scanner_appearance_20260628T114046Z\chart_exports\event_day_premarket_detail_only\20260628T183512Z\images\0259_GXAI_2026-02-17_push35.68_rebreak_03_event_day_premarket_detail.png,das_scanner_appearance:GXAI:2026-02-17T12:48:00+00:00,GXAI,2026-02-17,35.678,52.542372881355945,10.1695,66.94915254237289,rebreak_confirmed,11.93,single_candle_rebreak,2026-02-17 07:53:00 EST
260,C:\TSIS_Data\00_CTO\13_TRADING_SYSTEMS\03_STRATEGY_LIBRARY\LONG\DAS\runs\das_scanner_appearance_20260628T114046Z\chart_exports\event_day_premarket_detail_only\20260628T183512Z\images\0260_BMR_2025-06-11_push35.65_rebreak_03_event_day_premarket_detail.png,das_scanner_appearance:BMR:2025-06-11T11:08:00+00:00,BMR,2025-06-11,35.6522,,27.8261,35.65217391304346,rebreak_confirmed,13.2479,vwap_reclaim_rebreak,2025-06-11 07:40:00 EDT
261,C:\TSIS_Data\00_CTO\13_TRADING_SYSTEMS\03_STRATEGY_LIBRARY\LONG\DAS\runs\das_scanner_appearance_20260628T114046Z\chart_exports\event_day_premarket_detail_only\20260628T183512Z\images\0261_SES_2024-09-17_push35.58_rebreak_03_event_day_premarket_detail.png,das_scanner_appearance:SES:2024-09-17T11:07:00+00:00,SES,2024-09-17,35.5769,53.846153846153854,23.0769,53.846153846153854,rebreak_confirmed,7.0922,single_candle_rebreak,2024-09-17 07:11:00 EDT
262,C:\TSIS_Data\00_CTO\13_TRADING_SYSTEMS\03_STRATEGY_LIBRARY\LONG\DAS\runs\das_scanner_appearance_20260628T114046Z\chart_exports\event_day_premarket_detail_only\20260628T183512Z\images\0262_BSLK_2025-09-16_push35.53_rebreak_03_event_day_premarket_detail.png,das_scanner_appearance:BSLK:2025-09-16T08:09:00+00:00,BSLK,2025-09-16,35.5294,,15.2941,35.52941176470588,rebreak_confirmed,21.3542,last_red_high_break,2025-09-16 04:12:00 EDT
263,C:\TSIS_Data\00_CTO\13_TRADING_SYSTEMS\03_STRATEGY_LIBRARY\LONG\DAS\runs\das_scanner_appearance_20260628T114046Z\chart_exports\event_day_premarket_detail_only\20260628T183512Z\images\0263_ISPC_2024-11-07_push35.52_rebreak_03_event_day_premarket_detail.png,das_scanner_appearance:ISPC:2024-11-07T12:32:00+00:00,ISPC,2024-11-07,35.5236,,22.1766,35.523613963039004,rebreak_confirmed,16.6667,vwap_reclaim_rebreak,2024-11-07 08:01:00 EST
264,C:\TSIS_Data\00_CTO\13_TRADING_SYSTEMS\03_STRATEGY_LIBRARY\LONG\DAS\runs\das_scanner_appearance_20260628T114046Z\chart_exports\event_day_premarket_detail_only\20260628T183512Z\images\0264_IMRX_2024-12-12_push35.51_rebreak_03_event_day_premarket_detail.png,das_scanner_appearance:IMRX:2024-12-12T13:03:00+00:00,IMRX,2024-12-12,35.514,,15.4206,35.514018691588774,rebreak_confirmed,28.2483,ascending_flag_break,2024-12-12 08:08:00 EST
265,C:\TSIS_Data\00_CTO\13_TRADING_SYSTEMS\03_STRATEGY_LIBRARY\LONG\DAS\runs\das_scanner_appearance_20260628T114046Z\chart_exports\event_day_premarket_detail_only\20260628T183512Z\images\0265_SPI_2024-12-13_push35.31_rebreak_03_event_day_premarket_detail.png,das_scanner_appearance:SPI:2024-12-13T09:01:00+00:00,SPI,2024-12-13,35.3139,,21.9955,35.313901345291484,rebreak_confirmed,12.5104,vwap_reclaim_rebreak,2024-12-13 04:05:00 EST
266,C:\TSIS_Data\00_CTO\13_TRADING_SYSTEMS\03_STRATEGY_LIBRARY\LONG\DAS\runs\das_scanner_appearance_20260628T114046Z\chart_exports\event_day_premarket_detail_only\20260628T183512Z\images\0266_NAOV_2025-06-11_push35.25_rebreak_03_event_day_premarket_detail.png,das_scanner_appearance:NAOV:2025-06-11T12:19:00+00:00,NAOV,2025-06-11,35.2504,,17.412,47.43511636407944,rebreak_confirmed,9.9099,vwap_reclaim_rebreak,2025-06-11 08:38:00 EDT
267,C:\TSIS_Data\00_CTO\13_TRADING_SYSTEMS\03_STRATEGY_LIBRARY\LONG\DAS\runs\das_scanner_appearance_20260628T114046Z\chart_exports\event_day_premarket_detail_only\20260628T183512Z\images\0267_CWD_2025-09-10_push35.19_rebreak_03_event_day_premarket_detail.png,das_scanner_appearance:CWD:2025-09-10T11:00:00+00:00,CWD,2025-09-10,35.1876,60.413971539456654,-17.7232,74.51487710219922,rebreak_confirmed,9.8565,multi_candle_flag_break,2025-09-10 08:02:00 EDT
268,C:\TSIS_Data\00_CTO\13_TRADING_SYSTEMS\03_STRATEGY_LIBRARY\LONG\DAS\runs\das_scanner_appearance_20260628T114046Z\chart_exports\event_day_premarket_detail_only\20260628T183512Z\images\0268_PROK_2025-07-15_push35.10_rebreak_03_event_day_premarket_detail.png,das_scanner_appearance:PROK:2025-07-15T11:36:00+00:00,PROK,2025-07-15,35.0975,,-0.8357,37.610027855153206,rebreak_confirmed,4.1237,flat_shelf_break,2025-07-15 08:39:00 EDT
269,C:\TSIS_Data\00_CTO\13_TRADING_SYSTEMS\03_STRATEGY_LIBRARY\LONG\DAS\runs\das_scanner_appearance_20260628T114046Z\chart_exports\event_day_premarket_detail_only\20260628T183512Z\images\0269_MDJH_2024-08-01_push35.03_rebreak_03_event_day_premarket_detail.png,das_scanner_appearance:MDJH:2024-08-01T12:24:00+00:00,MDJH,2024-08-01,35.0282,,5.0847,36.7231638418079,rebreak_confirmed,16.318,ascending_flag_break,2024-08-01 08:38:00 EDT
270,C:\TSIS_Data\00_CTO\13_TRADING_SYSTEMS\03_STRATEGY_LIBRARY\LONG\DAS\runs\das_scanner_appearance_20260628T114046Z\chart_exports\event_day_premarket_detail_only\20260628T183512Z\images\0270_SYRS_2024-11-13_push35.00_rebreak_03_event_day_premarket_detail.png,das_scanner_appearance:SYRS:2024-11-13T09:09:00+00:00,SYRS,2024-11-13,34.9975,72.54202750891493,30.54,81.78807947019867,rebreak_confirmed,15.0755,single_candle_rebreak,2024-11-13 04:12:00 EST
271,C:\TSIS_Data\00_CTO\13_TRADING_SYSTEMS\03_STRATEGY_LIBRARY\LONG\DAS\runs\das_scanner_appearance_20260628T114046Z\chart_exports\event_day_premarket_detail_only\20260628T183512Z\images\0271_ALUR_2025-01-24_push34.74_rebreak_03_event_day_premarket_detail.png,das_scanner_appearance:ALUR:2025-01-24T09:11:00+00:00,ALUR,2025-01-24,34.7398,65.9634317862166,-9.9859,184.9507735583685,rebreak_confirmed,3.9666,single_candle_rebreak,2025-01-24 07:05:00 EST
272,C:\TSIS_Data\00_CTO\13_TRADING_SYSTEMS\03_STRATEGY_LIBRARY\LONG\DAS\runs\das_scanner_appearance_20260628T114046Z\chart_exports\event_day_premarket_detail_only\20260628T183512Z\images\0272_WISA_2025-02-12_push34.51_rebreak_03_event_day_premarket_detail.png,das_scanner_appearance:WISA:2025-02-12T13:54:00+00:00,WISA,2025-02-12,34.5133,,23.8938,45.13274336283186,rebreak_confirmed,7.2368,vwap_reclaim_rebreak,2025-02-12 09:24:00 EST
273,C:\TSIS_Data\00_CTO\13_TRADING_SYSTEMS\03_STRATEGY_LIBRARY\LONG\DAS\runs\das_scanner_appearance_20260628T114046Z\chart_exports\event_day_premarket_detail_only\20260628T183512Z\images\0273_AMOD_2025-07-23_push34.45_rebreak_03_event_day_premarket_detail.png,das_scanner_appearance:AMOD:2025-07-23T12:37:00+00:00,AMOD,2025-07-23,34.4538,52.941176470588246,18.4874,100.8403361344538,rebreak_confirmed,14.375,flat_shelf_break,2025-07-23 08:41:00 EDT
274,C:\TSIS_Data\00_CTO\13_TRADING_SYSTEMS\03_STRATEGY_LIBRARY\LONG\DAS\runs\das_scanner_appearance_20260628T114046Z\chart_exports\event_day_premarket_detail_only\20260628T183512Z\images\0274_SPAI_2024-11-21_push34.44_rebreak_03_event_day_premarket_detail.png,das_scanner_appearance:SPAI:2024-11-21T13:05:00+00:00,SPAI,2024-11-21,34.4444,51.38888888888889,20.0,94.44444444444444,rebreak_confirmed,10.124,single_candle_rebreak,2024-11-21 08:08:00 EST
275,C:\TSIS_Data\00_CTO\13_TRADING_SYSTEMS\03_STRATEGY_LIBRARY\LONG\DAS\runs\das_scanner_appearance_20260628T114046Z\chart_exports\event_day_premarket_detail_only\20260628T183512Z\images\0275_SHIM_2024-12-03_push34.36_rebreak_03_event_day_premarket_detail.png,das_scanner_appearance:SHIM:2024-12-03T09:29:00+00:00,SHIM,2024-12-03,34.359,,3.8462,36.66666666666667,rebreak_confirmed,6.4885,last_red_high_break,2024-12-03 05:41:00 EST
276,C:\TSIS_Data\00_CTO\13_TRADING_SYSTEMS\03_STRATEGY_LIBRARY\LONG\DAS\runs\das_scanner_appearance_20260628T114046Z\chart_exports\event_day_premarket_detail_only\20260628T183512Z\images\0276_ALLR_2025-08-26_push34.34_rebreak_03_event_day_premarket_detail.png,das_scanner_appearance:ALLR:2025-08-26T12:00:00+00:00,ALLR,2025-08-26,34.3434,57.57575757575758,29.2929,110.1010101010101,rebreak_confirmed,9.7744,vwap_reclaim_rebreak,2025-08-26 08:07:00 EDT
277,C:\TSIS_Data\00_CTO\13_TRADING_SYSTEMS\03_STRATEGY_LIBRARY\LONG\DAS\runs\das_scanner_appearance_20260628T114046Z\chart_exports\event_day_premarket_detail_only\20260628T183512Z\images\0277_SMTK_2026-02-06_push34.14_rebreak_03_event_day_premarket_detail.png,das_scanner_appearance:SMTK:2026-02-06T13:07:00+00:00,SMTK,2026-02-06,34.14,,25.8,45.10000000000001,rebreak_confirmed,12.7777,last_red_high_break,2026-02-06 08:10:00 EST
278,C:\TSIS_Data\00_CTO\13_TRADING_SYSTEMS\03_STRATEGY_LIBRARY\LONG\DAS\runs\das_scanner_appearance_20260628T114046Z\chart_exports\event_day_premarket_detail_only\20260628T183512Z\images\0278_SGBX_2025-10-23_push33.79_rebreak_03_event_day_premarket_detail.png,das_scanner_appearance:SGBX:2025-10-23T08:22:00+00:00,SGBX,2025-10-23,33.7884,50.170648464163826,12.2867,54.60750853242321,rebreak_confirmed,11.9898,single_candle_rebreak,2025-10-23 04:29:00 EDT
279,C:\TSIS_Data\00_CTO\13_TRADING_SYSTEMS\03_STRATEGY_LIBRARY\LONG\DAS\runs\das_scanner_appearance_20260628T114046Z\chart_exports\event_day_premarket_detail_only\20260628T183512Z\images\0279_ADTX_2025-12-05_push33.77_rebreak_03_event_day_premarket_detail.png,das_scanner_appearance:ADTX:2025-12-05T12:49:00+00:00,ADTX,2025-12-05,33.7705,,23.2787,33.770491803278695,rebreak_confirmed,23.5294,vwap_reclaim_rebreak,2025-12-05 08:05:00 EST
280,C:\TSIS_Data\00_CTO\13_TRADING_SYSTEMS\03_STRATEGY_LIBRARY\LONG\DAS\runs\das_scanner_appearance_20260628T114046Z\chart_exports\event_day_premarket_detail_only\20260628T183512Z\images\0280_DRMA_2025-12-30_push33.66_rebreak_03_event_day_premarket_detail.png,das_scanner_appearance:DRMA:2025-12-30T12:12:00+00:00,DRMA,2025-12-30,33.6585,,28.2927,40.00000000000002,rebreak_confirmed,6.5693,vwap_reclaim_rebreak,2025-12-30 07:18:00 EST
281,C:\TSIS_Data\00_CTO\13_TRADING_SYSTEMS\03_STRATEGY_LIBRARY\LONG\DAS\runs\das_scanner_appearance_20260628T114046Z\chart_exports\event_day_premarket_detail_only\20260628T183512Z\images\0281_SOPA_2025-12-29_push33.66_rebreak_03_event_day_premarket_detail.png,das_scanner_appearance:SOPA:2025-12-29T11:47:00+00:00,SOPA,2025-12-29,33.6585,,-3.9024,40.48780487804879,rebreak_confirmed,7.6642,flat_shelf_break,2025-12-29 07:13:00 EST
282,C:\TSIS_Data\00_CTO\13_TRADING_SYSTEMS\03_STRATEGY_LIBRARY\LONG\DAS\runs\das_scanner_appearance_20260628T114046Z\chart_exports\event_day_premarket_detail_only\20260628T183512Z\images\0282_GV_2025-03-14_push33.57_rebreak_03_event_day_premarket_detail.png,das_scanner_appearance:GV:2025-03-14T13:01:00+00:00,GV,2025-03-14,33.5727,,28.3662,49.19210053859964,rebreak_confirmed,4.5699,multi_candle_flag_break,2025-03-14 09:07:00 EDT
283,C:\TSIS_Data\00_CTO\13_TRADING_SYSTEMS\03_STRATEGY_LIBRARY\LONG\DAS\runs\das_scanner_appearance_20260628T114046Z\chart_exports\event_day_premarket_detail_only\20260628T183512Z\images\0283_VVPR_2025-05-30_push33.55_rebreak_03_event_day_premarket_detail.png,das_scanner_appearance:VVPR:2025-05-30T11:38:00+00:00,VVPR,2025-05-30,33.547,,21.7949,33.54700854700855,rebreak_confirmed,21.76,vwap_reclaim_rebreak,2025-05-30 08:05:00 EDT
284,C:\TSIS_Data\00_CTO\13_TRADING_SYSTEMS\03_STRATEGY_LIBRARY\LONG\DAS\runs\das_scanner_appearance_20260628T114046Z\chart_exports\event_day_premarket_detail_only\20260628T183512Z\images\0284_KAVL_2025-10-01_push33.48_rebreak_03_event_day_premarket_detail.png,das_scanner_appearance:KAVL:2025-10-01T12:15:00+00:00,KAVL,2025-10-01,33.4816,,21.2013,40.15572858731924,rebreak_confirmed,10.7,vwap_reclaim_rebreak,2025-10-01 08:21:00 EDT
285,C:\TSIS_Data\00_CTO\13_TRADING_SYSTEMS\03_STRATEGY_LIBRARY\LONG\DAS\runs\das_scanner_appearance_20260628T114046Z\chart_exports\event_day_premarket_detail_only\20260628T183512Z\images\0285_BPTH_2024-10-08_push33.35_rebreak_03_event_day_premarket_detail.png,das_scanner_appearance:BPTH:2024-10-08T11:04:00+00:00,BPTH,2024-10-08,33.3481,55.57284142682519,24.4583,68.90765640626736,rebreak_confirmed,12.5,vwap_reclaim_rebreak,2024-10-08 07:24:00 EDT
286,C:\TSIS_Data\00_CTO\13_TRADING_SYSTEMS\03_STRATEGY_LIBRARY\LONG\DAS\runs\das_scanner_appearance_20260628T114046Z\chart_exports\event_day_premarket_detail_only\20260628T183512Z\images\0286_UAVS_2025-07-18_push33.33_rebreak_03_event_day_premarket_detail.png,das_scanner_appearance:UAVS:2025-07-18T12:01:00+00:00,UAVS,2025-07-18,33.3333,,25.8503,46.25850340136054,rebreak_confirmed,6.6327,vwap_reclaim_rebreak,2025-07-18 08:14:00 EDT
287,C:\TSIS_Data\00_CTO\13_TRADING_SYSTEMS\03_STRATEGY_LIBRARY\LONG\DAS\runs\das_scanner_appearance_20260628T114046Z\chart_exports\event_day_premarket_detail_only\20260628T183512Z\images\0287_LNAI_2025-11-25_push33.33_rebreak_03_event_day_premarket_detail.png,das_scanner_appearance:LNAI:2025-11-25T12:48:00+00:00,LNAI,2025-11-25,33.3333,,25.3968,34.92063492063492,rebreak_confirmed,9.5238,single_candle_rebreak,2025-11-25 07:50:00 EST
288,C:\TSIS_Data\00_CTO\13_TRADING_SYSTEMS\03_STRATEGY_LIBRARY\LONG\DAS\runs\das_scanner_appearance_20260628T114046Z\chart_exports\event_day_premarket_detail_only\20260628T183512Z\images\0288_ZAPP_2024-07-05_push33.22_rebreak_03_event_day_premarket_detail.png,das_scanner_appearance:ZAPP:2024-07-05T11:01:00+00:00,ZAPP,2024-07-05,33.2155,54.416961130742045,30.3887,69.25795053003533,rebreak_confirmed,6.4987,single_candle_rebreak,2024-07-05 07:03:00 EDT
289,C:\TSIS_Data\00_CTO\13_TRADING_SYSTEMS\03_STRATEGY_LIBRARY\LONG\DAS\runs\das_scanner_appearance_20260628T114046Z\chart_exports\event_day_premarket_detail_only\20260628T183512Z\images\0289_NDRA_2025-07-08_push33.20_rebreak_03_event_day_premarket_detail.png,das_scanner_appearance:NDRA:2025-07-08T08:02:00+00:00,NDRA,2025-07-08,33.2046,66.79536679536682,23.9382,115.05791505791507,rebreak_confirmed,13.0435,vwap_reclaim_rebreak,2025-07-08 04:14:00 EDT
290,C:\TSIS_Data\00_CTO\13_TRADING_SYSTEMS\03_STRATEGY_LIBRARY\LONG\DAS\runs\das_scanner_appearance_20260628T114046Z\chart_exports\event_day_premarket_detail_only\20260628T183512Z\images\0290_GELS_2025-11-24_push33.15_rebreak_03_event_day_premarket_detail.png,das_scanner_appearance:GELS:2025-11-24T13:32:00+00:00,GELS,2025-11-24,33.1457,,27.192,47.2180125568305,rebreak_confirmed,8.1301,vwap_reclaim_rebreak,2025-11-24 08:53:00 EST
291,C:\TSIS_Data\00_CTO\13_TRADING_SYSTEMS\03_STRATEGY_LIBRARY\LONG\DAS\runs\das_scanner_appearance_20260628T114046Z\chart_exports\event_day_premarket_detail_only\20260628T183512Z\images\0291_SGMO_2025-11-21_push33.04_rebreak_03_event_day_premarket_detail.png,das_scanner_appearance:SGMO:2025-11-21T14:08:00+00:00,SGMO,2025-11-21,33.0428,,29.5309,46.090745962573685,rebreak_confirmed,4.605,multi_candle_flag_break,2025-11-21 09:19:00 EST
292,C:\TSIS_Data\00_CTO\13_TRADING_SYSTEMS\03_STRATEGY_LIBRARY\LONG\DAS\runs\das_scanner_appearance_20260628T114046Z\chart_exports\event_day_premarket_detail_only\20260628T183512Z\images\0292_MDAI_2024-03-12_push32.96_rebreak_03_event_day_premarket_detail.png,das_scanner_appearance:MDAI:2024-03-12T12:02:00+00:00,MDAI,2024-03-12,32.9609,,22.3464,39.66480446927374,rebreak_confirmed,21.4286,single_candle_rebreak,2024-03-12 08:04:00 EDT
293,C:\TSIS_Data\00_CTO\13_TRADING_SYSTEMS\03_STRATEGY_LIBRARY\LONG\DAS\runs\das_scanner_appearance_20260628T114046Z\chart_exports\event_day_premarket_detail_only\20260628T183512Z\images\0293_BON_2025-06-04_push32.95_rebreak_03_event_day_premarket_detail.png,das_scanner_appearance:BON:2025-06-04T11:27:00+00:00,BON,2025-06-04,32.948,,19.0751,49.71098265895953,rebreak_confirmed,15.2174,vwap_reclaim_rebreak,2025-06-04 07:49:00 EDT
294,C:\TSIS_Data\00_CTO\13_TRADING_SYSTEMS\03_STRATEGY_LIBRARY\LONG\DAS\runs\das_scanner_appearance_20260628T114046Z\chart_exports\event_day_premarket_detail_only\20260628T183512Z\images\0294_BLMZ_2025-06-20_push32.89_rebreak_03_event_day_premarket_detail.png,das_scanner_appearance:BLMZ:2025-06-20T09:58:00+00:00,BLMZ,2025-06-20,32.8889,,7.7778,32.88888888888888,rebreak_confirmed,21.8227,single_candle_rebreak,2025-06-20 06:00:00 EDT
295,C:\TSIS_Data\00_CTO\13_TRADING_SYSTEMS\03_STRATEGY_LIBRARY\LONG\DAS\runs\das_scanner_appearance_20260628T114046Z\chart_exports\event_day_premarket_detail_only\20260628T183512Z\images\0295_JBDI_2025-01-08_push32.86_rebreak_03_event_day_premarket_detail.png,das_scanner_appearance:JBDI:2025-01-08T09:02:00+00:00,JBDI,2025-01-08,32.8564,52.273888605007656,15.4829,69.64741951967297,rebreak_confirmed,10.0,single_candle_rebreak,2025-01-08 04:05:00 EST
296,C:\TSIS_Data\00_CTO\13_TRADING_SYSTEMS\03_STRATEGY_LIBRARY\LONG\DAS\runs\das_scanner_appearance_20260628T114046Z\chart_exports\event_day_premarket_detail_only\20260628T183512Z\images\0296_XPON_2025-08-14_push32.85_rebreak_03_event_day_premarket_detail.png,das_scanner_appearance:XPON:2025-08-14T08:01:00+00:00,XPON,2025-08-14,32.8502,54.10628019323672,-3.3816,98.06763285024155,rebreak_confirmed,14.5455,vwap_reclaim_rebreak,2025-08-14 04:12:00 EDT
297,C:\TSIS_Data\00_CTO\13_TRADING_SYSTEMS\03_STRATEGY_LIBRARY\LONG\DAS\runs\das_scanner_appearance_20260628T114046Z\chart_exports\event_day_premarket_detail_only\20260628T183512Z\images\0297_STI_2025-09-03_push32.79_rebreak_03_event_day_premarket_detail.png,das_scanner_appearance:STI:2025-09-03T08:02:00+00:00,STI,2025-09-03,32.7869,52.9274004683841,28.8056,106.79156908665108,rebreak_confirmed,8.8183,vwap_reclaim_rebreak,2025-09-03 04:12:00 EDT
298,C:\TSIS_Data\00_CTO\13_TRADING_SYSTEMS\03_STRATEGY_LIBRARY\LONG\DAS\runs\das_scanner_appearance_20260628T114046Z\chart_exports\event_day_premarket_detail_only\20260628T183512Z\images\0298_MSPR_2025-11-04_push32.74_rebreak_03_event_day_premarket_detail.png,das_scanner_appearance:MSPR:2025-11-04T09:03:00+00:00,MSPR,2025-11-04,32.7449,50.450132391879954,11.5799,50.697263901147394,rebreak_confirmed,6.2234,last_red_high_break,2025-11-04 05:06:00 EST
299,C:\TSIS_Data\00_CTO\13_TRADING_SYSTEMS\03_STRATEGY_LIBRARY\LONG\DAS\runs\das_scanner_appearance_20260628T114046Z\chart_exports\event_day_premarket_detail_only\20260628T183512Z\images\0299_PHIO_2026-02-10_push32.69_rebreak_03_event_day_premarket_detail.png,das_scanner_appearance:PHIO:2026-02-10T12:04:00+00:00,PHIO,2026-02-10,32.6887,52.232051018309,10.0597,62.51800041143799,rebreak_confirmed,7.7519,flat_shelf_break,2026-02-10 08:02:00 EST
300,C:\TSIS_Data\00_CTO\13_TRADING_SYSTEMS\03_STRATEGY_LIBRARY\LONG\DAS\runs\das_scanner_appearance_20260628T114046Z\chart_exports\event_day_premarket_detail_only\20260628T183512Z\images\0300_BLMZ_2025-07-22_push32.66_rebreak_03_event_day_premarket_detail.png,das_scanner_appearance:BLMZ:2025-07-22T08:05:00+00:00,BLMZ,2025-07-22,32.6641,,6.4865,37.83783783783784,rebreak_confirmed,8.3527,flat_shelf_break,2025-07-22 04:31:00 EDT
301,C:\TSIS_Data\00_CTO\13_TRADING_SYSTEMS\03_STRATEGY_LIBRARY\LONG\DAS\runs\das_scanner_appearance_20260628T114046Z\chart_exports\event_day_premarket_detail_only\20260628T183512Z\images\0301_JZXN_2026-03-06_push32.58_rebreak_03_event_day_premarket_detail.png,das_scanner_appearance:JZXN:2026-03-06T12:17:00+00:00,JZXN,2026-03-06,32.5758,49.999999999999986,31.0606,49.999999999999986,rebreak_confirmed,14.8571,vwap_reclaim_rebreak,2026-03-06 07:21:00 EST
302,C:\TSIS_Data\00_CTO\13_TRADING_SYSTEMS\03_STRATEGY_LIBRARY\LONG\DAS\runs\das_scanner_appearance_20260628T114046Z\chart_exports\event_day_premarket_detail_only\20260628T183512Z\images\0302_IOBT_2025-10-20_push32.53_rebreak_03_event_day_premarket_detail.png,das_scanner_appearance:IOBT:2025-10-20T11:13:00+00:00,IOBT,2025-10-20,32.5333,51.11111111111111,30.6667,52.59259259259259,rebreak_confirmed,13.548,single_candle_rebreak,2025-10-20 07:16:00 EDT
303,C:\TSIS_Data\00_CTO\13_TRADING_SYSTEMS\03_STRATEGY_LIBRARY\LONG\DAS\runs\das_scanner_appearance_20260628T114046Z\chart_exports\event_day_premarket_detail_only\20260628T183512Z\images\0303_DPRO_2025-07-16_push32.43_rebreak_03_event_day_premarket_detail.png,das_scanner_appearance:DPRO:2025-07-16T11:21:00+00:00,DPRO,2025-07-16,32.4324,,23.7838,32.432432432432435,rebreak_confirmed,16.1224,vwap_reclaim_rebreak,2025-07-16 07:28:00 EDT
304,C:\TSIS_Data\00_CTO\13_TRADING_SYSTEMS\03_STRATEGY_LIBRARY\LONG\DAS\runs\das_scanner_appearance_20260628T114046Z\chart_exports\event_day_premarket_detail_only\20260628T183512Z\images\0304_PDYN_2026-01-28_push32.37_rebreak_03_event_day_premarket_detail.png,das_scanner_appearance:PDYN:2026-01-28T12:06:00+00:00,PDYN,2026-01-28,32.3664,50.229007633587784,14.5038,51.908396946564885,rebreak_confirmed,3.9216,flat_shelf_break,2026-01-28 07:32:00 EST
305,C:\TSIS_Data\00_CTO\13_TRADING_SYSTEMS\03_STRATEGY_LIBRARY\LONG\DAS\runs\das_scanner_appearance_20260628T114046Z\chart_exports\event_day_premarket_detail_only\20260628T183512Z\images\0305_SNGX_2025-07-31_push32.31_rebreak_03_event_day_premarket_detail.png,das_scanner_appearance:SNGX:2025-07-31T11:31:00+00:00,SNGX,2025-07-31,32.3077,57.69230769230768,16.8462,63.84615384615383,rebreak_confirmed,18.0233,ascending_flag_break,2025-07-31 07:35:00 EDT
306,C:\TSIS_Data\00_CTO\13_TRADING_SYSTEMS\03_STRATEGY_LIBRARY\LONG\DAS\runs\das_scanner_appearance_20260628T114046Z\chart_exports\event_day_premarket_detail_only\20260628T183512Z\images\0306_MIRA_2025-04-16_push32.26_rebreak_03_event_day_premarket_detail.png,das_scanner_appearance:MIRA:2025-04-16T12:29:00+00:00,MIRA,2025-04-16,32.2581,50.53763440860213,22.5806,52.68817204301074,rebreak_confirmed,11.3821,vwap_reclaim_rebreak,2025-04-16 08:50:00 EDT
307,C:\TSIS_Data\00_CTO\13_TRADING_SYSTEMS\03_STRATEGY_LIBRARY\LONG\DAS\runs\das_scanner_appearance_20260628T114046Z\chart_exports\event_day_premarket_detail_only\20260628T183512Z\images\0307_ACB_2025-02-05_push32.16_rebreak_03_event_day_premarket_detail.png,das_scanner_appearance:ACB:2025-02-05T13:00:00+00:00,ACB,2025-02-05,32.1622,,13.5638,32.71276595744682,rebreak_confirmed,7.4316,single_candle_rebreak,2025-02-05 08:30:00 EST
308,C:\TSIS_Data\00_CTO\13_TRADING_SYSTEMS\03_STRATEGY_LIBRARY\LONG\DAS\runs\das_scanner_appearance_20260628T114046Z\chart_exports\event_day_premarket_detail_only\20260628T183512Z\images\0308_MCTR_2025-06-03_push32.08_rebreak_03_event_day_premarket_detail.png,das_scanner_appearance:MCTR:2025-06-03T12:45:00+00:00,MCTR,2025-06-03,32.0755,52.26415094339624,10.1887,88.86792452830188,rebreak_confirmed,11.7143,vwap_reclaim_rebreak,2025-06-03 09:05:00 EDT
309,C:\TSIS_Data\00_CTO\13_TRADING_SYSTEMS\03_STRATEGY_LIBRARY\LONG\DAS\runs\das_scanner_appearance_20260628T114046Z\chart_exports\event_day_premarket_detail_only\20260628T183512Z\images\0309_BCDA_2024-08-30_push32.05_rebreak_03_event_day_premarket_detail.png,das_scanner_appearance:BCDA:2024-08-30T11:20:00+00:00,BCDA,2024-08-30,32.0548,,-9.589,32.05479452054796,rebreak_confirmed,19.0871,ascending_flag_break,2024-08-30 08:06:00 EDT
310,C:\TSIS_Data\00_CTO\13_TRADING_SYSTEMS\03_STRATEGY_LIBRARY\LONG\DAS\runs\das_scanner_appearance_20260628T114046Z\chart_exports\event_day_premarket_detail_only\20260628T183512Z\images\0310_STAK_2026-03-02_push32.00_rebreak_03_event_day_premarket_detail.png,das_scanner_appearance:STAK:2026-03-02T12:27:00+00:00,STAK,2026-03-02,32.0,,24.8,37.999999999999986,rebreak_confirmed,11.9091,vwap_reclaim_rebreak,2026-03-02 07:39:00 EST
311,C:\TSIS_Data\00_CTO\13_TRADING_SYSTEMS\03_STRATEGY_LIBRARY\LONG\DAS\runs\das_scanner_appearance_20260628T114046Z\chart_exports\event_day_premarket_detail_only\20260628T183512Z\images\0311_HOUR_2025-09-05_push32.00_rebreak_03_event_day_premarket_detail.png,das_scanner_appearance:HOUR:2025-09-05T08:01:00+00:00,HOUR,2025-09-05,32.0,,22.8,49.2,rebreak_confirmed,15.1515,vwap_reclaim_rebreak,2025-09-05 04:05:00 EDT
312,C:\TSIS_Data\00_CTO\13_TRADING_SYSTEMS\03_STRATEGY_LIBRARY\LONG\DAS\runs\das_scanner_appearance_20260628T114046Z\chart_exports\event_day_premarket_detail_only\20260628T183512Z\images\0312_FEMY_2025-11-03_push31.85_rebreak_03_event_day_premarket_detail.png,das_scanner_appearance:FEMY:2025-11-03T13:30:00+00:00,FEMY,2025-11-03,31.8474,50.6827813530058,12.086,63.23967979908963,rebreak_confirmed,9.6429,vwap_reclaim_rebreak,2025-11-03 08:40:00 EST
313,C:\TSIS_Data\00_CTO\13_TRADING_SYSTEMS\03_STRATEGY_LIBRARY\LONG\DAS\runs\das_scanner_appearance_20260628T114046Z\chart_exports\event_day_premarket_detail_only\20260628T183512Z\images\0313_OPTX_2024-12-17_push31.73_rebreak_03_event_day_premarket_detail.png,das_scanner_appearance:OPTX:2024-12-17T09:04:00+00:00,OPTX,2024-12-17,31.7269,55.02008032128513,21.6867,163.45381526104416,rebreak_confirmed,10.6707,vwap_reclaim_rebreak,2024-12-17 04:18:00 EST
314,C:\TSIS_Data\00_CTO\13_TRADING_SYSTEMS\03_STRATEGY_LIBRARY\LONG\DAS\runs\das_scanner_appearance_20260628T114046Z\chart_exports\event_day_premarket_detail_only\20260628T183512Z\images\0314_LGVN_2024-07-17_push31.62_rebreak_03_event_day_premarket_detail.png,das_scanner_appearance:LGVN:2024-07-17T12:02:00+00:00,LGVN,2024-07-17,31.6239,,26.4957,41.8803418803419,rebreak_confirmed,21.2121,single_candle_rebreak,2024-07-17 08:05:00 EDT
315,C:\TSIS_Data\00_CTO\13_TRADING_SYSTEMS\03_STRATEGY_LIBRARY\LONG\DAS\runs\das_scanner_appearance_20260628T114046Z\chart_exports\event_day_premarket_detail_only\20260628T183512Z\images\0315_SPWR_2024-05-14_push31.58_rebreak_03_event_day_premarket_detail.png,das_scanner_appearance:SPWR:2024-05-14T10:55:00+00:00,SPWR,2024-05-14,31.5789,50.526315789473685,20.7018,163.1578947368421,rebreak_confirmed,4.0,flat_shelf_break,2024-05-14 07:01:00 EDT
316,C:\TSIS_Data\00_CTO\13_TRADING_SYSTEMS\03_STRATEGY_LIBRARY\LONG\DAS\runs\das_scanner_appearance_20260628T114046Z\chart_exports\event_day_premarket_detail_only\20260628T183512Z\images\0316_BLMZ_2025-05-23_push31.53_rebreak_03_event_day_premarket_detail.png,das_scanner_appearance:BLMZ:2025-05-23T08:06:00+00:00,BLMZ,2025-05-23,31.5263,52.63157894736842,0.5263,55.10526315789475,rebreak_confirmed,6.5626,last_red_high_break,2025-05-23 08:08:00 EDT
317,C:\TSIS_Data\00_CTO\13_TRADING_SYSTEMS\03_STRATEGY_LIBRARY\LONG\DAS\runs\das_scanner_appearance_20260628T114046Z\chart_exports\event_day_premarket_detail_only\20260628T183512Z\images\0317_IPA_2024-10-28_push31.43_rebreak_03_event_day_premarket_detail.png,das_scanner_appearance:IPA:2024-10-28T11:31:00+00:00,IPA,2024-10-28,31.4331,,10.0157,35.73367623946278,rebreak_confirmed,16.9584,vwap_reclaim_rebreak,2024-10-28 07:38:00 EDT
318,C:\TSIS_Data\00_CTO\13_TRADING_SYSTEMS\03_STRATEGY_LIBRARY\LONG\DAS\runs\das_scanner_appearance_20260628T114046Z\chart_exports\event_day_premarket_detail_only\20260628T183512Z\images\0318_SNTI_2025-12-09_push31.33_rebreak_03_event_day_premarket_detail.png,das_scanner_appearance:SNTI:2025-12-09T12:04:00+00:00,SNTI,2025-12-09,31.3253,50.2008032128514,19.6787,60.642570281124485,rebreak_confirmed,13.1498,vwap_reclaim_rebreak,2025-12-09 07:18:00 EST
319,C:\TSIS_Data\00_CTO\13_TRADING_SYSTEMS\03_STRATEGY_LIBRARY\LONG\DAS\runs\das_scanner_appearance_20260628T114046Z\chart_exports\event_day_premarket_detail_only\20260628T183512Z\images\0319_SIDU_2025-12-22_push31.29_rebreak_03_event_day_premarket_detail.png,das_scanner_appearance:SIDU:2025-12-22T09:08:00+00:00,SIDU,2025-12-22,31.2925,,-4.7619,40.81632653061224,rebreak_confirmed,5.1813,multi_candle_flag_break,2025-12-22 09:05:00 EST
320,C:\TSIS_Data\00_CTO\13_TRADING_SYSTEMS\03_STRATEGY_LIBRARY\LONG\DAS\runs\das_scanner_appearance_20260628T114046Z\chart_exports\event_day_premarket_detail_only\20260628T183512Z\images\0320_GLE_2025-10-30_push31.25_rebreak_03_event_day_premarket_detail.png,das_scanner_appearance:GLE:2025-10-30T08:04:00+00:00,GLE,2025-10-30,31.25,52.49999999999999,19.4625,66.25,rebreak_confirmed,16.1905,vwap_reclaim_rebreak,2025-10-30 04:09:00 EDT
321,C:\TSIS_Data\00_CTO\13_TRADING_SYSTEMS\03_STRATEGY_LIBRARY\LONG\DAS\runs\das_scanner_appearance_20260628T114046Z\chart_exports\event_day_premarket_detail_only\20260628T183512Z\images\0321_BDTX_2024-09-23_push31.20_rebreak_03_event_day_premarket_detail.png,das_scanner_appearance:BDTX:2024-09-23T11:06:00+00:00,BDTX,2024-09-23,31.203,,18.0451,38.15789473684209,rebreak_confirmed,8.3095,multi_candle_flag_break,2024-09-23 07:28:00 EDT
322,C:\TSIS_Data\00_CTO\13_TRADING_SYSTEMS\03_STRATEGY_LIBRARY\LONG\DAS\runs\das_scanner_appearance_20260628T114046Z\chart_exports\event_day_premarket_detail_only\20260628T183512Z\images\0322_REPL_2025-07-30_push31.16_rebreak_03_event_day_premarket_detail.png,das_scanner_appearance:REPL:2025-07-30T08:02:00+00:00,REPL,2025-07-30,31.1628,50.000000000000014,21.8605,64.41860465116281,rebreak_confirmed,12.234,ascending_flag_break,2025-07-30 04:06:00 EDT
323,C:\TSIS_Data\00_CTO\13_TRADING_SYSTEMS\03_STRATEGY_LIBRARY\LONG\DAS\runs\das_scanner_appearance_20260628T114046Z\chart_exports\event_day_premarket_detail_only\20260628T183512Z\images\0323_EVGO_2024-10-03_push30.98_rebreak_03_event_day_premarket_detail.png,das_scanner_appearance:EVGO:2024-10-03T12:14:00+00:00,EVGO,2024-10-03,30.9756,,14.1463,30.975609756097576,rebreak_confirmed,3.7244,flat_shelf_break,2024-10-03 09:24:00 EDT
324,C:\TSIS_Data\00_CTO\13_TRADING_SYSTEMS\03_STRATEGY_LIBRARY\LONG\DAS\runs\das_scanner_appearance_20260628T114046Z\chart_exports\event_day_premarket_detail_only\20260628T183512Z\images\0324_QUBT_2024-12-17_push30.93_rebreak_03_event_day_premarket_detail.png,das_scanner_appearance:QUBT:2024-12-17T09:16:00+00:00,QUBT,2024-12-17,30.9315,,7.645,30.931458699472753,rebreak_confirmed,5.0336,ascending_flag_break,2024-12-17 09:01:00 EST
325,C:\TSIS_Data\00_CTO\13_TRADING_SYSTEMS\03_STRATEGY_LIBRARY\LONG\DAS\runs\das_scanner_appearance_20260628T114046Z\chart_exports\event_day_premarket_detail_only\20260628T183512Z\images\0325_BTAI_2026-03-05_push30.91_rebreak_03_event_day_premarket_detail.png,das_scanner_appearance:BTAI:2026-03-05T12:04:00+00:00,BTAI,2026-03-05,30.9091,,26.6667,32.12121212121214,rebreak_confirmed,9.4907,vwap_reclaim_rebreak,2026-03-05 07:10:00 EST
326,C:\TSIS_Data\00_CTO\13_TRADING_SYSTEMS\03_STRATEGY_LIBRARY\LONG\DAS\runs\das_scanner_appearance_20260628T114046Z\chart_exports\event_day_premarket_detail_only\20260628T183512Z\images\0326_GLMD_2024-09-19_push30.87_rebreak_03_event_day_premarket_detail.png,das_scanner_appearance:GLMD:2024-09-19T11:07:00+00:00,GLMD,2024-09-19,30.8696,53.47826086956521,26.8116,59.42028985507245,rebreak_confirmed,10.299,vwap_reclaim_rebreak,2024-09-19 07:13:00 EDT
327,C:\TSIS_Data\00_CTO\13_TRADING_SYSTEMS\03_STRATEGY_LIBRARY\LONG\DAS\runs\das_scanner_appearance_20260628T114046Z\chart_exports\event_day_premarket_detail_only\20260628T183512Z\images\0327_AIRE_2025-05-16_push30.83_rebreak_03_event_day_premarket_detail.png,das_scanner_appearance:AIRE:2025-05-16T11:16:00+00:00,AIRE,2025-05-16,30.831,,29.5775,34.36619718309859,rebreak_confirmed,6.3947,vwap_reclaim_rebreak,2025-05-16 07:28:00 EDT
328,C:\TSIS_Data\00_CTO\13_TRADING_SYSTEMS\03_STRATEGY_LIBRARY\LONG\DAS\runs\das_scanner_appearance_20260628T114046Z\chart_exports\event_day_premarket_detail_only\20260628T183512Z\images\0328_MNDR_2025-11-21_push30.77_rebreak_03_event_day_premarket_detail.png,das_scanner_appearance:MNDR:2025-11-21T09:14:00+00:00,MNDR,2025-11-21,30.7692,,-1.9851,33.25062034739453,rebreak_confirmed,4.9336,multi_candle_flag_break,2025-11-21 04:37:00 EST
329,C:\TSIS_Data\00_CTO\13_TRADING_SYSTEMS\03_STRATEGY_LIBRARY\LONG\DAS\runs\das_scanner_appearance_20260628T114046Z\chart_exports\event_day_premarket_detail_only\20260628T183512Z\images\0329_AZI_2025-12-17_push30.68_rebreak_03_event_day_premarket_detail.png,das_scanner_appearance:AZI:2025-12-17T12:17:00+00:00,AZI,2025-12-17,30.6818,,24.4318,42.04545454545455,rebreak_confirmed,6.087,last_red_high_break,2025-12-17 07:20:00 EST
330,C:\TSIS_Data\00_CTO\13_TRADING_SYSTEMS\03_STRATEGY_LIBRARY\LONG\DAS\runs\das_scanner_appearance_20260628T114046Z\chart_exports\event_day_premarket_detail_only\20260628T183512Z\images\0330_FUBO_2025-01-06_push30.56_rebreak_03_event_day_premarket_detail.png,das_scanner_appearance:FUBO:2025-01-06T12:00:00+00:00,FUBO,2025-01-06,30.5556,50.69444444444444,19.4444,236.11111111111111,rebreak_confirmed,23.4043,vwap_reclaim_rebreak,2025-01-06 07:23:00 EST
331,C:\TSIS_Data\00_CTO\13_TRADING_SYSTEMS\03_STRATEGY_LIBRARY\LONG\DAS\runs\das_scanner_appearance_20260628T114046Z\chart_exports\event_day_premarket_detail_only\20260628T183512Z\images\0331_BYND_2025-10-22_push30.47_rebreak_03_event_day_premarket_detail.png,das_scanner_appearance:BYND:2025-10-22T08:00:00+00:00,BYND,2025-10-22,30.4703,51.53374233128836,3.272,81.18609406952966,rebreak_confirmed,4.7022,single_candle_rebreak,2025-10-22 04:53:00 EDT
332,C:\TSIS_Data\00_CTO\13_TRADING_SYSTEMS\03_STRATEGY_LIBRARY\LONG\DAS\runs\das_scanner_appearance_20260628T114046Z\chart_exports\event_day_premarket_detail_only\20260628T183512Z\images\0332_INMB_2025-08-04_push30.27_rebreak_03_event_day_premarket_detail.png,das_scanner_appearance:INMB:2025-08-04T12:03:00+00:00,INMB,2025-08-04,30.2682,,20.6897,38.697318007662844,rebreak_confirmed,15.2941,vwap_reclaim_rebreak,2025-08-04 08:15:00 EDT
333,C:\TSIS_Data\00_CTO\13_TRADING_SYSTEMS\03_STRATEGY_LIBRARY\LONG\DAS\runs\das_scanner_appearance_20260628T114046Z\chart_exports\event_day_premarket_detail_only\20260628T183512Z\images\0333_CPIX_2024-12-10_push30.16_rebreak_03_event_day_premarket_detail.png,das_scanner_appearance:CPIX:2024-12-10T09:00:00+00:00,CPIX,2024-12-10,30.1587,54.4973544973545,11.3757,71.95767195767196,rebreak_confirmed,15.0407,ascending_flag_break,2024-12-10 04:04:00 EST
334,C:\TSIS_Data\00_CTO\13_TRADING_SYSTEMS\03_STRATEGY_LIBRARY\LONG\DAS\runs\das_scanner_appearance_20260628T114046Z\chart_exports\event_day_premarket_detail_only\20260628T183512Z\images\0334_PSTV_2025-03-27_push30.14_rebreak_03_event_day_premarket_detail.png,das_scanner_appearance:PSTV:2025-03-27T12:08:00+00:00,PSTV,2025-03-27,30.137,,22.6164,30.136986301369863,rebreak_confirmed,14.2105,ascending_flag_break,2025-03-27 08:14:00 EDT
335,C:\TSIS_Data\00_CTO\13_TRADING_SYSTEMS\03_STRATEGY_LIBRARY\LONG\DAS\runs\das_scanner_appearance_20260628T114046Z\chart_exports\event_day_premarket_detail_only\20260628T183512Z\images\0335_PRSO_2025-09-05_push30.06_rebreak_03_event_day_premarket_detail.png,das_scanner_appearance:PRSO:2025-09-05T11:02:00+00:00,PRSO,2025-09-05,30.0627,52.8807758128922,24.3582,90.53051911009699,rebreak_confirmed,15.3509,single_candle_rebreak,2025-09-05 07:05:00 EDT
336,C:\TSIS_Data\00_CTO\13_TRADING_SYSTEMS\03_STRATEGY_LIBRARY\LONG\DAS\runs\das_scanner_appearance_20260628T114046Z\chart_exports\event_day_premarket_detail_only\20260628T183512Z\images\0336_LIDR_2025-06-30_push30.03_rebreak_03_event_day_premarket_detail.png,das_scanner_appearance:LIDR:2025-06-30T12:28:00+00:00,LIDR,2025-06-30,30.026,,14.0228,30.026005201040213,rebreak_confirmed,21.5385,vwap_reclaim_rebreak,2025-06-30 09:15:00 EDT
337,C:\TSIS_Data\00_CTO\13_TRADING_SYSTEMS\03_STRATEGY_LIBRARY\LONG\DAS\runs\das_scanner_appearance_20260628T114046Z\chart_exports\event_day_premarket_detail_only\20260628T183512Z\images\0337_HBIO_2025-10-30_push30.00_rebreak_03_event_day_premarket_detail.png,das_scanner_appearance:HBIO:2025-10-30T08:18:00+00:00,HBIO,2025-10-30,30.0,,8.24,42.99999999999999,rebreak_confirmed,11.8154,vwap_reclaim_rebreak,2025-10-30 04:30:00 EDT
338,C:\TSIS_Data\00_CTO\13_TRADING_SYSTEMS\03_STRATEGY_LIBRARY\LONG\DAS\runs\das_scanner_appearance_20260628T114046Z\chart_exports\event_day_premarket_detail_only\20260628T183512Z\images\0338_SDOT_2025-10-15_push29.96_rebreak_03_event_day_premarket_detail.png,das_scanner_appearance:SDOT:2025-10-15T08:02:00+00:00,SDOT,2025-10-15,29.9578,,23.7975,45.99156118143461,rebreak_confirmed,6.2338,vwap_reclaim_rebreak,2025-10-15 04:25:00 EDT
339,C:\TSIS_Data\00_CTO\13_TRADING_SYSTEMS\03_STRATEGY_LIBRARY\LONG\DAS\runs\das_scanner_appearance_20260628T114046Z\chart_exports\event_day_premarket_detail_only\20260628T183512Z\images\0339_CYN_2025-07-02_push29.94_rebreak_03_event_day_premarket_detail.png,das_scanner_appearance:CYN:2025-07-02T11:04:00+00:00,CYN,2025-07-02,29.9363,,21.0987,30.49363057324841,rebreak_confirmed,13.7868,single_candle_rebreak,2025-07-02 07:06:00 EDT
340,C:\TSIS_Data\00_CTO\13_TRADING_SYSTEMS\03_STRATEGY_LIBRARY\LONG\DAS\runs\das_scanner_appearance_20260628T114046Z\chart_exports\event_day_premarket_detail_only\20260628T183512Z\images\0340_OGEN_2025-10-07_push29.92_rebreak_03_event_day_premarket_detail.png,das_scanner_appearance:OGEN:2025-10-07T12:32:00+00:00,OGEN,2025-10-07,29.9213,,7.0866,29.921259842519675,rebreak_confirmed,20.6061,ascending_flag_break,2025-10-07 08:36:00 EDT
341,C:\TSIS_Data\00_CTO\13_TRADING_SYSTEMS\03_STRATEGY_LIBRARY\LONG\DAS\runs\das_scanner_appearance_20260628T114046Z\chart_exports\event_day_premarket_detail_only\20260628T183512Z\images\0341_VSEE_2024-11-26_push29.80_rebreak_03_event_day_premarket_detail.png,das_scanner_appearance:VSEE:2024-11-26T11:20:00+00:00,VSEE,2024-11-26,29.798,,26.7677,45.45454545454545,rebreak_confirmed,10.5058,vwap_reclaim_rebreak,2024-11-26 06:31:00 EST
342,C:\TSIS_Data\00_CTO\13_TRADING_SYSTEMS\03_STRATEGY_LIBRARY\LONG\DAS\runs\das_scanner_appearance_20260628T114046Z\chart_exports\event_day_premarket_detail_only\20260628T183512Z\images\0342_WINT_2025-07-02_push29.76_rebreak_03_event_day_premarket_detail.png,das_scanner_appearance:WINT:2025-07-02T13:02:00+00:00,WINT,2025-07-02,29.7636,54.54545454545453,14.5455,107.27272727272722,rebreak_confirmed,13.395,ascending_flag_break,2025-07-02 09:06:00 EDT
343,C:\TSIS_Data\00_CTO\13_TRADING_SYSTEMS\03_STRATEGY_LIBRARY\LONG\DAS\runs\das_scanner_appearance_20260628T114046Z\chart_exports\event_day_premarket_detail_only\20260628T183512Z\images\0343_IBIO_2024-03-27_push29.76_rebreak_03_event_day_premarket_detail.png,das_scanner_appearance:IBIO:2024-03-27T08:08:00+00:00,IBIO,2024-03-27,29.7619,55.35714285714286,2.9762,71.42857142857143,rebreak_confirmed,9.1743,ascending_flag_break,2024-03-27 05:57:00 EDT
344,C:\TSIS_Data\00_CTO\13_TRADING_SYSTEMS\03_STRATEGY_LIBRARY\LONG\DAS\runs\das_scanner_appearance_20260628T114046Z\chart_exports\event_day_premarket_detail_only\20260628T183512Z\images\0344_IMNN_2025-05-23_push29.72_rebreak_03_event_day_premarket_detail.png,das_scanner_appearance:IMNN:2025-05-23T12:12:00+00:00,IMNN,2025-05-23,29.7241,51.425287356321824,24.1149,195.8620689655172,rebreak_confirmed,7.5492,vwap_reclaim_rebreak,2025-05-23 08:25:00 EDT
345,C:\TSIS_Data\00_CTO\13_TRADING_SYSTEMS\03_STRATEGY_LIBRARY\LONG\DAS\runs\das_scanner_appearance_20260628T114046Z\chart_exports\event_day_premarket_detail_only\20260628T183512Z\images\0345_AZI_2025-11-07_push29.69_rebreak_03_event_day_premarket_detail.png,das_scanner_appearance:AZI:2025-11-07T12:45:00+00:00,AZI,2025-11-07,29.6875,,5.2344,34.76562499999999,rebreak_confirmed,7.0482,last_red_high_break,2025-11-07 08:31:00 EST
346,C:\TSIS_Data\00_CTO\13_TRADING_SYSTEMS\03_STRATEGY_LIBRARY\LONG\DAS\runs\das_scanner_appearance_20260628T114046Z\chart_exports\event_day_premarket_detail_only\20260628T183512Z\images\0346_OBIO_2025-04-22_push29.69_rebreak_03_event_day_premarket_detail.png,das_scanner_appearance:OBIO:2025-04-22T11:21:00+00:00,OBIO,2025-04-22,29.6875,,10.9375,33.43749999999998,rebreak_confirmed,7.7108,single_candle_rebreak,2025-04-22 07:35:00 EDT
347,C:\TSIS_Data\00_CTO\13_TRADING_SYSTEMS\03_STRATEGY_LIBRARY\LONG\DAS\runs\das_scanner_appearance_20260628T114046Z\chart_exports\event_day_premarket_detail_only\20260628T183512Z\images\0347_OTLK_2025-09-29_push29.63_rebreak_03_event_day_premarket_detail.png,das_scanner_appearance:OTLK:2025-09-29T12:55:00+00:00,OTLK,2025-09-29,29.6315,67.39818311728078,17.8932,67.39818311728078,rebreak_confirmed,8.6614,vwap_reclaim_rebreak,2025-09-29 09:05:00 EDT
348,C:\TSIS_Data\00_CTO\13_TRADING_SYSTEMS\03_STRATEGY_LIBRARY\LONG\DAS\runs\das_scanner_appearance_20260628T114046Z\chart_exports\event_day_premarket_detail_only\20260628T183512Z\images\0348_MWG_2025-12-24_push29.59_rebreak_03_event_day_premarket_detail.png,das_scanner_appearance:MWG:2025-12-24T09:24:00+00:00,MWG,2025-12-24,29.5894,55.07246376811595,-0.7488,55.07246376811595,rebreak_confirmed,5.5359,flat_shelf_break,2025-12-24 05:39:00 EST
349,C:\TSIS_Data\00_CTO\13_TRADING_SYSTEMS\03_STRATEGY_LIBRARY\LONG\DAS\runs\das_scanner_appearance_20260628T114046Z\chart_exports\event_day_premarket_detail_only\20260628T183512Z\images\0349_ATCH_2025-10-15_push29.55_rebreak_03_event_day_premarket_detail.png,das_scanner_appearance:ATCH:2025-10-15T12:20:00+00:00,ATCH,2025-10-15,29.5466,,28.0518,30.941704035874434,rebreak_confirmed,5.7692,single_candle_rebreak,2025-10-15 08:22:00 EDT
350,C:\TSIS_Data\00_CTO\13_TRADING_SYSTEMS\03_STRATEGY_LIBRARY\LONG\DAS\runs\das_scanner_appearance_20260628T114046Z\chart_exports\event_day_premarket_detail_only\20260628T183512Z\images\0350_RR_2024-08-07_push29.54_rebreak_03_event_day_premarket_detail.png,das_scanner_appearance:RR:2024-08-07T08:18:00+00:00,RR,2024-08-07,29.5366,51.219512195121965,21.9512,69.97560975609757,rebreak_confirmed,4.7637,single_candle_rebreak,2024-08-07 04:22:00 EDT
351,C:\TSIS_Data\00_CTO\13_TRADING_SYSTEMS\03_STRATEGY_LIBRARY\LONG\DAS\runs\das_scanner_appearance_20260628T114046Z\chart_exports\event_day_premarket_detail_only\20260628T183512Z\images\0351_ONMD_2024-06-14_push29.27_rebreak_03_event_day_premarket_detail.png,das_scanner_appearance:ONMD:2024-06-14T12:49:00+00:00,ONMD,2024-06-14,29.2683,,17.8862,29.268292682926838,rebreak_confirmed,11.9497,vwap_reclaim_rebreak,2024-06-14 09:14:00 EDT
352,C:\TSIS_Data\00_CTO\13_TRADING_SYSTEMS\03_STRATEGY_LIBRARY\LONG\DAS\runs\das_scanner_appearance_20260628T114046Z\chart_exports\event_day_premarket_detail_only\20260628T183512Z\images\0352_AIFF_2025-07-14_push29.24_rebreak_03_event_day_premarket_detail.png,das_scanner_appearance:AIFF:2025-07-14T11:46:00+00:00,AIFF,2025-07-14,29.2359,53.15614617940202,21.5947,53.15946843853821,rebreak_confirmed,15.1671,vwap_reclaim_rebreak,2025-07-14 07:51:00 EDT
353,C:\TSIS_Data\00_CTO\13_TRADING_SYSTEMS\03_STRATEGY_LIBRARY\LONG\DAS\runs\das_scanner_appearance_20260628T114046Z\chart_exports\event_day_premarket_detail_only\20260628T183512Z\images\0353_CMCT_2025-12-03_push29.16_rebreak_03_event_day_premarket_detail.png,das_scanner_appearance:CMCT:2025-12-03T09:19:00+00:00,CMCT,2025-12-03,29.1566,,6.506,34.4578313253012,rebreak_confirmed,7.4627,single_candle_rebreak,2025-12-03 04:29:00 EST
354,C:\TSIS_Data\00_CTO\13_TRADING_SYSTEMS\03_STRATEGY_LIBRARY\LONG\DAS\runs\das_scanner_appearance_20260628T114046Z\chart_exports\event_day_premarket_detail_only\20260628T183512Z\images\0354_SOPA_2026-01-23_push29.15_rebreak_03_event_day_premarket_detail.png,das_scanner_appearance:SOPA:2026-01-23T12:33:00+00:00,SOPA,2026-01-23,29.148,,25.5605,30.04484304932735,rebreak_confirmed,9.375,vwap_reclaim_rebreak,2026-01-23 07:45:00 EST
355,C:\TSIS_Data\00_CTO\13_TRADING_SYSTEMS\03_STRATEGY_LIBRARY\LONG\DAS\runs\das_scanner_appearance_20260628T114046Z\chart_exports\event_day_premarket_detail_only\20260628T183512Z\images\0355_MSAI_2025-01-07_push28.97_rebreak_03_event_day_premarket_detail.png,das_scanner_appearance:MSAI:2025-01-07T09:12:00+00:00,MSAI,2025-01-07,28.9655,53.448275862068975,8.2759,85.51724137931035,rebreak_confirmed,6.4171,last_red_high_break,2025-01-07 04:56:00 EST
356,C:\TSIS_Data\00_CTO\13_TRADING_SYSTEMS\03_STRATEGY_LIBRARY\LONG\DAS\runs\das_scanner_appearance_20260628T114046Z\chart_exports\event_day_premarket_detail_only\20260628T183512Z\images\0356_XLO_2025-09-09_push28.82_rebreak_03_event_day_premarket_detail.png,das_scanner_appearance:XLO:2025-09-09T11:44:00+00:00,XLO,2025-09-09,28.8219,,28.8074,41.15345602086652,rebreak_confirmed,13.7233,vwap_reclaim_rebreak,2025-09-09 07:53:00 EDT
357,C:\TSIS_Data\00_CTO\13_TRADING_SYSTEMS\03_STRATEGY_LIBRARY\LONG\DAS\runs\das_scanner_appearance_20260628T114046Z\chart_exports\event_day_premarket_detail_only\20260628T183512Z\images\0357_TPET_2026-03-03_push28.70_rebreak_03_event_day_premarket_detail.png,das_scanner_appearance:TPET:2026-03-03T09:08:00+00:00,TPET,2026-03-03,28.6957,51.30434782608697,6.087,93.91304347826089,rebreak_confirmed,8.7838,flat_shelf_break,2026-03-03 04:47:00 EST
358,C:\TSIS_Data\00_CTO\13_TRADING_SYSTEMS\03_STRATEGY_LIBRARY\LONG\DAS\runs\das_scanner_appearance_20260628T114046Z\chart_exports\event_day_premarket_detail_only\20260628T183512Z\images\0358_RIME_2026-01-14_push28.65_rebreak_03_event_day_premarket_detail.png,das_scanner_appearance:RIME:2026-01-14T14:21:00+00:00,RIME,2026-01-14,28.6538,,21.4389,28.653766982297242,rebreak_confirmed,12.8,last_red_high_break,2026-01-14 09:25:00 EST
359,C:\TSIS_Data\00_CTO\13_TRADING_SYSTEMS\03_STRATEGY_LIBRARY\LONG\DAS\runs\das_scanner_appearance_20260628T114046Z\chart_exports\event_day_premarket_detail_only\20260628T183512Z\images\0359_CAPS_2025-10-01_push28.46_rebreak_03_event_day_premarket_detail.png,das_scanner_appearance:CAPS:2025-10-01T11:36:00+00:00,CAPS,2025-10-01,28.4615,,27.3077,34.615384615384606,rebreak_confirmed,10.1796,single_candle_rebreak,2025-10-01 07:39:00 EDT
360,C:\TSIS_Data\00_CTO\13_TRADING_SYSTEMS\03_STRATEGY_LIBRARY\LONG\DAS\runs\das_scanner_appearance_20260628T114046Z\chart_exports\event_day_premarket_detail_only\20260628T183512Z\images\0360_IVVD_2025-02-04_push28.44_rebreak_03_event_day_premarket_detail.png,das_scanner_appearance:IVVD:2025-02-04T09:01:00+00:00,IVVD,2025-02-04,28.4404,,11.9266,33.0275229357798,rebreak_confirmed,9.2857,vwap_reclaim_rebreak,2025-02-04 04:32:00 EST
361,C:\TSIS_Data\00_CTO\13_TRADING_SYSTEMS\03_STRATEGY_LIBRARY\LONG\DAS\runs\das_scanner_appearance_20260628T114046Z\chart_exports\event_day_premarket_detail_only\20260628T183512Z\images\0361_PRZO_2024-04-15_push28.32_rebreak_03_event_day_premarket_detail.png,das_scanner_appearance:PRZO:2024-04-15T08:30:00+00:00,PRZO,2024-04-15,28.3186,,-2.6549,28.318584070796472,rebreak_confirmed,11.7241,single_candle_rebreak,2024-04-15 07:13:00 EDT
362,C:\TSIS_Data\00_CTO\13_TRADING_SYSTEMS\03_STRATEGY_LIBRARY\LONG\DAS\runs\das_scanner_appearance_20260628T114046Z\chart_exports\event_day_premarket_detail_only\20260628T183512Z\images\0362_BIAF_2025-10-16_push28.31_rebreak_03_event_day_premarket_detail.png,das_scanner_appearance:BIAF:2025-10-16T12:03:00+00:00,BIAF,2025-10-16,28.3051,,24.2647,37.867647058823515,rebreak_confirmed,9.1665,vwap_reclaim_rebreak,2025-10-16 08:18:00 EDT
363,C:\TSIS_Data\00_CTO\13_TRADING_SYSTEMS\03_STRATEGY_LIBRARY\LONG\DAS\runs\das_scanner_appearance_20260628T114046Z\chart_exports\event_day_premarket_detail_only\20260628T183512Z\images\0363_RXT_2026-02-26_push28.28_rebreak_03_event_day_premarket_detail.png,das_scanner_appearance:RXT:2026-02-26T13:00:00+00:00,RXT,2026-02-26,28.2759,,1.3655,30.344827586206897,rebreak_confirmed,4.8387,multi_candle_flag_break,2026-02-26 08:34:00 EST
364,C:\TSIS_Data\00_CTO\13_TRADING_SYSTEMS\03_STRATEGY_LIBRARY\LONG\DAS\runs\das_scanner_appearance_20260628T114046Z\chart_exports\event_day_premarket_detail_only\20260628T183512Z\images\0364_EYEN_2025-05-20_push28.24_rebreak_03_event_day_premarket_detail.png,das_scanner_appearance:EYEN:2025-05-20T08:02:00+00:00,EYEN,2025-05-20,28.2353,,-5.2941,36.47058823529411,rebreak_confirmed,5.5046,single_candle_rebreak,2025-05-20 06:35:00 EDT
365,C:\TSIS_Data\00_CTO\13_TRADING_SYSTEMS\03_STRATEGY_LIBRARY\LONG\DAS\runs\das_scanner_appearance_20260628T114046Z\chart_exports\event_day_premarket_detail_only\20260628T183512Z\images\0365_QCLS_2025-12-09_push28.22_rebreak_03_event_day_premarket_detail.png,das_scanner_appearance:QCLS:2025-12-09T14:16:00+00:00,QCLS,2025-12-09,28.2246,,15.3263,30.6525037936267,rebreak_confirmed,9.9408,flat_shelf_break,2025-12-09 09:20:00 EST
366,C:\TSIS_Data\00_CTO\13_TRADING_SYSTEMS\03_STRATEGY_LIBRARY\LONG\DAS\runs\das_scanner_appearance_20260628T114046Z\chart_exports\event_day_premarket_detail_only\20260628T183512Z\images\0366_SGMO_2024-08-06_push28.21_rebreak_03_event_day_premarket_detail.png,das_scanner_appearance:SGMO:2024-08-06T12:05:00+00:00,SGMO,2024-08-06,28.2051,,14.141,47.43589743589742,rebreak_confirmed,5.05,vwap_reclaim_rebreak,2024-08-06 08:16:00 EDT
367,C:\TSIS_Data\00_CTO\13_TRADING_SYSTEMS\03_STRATEGY_LIBRARY\LONG\DAS\runs\das_scanner_appearance_20260628T114046Z\chart_exports\event_day_premarket_detail_only\20260628T183512Z\images\0367_AMCI_2025-12-26_push28.18_rebreak_03_event_day_premarket_detail.png,das_scanner_appearance:AMCI:2025-12-26T13:22:00+00:00,AMCI,2025-12-26,28.1755,,18.3603,29.33025404157043,rebreak_confirmed,6.8468,last_red_high_break,2025-12-26 08:27:00 EST
368,C:\TSIS_Data\00_CTO\13_TRADING_SYSTEMS\03_STRATEGY_LIBRARY\LONG\DAS\runs\das_scanner_appearance_20260628T114046Z\chart_exports\event_day_premarket_detail_only\20260628T183512Z\images\0368_CMBM_2025-11-05_push28.16_rebreak_03_event_day_premarket_detail.png,das_scanner_appearance:CMBM:2025-11-05T09:30:00+00:00,CMBM,2025-11-05,28.1646,,4.4304,28.164556962025305,rebreak_confirmed,17.0321,single_candle_rebreak,2025-11-05 08:04:00 EST
369,C:\TSIS_Data\00_CTO\13_TRADING_SYSTEMS\03_STRATEGY_LIBRARY\LONG\DAS\runs\das_scanner_appearance_20260628T114046Z\chart_exports\event_day_premarket_detail_only\20260628T183512Z\images\0369_DGNX_2026-01-23_push28.15_rebreak_03_event_day_premarket_detail.png,das_scanner_appearance:DGNX:2026-01-23T13:08:00+00:00,DGNX,2026-01-23,28.1481,57.777777777777764,15.5556,60.740740740740726,rebreak_confirmed,8.6705,vwap_reclaim_rebreak,2026-01-23 08:26:00 EST
370,C:\TSIS_Data\00_CTO\13_TRADING_SYSTEMS\03_STRATEGY_LIBRARY\LONG\DAS\runs\das_scanner_appearance_20260628T114046Z\chart_exports\event_day_premarket_detail_only\20260628T183512Z\images\0370_WOLF_2025-07-08_push28.12_rebreak_03_event_day_premarket_detail.png,das_scanner_appearance:WOLF:2025-07-08T08:02:00+00:00,WOLF,2025-07-08,28.125,,7.8125,41.79687499999999,rebreak_confirmed,3.3537,flat_shelf_break,2025-07-08 08:18:00 EDT
371,C:\TSIS_Data\00_CTO\13_TRADING_SYSTEMS\03_STRATEGY_LIBRARY\LONG\DAS\runs\das_scanner_appearance_20260628T114046Z\chart_exports\event_day_premarket_detail_only\20260628T183512Z\images\0371_MGOL_2025-02-10_push27.93_rebreak_03_event_day_premarket_detail.png,das_scanner_appearance:MGOL:2025-02-10T09:00:00+00:00,MGOL,2025-02-10,27.9318,53.49680170575694,7.7399,73.77398720682302,rebreak_confirmed,6.6667,last_red_high_break,2025-02-10 04:08:00 EST
372,C:\TSIS_Data\00_CTO\13_TRADING_SYSTEMS\03_STRATEGY_LIBRARY\LONG\DAS\runs\das_scanner_appearance_20260628T114046Z\chart_exports\event_day_premarket_detail_only\20260628T183512Z\images\0372_EHGO_2025-10-28_push27.79_rebreak_03_event_day_premarket_detail.png,das_scanner_appearance:EHGO:2025-10-28T10:38:00+00:00,EHGO,2025-10-28,27.7927,50.114766641162966,24.3688,66.4116296863045,rebreak_confirmed,6.4062,single_candle_rebreak,2025-10-28 06:40:00 EDT
373,C:\TSIS_Data\00_CTO\13_TRADING_SYSTEMS\03_STRATEGY_LIBRARY\LONG\DAS\runs\das_scanner_appearance_20260628T114046Z\chart_exports\event_day_premarket_detail_only\20260628T183512Z\images\0373_PEPG_2025-09-25_push27.75_rebreak_03_event_day_premarket_detail.png,das_scanner_appearance:PEPG:2025-09-25T08:01:00+00:00,PEPG,2025-09-25,27.7477,,-11.1712,39.095495495495506,rebreak_confirmed,3.9492,multi_candle_flag_break,2025-09-25 06:53:00 EDT
374,C:\TSIS_Data\00_CTO\13_TRADING_SYSTEMS\03_STRATEGY_LIBRARY\LONG\DAS\runs\das_scanner_appearance_20260628T114046Z\chart_exports\event_day_premarket_detail_only\20260628T183512Z\images\0374_BYND_2025-10-21_push27.75_rebreak_03_event_day_premarket_detail.png,das_scanner_appearance:BYND:2025-10-21T08:00:00+00:00,BYND,2025-10-21,27.7457,,-1.1561,44.50867052023121,rebreak_confirmed,4.5249,multi_candle_flag_break,2025-10-21 08:18:00 EDT
375,C:\TSIS_Data\00_CTO\13_TRADING_SYSTEMS\03_STRATEGY_LIBRARY\LONG\DAS\runs\das_scanner_appearance_20260628T114046Z\chart_exports\event_day_premarket_detail_only\20260628T183512Z\images\0375_LAES_2024-12-12_push27.73_rebreak_03_event_day_premarket_detail.png,das_scanner_appearance:LAES:2024-12-12T09:06:00+00:00,LAES,2024-12-12,27.7311,51.26050420168068,-7.1429,57.98319327731092,rebreak_confirmed,3.9474,ascending_flag_break,2024-12-12 08:44:00 EST
376,C:\TSIS_Data\00_CTO\13_TRADING_SYSTEMS\03_STRATEGY_LIBRARY\LONG\DAS\runs\das_scanner_appearance_20260628T114046Z\chart_exports\event_day_premarket_detail_only\20260628T183512Z\images\0376_GORO_2026-01-21_push27.72_rebreak_03_event_day_premarket_detail.png,das_scanner_appearance:GORO:2026-01-21T10:08:00+00:00,GORO,2026-01-21,27.7174,,7.6087,29.34782608695651,rebreak_confirmed,13.8298,vwap_reclaim_rebreak,2026-01-21 05:50:00 EST
377,C:\TSIS_Data\00_CTO\13_TRADING_SYSTEMS\03_STRATEGY_LIBRARY\LONG\DAS\runs\das_scanner_appearance_20260628T114046Z\chart_exports\event_day_premarket_detail_only\20260628T183512Z\images\0377_IONM_2024-06-27_push27.69_rebreak_03_event_day_premarket_detail.png,das_scanner_appearance:IONM:2024-06-27T09:23:00+00:00,IONM,2024-06-27,27.6907,54.12748171368861,5.3553,98.24973876698016,rebreak_confirmed,3.5597,single_candle_rebreak,2024-06-27 06:12:00 EDT
378,C:\TSIS_Data\00_CTO\13_TRADING_SYSTEMS\03_STRATEGY_LIBRARY\LONG\DAS\runs\das_scanner_appearance_20260628T114046Z\chart_exports\event_day_premarket_detail_only\20260628T183512Z\images\0378_BTCT_2024-11-14_push27.66_rebreak_03_event_day_premarket_detail.png,das_scanner_appearance:BTCT:2024-11-14T11:41:00+00:00,BTCT,2024-11-14,27.6596,,0.8105,44.88348530901724,rebreak_confirmed,6.3492,multi_candle_flag_break,2024-11-14 07:12:00 EST
379,C:\TSIS_Data\00_CTO\13_TRADING_SYSTEMS\03_STRATEGY_LIBRARY\LONG\DAS\runs\das_scanner_appearance_20260628T114046Z\chart_exports\event_day_premarket_detail_only\20260628T183512Z\images\0379_UOKA_2026-02-09_push27.65_rebreak_03_event_day_premarket_detail.png,das_scanner_appearance:UOKA:2026-02-09T09:04:00+00:00,UOKA,2026-02-09,27.6471,51.17647058823529,11.1765,61.17647058823531,rebreak_confirmed,4.6083,ascending_flag_break,2026-02-09 04:18:00 EST
380,C:\TSIS_Data\00_CTO\13_TRADING_SYSTEMS\03_STRATEGY_LIBRARY\LONG\DAS\runs\das_scanner_appearance_20260628T114046Z\chart_exports\event_day_premarket_detail_only\20260628T183512Z\images\0380_ENSC_2026-02-27_push27.65_rebreak_03_event_day_premarket_detail.png,das_scanner_appearance:ENSC:2026-02-27T09:13:00+00:00,ENSC,2026-02-27,27.6469,55.610528398970914,3.4633,57.015634276667335,rebreak_confirmed,6.2016,multi_candle_flag_break,2026-02-27 07:29:00 EST
381,C:\TSIS_Data\00_CTO\13_TRADING_SYSTEMS\03_STRATEGY_LIBRARY\LONG\DAS\runs\das_scanner_appearance_20260628T114046Z\chart_exports\event_day_premarket_detail_only\20260628T183512Z\images\0381_MGIH_2024-02-13_push27.63_rebreak_03_event_day_premarket_detail.png,das_scanner_appearance:MGIH:2024-02-13T13:51:00+00:00,MGIH,2024-02-13,27.6316,,-1.3158,27.631578947368418,rebreak_confirmed,16.9639,ascending_flag_break,2024-02-13 09:09:00 EST
382,C:\TSIS_Data\00_CTO\13_TRADING_SYSTEMS\03_STRATEGY_LIBRARY\LONG\DAS\runs\das_scanner_appearance_20260628T114046Z\chart_exports\event_day_premarket_detail_only\20260628T183512Z\images\0382_KALA_2025-12-04_push27.62_rebreak_03_event_day_premarket_detail.png,das_scanner_appearance:KALA:2025-12-04T09:46:00+00:00,KALA,2025-12-04,27.619,,0.0,48.57142857142857,rebreak_confirmed,4.4776,vwap_reclaim_rebreak,2025-12-04 07:21:00 EST
383,C:\TSIS_Data\00_CTO\13_TRADING_SYSTEMS\03_STRATEGY_LIBRARY\LONG\DAS\runs\das_scanner_appearance_20260628T114046Z\chart_exports\event_day_premarket_detail_only\20260628T183512Z\images\0383_LDTC_2024-12-13_push27.61_rebreak_03_event_day_premarket_detail.png,das_scanner_appearance:LDTC:2024-12-13T12:50:00+00:00,LDTC,2024-12-13,27.6074,,26.3804,37.42331288343561,rebreak_confirmed,6.25,last_red_high_break,2024-12-13 07:53:00 EST
384,C:\TSIS_Data\00_CTO\13_TRADING_SYSTEMS\03_STRATEGY_LIBRARY\LONG\DAS\runs\das_scanner_appearance_20260628T114046Z\chart_exports\event_day_premarket_detail_only\20260628T183512Z\images\0384_ATPC_2026-01-15_push27.60_rebreak_03_event_day_premarket_detail.png,das_scanner_appearance:ATPC:2026-01-15T09:21:00+00:00,ATPC,2026-01-15,27.6042,,5.2083,27.604166666666664,rebreak_confirmed,7.1429,last_red_high_break,2026-01-15 07:04:00 EST
385,C:\TSIS_Data\00_CTO\13_TRADING_SYSTEMS\03_STRATEGY_LIBRARY\LONG\DAS\runs\das_scanner_appearance_20260628T114046Z\chart_exports\event_day_premarket_detail_only\20260628T183512Z\images\0385_SPAI_2024-11-20_push27.56_rebreak_03_event_day_premarket_detail.png,das_scanner_appearance:SPAI:2024-11-20T13:16:00+00:00,SPAI,2024-11-20,27.5591,,14.1732,28.346456692913375,rebreak_confirmed,13.5802,vwap_reclaim_rebreak,2024-11-20 08:38:00 EST
386,C:\TSIS_Data\00_CTO\13_TRADING_SYSTEMS\03_STRATEGY_LIBRARY\LONG\DAS\runs\das_scanner_appearance_20260628T114046Z\chart_exports\event_day_premarket_detail_only\20260628T183512Z\images\0386_SES_2025-01-03_push27.55_rebreak_03_event_day_premarket_detail.png,das_scanner_appearance:SES:2025-01-03T09:12:00+00:00,SES,2025-01-03,27.551,,19.6429,33.16326530612245,rebreak_confirmed,8.0,single_candle_rebreak,2025-01-03 04:15:00 EST
387,C:\TSIS_Data\00_CTO\13_TRADING_SYSTEMS\03_STRATEGY_LIBRARY\LONG\DAS\runs\das_scanner_appearance_20260628T114046Z\chart_exports\event_day_premarket_detail_only\20260628T183512Z\images\0387_NCL_2024-11-08_push27.50_rebreak_03_event_day_premarket_detail.png,das_scanner_appearance:NCL:2024-11-08T12:05:00+00:00,NCL,2024-11-08,27.5,56.199999999999996,-20.85,67.5,rebreak_confirmed,14.098,ascending_flag_break,2024-11-08 08:10:00 EST
388,C:\TSIS_Data\00_CTO\13_TRADING_SYSTEMS\03_STRATEGY_LIBRARY\LONG\DAS\runs\das_scanner_appearance_20260628T114046Z\chart_exports\event_day_premarket_detail_only\20260628T183512Z\images\0388_THTX_2025-03-26_push27.43_rebreak_03_event_day_premarket_detail.png,das_scanner_appearance:THTX:2025-03-26T08:02:00+00:00,THTX,2025-03-26,27.4336,,-1.7699,35.840707964601776,rebreak_confirmed,5.2083,flat_shelf_break,2025-03-26 04:16:00 EDT
389,C:\TSIS_Data\00_CTO\13_TRADING_SYSTEMS\03_STRATEGY_LIBRARY\LONG\DAS\runs\das_scanner_appearance_20260628T114046Z\chart_exports\event_day_premarket_detail_only\20260628T183512Z\images\0389_ARBE_2026-01-05_push27.42_rebreak_03_event_day_premarket_detail.png,das_scanner_appearance:ARBE:2026-01-05T12:22:00+00:00,ARBE,2026-01-05,27.4194,,7.2581,31.4516129032258,rebreak_confirmed,3.7975,flat_shelf_break,2026-01-05 08:24:00 EST
390,C:\TSIS_Data\00_CTO\13_TRADING_SYSTEMS\03_STRATEGY_LIBRARY\LONG\DAS\runs\das_scanner_appearance_20260628T114046Z\chart_exports\event_day_premarket_detail_only\20260628T183512Z\images\0390_PSTV_2025-07-24_push27.40_rebreak_03_event_day_premarket_detail.png,das_scanner_appearance:PSTV:2025-07-24T08:10:00+00:00,PSTV,2025-07-24,27.4016,,11.4764,31.751968503937007,rebreak_confirmed,6.5204,flat_shelf_break,2025-07-24 05:55:00 EDT
391,C:\TSIS_Data\00_CTO\13_TRADING_SYSTEMS\03_STRATEGY_LIBRARY\LONG\DAS\runs\das_scanner_appearance_20260628T114046Z\chart_exports\event_day_premarket_detail_only\20260628T183512Z\images\0391_AULT_2024-03-11_push27.40_rebreak_03_event_day_premarket_detail.png,das_scanner_appearance:AULT:2024-03-11T11:16:00+00:00,AULT,2024-03-11,27.3969,,22.1477,27.396931927133256,rebreak_confirmed,7.5635,vwap_reclaim_rebreak,2024-03-11 07:30:00 EDT
392,C:\TSIS_Data\00_CTO\13_TRADING_SYSTEMS\03_STRATEGY_LIBRARY\LONG\DAS\runs\das_scanner_appearance_20260628T114046Z\chart_exports\event_day_premarket_detail_only\20260628T183512Z\images\0392_ZENA_2024-11-26_push27.35_rebreak_03_event_day_premarket_detail.png,das_scanner_appearance:ZENA:2024-11-26T09:04:00+00:00,ZENA,2024-11-26,27.3517,52.67727930535456,22.576,142.83646888567293,rebreak_confirmed,8.1818,vwap_reclaim_rebreak,2024-11-26 04:18:00 EST
393,C:\TSIS_Data\00_CTO\13_TRADING_SYSTEMS\03_STRATEGY_LIBRARY\LONG\DAS\runs\das_scanner_appearance_20260628T114046Z\chart_exports\event_day_premarket_detail_only\20260628T183512Z\images\0393_BEEM_2026-01-14_push27.27_rebreak_03_event_day_premarket_detail.png,das_scanner_appearance:BEEM:2026-01-14T11:08:00+00:00,BEEM,2026-01-14,27.2727,,21.5909,46.59090909090909,rebreak_confirmed,5.8036,single_candle_rebreak,2026-01-14 06:10:00 EST
394,C:\TSIS_Data\00_CTO\13_TRADING_SYSTEMS\03_STRATEGY_LIBRARY\LONG\DAS\runs\das_scanner_appearance_20260628T114046Z\chart_exports\event_day_premarket_detail_only\20260628T183512Z\images\0394_MOBX_2025-01-22_push27.27_rebreak_03_event_day_premarket_detail.png,das_scanner_appearance:MOBX:2025-01-22T12:16:00+00:00,MOBX,2025-01-22,27.2727,,21.4876,44.62809917355373,rebreak_confirmed,13.3117,vwap_reclaim_rebreak,2025-01-22 07:19:00 EST
395,C:\TSIS_Data\00_CTO\13_TRADING_SYSTEMS\03_STRATEGY_LIBRARY\LONG\DAS\runs\das_scanner_appearance_20260628T114046Z\chart_exports\event_day_premarket_detail_only\20260628T183512Z\images\0395_SLS_2024-05-01_push27.20_rebreak_03_event_day_premarket_detail.png,das_scanner_appearance:SLS:2024-05-01T12:43:00+00:00,SLS,2024-05-01,27.2,,8.8,36.0,rebreak_confirmed,6.2893,single_candle_rebreak,2024-05-01 08:56:00 EDT
396,C:\TSIS_Data\00_CTO\13_TRADING_SYSTEMS\03_STRATEGY_LIBRARY\LONG\DAS\runs\das_scanner_appearance_20260628T114046Z\chart_exports\event_day_premarket_detail_only\20260628T183512Z\images\0396_IOBT_2025-08-18_push27.14_rebreak_03_event_day_premarket_detail.png,das_scanner_appearance:IOBT:2025-08-18T12:35:00+00:00,IOBT,2025-08-18,27.1357,,8.5025,31.15577889447236,rebreak_confirmed,5.5336,vwap_reclaim_rebreak,2025-08-18 09:17:00 EDT
397,C:\TSIS_Data\00_CTO\13_TRADING_SYSTEMS\03_STRATEGY_LIBRARY\LONG\DAS\runs\das_scanner_appearance_20260628T114046Z\chart_exports\event_day_premarket_detail_only\20260628T183512Z\images\0397_OGEN_2026-01-22_push27.12_rebreak_03_event_day_premarket_detail.png,das_scanner_appearance:OGEN:2026-01-22T09:28:00+00:00,OGEN,2026-01-22,27.1186,,-4.2373,27.118644067796616,rebreak_confirmed,18.0,vwap_reclaim_rebreak,2026-01-22 04:40:00 EST
398,C:\TSIS_Data\00_CTO\13_TRADING_SYSTEMS\03_STRATEGY_LIBRARY\LONG\DAS\runs\das_scanner_appearance_20260628T114046Z\chart_exports\event_day_premarket_detail_only\20260628T183512Z\images\0398_AGBA_2024-04-30_push26.92_rebreak_03_event_day_premarket_detail.png,das_scanner_appearance:AGBA:2024-04-30T13:07:00+00:00,AGBA,2024-04-30,26.9225,,14.5298,26.922519913106452,rebreak_confirmed,3.7035,single_candle_rebreak,2024-04-30 09:26:00 EDT
399,C:\TSIS_Data\00_CTO\13_TRADING_SYSTEMS\03_STRATEGY_LIBRARY\LONG\DAS\runs\das_scanner_appearance_20260628T114046Z\chart_exports\event_day_premarket_detail_only\20260628T183512Z\images\0399_OSRH_2025-08-25_push26.86_rebreak_03_event_day_premarket_detail.png,das_scanner_appearance:OSRH:2025-08-25T08:00:00+00:00,OSRH,2025-08-25,26.8608,,8.7249,42.39482200647251,rebreak_confirmed,5.5,ascending_flag_break,2025-08-25 07:20:00 EDT
400,C:\TSIS_Data\00_CTO\13_TRADING_SYSTEMS\03_STRATEGY_LIBRARY\LONG\DAS\runs\das_scanner_appearance_20260628T114046Z\chart_exports\event_day_premarket_detail_only\20260628T183512Z\images\0400_PCSA_2025-07-09_push26.83_rebreak_03_event_day_premarket_detail.png,das_scanner_appearance:PCSA:2025-07-09T13:02:00+00:00,PCSA,2025-07-09,26.8335,,24.3313,30.716134598792067,rebreak_confirmed,4.7959,single_candle_rebreak,2025-07-09 09:04:00 EDT
401,C:\TSIS_Data\00_CTO\13_TRADING_SYSTEMS\03_STRATEGY_LIBRARY\LONG\DAS\runs\das_scanner_appearance_20260628T114046Z\chart_exports\event_day_premarket_detail_only\20260628T183512Z\images\0401_SNGX_2025-08-04_push26.81_rebreak_03_event_day_premarket_detail.png,das_scanner_appearance:SNGX:2025-08-04T12:00:00+00:00,SNGX,2025-08-04,26.8116,53.98550724637682,0.7246,61.59420289855073,rebreak_confirmed,8.2886,single_candle_rebreak,2025-08-04 08:24:00 EDT
402,C:\TSIS_Data\00_CTO\13_TRADING_SYSTEMS\03_STRATEGY_LIBRARY\LONG\DAS\runs\das_scanner_appearance_20260628T114046Z\chart_exports\event_day_premarket_detail_only\20260628T183512Z\images\0402_AZI_2025-12-22_push26.81_rebreak_03_event_day_premarket_detail.png,das_scanner_appearance:AZI:2025-12-22T09:03:00+00:00,AZI,2025-12-22,26.8072,,21.3855,44.57831325301205,rebreak_confirmed,5.9382,single_candle_rebreak,2025-12-22 04:05:00 EST
403,C:\TSIS_Data\00_CTO\13_TRADING_SYSTEMS\03_STRATEGY_LIBRARY\LONG\DAS\runs\das_scanner_appearance_20260628T114046Z\chart_exports\event_day_premarket_detail_only\20260628T183512Z\images\0403_SABR_2026-02-18_push26.80_rebreak_03_event_day_premarket_detail.png,das_scanner_appearance:SABR:2026-02-18T13:40:00+00:00,SABR,2026-02-18,26.8041,,17.5258,39.17525773195877,rebreak_confirmed,3.252,flat_shelf_break,2026-02-18 08:55:00 EST
404,C:\TSIS_Data\00_CTO\13_TRADING_SYSTEMS\03_STRATEGY_LIBRARY\LONG\DAS\runs\das_scanner_appearance_20260628T114046Z\chart_exports\event_day_premarket_detail_only\20260628T183512Z\images\0404_BMR_2024-07-29_push26.80_rebreak_03_event_day_premarket_detail.png,das_scanner_appearance:BMR:2024-07-29T11:54:00+00:00,BMR,2024-07-29,26.8041,,22.8866,28.247422680412377,rebreak_confirmed,7.9675,single_candle_rebreak,2024-07-29 07:57:00 EDT
405,C:\TSIS_Data\00_CTO\13_TRADING_SYSTEMS\03_STRATEGY_LIBRARY\LONG\DAS\runs\das_scanner_appearance_20260628T114046Z\chart_exports\event_day_premarket_detail_only\20260628T183512Z\images\0405_BURU_2025-06-27_push26.80_rebreak_03_event_day_premarket_detail.png,das_scanner_appearance:BURU:2025-06-27T12:36:00+00:00,BURU,2025-06-27,26.7959,,9.4969,49.5302093244529,rebreak_confirmed,9.8959,single_candle_rebreak,2025-06-27 08:43:00 EDT
406,C:\TSIS_Data\00_CTO\13_TRADING_SYSTEMS\03_STRATEGY_LIBRARY\LONG\DAS\runs\das_scanner_appearance_20260628T114046Z\chart_exports\event_day_premarket_detail_only\20260628T183512Z\images\0406_GXAI_2026-03-03_push26.79_rebreak_03_event_day_premarket_detail.png,das_scanner_appearance:GXAI:2026-03-03T12:47:00+00:00,GXAI,2026-03-03,26.7857,,21.4286,33.928571428571416,rebreak_confirmed,8.5211,single_candle_rebreak,2026-03-03 07:49:00 EST
407,C:\TSIS_Data\00_CTO\13_TRADING_SYSTEMS\03_STRATEGY_LIBRARY\LONG\DAS\runs\das_scanner_appearance_20260628T114046Z\chart_exports\event_day_premarket_detail_only\20260628T183512Z\images\0407_BTCS_2024-11-14_push26.77_rebreak_03_event_day_premarket_detail.png,das_scanner_appearance:BTCS:2024-11-14T11:40:00+00:00,BTCS,2024-11-14,26.7699,,12.8319,35.840707964601776,rebreak_confirmed,5.7592,vwap_reclaim_rebreak,2024-11-14 06:54:00 EST
408,C:\TSIS_Data\00_CTO\13_TRADING_SYSTEMS\03_STRATEGY_LIBRARY\LONG\DAS\runs\das_scanner_appearance_20260628T114046Z\chart_exports\event_day_premarket_detail_only\20260628T183512Z\images\0408_LOBO_2025-08-05_push26.70_rebreak_03_event_day_premarket_detail.png,das_scanner_appearance:LOBO:2025-08-05T12:39:00+00:00,LOBO,2025-08-05,26.7026,54.7779273216689,10.996,54.7779273216689,rebreak_confirmed,7.1914,last_red_high_break,2025-08-05 08:45:00 EDT
409,C:\TSIS_Data\00_CTO\13_TRADING_SYSTEMS\03_STRATEGY_LIBRARY\LONG\DAS\runs\das_scanner_appearance_20260628T114046Z\chart_exports\event_day_premarket_detail_only\20260628T183512Z\images\0409_WAI_2025-10-10_push26.65_rebreak_03_event_day_premarket_detail.png,das_scanner_appearance:WAI:2025-10-10T10:23:00+00:00,WAI,2025-10-10,26.6497,,0.0,29.187817258883246,rebreak_confirmed,21.6433,vwap_reclaim_rebreak,2025-10-10 06:41:00 EDT
410,C:\TSIS_Data\00_CTO\13_TRADING_SYSTEMS\03_STRATEGY_LIBRARY\LONG\DAS\runs\das_scanner_appearance_20260628T114046Z\chart_exports\event_day_premarket_detail_only\20260628T183512Z\images\0410_IPSC_2025-11-03_push26.64_rebreak_03_event_day_premarket_detail.png,das_scanner_appearance:IPSC:2025-11-03T10:36:00+00:00,IPSC,2025-11-03,26.6378,,11.852,27.77129521586931,rebreak_confirmed,12.6497,single_candle_rebreak,2025-11-03 05:38:00 EST
411,C:\TSIS_Data\00_CTO\13_TRADING_SYSTEMS\03_STRATEGY_LIBRARY\LONG\DAS\runs\das_scanner_appearance_20260628T114046Z\chart_exports\event_day_premarket_detail_only\20260628T183512Z\images\0411_LAES_2025-01-14_push26.62_rebreak_03_event_day_premarket_detail.png,das_scanner_appearance:LAES:2025-01-14T09:01:00+00:00,LAES,2025-01-14,26.6234,,3.8961,31.493506493506484,rebreak_confirmed,6.6667,flat_shelf_break,2025-01-14 04:24:00 EST
412,C:\TSIS_Data\00_CTO\13_TRADING_SYSTEMS\03_STRATEGY_LIBRARY\LONG\DAS\runs\das_scanner_appearance_20260628T114046Z\chart_exports\event_day_premarket_detail_only\20260628T183512Z\images\0412_AIRE_2025-10-22_push26.54_rebreak_03_event_day_premarket_detail.png,das_scanner_appearance:AIRE:2025-10-22T08:03:00+00:00,AIRE,2025-10-22,26.5386,55.29736569653746,-1.9901,59.898769124583,rebreak_confirmed,5.4545,vwap_reclaim_rebreak,2025-10-22 05:23:00 EDT
413,C:\TSIS_Data\00_CTO\13_TRADING_SYSTEMS\03_STRATEGY_LIBRARY\LONG\DAS\runs\das_scanner_appearance_20260628T114046Z\chart_exports\event_day_premarket_detail_only\20260628T183512Z\images\0413_CARM_2025-09-02_push26.53_rebreak_03_event_day_premarket_detail.png,das_scanner_appearance:CARM:2025-09-02T08:00:00+00:00,CARM,2025-09-02,26.5341,,12.1244,31.125687685146,rebreak_confirmed,3.6622,multi_candle_flag_break,2025-09-02 09:01:00 EDT
414,C:\TSIS_Data\00_CTO\13_TRADING_SYSTEMS\03_STRATEGY_LIBRARY\LONG\DAS\runs\das_scanner_appearance_20260628T114046Z\chart_exports\event_day_premarket_detail_only\20260628T183512Z\images\0414_OVID_2025-10-03_push26.51_rebreak_03_event_day_premarket_detail.png,das_scanner_appearance:OVID:2025-10-03T11:05:00+00:00,OVID,2025-10-03,26.506,,16.8675,45.18072289156628,rebreak_confirmed,13.3333,single_candle_rebreak,2025-10-03 07:07:00 EDT
415,C:\TSIS_Data\00_CTO\13_TRADING_SYSTEMS\03_STRATEGY_LIBRARY\LONG\DAS\runs\das_scanner_appearance_20260628T114046Z\chart_exports\event_day_premarket_detail_only\20260628T183512Z\images\0415_DVLT_2025-09-18_push26.48_rebreak_03_event_day_premarket_detail.png,das_scanner_appearance:DVLT:2025-09-18T11:34:00+00:00,DVLT,2025-09-18,26.4827,,23.0695,40.474461389494074,rebreak_confirmed,5.4928,single_candle_rebreak,2025-09-18 07:36:00 EDT
416,C:\TSIS_Data\00_CTO\13_TRADING_SYSTEMS\03_STRATEGY_LIBRARY\LONG\DAS\runs\das_scanner_appearance_20260628T114046Z\chart_exports\event_day_premarket_detail_only\20260628T183512Z\images\0416_XWEL_2026-02-27_push26.43_rebreak_03_event_day_premarket_detail.png,das_scanner_appearance:XWEL:2026-02-27T13:04:00+00:00,XWEL,2026-02-27,26.4286,,4.9786,26.42857142857144,rebreak_confirmed,5.6497,single_candle_rebreak,2026-02-27 08:34:00 EST
417,C:\TSIS_Data\00_CTO\13_TRADING_SYSTEMS\03_STRATEGY_LIBRARY\LONG\DAS\runs\das_scanner_appearance_20260628T114046Z\chart_exports\event_day_premarket_detail_only\20260628T183512Z\images\0417_CURR_2025-06-25_push26.32_rebreak_03_event_day_premarket_detail.png,das_scanner_appearance:CURR:2025-06-25T12:29:00+00:00,CURR,2025-06-25,26.3158,,22.7544,34.96491228070177,rebreak_confirmed,11.1111,last_red_high_break,2025-06-25 08:32:00 EDT
418,C:\TSIS_Data\00_CTO\13_TRADING_SYSTEMS\03_STRATEGY_LIBRARY\LONG\DAS\runs\das_scanner_appearance_20260628T114046Z\chart_exports\event_day_premarket_detail_only\20260628T183512Z\images\0418_BTCT_2024-11-20_push26.29_rebreak_03_event_day_premarket_detail.png,das_scanner_appearance:BTCT:2024-11-20T13:18:00+00:00,BTCT,2024-11-20,26.2941,,17.1176,27.47058823529413,rebreak_confirmed,3.1206,flat_shelf_break,2024-11-20 08:30:00 EST
419,C:\TSIS_Data\00_CTO\13_TRADING_SYSTEMS\03_STRATEGY_LIBRARY\LONG\DAS\runs\das_scanner_appearance_20260628T114046Z\chart_exports\event_day_premarket_detail_only\20260628T183512Z\images\0419_UAVS_2024-11-18_push26.24_rebreak_03_event_day_premarket_detail.png,das_scanner_appearance:UAVS:2024-11-18T13:29:00+00:00,UAVS,2024-11-18,26.2411,52.83687943262411,14.539,70.2127659574468,rebreak_confirmed,9.8315,single_candle_rebreak,2024-11-18 08:31:00 EST
420,C:\TSIS_Data\00_CTO\13_TRADING_SYSTEMS\03_STRATEGY_LIBRARY\LONG\DAS\runs\das_scanner_appearance_20260628T114046Z\chart_exports\event_day_premarket_detail_only\20260628T183512Z\images\0420_MAIA_2025-10-23_push26.24_rebreak_03_event_day_premarket_detail.png,das_scanner_appearance:MAIA:2025-10-23T12:40:00+00:00,MAIA,2025-10-23,26.2411,,15.6028,26.24113475177306,rebreak_confirmed,7.8652,single_candle_rebreak,2025-10-23 08:44:00 EDT
421,C:\TSIS_Data\00_CTO\13_TRADING_SYSTEMS\03_STRATEGY_LIBRARY\LONG\DAS\runs\das_scanner_appearance_20260628T114046Z\chart_exports\event_day_premarket_detail_only\20260628T183512Z\images\0421_SOPA_2025-12-30_push26.19_rebreak_03_event_day_premarket_detail.png,das_scanner_appearance:SOPA:2025-12-30T09:15:00+00:00,SOPA,2025-12-30,26.1905,66.66666666666667,6.3492,66.66666666666667,rebreak_confirmed,4.0881,single_candle_rebreak,2025-12-30 04:52:00 EST
422,C:\TSIS_Data\00_CTO\13_TRADING_SYSTEMS\03_STRATEGY_LIBRARY\LONG\DAS\runs\das_scanner_appearance_20260628T114046Z\chart_exports\event_day_premarket_detail_only\20260628T183512Z\images\0422_AMPG_2024-12-11_push26.17_rebreak_03_event_day_premarket_detail.png,das_scanner_appearance:AMPG:2024-12-11T13:32:00+00:00,AMPG,2024-12-11,26.1682,52.33644859813082,20.5607,104.67289719626167,rebreak_confirmed,15.5556,single_candle_rebreak,2024-12-11 08:34:00 EST
423,C:\TSIS_Data\00_CTO\13_TRADING_SYSTEMS\03_STRATEGY_LIBRARY\LONG\DAS\runs\das_scanner_appearance_20260628T114046Z\chart_exports\event_day_premarket_detail_only\20260628T183512Z\images\0423_NVNI_2025-05-01_push26.13_rebreak_03_event_day_premarket_detail.png,das_scanner_appearance:NVNI:2025-05-01T09:18:00+00:00,NVNI,2025-05-01,26.1316,,5.0091,47.857573928786955,rebreak_confirmed,3.2217,last_red_high_break,2025-05-01 07:26:00 EDT
424,C:\TSIS_Data\00_CTO\13_TRADING_SYSTEMS\03_STRATEGY_LIBRARY\LONG\DAS\runs\das_scanner_appearance_20260628T114046Z\chart_exports\event_day_premarket_detail_only\20260628T183512Z\images\0424_VRAX_2024-08-28_push26.11_rebreak_03_event_day_premarket_detail.png,das_scanner_appearance:VRAX:2024-08-28T11:23:00+00:00,VRAX,2024-08-28,26.1146,,17.4098,37.57961783439491,rebreak_confirmed,3.1987,flat_shelf_break,2024-08-28 07:32:00 EDT
425,C:\TSIS_Data\00_CTO\13_TRADING_SYSTEMS\03_STRATEGY_LIBRARY\LONG\DAS\runs\das_scanner_appearance_20260628T114046Z\chart_exports\event_day_premarket_detail_only\20260628T183512Z\images\0425_IVVD_2025-11-14_push26.11_rebreak_03_event_day_premarket_detail.png,das_scanner_appearance:IVVD:2025-11-14T09:52:00+00:00,IVVD,2025-11-14,26.1084,52.21674876847291,11.0837,52.70935960591135,rebreak_confirmed,7.0313,last_red_high_break,2025-11-14 05:35:00 EST
426,C:\TSIS_Data\00_CTO\13_TRADING_SYSTEMS\03_STRATEGY_LIBRARY\LONG\DAS\runs\das_scanner_appearance_20260628T114046Z\chart_exports\event_day_premarket_detail_only\20260628T183512Z\images\0426_WINT_2025-07-03_push26.03_rebreak_03_event_day_premarket_detail.png,das_scanner_appearance:WINT:2025-07-03T11:15:00+00:00,WINT,2025-07-03,26.0288,56.89300411522634,25.8616,86.47119341563786,rebreak_confirmed,10.1531,vwap_reclaim_rebreak,2025-07-03 07:20:00 EDT
427,C:\TSIS_Data\00_CTO\13_TRADING_SYSTEMS\03_STRATEGY_LIBRARY\LONG\DAS\runs\das_scanner_appearance_20260628T114046Z\chart_exports\event_day_premarket_detail_only\20260628T183512Z\images\0427_SNOA_2025-03-11_push26.01_rebreak_03_event_day_premarket_detail.png,das_scanner_appearance:SNOA:2025-03-11T08:42:00+00:00,SNOA,2025-03-11,26.0054,,-3.7534,27.34584450402145,rebreak_confirmed,6.1702,ascending_flag_break,2025-03-11 06:59:00 EDT
428,C:\TSIS_Data\00_CTO\13_TRADING_SYSTEMS\03_STRATEGY_LIBRARY\LONG\DAS\runs\das_scanner_appearance_20260628T114046Z\chart_exports\event_day_premarket_detail_only\20260628T183512Z\images\0428_AYRO_2024-12-12_push25.98_rebreak_03_event_day_premarket_detail.png,das_scanner_appearance:AYRO:2024-12-12T14:17:00+00:00,AYRO,2024-12-12,25.9805,,24.792,33.111480865224635,rebreak_confirmed,9.3396,single_candle_rebreak,2024-12-12 09:19:00 EST
429,C:\TSIS_Data\00_CTO\13_TRADING_SYSTEMS\03_STRATEGY_LIBRARY\LONG\DAS\runs\das_scanner_appearance_20260628T114046Z\chart_exports\event_day_premarket_detail_only\20260628T183512Z\images\0429_IVDA_2025-10-02_push25.93_rebreak_03_event_day_premarket_detail.png,das_scanner_appearance:IVDA:2025-10-02T08:03:00+00:00,IVDA,2025-10-02,25.9259,,13.5802,38.88888888888888,rebreak_confirmed,8.3333,ascending_flag_break,2025-10-02 04:08:00 EDT
430,C:\TSIS_Data\00_CTO\13_TRADING_SYSTEMS\03_STRATEGY_LIBRARY\LONG\DAS\runs\das_scanner_appearance_20260628T114046Z\chart_exports\event_day_premarket_detail_only\20260628T183512Z\images\0430_EONR_2025-03-20_push25.88_rebreak_03_event_day_premarket_detail.png,das_scanner_appearance:EONR:2025-03-20T11:14:00+00:00,EONR,2025-03-20,25.8844,,22.3292,27.32049036777584,rebreak_confirmed,4.4101,single_candle_rebreak,2025-03-20 07:16:00 EDT
431,C:\TSIS_Data\00_CTO\13_TRADING_SYSTEMS\03_STRATEGY_LIBRARY\LONG\DAS\runs\das_scanner_appearance_20260628T114046Z\chart_exports\event_day_premarket_detail_only\20260628T183512Z\images\0431_MBIO_2025-07-09_push25.86_rebreak_03_event_day_premarket_detail.png,das_scanner_appearance:MBIO:2025-07-09T10:14:00+00:00,MBIO,2025-07-09,25.8621,,23.4483,41.03448275862069,rebreak_confirmed,13.9726,vwap_reclaim_rebreak,2025-07-09 06:42:00 EDT
432,C:\TSIS_Data\00_CTO\13_TRADING_SYSTEMS\03_STRATEGY_LIBRARY\LONG\DAS\runs\das_scanner_appearance_20260628T114046Z\chart_exports\event_day_premarket_detail_only\20260628T183512Z\images\0432_NVOS_2024-05-31_push25.84_rebreak_03_event_day_premarket_detail.png,das_scanner_appearance:NVOS:2024-05-31T08:08:00+00:00,NVOS,2024-05-31,25.8356,,-5.23,36.321929479617246,rebreak_confirmed,5.2083,multi_candle_flag_break,2024-05-31 09:00:00 EDT
433,C:\TSIS_Data\00_CTO\13_TRADING_SYSTEMS\03_STRATEGY_LIBRARY\LONG\DAS\runs\das_scanner_appearance_20260628T114046Z\chart_exports\event_day_premarket_detail_only\20260628T183512Z\images\0433_GORO_2026-01-26_push25.82_rebreak_03_event_day_premarket_detail.png,das_scanner_appearance:GORO:2026-01-26T11:03:00+00:00,GORO,2026-01-26,25.8242,,7.6923,29.120879120879124,rebreak_confirmed,6.5502,flat_shelf_break,2026-01-26 06:15:00 EST
434,C:\TSIS_Data\00_CTO\13_TRADING_SYSTEMS\03_STRATEGY_LIBRARY\LONG\DAS\runs\das_scanner_appearance_20260628T114046Z\chart_exports\event_day_premarket_detail_only\20260628T183512Z\images\0434_IBIO_2025-10-23_push25.81_rebreak_03_event_day_premarket_detail.png,das_scanner_appearance:IBIO:2025-10-23T11:24:00+00:00,IBIO,2025-10-23,25.8065,,10.9677,32.25806451612902,rebreak_confirmed,6.6667,single_candle_rebreak,2025-10-23 08:57:00 EDT
435,C:\TSIS_Data\00_CTO\13_TRADING_SYSTEMS\03_STRATEGY_LIBRARY\LONG\DAS\runs\das_scanner_appearance_20260628T114046Z\chart_exports\event_day_premarket_detail_only\20260628T183512Z\images\0435_ATCH_2025-09-25_push25.80_rebreak_03_event_day_premarket_detail.png,das_scanner_appearance:ATCH:2025-09-25T08:01:00+00:00,ATCH,2025-09-25,25.7955,,11.0223,29.993229519295856,rebreak_confirmed,5.0592,ascending_flag_break,2025-09-25 04:50:00 EDT
436,C:\TSIS_Data\00_CTO\13_TRADING_SYSTEMS\03_STRATEGY_LIBRARY\LONG\DAS\runs\das_scanner_appearance_20260628T114046Z\chart_exports\event_day_premarket_detail_only\20260628T183512Z\images\0436_GDC_2024-08-23_push25.79_rebreak_03_event_day_premarket_detail.png,das_scanner_appearance:GDC:2024-08-23T12:49:00+00:00,GDC,2024-08-23,25.7857,51.97568389057751,19.9088,54.7112462006079,rebreak_confirmed,8.176,vwap_reclaim_rebreak,2024-08-23 09:07:00 EDT
437,C:\TSIS_Data\00_CTO\13_TRADING_SYSTEMS\03_STRATEGY_LIBRARY\LONG\DAS\runs\das_scanner_appearance_20260628T114046Z\chart_exports\event_day_premarket_detail_only\20260628T183512Z\images\0437_XFOR_2025-08-13_push25.76_rebreak_03_event_day_premarket_detail.png,das_scanner_appearance:XFOR:2025-08-13T11:30:00+00:00,XFOR,2025-08-13,25.7576,,10.9848,46.96969696969696,rebreak_confirmed,30.7229,vwap_reclaim_rebreak,2025-08-13 07:42:00 EDT
438,C:\TSIS_Data\00_CTO\13_TRADING_SYSTEMS\03_STRATEGY_LIBRARY\LONG\DAS\runs\das_scanner_appearance_20260628T114046Z\chart_exports\event_day_premarket_detail_only\20260628T183512Z\images\0438_PRPH_2025-02-20_push25.71_rebreak_03_event_day_premarket_detail.png,das_scanner_appearance:PRPH:2025-02-20T13:23:00+00:00,PRPH,2025-02-20,25.7051,,23.5616,36.80902497985497,rebreak_confirmed,7.0513,vwap_reclaim_rebreak,2025-02-20 08:46:00 EST
439,C:\TSIS_Data\00_CTO\13_TRADING_SYSTEMS\03_STRATEGY_LIBRARY\LONG\DAS\runs\das_scanner_appearance_20260628T114046Z\chart_exports\event_day_premarket_detail_only\20260628T183512Z\images\0439_LRMR_2026-02-24_push25.69_rebreak_03_event_day_premarket_detail.png,das_scanner_appearance:LRMR:2026-02-24T12:11:00+00:00,LRMR,2026-02-24,25.6944,,23.4375,40.277777777777786,rebreak_confirmed,4.1436,flat_shelf_break,2026-02-24 07:21:00 EST
440,C:\TSIS_Data\00_CTO\13_TRADING_SYSTEMS\03_STRATEGY_LIBRARY\LONG\DAS\runs\das_scanner_appearance_20260628T114046Z\chart_exports\event_day_premarket_detail_only\20260628T183512Z\images\0440_CTM_2024-12-26_push25.42_rebreak_03_event_day_premarket_detail.png,das_scanner_appearance:CTM:2024-12-26T12:23:00+00:00,CTM,2024-12-26,25.4242,,10.1667,30.636363636363622,rebreak_confirmed,14.7258,vwap_reclaim_rebreak,2024-12-26 07:51:00 EST
441,C:\TSIS_Data\00_CTO\13_TRADING_SYSTEMS\03_STRATEGY_LIBRARY\LONG\DAS\runs\das_scanner_appearance_20260628T114046Z\chart_exports\event_day_premarket_detail_only\20260628T183512Z\images\0441_SWIN_2025-09-03_push25.42_rebreak_03_event_day_premarket_detail.png,das_scanner_appearance:SWIN:2025-09-03T09:50:00+00:00,SWIN,2025-09-03,25.4237,,17.1913,33.171912832929785,rebreak_confirmed,3.668,single_candle_rebreak,2025-09-03 05:55:00 EDT
442,C:\TSIS_Data\00_CTO\13_TRADING_SYSTEMS\03_STRATEGY_LIBRARY\LONG\DAS\runs\das_scanner_appearance_20260628T114046Z\chart_exports\event_day_premarket_detail_only\20260628T183512Z\images\0442_BATL_2026-03-03_push25.42_rebreak_03_event_day_premarket_detail.png,das_scanner_appearance:BATL:2026-03-03T09:04:00+00:00,BATL,2026-03-03,25.422,50.02557544757031,-7.468,79.02813299232736,rebreak_confirmed,6.199,single_candle_rebreak,2026-03-03 05:09:00 EST
443,C:\TSIS_Data\00_CTO\13_TRADING_SYSTEMS\03_STRATEGY_LIBRARY\LONG\DAS\runs\das_scanner_appearance_20260628T114046Z\chart_exports\event_day_premarket_detail_only\20260628T183512Z\images\0443_SES_2025-10-14_push25.40_rebreak_03_event_day_premarket_detail.png,das_scanner_appearance:SES:2025-10-14T12:00:00+00:00,SES,2025-10-14,25.3968,,6.0317,25.396825396825406,rebreak_confirmed,5.5696,single_candle_rebreak,2025-10-14 09:01:00 EDT
444,C:\TSIS_Data\00_CTO\13_TRADING_SYSTEMS\03_STRATEGY_LIBRARY\LONG\DAS\runs\das_scanner_appearance_20260628T114046Z\chart_exports\event_day_premarket_detail_only\20260628T183512Z\images\0444_ZNTL_2024-09-16_push25.34_rebreak_03_event_day_premarket_detail.png,das_scanner_appearance:ZNTL:2024-09-16T11:24:00+00:00,ZNTL,2024-09-16,25.3444,,14.3251,41.873278236914615,rebreak_confirmed,13.8462,single_candle_rebreak,2024-09-16 07:26:00 EDT
445,C:\TSIS_Data\00_CTO\13_TRADING_SYSTEMS\03_STRATEGY_LIBRARY\LONG\DAS\runs\das_scanner_appearance_20260628T114046Z\chart_exports\event_day_premarket_detail_only\20260628T183512Z\images\0445_SOPA_2025-02-03_push25.29_rebreak_03_event_day_premarket_detail.png,das_scanner_appearance:SOPA:2025-02-03T09:09:00+00:00,SOPA,2025-02-03,25.2874,,-4.023,37.35632183908047,rebreak_confirmed,5.0459,multi_candle_flag_break,2025-02-03 07:30:00 EST
446,C:\TSIS_Data\00_CTO\13_TRADING_SYSTEMS\03_STRATEGY_LIBRARY\LONG\DAS\runs\das_scanner_appearance_20260628T114046Z\chart_exports\event_day_premarket_detail_only\20260628T183512Z\images\0446_OPGN_2024-03-26_push25.26_rebreak_03_event_day_premarket_detail.png,das_scanner_appearance:OPGN:2024-03-26T12:00:00+00:00,OPGN,2024-03-26,25.2554,,-4.6451,44.39449666258002,rebreak_confirmed,10.7232,multi_candle_flag_break,2024-03-26 08:26:00 EDT
447,C:\TSIS_Data\00_CTO\13_TRADING_SYSTEMS\03_STRATEGY_LIBRARY\LONG\DAS\runs\das_scanner_appearance_20260628T114046Z\chart_exports\event_day_premarket_detail_only\20260628T183512Z\images\0447_DFLI_2025-07-22_push25.23_rebreak_03_event_day_premarket_detail.png,das_scanner_appearance:DFLI:2025-07-22T08:18:00+00:00,DFLI,2025-07-22,25.225,,-9.9565,42.23512336719886,rebreak_confirmed,6.1196,multi_candle_flag_break,2025-07-22 05:40:00 EDT
448,C:\TSIS_Data\00_CTO\13_TRADING_SYSTEMS\03_STRATEGY_LIBRARY\LONG\DAS\runs\das_scanner_appearance_20260628T114046Z\chart_exports\event_day_premarket_detail_only\20260628T183512Z\images\0448_PW_2025-11-26_push25.19_rebreak_03_event_day_premarket_detail.png,das_scanner_appearance:PW:2025-11-26T10:30:00+00:00,PW,2025-11-26,25.1905,,5.7479,43.69693011103855,rebreak_confirmed,8.6957,vwap_reclaim_rebreak,2025-11-26 06:12:00 EST
449,C:\TSIS_Data\00_CTO\13_TRADING_SYSTEMS\03_STRATEGY_LIBRARY\LONG\DAS\runs\das_scanner_appearance_20260628T114046Z\chart_exports\event_day_premarket_detail_only\20260628T183512Z\images\0449_JTAI_2025-02-19_push25.19_rebreak_03_event_day_premarket_detail.png,das_scanner_appearance:JTAI:2025-02-19T13:39:00+00:00,JTAI,2025-02-19,25.1889,50.37783375314861,12.8463,63.476070528967256,rebreak_confirmed,9.8592,single_candle_rebreak,2025-02-19 08:41:00 EST
450,C:\TSIS_Data\00_CTO\13_TRADING_SYSTEMS\03_STRATEGY_LIBRARY\LONG\DAS\runs\das_scanner_appearance_20260628T114046Z\chart_exports\event_day_premarket_detail_only\20260628T183512Z\images\0450_NVVE_2025-11-13_push25.14_rebreak_03_event_day_premarket_detail.png,das_scanner_appearance:NVVE:2025-11-13T10:24:00+00:00,NVVE,2025-11-13,25.1429,51.42857142857142,-0.2,55.42857142857144,rebreak_confirmed,5.3425,multi_candle_flag_break,2025-11-13 06:36:00 EST
451,C:\TSIS_Data\00_CTO\13_TRADING_SYSTEMS\03_STRATEGY_LIBRARY\LONG\DAS\runs\das_scanner_appearance_20260628T114046Z\chart_exports\event_day_premarket_detail_only\20260628T183512Z\images\0451_WISA_2024-10-24_push25.14_rebreak_03_event_day_premarket_detail.png,das_scanner_appearance:WISA:2024-10-24T12:07:00+00:00,WISA,2024-10-24,25.1429,,17.7143,25.14285714285714,rebreak_confirmed,10.5023,vwap_reclaim_rebreak,2024-10-24 08:12:00 EDT
452,C:\TSIS_Data\00_CTO\13_TRADING_SYSTEMS\03_STRATEGY_LIBRARY\LONG\DAS\runs\das_scanner_appearance_20260628T114046Z\chart_exports\event_day_premarket_detail_only\20260628T183512Z\images\0452_ESPR_2024-06-28_push25.11_rebreak_03_event_day_premarket_detail.png,das_scanner_appearance:ESPR:2024-06-28T11:35:00+00:00,ESPR,2024-06-28,25.1064,,18.2979,29.78723404255318,rebreak_confirmed,4.0816,flat_shelf_break,2024-06-28 07:42:00 EDT
453,C:\TSIS_Data\00_CTO\13_TRADING_SYSTEMS\03_STRATEGY_LIBRARY\LONG\DAS\runs\das_scanner_appearance_20260628T114046Z\chart_exports\event_day_premarket_detail_only\20260628T183512Z\images\0453_LGVN_2024-06-13_push25.00_rebreak_03_event_day_premarket_detail.png,das_scanner_appearance:LGVN:2024-06-13T08:06:00+00:00,LGVN,2024-06-13,25.0,,-4.0909,29.54545454545454,rebreak_confirmed,3.2727,flat_shelf_break,2024-06-13 07:52:00 EDT
454,C:\TSIS_Data\00_CTO\13_TRADING_SYSTEMS\03_STRATEGY_LIBRARY\LONG\DAS\runs\das_scanner_appearance_20260628T114046Z\chart_exports\event_day_premarket_detail_only\20260628T183512Z\images\0454_SCNX_2025-03-18_push25.00_rebreak_03_event_day_premarket_detail.png,das_scanner_appearance:SCNX:2025-03-18T12:05:00+00:00,SCNX,2025-03-18,25.0,,1.6129,37.096774193548384,rebreak_confirmed,6.7742,last_red_high_break,2025-03-18 08:14:00 EDT
455,C:\TSIS_Data\00_CTO\13_TRADING_SYSTEMS\03_STRATEGY_LIBRARY\LONG\DAS\runs\das_scanner_appearance_20260628T114046Z\chart_exports\event_day_premarket_detail_only\20260628T183512Z\images\0455_LRHC_2026-02-18_push25.00_rebreak_03_event_day_premarket_detail.png,das_scanner_appearance:LRHC:2026-02-18T12:47:00+00:00,LRHC,2026-02-18,25.0,50.625,23.125,53.125,rebreak_confirmed,4.5,vwap_reclaim_rebreak,2026-02-18 07:53:00 EST
456,C:\TSIS_Data\00_CTO\13_TRADING_SYSTEMS\03_STRATEGY_LIBRARY\LONG\DAS\runs\das_scanner_appearance_20260628T114046Z\chart_exports\event_day_premarket_detail_only\20260628T183512Z\images\0456_XAGE_2025-05-22_push25.00_rebreak_03_event_day_premarket_detail.png,das_scanner_appearance:XAGE:2025-05-22T08:37:00+00:00,XAGE,2025-05-22,25.0,,2.6087,32.608695652173914,rebreak_confirmed,4.3478,multi_candle_flag_break,2025-05-22 06:33:00 EDT
457,C:\TSIS_Data\00_CTO\13_TRADING_SYSTEMS\03_STRATEGY_LIBRARY\LONG\DAS\runs\das_scanner_appearance_20260628T114046Z\chart_exports\event_day_premarket_detail_only\20260628T183512Z\images\0457_PRZO_2025-01-17_push25.00_rebreak_03_event_day_premarket_detail.png,das_scanner_appearance:PRZO:2025-01-17T12:57:00+00:00,PRZO,2025-01-17,25.0,,21.7391,40.76086956521738,rebreak_confirmed,6.5217,vwap_reclaim_rebreak,2025-01-17 08:13:00 EST
458,C:\TSIS_Data\00_CTO\13_TRADING_SYSTEMS\03_STRATEGY_LIBRARY\LONG\DAS\runs\das_scanner_appearance_20260628T114046Z\chart_exports\event_day_premarket_detail_only\20260628T183512Z\images\0458_PRCH_2024-10-28_push25.00_rebreak_03_event_day_premarket_detail.png,das_scanner_appearance:PRCH:2024-10-28T12:58:00+00:00,PRCH,2024-10-28,25.0,,17.8571,25.000000000000007,rebreak_confirmed,12.0,vwap_reclaim_rebreak,2024-10-28 09:23:00 EDT
459,C:\TSIS_Data\00_CTO\13_TRADING_SYSTEMS\03_STRATEGY_LIBRARY\LONG\DAS\runs\das_scanner_appearance_20260628T114046Z\chart_exports\event_day_premarket_detail_only\20260628T183512Z\images\0459_REKR_2025-06-03_push25.00_rebreak_03_event_day_premarket_detail.png,das_scanner_appearance:REKR:2025-06-03T11:49:00+00:00,REKR,2025-06-03,25.0,,19.6429,36.60714285714285,rebreak_confirmed,10.0,vwap_reclaim_rebreak,2025-06-03 08:10:00 EDT
460,C:\TSIS_Data\00_CTO\13_TRADING_SYSTEMS\03_STRATEGY_LIBRARY\LONG\DAS\runs\das_scanner_appearance_20260628T114046Z\chart_exports\event_day_premarket_detail_only\20260628T183512Z\images\0460_IINN_2026-02-09_push24.97_rebreak_03_event_day_premarket_detail.png,das_scanner_appearance:IINN:2026-02-09T12:02:00+00:00,IINN,2026-02-09,24.9735,,22.0355,27.051349920592894,rebreak_confirmed,7.2858,ascending_flag_break,2026-02-09 07:07:00 EST
461,C:\TSIS_Data\00_CTO\13_TRADING_SYSTEMS\03_STRATEGY_LIBRARY\LONG\DAS\runs\das_scanner_appearance_20260628T114046Z\chart_exports\event_day_premarket_detail_only\20260628T183512Z\images\0461_SGMO_2024-10-22_push24.85_rebreak_03_event_day_premarket_detail.png,das_scanner_appearance:SGMO:2024-10-22T12:24:00+00:00,SGMO,2024-10-22,24.8494,,6.0125,37.991457671667945,rebreak_confirmed,6.1404,last_red_high_break,2024-10-22 08:57:00 EDT
462,C:\TSIS_Data\00_CTO\13_TRADING_SYSTEMS\03_STRATEGY_LIBRARY\LONG\DAS\runs\das_scanner_appearance_20260628T114046Z\chart_exports\event_day_premarket_detail_only\20260628T183512Z\images\0462_NBY_2025-08-27_push24.82_rebreak_03_event_day_premarket_detail.png,das_scanner_appearance:NBY:2025-08-27T08:04:00+00:00,NBY,2025-08-27,24.8175,,3.6496,36.496350364963504,rebreak_confirmed,4.0936,multi_candle_flag_break,2025-08-27 08:01:00 EDT
463,C:\TSIS_Data\00_CTO\13_TRADING_SYSTEMS\03_STRATEGY_LIBRARY\LONG\DAS\runs\das_scanner_appearance_20260628T114046Z\chart_exports\event_day_premarket_detail_only\20260628T183512Z\images\0463_SNGX_2025-10-07_push24.82_rebreak_03_event_day_premarket_detail.png,das_scanner_appearance:SNGX:2025-10-07T11:31:00+00:00,SNGX,2025-10-07,24.8175,,13.1387,26.277372262773714,rebreak_confirmed,11.6959,single_candle_rebreak,2025-10-07 07:33:00 EDT
464,C:\TSIS_Data\00_CTO\13_TRADING_SYSTEMS\03_STRATEGY_LIBRARY\LONG\DAS\runs\das_scanner_appearance_20260628T114046Z\chart_exports\event_day_premarket_detail_only\20260628T183512Z\images\0464_LUCD_2026-01-21_push24.79_rebreak_03_event_day_premarket_detail.png,das_scanner_appearance:LUCD:2026-01-21T13:28:00+00:00,LUCD,2026-01-21,24.7934,,7.438,40.49586776859504,rebreak_confirmed,4.6358,vwap_reclaim_rebreak,2026-01-21 09:14:00 EST
465,C:\TSIS_Data\00_CTO\13_TRADING_SYSTEMS\03_STRATEGY_LIBRARY\LONG\DAS\runs\das_scanner_appearance_20260628T114046Z\chart_exports\event_day_premarket_detail_only\20260628T183512Z\images\0465_VMAR_2025-12-22_push24.75_rebreak_03_event_day_premarket_detail.png,das_scanner_appearance:VMAR:2025-12-22T10:45:00+00:00,VMAR,2025-12-22,24.7465,,20.8249,25.82826233941852,rebreak_confirmed,5.1491,single_candle_rebreak,2025-12-22 05:48:00 EST
466,C:\TSIS_Data\00_CTO\13_TRADING_SYSTEMS\03_STRATEGY_LIBRARY\LONG\DAS\runs\das_scanner_appearance_20260628T114046Z\chart_exports\event_day_premarket_detail_only\20260628T183512Z\images\0466_AREN_2024-11-15_push24.71_rebreak_03_event_day_premarket_detail.png,das_scanner_appearance:AREN:2024-11-15T09:08:00+00:00,AREN,2024-11-15,24.7126,,5.1724,36.78160919540229,rebreak_confirmed,4.6083,single_candle_rebreak,2024-11-15 07:29:00 EST
467,C:\TSIS_Data\00_CTO\13_TRADING_SYSTEMS\03_STRATEGY_LIBRARY\LONG\DAS\runs\das_scanner_appearance_20260628T114046Z\chart_exports\event_day_premarket_detail_only\20260628T183512Z\images\0467_DNUT_2025-10-22_push24.71_rebreak_03_event_day_premarket_detail.png,das_scanner_appearance:DNUT:2025-10-22T08:20:00+00:00,DNUT,2025-10-22,24.7059,,2.5882,30.352941176470587,rebreak_confirmed,3.6792,last_red_high_break,2025-10-22 07:08:00 EDT
468,C:\TSIS_Data\00_CTO\13_TRADING_SYSTEMS\03_STRATEGY_LIBRARY\LONG\DAS\runs\das_scanner_appearance_20260628T114046Z\chart_exports\event_day_premarket_detail_only\20260628T183512Z\images\0468_SILO_2024-07-19_push24.70_rebreak_03_event_day_premarket_detail.png,das_scanner_appearance:SILO:2024-07-19T11:36:00+00:00,SILO,2024-07-19,24.7024,,23.5119,26.488095238095244,rebreak_confirmed,3.58,flat_shelf_break,2024-07-19 07:49:00 EDT
469,C:\TSIS_Data\00_CTO\13_TRADING_SYSTEMS\03_STRATEGY_LIBRARY\LONG\DAS\runs\das_scanner_appearance_20260628T114046Z\chart_exports\event_day_premarket_detail_only\20260628T183512Z\images\0469_LAES_2024-12-23_push24.67_rebreak_03_event_day_premarket_detail.png,das_scanner_appearance:LAES:2024-12-23T09:01:00+00:00,LAES,2024-12-23,24.6711,,2.6316,28.947368421052627,rebreak_confirmed,8.7071,ascending_flag_break,2024-12-23 04:19:00 EST
470,C:\TSIS_Data\00_CTO\13_TRADING_SYSTEMS\03_STRATEGY_LIBRARY\LONG\DAS\runs\das_scanner_appearance_20260628T114046Z\chart_exports\event_day_premarket_detail_only\20260628T183512Z\images\0470_VSEE_2025-11-04_push24.66_rebreak_03_event_day_premarket_detail.png,das_scanner_appearance:VSEE:2025-11-04T13:08:00+00:00,VSEE,2025-11-04,24.6624,,24.6312,42.32287554539789,rebreak_confirmed,8.4417,vwap_reclaim_rebreak,2025-11-04 08:11:00 EST
471,C:\TSIS_Data\00_CTO\13_TRADING_SYSTEMS\03_STRATEGY_LIBRARY\LONG\DAS\runs\das_scanner_appearance_20260628T114046Z\chart_exports\event_day_premarket_detail_only\20260628T183512Z\images\0471_RR_2024-08-26_push24.65_rebreak_03_event_day_premarket_detail.png,das_scanner_appearance:RR:2024-08-26T08:49:00+00:00,RR,2024-08-26,24.6479,,6.338,30.985915492957762,rebreak_confirmed,3.3898,single_candle_rebreak,2024-08-26 07:19:00 EDT
472,C:\TSIS_Data\00_CTO\13_TRADING_SYSTEMS\03_STRATEGY_LIBRARY\LONG\DAS\runs\das_scanner_appearance_20260628T114046Z\chart_exports\event_day_premarket_detail_only\20260628T183512Z\images\0472_BENF_2025-09-30_push24.63_rebreak_03_event_day_premarket_detail.png,das_scanner_appearance:BENF:2025-09-30T09:28:00+00:00,BENF,2025-09-30,24.6322,,3.791,34.77932855526217,rebreak_confirmed,5.7809,multi_candle_flag_break,2025-09-30 07:35:00 EDT
473,C:\TSIS_Data\00_CTO\13_TRADING_SYSTEMS\03_STRATEGY_LIBRARY\LONG\DAS\runs\das_scanner_appearance_20260628T114046Z\chart_exports\event_day_premarket_detail_only\20260628T183512Z\images\0473_IRBT_2025-12-05_push24.58_rebreak_03_event_day_premarket_detail.png,das_scanner_appearance:IRBT:2025-12-05T12:38:00+00:00,IRBT,2025-12-05,24.5847,,9.3023,27.242524916943534,rebreak_confirmed,4.8,flat_shelf_break,2025-12-05 08:58:00 EST
474,C:\TSIS_Data\00_CTO\13_TRADING_SYSTEMS\03_STRATEGY_LIBRARY\LONG\DAS\runs\das_scanner_appearance_20260628T114046Z\chart_exports\event_day_premarket_detail_only\20260628T183512Z\images\0474_SHFS_2025-09-24_push24.58_rebreak_03_event_day_premarket_detail.png,das_scanner_appearance:SHFS:2025-09-24T08:02:00+00:00,SHFS,2025-09-24,24.5847,,-9.4684,24.58471760797343,rebreak_confirmed,44.8667,multi_candle_flag_break,2025-09-24 08:32:00 EDT
475,C:\TSIS_Data\00_CTO\13_TRADING_SYSTEMS\03_STRATEGY_LIBRARY\LONG\DAS\runs\das_scanner_appearance_20260628T114046Z\chart_exports\event_day_premarket_detail_only\20260628T183512Z\images\0475_NAOV_2025-01-30_push24.44_rebreak_03_event_day_premarket_detail.png,das_scanner_appearance:NAOV:2025-01-30T09:41:00+00:00,NAOV,2025-01-30,24.4362,,4.241,27.734769437899697,rebreak_confirmed,4.1655,flat_shelf_break,2025-01-30 05:13:00 EST
476,C:\TSIS_Data\00_CTO\13_TRADING_SYSTEMS\03_STRATEGY_LIBRARY\LONG\DAS\runs\das_scanner_appearance_20260628T114046Z\chart_exports\event_day_premarket_detail_only\20260628T183512Z\images\0476_GSIT_2025-10-21_push24.36_rebreak_03_event_day_premarket_detail.png,das_scanner_appearance:GSIT:2025-10-21T08:18:00+00:00,GSIT,2025-10-21,24.3564,,-6.2046,26.53465346534654,rebreak_confirmed,4.2994,flat_shelf_break,2025-10-21 07:43:00 EDT
477,C:\TSIS_Data\00_CTO\13_TRADING_SYSTEMS\03_STRATEGY_LIBRARY\LONG\DAS\runs\das_scanner_appearance_20260628T114046Z\chart_exports\event_day_premarket_detail_only\20260628T183512Z\images\0477_PSQH_2026-01-22_push24.30_rebreak_03_event_day_premarket_detail.png,das_scanner_appearance:PSQH:2026-01-22T13:16:00+00:00,PSQH,2026-01-22,24.2991,50.46728971962617,14.9533,57.00934579439251,rebreak_confirmed,13.5338,vwap_reclaim_rebreak,2026-01-22 08:20:00 EST
478,C:\TSIS_Data\00_CTO\13_TRADING_SYSTEMS\03_STRATEGY_LIBRARY\LONG\DAS\runs\das_scanner_appearance_20260628T114046Z\chart_exports\event_day_premarket_detail_only\20260628T183512Z\images\0478_SOPA_2025-12-18_push24.28_rebreak_03_event_day_premarket_detail.png,das_scanner_appearance:SOPA:2025-12-18T13:00:00+00:00,SOPA,2025-12-18,24.2845,,-2.5862,24.284482758620697,rebreak_confirmed,25.7821,last_red_high_break,2025-12-18 08:12:00 EST
479,C:\TSIS_Data\00_CTO\13_TRADING_SYSTEMS\03_STRATEGY_LIBRARY\LONG\DAS\runs\das_scanner_appearance_20260628T114046Z\chart_exports\event_day_premarket_detail_only\20260628T183512Z\images\0479_TPET_2024-04-12_push24.28_rebreak_03_event_day_premarket_detail.png,das_scanner_appearance:TPET:2024-04-12T12:32:00+00:00,TPET,2024-04-12,24.2761,,12.0587,27.40975803252679,rebreak_confirmed,5.841,single_candle_rebreak,2024-04-12 08:51:00 EDT
480,C:\TSIS_Data\00_CTO\13_TRADING_SYSTEMS\03_STRATEGY_LIBRARY\LONG\DAS\runs\das_scanner_appearance_20260628T114046Z\chart_exports\event_day_premarket_detail_only\20260628T183512Z\images\0480_EEIQ_2025-08-22_push24.14_rebreak_03_event_day_premarket_detail.png,das_scanner_appearance:EEIQ:2025-08-22T11:07:00+00:00,EEIQ,2025-08-22,24.1379,,-7.7586,28.44827586206897,rebreak_confirmed,4.8611,flat_shelf_break,2025-08-22 08:19:00 EDT
481,C:\TSIS_Data\00_CTO\13_TRADING_SYSTEMS\03_STRATEGY_LIBRARY\LONG\DAS\runs\das_scanner_appearance_20260628T114046Z\chart_exports\event_day_premarket_detail_only\20260628T183512Z\images\0481_SNDL_2025-07-31_push24.14_rebreak_03_event_day_premarket_detail.png,das_scanner_appearance:SNDL:2025-07-31T12:37:00+00:00,SNDL,2025-07-31,24.1379,,10.3448,24.82758620689656,rebreak_confirmed,5.0,single_candle_rebreak,2025-07-31 09:18:00 EDT
482,C:\TSIS_Data\00_CTO\13_TRADING_SYSTEMS\03_STRATEGY_LIBRARY\LONG\DAS\runs\das_scanner_appearance_20260628T114046Z\chart_exports\event_day_premarket_detail_only\20260628T183512Z\images\0482_ABP_2026-02-10_push24.09_rebreak_03_event_day_premarket_detail.png,das_scanner_appearance:ABP:2026-02-10T09:01:00+00:00,ABP,2026-02-10,24.0876,,17.5182,24.0875912408759,rebreak_confirmed,7.3529,flat_shelf_break,2026-02-10 04:13:00 EST
483,C:\TSIS_Data\00_CTO\13_TRADING_SYSTEMS\03_STRATEGY_LIBRARY\LONG\DAS\runs\das_scanner_appearance_20260628T114046Z\chart_exports\event_day_premarket_detail_only\20260628T183512Z\images\0483_MODV_2025-08-22_push24.05_rebreak_03_event_day_premarket_detail.png,das_scanner_appearance:MODV:2025-08-22T08:16:00+00:00,MODV,2025-08-22,24.0548,,-13.0274,45.2054794520548,rebreak_confirmed,5.5985,multi_candle_flag_break,2025-08-22 07:25:00 EDT
484,C:\TSIS_Data\00_CTO\13_TRADING_SYSTEMS\03_STRATEGY_LIBRARY\LONG\DAS\runs\das_scanner_appearance_20260628T114046Z\chart_exports\event_day_premarket_detail_only\20260628T183512Z\images\0484_YCBD_2025-12-17_push24.05_rebreak_03_event_day_premarket_detail.png,das_scanner_appearance:YCBD:2025-12-17T10:00:00+00:00,YCBD,2025-12-17,24.0506,,23.4177,43.037974683544284,rebreak_confirmed,4.0816,last_red_high_break,2025-12-17 05:03:00 EST
485,C:\TSIS_Data\00_CTO\13_TRADING_SYSTEMS\03_STRATEGY_LIBRARY\LONG\DAS\runs\das_scanner_appearance_20260628T114046Z\chart_exports\event_day_premarket_detail_only\20260628T183512Z\images\0485_GPRO_2025-07-23_push24.04_rebreak_03_event_day_premarket_detail.png,das_scanner_appearance:GPRO:2025-07-23T08:03:00+00:00,GPRO,2025-07-23,24.0385,,-9.6154,29.807692307692314,rebreak_confirmed,3.1008,single_candle_rebreak,2025-07-23 08:45:00 EDT
486,C:\TSIS_Data\00_CTO\13_TRADING_SYSTEMS\03_STRATEGY_LIBRARY\LONG\DAS\runs\das_scanner_appearance_20260628T114046Z\chart_exports\event_day_premarket_detail_only\20260628T183512Z\images\0486_EQ_2025-08-04_push24.04_rebreak_03_event_day_premarket_detail.png,das_scanner_appearance:EQ:2025-08-04T10:53:00+00:00,EQ,2025-08-04,24.0357,,-16.7146,24.0356980789593,rebreak_confirmed,22.939,multi_candle_flag_break,2025-08-04 08:35:00 EDT
487,C:\TSIS_Data\00_CTO\13_TRADING_SYSTEMS\03_STRATEGY_LIBRARY\LONG\DAS\runs\das_scanner_appearance_20260628T114046Z\chart_exports\event_day_premarket_detail_only\20260628T183512Z\images\0487_VVPR_2024-04-03_push24.02_rebreak_03_event_day_premarket_detail.png,das_scanner_appearance:VVPR:2024-04-03T12:06:00+00:00,VVPR,2024-04-03,24.0234,57.226562500000014,20.3125,82.61718749999999,rebreak_confirmed,4.7244,flat_shelf_break,2024-04-03 08:14:00 EDT
488,C:\TSIS_Data\00_CTO\13_TRADING_SYSTEMS\03_STRATEGY_LIBRARY\LONG\DAS\runs\das_scanner_appearance_20260628T114046Z\chart_exports\event_day_premarket_detail_only\20260628T183512Z\images\0488_VNCE_2025-01-23_push24.02_rebreak_03_event_day_premarket_detail.png,das_scanner_appearance:VNCE:2025-01-23T09:11:00+00:00,VNCE,2025-01-23,24.0223,,-8.6592,28.49162011173183,rebreak_confirmed,3.8288,multi_candle_flag_break,2025-01-23 09:02:00 EST
489,C:\TSIS_Data\00_CTO\13_TRADING_SYSTEMS\03_STRATEGY_LIBRARY\LONG\DAS\runs\das_scanner_appearance_20260628T114046Z\chart_exports\event_day_premarket_detail_only\20260628T183512Z\images\0489_DVLT_2025-09-26_push24.00_rebreak_03_event_day_premarket_detail.png,das_scanner_appearance:DVLT:2025-09-26T08:01:00+00:00,DVLT,2025-09-26,24.0037,,7.0049,27.002846685644577,rebreak_confirmed,9.6827,vwap_reclaim_rebreak,2025-09-26 04:08:00 EDT
490,C:\TSIS_Data\00_CTO\13_TRADING_SYSTEMS\03_STRATEGY_LIBRARY\LONG\DAS\runs\das_scanner_appearance_20260628T114046Z\chart_exports\event_day_premarket_detail_only\20260628T183512Z\images\0490_KTTA_2025-11-28_push24.00_rebreak_03_event_day_premarket_detail.png,das_scanner_appearance:KTTA:2025-11-28T12:05:00+00:00,KTTA,2025-11-28,24.0,65.99999999999999,-5.01,83.99000000000001,rebreak_confirmed,6.4516,multi_candle_flag_break,2025-11-28 07:51:00 EST
491,C:\TSIS_Data\00_CTO\13_TRADING_SYSTEMS\03_STRATEGY_LIBRARY\LONG\DAS\runs\das_scanner_appearance_20260628T114046Z\chart_exports\event_day_premarket_detail_only\20260628T183512Z\images\0491_SOPA_2025-10-06_push24.00_rebreak_03_event_day_premarket_detail.png,das_scanner_appearance:SOPA:2025-10-06T08:00:00+00:00,SOPA,2025-10-06,24.0,52.0,10.0,100.0,rebreak_confirmed,18.1452,vwap_reclaim_rebreak,2025-10-06 04:08:00 EDT
492,C:\TSIS_Data\00_CTO\13_TRADING_SYSTEMS\03_STRATEGY_LIBRARY\LONG\DAS\runs\das_scanner_appearance_20260628T114046Z\chart_exports\event_day_premarket_detail_only\20260628T183512Z\images\0492_MOTS_2024-02-21_push23.97_rebreak_03_event_day_premarket_detail.png,das_scanner_appearance:MOTS:2024-02-21T09:04:00+00:00,MOTS,2024-02-21,23.9726,,-10.274,26.712328767123296,rebreak_confirmed,6.0773,multi_candle_flag_break,2024-02-21 09:20:00 EST
493,C:\TSIS_Data\00_CTO\13_TRADING_SYSTEMS\03_STRATEGY_LIBRARY\LONG\DAS\runs\das_scanner_appearance_20260628T114046Z\chart_exports\event_day_premarket_detail_only\20260628T183512Z\images\0493_TOVX_2024-11-01_push23.96_rebreak_03_event_day_premarket_detail.png,das_scanner_appearance:TOVX:2024-11-01T08:13:00+00:00,TOVX,2024-11-01,23.9583,,-8.5938,25.52083333333335,rebreak_confirmed,6.7227,ascending_flag_break,2024-11-01 07:07:00 EDT
494,C:\TSIS_Data\00_CTO\13_TRADING_SYSTEMS\03_STRATEGY_LIBRARY\LONG\DAS\runs\das_scanner_appearance_20260628T114046Z\chart_exports\event_day_premarket_detail_only\20260628T183512Z\images\0494_MBOT_2025-01-06_push23.93_rebreak_03_event_day_premarket_detail.png,das_scanner_appearance:MBOT:2025-01-06T09:09:00+00:00,MBOT,2025-01-06,23.9286,,0.7143,44.28571428571429,rebreak_confirmed,4.8991,multi_candle_flag_break,2025-01-06 05:14:00 EST
495,C:\TSIS_Data\00_CTO\13_TRADING_SYSTEMS\03_STRATEGY_LIBRARY\LONG\DAS\runs\das_scanner_appearance_20260628T114046Z\chart_exports\event_day_premarket_detail_only\20260628T183512Z\images\0495_WINT_2025-07-24_push23.90_rebreak_03_event_day_premarket_detail.png,das_scanner_appearance:WINT:2025-07-24T12:55:00+00:00,WINT,2025-07-24,23.9035,,0.1974,31.578947368421044,rebreak_confirmed,12.3894,vwap_reclaim_rebreak,2025-07-24 09:18:00 EDT
496,C:\TSIS_Data\00_CTO\13_TRADING_SYSTEMS\03_STRATEGY_LIBRARY\LONG\DAS\runs\das_scanner_appearance_20260628T114046Z\chart_exports\event_day_premarket_detail_only\20260628T183512Z\images\0496_AISP_2024-03-06_push23.90_rebreak_03_event_day_premarket_detail.png,das_scanner_appearance:AISP:2024-03-06T09:11:00+00:00,AISP,2024-03-06,23.8983,50.67796610169491,3.3898,53.38983050847458,rebreak_confirmed,4.5144,ascending_flag_break,2024-03-06 04:45:00 EST
497,C:\TSIS_Data\00_CTO\13_TRADING_SYSTEMS\03_STRATEGY_LIBRARY\LONG\DAS\runs\das_scanner_appearance_20260628T114046Z\chart_exports\event_day_premarket_detail_only\20260628T183512Z\images\0497_ORIS_2025-08-08_push23.89_rebreak_03_event_day_premarket_detail.png,das_scanner_appearance:ORIS:2025-08-08T08:16:00+00:00,ORIS,2025-08-08,23.8889,51.85185185185184,10.0926,84.8148148148148,rebreak_confirmed,7.6981,single_candle_rebreak,2025-08-08 04:29:00 EDT
498,C:\TSIS_Data\00_CTO\13_TRADING_SYSTEMS\03_STRATEGY_LIBRARY\LONG\DAS\runs\das_scanner_appearance_20260628T114046Z\chart_exports\event_day_premarket_detail_only\20260628T183512Z\images\0498_EAST_2024-09-05_push23.87_rebreak_03_event_day_premarket_detail.png,das_scanner_appearance:EAST:2024-09-05T08:03:00+00:00,EAST,2024-09-05,23.871,50.96774193548386,17.4194,103.2258064516129,rebreak_confirmed,8.8542,ascending_flag_break,2024-09-05 04:07:00 EDT
499,C:\TSIS_Data\00_CTO\13_TRADING_SYSTEMS\03_STRATEGY_LIBRARY\LONG\DAS\runs\das_scanner_appearance_20260628T114046Z\chart_exports\event_day_premarket_detail_only\20260628T183512Z\images\0499_DTSS_2024-02-15_push23.85_rebreak_03_event_day_premarket_detail.png,das_scanner_appearance:DTSS:2024-02-15T13:54:00+00:00,DTSS,2024-02-15,23.8453,,7.304,25.34908700322233,rebreak_confirmed,7.9792,single_candle_rebreak,2024-02-15 09:09:00 EST
500,C:\TSIS_Data\00_CTO\13_TRADING_SYSTEMS\03_STRATEGY_LIBRARY\LONG\DAS\runs\das_scanner_appearance_20260628T114046Z\chart_exports\event_day_premarket_detail_only\20260628T183512Z\images\0500_OPI_2025-09-15_push23.82_rebreak_03_event_day_premarket_detail.png,das_scanner_appearance:OPI:2025-09-15T08:10:00+00:00,OPI,2025-09-15,23.8167,,1.6667,36.666666666666664,rebreak_confirmed,7.6053,single_candle_rebreak,2025-09-15 09:10:00 EDT
501,C:\TSIS_Data\00_CTO\13_TRADING_SYSTEMS\03_STRATEGY_LIBRARY\LONG\DAS\runs\das_scanner_appearance_20260628T114046Z\chart_exports\event_day_premarket_detail_only\20260628T183512Z\images\0501_SHFS_2025-04-21_push23.81_rebreak_03_event_day_premarket_detail.png,das_scanner_appearance:SHFS:2025-04-21T08:06:00+00:00,SHFS,2025-04-21,23.8095,,-1.0025,28.07017543859649,rebreak_confirmed,3.4413,single_candle_rebreak,2025-04-21 06:55:00 EDT
502,C:\TSIS_Data\00_CTO\13_TRADING_SYSTEMS\03_STRATEGY_LIBRARY\LONG\DAS\runs\das_scanner_appearance_20260628T114046Z\chart_exports\event_day_premarket_detail_only\20260628T183512Z\images\0502_HEPA_2025-01-23_push23.79_rebreak_03_event_day_premarket_detail.png,das_scanner_appearance:HEPA:2025-01-23T12:25:00+00:00,HEPA,2025-01-23,23.7864,,5.2791,25.60679611650485,rebreak_confirmed,7.6961,multi_candle_flag_break,2025-01-23 09:08:00 EST
503,C:\TSIS_Data\00_CTO\13_TRADING_SYSTEMS\03_STRATEGY_LIBRARY\LONG\DAS\runs\das_scanner_appearance_20260628T114046Z\chart_exports\event_day_premarket_detail_only\20260628T183512Z\images\0503_ATPC_2025-12-17_push23.79_rebreak_03_event_day_premarket_detail.png,das_scanner_appearance:ATPC:2025-12-17T09:46:00+00:00,ATPC,2025-12-17,23.7857,,2.2143,29.214285714285715,rebreak_confirmed,5.8857,multi_candle_flag_break,2025-12-17 08:10:00 EST
504,C:\TSIS_Data\00_CTO\13_TRADING_SYSTEMS\03_STRATEGY_LIBRARY\LONG\DAS\runs\das_scanner_appearance_20260628T114046Z\chart_exports\event_day_premarket_detail_only\20260628T183512Z\images\0504_CNEY_2025-12-01_push23.78_rebreak_03_event_day_premarket_detail.png,das_scanner_appearance:CNEY:2025-12-01T11:03:00+00:00,CNEY,2025-12-01,23.7805,56.097560975609774,6.7073,57.92682926829268,rebreak_confirmed,6.4039,single_candle_rebreak,2025-12-01 06:06:00 EST
505,C:\TSIS_Data\00_CTO\13_TRADING_SYSTEMS\03_STRATEGY_LIBRARY\LONG\DAS\runs\das_scanner_appearance_20260628T114046Z\chart_exports\event_day_premarket_detail_only\20260628T183512Z\images\0505_MGOL_2024-08-09_push23.78_rebreak_03_event_day_premarket_detail.png,das_scanner_appearance:MGOL:2024-08-09T11:02:00+00:00,MGOL,2024-08-09,23.7778,,8.2444,35.777777777777786,rebreak_confirmed,6.4632,flat_shelf_break,2024-08-09 07:23:00 EDT
506,C:\TSIS_Data\00_CTO\13_TRADING_SYSTEMS\03_STRATEGY_LIBRARY\LONG\DAS\runs\das_scanner_appearance_20260628T114046Z\chart_exports\event_day_premarket_detail_only\20260628T183512Z\images\0506_XPON_2025-08-22_push23.75_rebreak_03_event_day_premarket_detail.png,das_scanner_appearance:XPON:2025-08-22T08:37:00+00:00,XPON,2025-08-22,23.75,,22.5,28.124999999999982,rebreak_confirmed,6.0606,vwap_reclaim_rebreak,2025-08-22 05:02:00 EDT
507,C:\TSIS_Data\00_CTO\13_TRADING_SYSTEMS\03_STRATEGY_LIBRARY\LONG\DAS\runs\das_scanner_appearance_20260628T114046Z\chart_exports\event_day_premarket_detail_only\20260628T183512Z\images\0507_CTMX_2025-03-07_push23.75_rebreak_03_event_day_premarket_detail.png,das_scanner_appearance:CTMX:2025-03-07T10:28:00+00:00,CTMX,2025-03-07,23.7465,,13.1157,38.288486987207754,rebreak_confirmed,6.5827,single_candle_rebreak,2025-03-07 05:52:00 EST
508,C:\TSIS_Data\00_CTO\13_TRADING_SYSTEMS\03_STRATEGY_LIBRARY\LONG\DAS\runs\das_scanner_appearance_20260628T114046Z\chart_exports\event_day_premarket_detail_only\20260628T183512Z\images\0508_NXPL_2024-04-12_push23.72_rebreak_03_event_day_premarket_detail.png,das_scanner_appearance:NXPL:2024-04-12T10:23:00+00:00,NXPL,2024-04-12,23.7209,,3.2558,32.55813953488373,rebreak_confirmed,6.015,multi_candle_flag_break,2024-04-12 07:16:00 EDT
509,C:\TSIS_Data\00_CTO\13_TRADING_SYSTEMS\03_STRATEGY_LIBRARY\LONG\DAS\runs\das_scanner_appearance_20260628T114046Z\chart_exports\event_day_premarket_detail_only\20260628T183512Z\images\0509_AIRE_2025-07-22_push23.72_rebreak_03_event_day_premarket_detail.png,das_scanner_appearance:AIRE:2025-07-22T11:37:00+00:00,AIRE,2025-07-22,23.7209,,21.8837,30.2325581395349,rebreak_confirmed,5.4135,flat_shelf_break,2025-07-22 07:42:00 EDT
510,C:\TSIS_Data\00_CTO\13_TRADING_SYSTEMS\03_STRATEGY_LIBRARY\LONG\DAS\runs\das_scanner_appearance_20260628T114046Z\chart_exports\event_day_premarket_detail_only\20260628T183512Z\images\0510_IDAI_2024-11-27_push23.69_rebreak_03_event_day_premarket_detail.png,das_scanner_appearance:IDAI:2024-11-27T09:30:00+00:00,IDAI,2024-11-27,23.6934,,-9.4077,38.50174216027876,rebreak_confirmed,5.4085,single_candle_rebreak,2024-11-27 08:05:00 EST
511,C:\TSIS_Data\00_CTO\13_TRADING_SYSTEMS\03_STRATEGY_LIBRARY\LONG\DAS\runs\das_scanner_appearance_20260628T114046Z\chart_exports\event_day_premarket_detail_only\20260628T183512Z\images\0511_CTM_2025-01-14_push23.59_rebreak_03_event_day_premarket_detail.png,das_scanner_appearance:CTM:2025-01-14T12:55:00+00:00,CTM,2025-01-14,23.5939,,11.5678,45.81308151645606,rebreak_confirmed,7.0225,multi_candle_flag_break,2025-01-14 08:56:00 EST
512,C:\TSIS_Data\00_CTO\13_TRADING_SYSTEMS\03_STRATEGY_LIBRARY\LONG\DAS\runs\das_scanner_appearance_20260628T114046Z\chart_exports\event_day_premarket_detail_only\20260628T183512Z\images\0512_INMB_2025-06-27_push23.56_rebreak_03_event_day_premarket_detail.png,das_scanner_appearance:INMB:2025-06-27T08:23:00+00:00,INMB,2025-06-27,23.5644,,-6.8317,43.36633663366338,rebreak_confirmed,6.1699,flat_shelf_break,2025-06-27 06:15:00 EDT
513,C:\TSIS_Data\00_CTO\13_TRADING_SYSTEMS\03_STRATEGY_LIBRARY\LONG\DAS\runs\das_scanner_appearance_20260628T114046Z\chart_exports\event_day_premarket_detail_only\20260628T183512Z\images\0513_NFE_2025-06-30_push23.53_rebreak_03_event_day_premarket_detail.png,das_scanner_appearance:NFE:2025-06-30T12:23:00+00:00,NFE,2025-06-30,23.5294,,21.5686,40.40392156862745,rebreak_confirmed,3.1746,single_candle_rebreak,2025-06-30 08:34:00 EDT
514,C:\TSIS_Data\00_CTO\13_TRADING_SYSTEMS\03_STRATEGY_LIBRARY\LONG\DAS\runs\das_scanner_appearance_20260628T114046Z\chart_exports\event_day_premarket_detail_only\20260628T183512Z\images\0514_OMEX_2025-04-28_push23.48_rebreak_03_event_day_premarket_detail.png,das_scanner_appearance:OMEX:2025-04-28T08:17:00+00:00,OMEX,2025-04-28,23.4848,,-3.7879,37.878787878787875,rebreak_confirmed,6.7607,ascending_flag_break,2025-04-28 08:36:00 EDT
515,C:\TSIS_Data\00_CTO\13_TRADING_SYSTEMS\03_STRATEGY_LIBRARY\LONG\DAS\runs\das_scanner_appearance_20260628T114046Z\chart_exports\event_day_premarket_detail_only\20260628T183512Z\images\0515_OMEX_2025-04-25_push23.48_rebreak_03_event_day_premarket_detail.png,das_scanner_appearance:OMEX:2025-04-25T08:00:00+00:00,OMEX,2025-04-25,23.4783,,10.4348,46.956521739130444,rebreak_confirmed,5.6338,flat_shelf_break,2025-04-25 08:38:00 EDT
516,C:\TSIS_Data\00_CTO\13_TRADING_SYSTEMS\03_STRATEGY_LIBRARY\LONG\DAS\runs\das_scanner_appearance_20260628T114046Z\chart_exports\event_day_premarket_detail_only\20260628T183512Z\images\0516_BURU_2025-10-16_push23.46_rebreak_03_event_day_premarket_detail.png,das_scanner_appearance:BURU:2025-10-16T09:54:00+00:00,BURU,2025-10-16,23.4644,,-4.2747,39.31629234396327,rebreak_confirmed,3.1608,last_red_high_break,2025-10-16 07:19:00 EDT
517,C:\TSIS_Data\00_CTO\13_TRADING_SYSTEMS\03_STRATEGY_LIBRARY\LONG\DAS\runs\das_scanner_appearance_20260628T114046Z\chart_exports\event_day_premarket_detail_only\20260628T183512Z\images\0517_QSI_2024-12-27_push23.44_rebreak_03_event_day_premarket_detail.png,das_scanner_appearance:QSI:2024-12-27T09:02:00+00:00,QSI,2024-12-27,23.4432,,0.0,37.72893772893772,rebreak_confirmed,8.6053,single_candle_rebreak,2024-12-27 07:11:00 EST
518,C:\TSIS_Data\00_CTO\13_TRADING_SYSTEMS\03_STRATEGY_LIBRARY\LONG\DAS\runs\das_scanner_appearance_20260628T114046Z\chart_exports\event_day_premarket_detail_only\20260628T183512Z\images\0518_YCBD_2025-12-12_push23.44_rebreak_03_event_day_premarket_detail.png,das_scanner_appearance:YCBD:2025-12-12T09:02:00+00:00,YCBD,2025-12-12,23.4428,55.152887882219716,2.8199,61.94790486976217,rebreak_confirmed,26.3211,ascending_flag_break,2025-12-12 08:05:00 EST
519,C:\TSIS_Data\00_CTO\13_TRADING_SYSTEMS\03_STRATEGY_LIBRARY\LONG\DAS\runs\das_scanner_appearance_20260628T114046Z\chart_exports\event_day_premarket_detail_only\20260628T183512Z\images\0519_IVVD_2025-08-26_push23.36_rebreak_03_event_day_premarket_detail.png,das_scanner_appearance:IVVD:2025-08-26T08:00:00+00:00,IVVD,2025-08-26,23.3645,,-7.3738,40.18691588785046,rebreak_confirmed,4.5455,multi_candle_flag_break,2025-08-26 06:55:00 EDT
520,C:\TSIS_Data\00_CTO\13_TRADING_SYSTEMS\03_STRATEGY_LIBRARY\LONG\DAS\runs\das_scanner_appearance_20260628T114046Z\chart_exports\event_day_premarket_detail_only\20260628T183512Z\images\0520_IPDN_2025-09-23_push23.35_rebreak_03_event_day_premarket_detail.png,das_scanner_appearance:IPDN:2025-09-23T08:02:00+00:00,IPDN,2025-09-23,23.348,,14.5374,46.25550660792951,rebreak_confirmed,15.5357,ascending_flag_break,2025-09-23 04:06:00 EDT
521,C:\TSIS_Data\00_CTO\13_TRADING_SYSTEMS\03_STRATEGY_LIBRARY\LONG\DAS\runs\das_scanner_appearance_20260628T114046Z\chart_exports\event_day_premarket_detail_only\20260628T183512Z\images\0521_AVTX_2024-03-28_push23.30_rebreak_03_event_day_premarket_detail.png,das_scanner_appearance:AVTX:2024-03-28T11:01:00+00:00,AVTX,2024-03-28,23.2955,,2.3295,33.52272727272726,rebreak_confirmed,5.9908,flat_shelf_break,2024-03-28 07:25:00 EDT
522,C:\TSIS_Data\00_CTO\13_TRADING_SYSTEMS\03_STRATEGY_LIBRARY\LONG\DAS\runs\das_scanner_appearance_20260628T114046Z\chart_exports\event_day_premarket_detail_only\20260628T183512Z\images\0522_TEAD_2026-02-05_push23.28_rebreak_03_event_day_premarket_detail.png,das_scanner_appearance:TEAD:2026-02-05T13:04:00+00:00,TEAD,2026-02-05,23.283,,19.8745,41.97049347125658,rebreak_confirmed,9.7799,single_candle_rebreak,2026-02-05 08:07:00 EST
523,C:\TSIS_Data\00_CTO\13_TRADING_SYSTEMS\03_STRATEGY_LIBRARY\LONG\DAS\runs\das_scanner_appearance_20260628T114046Z\chart_exports\event_day_premarket_detail_only\20260628T183512Z\images\0523_GV_2025-03-12_push23.26_rebreak_03_event_day_premarket_detail.png,das_scanner_appearance:GV:2025-03-12T13:01:00+00:00,GV,2025-03-12,23.2639,,13.5417,36.80555555555556,rebreak_confirmed,6.6197,flat_shelf_break,2025-03-12 09:12:00 EDT
524,C:\TSIS_Data\00_CTO\13_TRADING_SYSTEMS\03_STRATEGY_LIBRARY\LONG\DAS\runs\das_scanner_appearance_20260628T114046Z\chart_exports\event_day_premarket_detail_only\20260628T183512Z\images\0524_AGMH_2025-09-19_push23.25_rebreak_03_event_day_premarket_detail.png,das_scanner_appearance:AGMH:2025-09-19T08:02:00+00:00,AGMH,2025-09-19,23.2517,51.57342657342659,-7.6923,51.57342657342659,rebreak_confirmed,4.8227,ascending_flag_break,2025-09-19 07:09:00 EDT
525,C:\TSIS_Data\00_CTO\13_TRADING_SYSTEMS\03_STRATEGY_LIBRARY\LONG\DAS\runs\das_scanner_appearance_20260628T114046Z\chart_exports\event_day_premarket_detail_only\20260628T183512Z\images\0525_AIMD_2025-08-06_push23.18_rebreak_03_event_day_premarket_detail.png,das_scanner_appearance:AIMD:2025-08-06T12:02:00+00:00,AIMD,2025-08-06,23.176,,18.4549,42.06008583690987,rebreak_confirmed,10.453,ascending_flag_break,2025-08-06 08:07:00 EDT
526,C:\TSIS_Data\00_CTO\13_TRADING_SYSTEMS\03_STRATEGY_LIBRARY\LONG\DAS\runs\das_scanner_appearance_20260628T114046Z\chart_exports\event_day_premarket_detail_only\20260628T183512Z\images\0526_CTNT_2025-06-05_push23.16_rebreak_03_event_day_premarket_detail.png,das_scanner_appearance:CTNT:2025-06-05T08:01:00+00:00,CTNT,2025-06-05,23.1579,,13.6842,31.578947368421055,rebreak_confirmed,12.8205,vwap_reclaim_rebreak,2025-06-05 04:08:00 EDT
527,C:\TSIS_Data\00_CTO\13_TRADING_SYSTEMS\03_STRATEGY_LIBRARY\LONG\DAS\runs\das_scanner_appearance_20260628T114046Z\chart_exports\event_day_premarket_detail_only\20260628T183512Z\images\0527_ASNS_2025-10-03_push23.14_rebreak_03_event_day_premarket_detail.png,das_scanner_appearance:ASNS:2025-10-03T08:23:00+00:00,ASNS,2025-10-03,23.1407,,6.0501,36.146435452793824,rebreak_confirmed,5.4921,ascending_flag_break,2025-10-03 07:20:00 EDT
528,C:\TSIS_Data\00_CTO\13_TRADING_SYSTEMS\03_STRATEGY_LIBRARY\LONG\DAS\runs\das_scanner_appearance_20260628T114046Z\chart_exports\event_day_premarket_detail_only\20260628T183512Z\images\0528_GNPX_2025-10-15_push23.13_rebreak_03_event_day_premarket_detail.png,das_scanner_appearance:GNPX:2025-10-15T11:22:00+00:00,GNPX,2025-10-15,23.1316,55.26315789473685,-8.3421,64.39473684210526,rebreak_confirmed,4.2103,multi_candle_flag_break,2025-10-15 07:43:00 EDT
529,C:\TSIS_Data\00_CTO\13_TRADING_SYSTEMS\03_STRATEGY_LIBRARY\LONG\DAS\runs\das_scanner_appearance_20260628T114046Z\chart_exports\event_day_premarket_detail_only\20260628T183512Z\images\0529_BURU_2025-10-22_push23.13_rebreak_03_event_day_premarket_detail.png,das_scanner_appearance:BURU:2025-10-22T08:53:00+00:00,BURU,2025-10-22,23.1306,52.583814595364906,-5.3476,52.621315532888325,rebreak_confirmed,4.4649,multi_candle_flag_break,2025-10-22 07:12:00 EDT
530,C:\TSIS_Data\00_CTO\13_TRADING_SYSTEMS\03_STRATEGY_LIBRARY\LONG\DAS\runs\das_scanner_appearance_20260628T114046Z\chart_exports\event_day_premarket_detail_only\20260628T183512Z\images\0530_JWEL_2025-10-21_push23.08_rebreak_03_event_day_premarket_detail.png,das_scanner_appearance:JWEL:2025-10-21T08:05:00+00:00,JWEL,2025-10-21,23.0769,,14.6154,23.076923076923077,rebreak_confirmed,16.25,last_red_high_break,2025-10-21 04:09:00 EDT
531,C:\TSIS_Data\00_CTO\13_TRADING_SYSTEMS\03_STRATEGY_LIBRARY\LONG\DAS\runs\das_scanner_appearance_20260628T114046Z\chart_exports\event_day_premarket_detail_only\20260628T183512Z\images\0531_ORIS_2025-09-23_push23.05_rebreak_03_event_day_premarket_detail.png,das_scanner_appearance:ORIS:2025-09-23T12:07:00+00:00,ORIS,2025-09-23,23.0473,,19.5845,43.97845325125047,rebreak_confirmed,6.1914,flat_shelf_break,2025-09-23 08:11:00 EDT
532,C:\TSIS_Data\00_CTO\13_TRADING_SYSTEMS\03_STRATEGY_LIBRARY\LONG\DAS\runs\das_scanner_appearance_20260628T114046Z\chart_exports\event_day_premarket_detail_only\20260628T183512Z\images\0532_LIDR_2025-07-25_push23.00_rebreak_03_event_day_premarket_detail.png,das_scanner_appearance:LIDR:2025-07-25T08:07:00+00:00,LIDR,2025-07-25,23.0032,,9.4249,30.670926517571885,rebreak_confirmed,3.8961,flat_shelf_break,2025-07-25 04:37:00 EDT
533,C:\TSIS_Data\00_CTO\13_TRADING_SYSTEMS\03_STRATEGY_LIBRARY\LONG\DAS\runs\das_scanner_appearance_20260628T114046Z\chart_exports\event_day_premarket_detail_only\20260628T183512Z\images\0533_JBDI_2024-10-04_push23.00_rebreak_03_event_day_premarket_detail.png,das_scanner_appearance:JBDI:2024-10-04T12:09:00+00:00,JBDI,2024-10-04,23.0,,22.0,37.999999999999986,rebreak_confirmed,7.3171,vwap_reclaim_rebreak,2024-10-04 08:23:00 EDT
534,C:\TSIS_Data\00_CTO\13_TRADING_SYSTEMS\03_STRATEGY_LIBRARY\LONG\DAS\runs\das_scanner_appearance_20260628T114046Z\chart_exports\event_day_premarket_detail_only\20260628T183512Z\images\0534_BREA_2024-12-02_push22.99_rebreak_03_event_day_premarket_detail.png,das_scanner_appearance:BREA:2024-12-02T11:44:00+00:00,BREA,2024-12-02,22.9947,,21.9251,32.62032085561496,rebreak_confirmed,6.9565,single_candle_rebreak,2024-12-02 06:46:00 EST
535,C:\TSIS_Data\00_CTO\13_TRADING_SYSTEMS\03_STRATEGY_LIBRARY\LONG\DAS\runs\das_scanner_appearance_20260628T114046Z\chart_exports\event_day_premarket_detail_only\20260628T183512Z\images\0535_AQST_2026-02-02_push22.95_rebreak_03_event_day_premarket_detail.png,das_scanner_appearance:AQST:2026-02-02T12:34:00+00:00,AQST,2026-02-02,22.9508,,18.1967,46.557377049180324,rebreak_confirmed,10.6667,ascending_flag_break,2026-02-02 07:39:00 EST
536,C:\TSIS_Data\00_CTO\13_TRADING_SYSTEMS\03_STRATEGY_LIBRARY\LONG\DAS\runs\das_scanner_appearance_20260628T114046Z\chart_exports\event_day_premarket_detail_only\20260628T183512Z\images\0536_CMTL_2024-06-18_push22.92_rebreak_03_event_day_premarket_detail.png,das_scanner_appearance:CMTL:2024-06-18T13:11:00+00:00,CMTL,2024-06-18,22.9167,,14.5833,32.083333333333336,rebreak_confirmed,6.7797,last_red_high_break,2024-06-18 09:18:00 EDT
537,C:\TSIS_Data\00_CTO\13_TRADING_SYSTEMS\03_STRATEGY_LIBRARY\LONG\DAS\runs\das_scanner_appearance_20260628T114046Z\chart_exports\event_day_premarket_detail_only\20260628T183512Z\images\0537_NKLA_2025-02-10_push22.91_rebreak_03_event_day_premarket_detail.png,das_scanner_appearance:NKLA:2025-02-10T11:22:00+00:00,NKLA,2025-02-10,22.907,,17.6512,22.906976744186043,rebreak_confirmed,5.1656,flat_shelf_break,2025-02-10 06:32:00 EST
538,C:\TSIS_Data\00_CTO\13_TRADING_SYSTEMS\03_STRATEGY_LIBRARY\LONG\DAS\runs\das_scanner_appearance_20260628T114046Z\chart_exports\event_day_premarket_detail_only\20260628T183512Z\images\0538_LUCY_2026-01-07_push22.88_rebreak_03_event_day_premarket_detail.png,das_scanner_appearance:LUCY:2026-01-07T13:03:00+00:00,LUCY,2026-01-07,22.8814,50.000000000000014,17.7966,52.542372881355945,rebreak_confirmed,6.2069,last_red_high_break,2026-01-07 08:07:00 EST
539,C:\TSIS_Data\00_CTO\13_TRADING_SYSTEMS\03_STRATEGY_LIBRARY\LONG\DAS\runs\das_scanner_appearance_20260628T114046Z\chart_exports\event_day_premarket_detail_only\20260628T183512Z\images\0539_CGTX_2024-12-19_push22.88_rebreak_03_event_day_premarket_detail.png,das_scanner_appearance:CGTX:2024-12-19T10:35:00+00:00,CGTX,2024-12-19,22.8769,,-16.7692,27.692307692307683,rebreak_confirmed,6.0974,multi_candle_flag_break,2024-12-19 08:16:00 EST
540,C:\TSIS_Data\00_CTO\13_TRADING_SYSTEMS\03_STRATEGY_LIBRARY\LONG\DAS\runs\das_scanner_appearance_20260628T114046Z\chart_exports\event_day_premarket_detail_only\20260628T183512Z\images\0540_RIME_2026-02-24_push22.86_rebreak_03_event_day_premarket_detail.png,das_scanner_appearance:RIME:2026-02-24T14:15:00+00:00,RIME,2026-02-24,22.8571,,20.0,40.57142857142857,rebreak_confirmed,6.9767,ascending_flag_break,2026-02-24 09:19:00 EST
541,C:\TSIS_Data\00_CTO\13_TRADING_SYSTEMS\03_STRATEGY_LIBRARY\LONG\DAS\runs\das_scanner_appearance_20260628T114046Z\chart_exports\event_day_premarket_detail_only\20260628T183512Z\images\0541_NIXX_2025-03-03_push22.84_rebreak_03_event_day_premarket_detail.png,das_scanner_appearance:NIXX:2025-03-03T14:02:00+00:00,NIXX,2025-03-03,22.8395,,16.0494,25.92592592592592,rebreak_confirmed,7.5377,multi_candle_flag_break,2025-03-03 09:07:00 EST
542,C:\TSIS_Data\00_CTO\13_TRADING_SYSTEMS\03_STRATEGY_LIBRARY\LONG\DAS\runs\das_scanner_appearance_20260628T114046Z\chart_exports\event_day_premarket_detail_only\20260628T183512Z\images\0542_OPTX_2025-12-23_push22.82_rebreak_03_event_day_premarket_detail.png,das_scanner_appearance:OPTX:2025-12-23T09:08:00+00:00,OPTX,2025-12-23,22.8216,,6.0166,42.32365145228216,rebreak_confirmed,4.0541,flat_shelf_break,2025-12-23 05:15:00 EST
543,C:\TSIS_Data\00_CTO\13_TRADING_SYSTEMS\03_STRATEGY_LIBRARY\LONG\DAS\runs\das_scanner_appearance_20260628T114046Z\chart_exports\event_day_premarket_detail_only\20260628T183512Z\images\0543_ELBM_2025-10-17_push22.78_rebreak_03_event_day_premarket_detail.png,das_scanner_appearance:ELBM:2025-10-17T11:47:00+00:00,ELBM,2025-10-17,22.7848,51.26582278481012,1.2658,68.35443037974683,rebreak_confirmed,4.1237,single_candle_rebreak,2025-10-17 08:27:00 EDT
544,C:\TSIS_Data\00_CTO\13_TRADING_SYSTEMS\03_STRATEGY_LIBRARY\LONG\DAS\runs\das_scanner_appearance_20260628T114046Z\chart_exports\event_day_premarket_detail_only\20260628T183512Z\images\0544_FATN_2026-02-03_push22.77_rebreak_03_event_day_premarket_detail.png,das_scanner_appearance:FATN:2026-02-03T09:03:00+00:00,FATN,2026-02-03,22.7723,,7.2607,28.712871287128717,rebreak_confirmed,5.1075,multi_candle_flag_break,2026-02-03 06:56:00 EST
545,C:\TSIS_Data\00_CTO\13_TRADING_SYSTEMS\03_STRATEGY_LIBRARY\LONG\DAS\runs\das_scanner_appearance_20260628T114046Z\chart_exports\event_day_premarket_detail_only\20260628T183512Z\images\0545_OPTT_2024-12-27_push22.77_rebreak_03_event_day_premarket_detail.png,das_scanner_appearance:OPTT:2024-12-27T09:05:00+00:00,OPTT,2024-12-27,22.7723,,6.9505,23.762376237623762,rebreak_confirmed,6.2581,ascending_flag_break,2024-12-27 08:15:00 EST
546,C:\TSIS_Data\00_CTO\13_TRADING_SYSTEMS\03_STRATEGY_LIBRARY\LONG\DAS\runs\das_scanner_appearance_20260628T114046Z\chart_exports\event_day_premarket_detail_only\20260628T183512Z\images\0546_VS_2025-01-17_push22.71_rebreak_03_event_day_premarket_detail.png,das_scanner_appearance:VS:2025-01-17T09:05:00+00:00,VS,2025-01-17,22.7092,50.19920318725101,15.1394,50.19920318725101,rebreak_confirmed,5.8442,single_candle_rebreak,2025-01-17 04:08:00 EST
547,C:\TSIS_Data\00_CTO\13_TRADING_SYSTEMS\03_STRATEGY_LIBRARY\LONG\DAS\runs\das_scanner_appearance_20260628T114046Z\chart_exports\event_day_premarket_detail_only\20260628T183512Z\images\0547_KAVL_2025-08-07_push22.70_rebreak_03_event_day_premarket_detail.png,das_scanner_appearance:KAVL:2025-08-07T08:50:00+00:00,KAVL,2025-08-07,22.6994,,4.9898,26.789366053169733,rebreak_confirmed,9.6667,vwap_reclaim_rebreak,2025-08-07 08:27:00 EDT
548,C:\TSIS_Data\00_CTO\13_TRADING_SYSTEMS\03_STRATEGY_LIBRARY\LONG\DAS\runs\das_scanner_appearance_20260628T114046Z\chart_exports\event_day_premarket_detail_only\20260628T183512Z\images\0548_TUP_2024-05-14_push22.68_rebreak_03_event_day_premarket_detail.png,das_scanner_appearance:TUP:2024-05-14T11:04:00+00:00,TUP,2024-05-14,22.6804,,4.6392,28.350515463917542,rebreak_confirmed,4.2017,multi_candle_flag_break,2024-05-14 08:56:00 EDT
549,C:\TSIS_Data\00_CTO\13_TRADING_SYSTEMS\03_STRATEGY_LIBRARY\LONG\DAS\runs\das_scanner_appearance_20260628T114046Z\chart_exports\event_day_premarket_detail_only\20260628T183512Z\images\0549_REKR_2025-10-07_push22.65_rebreak_03_event_day_premarket_detail.png,das_scanner_appearance:REKR:2025-10-07T11:07:00+00:00,REKR,2025-10-07,22.6519,,13.2597,25.966850828729264,rebreak_confirmed,6.3063,flat_shelf_break,2025-10-07 07:37:00 EDT
550,C:\TSIS_Data\00_CTO\13_TRADING_SYSTEMS\03_STRATEGY_LIBRARY\LONG\DAS\runs\das_scanner_appearance_20260628T114046Z\chart_exports\event_day_premarket_detail_only\20260628T183512Z\images\0550_ENVB_2025-12-10_push22.64_rebreak_03_event_day_premarket_detail.png,das_scanner_appearance:ENVB:2025-12-10T09:12:00+00:00,ENVB,2025-12-10,22.6381,,-4.6346,42.602495543672006,rebreak_confirmed,8.2849,flat_shelf_break,2025-12-10 06:25:00 EST
551,C:\TSIS_Data\00_CTO\13_TRADING_SYSTEMS\03_STRATEGY_LIBRARY\LONG\DAS\runs\das_scanner_appearance_20260628T114046Z\chart_exports\event_day_premarket_detail_only\20260628T183512Z\images\0551_CETX_2025-12-11_push22.60_rebreak_03_event_day_premarket_detail.png,das_scanner_appearance:CETX:2025-12-11T13:07:00+00:00,CETX,2025-12-11,22.5974,,10.3818,34.80519480519481,rebreak_confirmed,13.1356,ascending_flag_break,2025-12-11 08:13:00 EST
552,C:\TSIS_Data\00_CTO\13_TRADING_SYSTEMS\03_STRATEGY_LIBRARY\LONG\DAS\runs\das_scanner_appearance_20260628T114046Z\chart_exports\event_day_premarket_detail_only\20260628T183512Z\images\0552_GWH_2025-10-10_push22.59_rebreak_03_event_day_premarket_detail.png,das_scanner_appearance:GWH:2025-10-10T08:10:00+00:00,GWH,2025-10-10,22.5941,50.6276150627615,-9.4142,105.02092050209207,rebreak_confirmed,7.8498,multi_candle_flag_break,2025-10-10 06:15:00 EDT
553,C:\TSIS_Data\00_CTO\13_TRADING_SYSTEMS\03_STRATEGY_LIBRARY\LONG\DAS\runs\das_scanner_appearance_20260628T114046Z\chart_exports\event_day_premarket_detail_only\20260628T183512Z\images\0553_ICCT_2024-10-02_push22.57_rebreak_03_event_day_premarket_detail.png,das_scanner_appearance:ICCT:2024-10-02T12:08:00+00:00,ICCT,2024-10-02,22.5716,,-7.0086,31.14350957316003,rebreak_confirmed,4.5285,single_candle_rebreak,2024-10-02 09:11:00 EDT
554,C:\TSIS_Data\00_CTO\13_TRADING_SYSTEMS\03_STRATEGY_LIBRARY\LONG\DAS\runs\das_scanner_appearance_20260628T114046Z\chart_exports\event_day_premarket_detail_only\20260628T183512Z\images\0554_GUTS_2025-09-26_push22.55_rebreak_03_event_day_premarket_detail.png,das_scanner_appearance:GUTS:2025-09-26T11:01:00+00:00,GUTS,2025-09-26,22.549,,14.7059,35.29411764705881,rebreak_confirmed,10.4,single_candle_rebreak,2025-09-26 07:03:00 EDT
555,C:\TSIS_Data\00_CTO\13_TRADING_SYSTEMS\03_STRATEGY_LIBRARY\LONG\DAS\runs\das_scanner_appearance_20260628T114046Z\chart_exports\event_day_premarket_detail_only\20260628T183512Z\images\0555_SOBR_2025-12-24_push22.54_rebreak_03_event_day_premarket_detail.png,das_scanner_appearance:SOBR:2025-12-24T13:23:00+00:00,SOBR,2025-12-24,22.5352,,20.4225,43.66197183098593,rebreak_confirmed,5.1724,vwap_reclaim_rebreak,2025-12-24 09:00:00 EST
556,C:\TSIS_Data\00_CTO\13_TRADING_SYSTEMS\03_STRATEGY_LIBRARY\LONG\DAS\runs\das_scanner_appearance_20260628T114046Z\chart_exports\event_day_premarket_detail_only\20260628T183512Z\images\0556_ALT_2026-01-05_push22.54_rebreak_03_event_day_premarket_detail.png,das_scanner_appearance:ALT:2026-01-05T12:37:00+00:00,ALT,2026-01-05,22.5352,,14.6479,26.7605633802817,rebreak_confirmed,8.7356,vwap_reclaim_rebreak,2026-01-05 07:52:00 EST
557,C:\TSIS_Data\00_CTO\13_TRADING_SYSTEMS\03_STRATEGY_LIBRARY\LONG\DAS\runs\das_scanner_appearance_20260628T114046Z\chart_exports\event_day_premarket_detail_only\20260628T183512Z\images\0557_GTBP_2024-05-21_push22.53_rebreak_03_event_day_premarket_detail.png,das_scanner_appearance:GTBP:2024-05-21T12:29:00+00:00,GTBP,2024-05-21,22.5301,59.036144578313234,12.6675,86.74698795180721,rebreak_confirmed,3.0482,single_candle_rebreak,2024-05-21 08:46:00 EDT
558,C:\TSIS_Data\00_CTO\13_TRADING_SYSTEMS\03_STRATEGY_LIBRARY\LONG\DAS\runs\das_scanner_appearance_20260628T114046Z\chart_exports\event_day_premarket_detail_only\20260628T183512Z\images\0558_CCLD_2025-03-13_push22.49_rebreak_03_event_day_premarket_detail.png,das_scanner_appearance:CCLD:2025-03-13T12:51:00+00:00,CCLD,2025-03-13,22.4852,,9.8284,47.92899408284024,rebreak_confirmed,3.3816,single_candle_rebreak,2025-03-13 08:59:00 EDT
559,C:\TSIS_Data\00_CTO\13_TRADING_SYSTEMS\03_STRATEGY_LIBRARY\LONG\DAS\runs\das_scanner_appearance_20260628T114046Z\chart_exports\event_day_premarket_detail_only\20260628T183512Z\images\0559_SKYE_2026-02-02_push22.44_rebreak_03_event_day_premarket_detail.png,das_scanner_appearance:SKYE:2026-02-02T13:00:00+00:00,SKYE,2026-02-02,22.4412,,2.9412,22.44117647058822,rebreak_confirmed,14.3246,last_red_high_break,2026-02-02 08:03:00 EST
560,C:\TSIS_Data\00_CTO\13_TRADING_SYSTEMS\03_STRATEGY_LIBRARY\LONG\DAS\runs\das_scanner_appearance_20260628T114046Z\chart_exports\event_day_premarket_detail_only\20260628T183512Z\images\0560_RR_2025-01-06_push22.41_rebreak_03_event_day_premarket_detail.png,das_scanner_appearance:RR:2025-01-06T09:02:00+00:00,RR,2025-01-06,22.4138,,13.1466,30.81896551724139,rebreak_confirmed,4.0493,flat_shelf_break,2025-01-06 04:45:00 EST
561,C:\TSIS_Data\00_CTO\13_TRADING_SYSTEMS\03_STRATEGY_LIBRARY\LONG\DAS\runs\das_scanner_appearance_20260628T114046Z\chart_exports\event_day_premarket_detail_only\20260628T183512Z\images\0561_JAGX_2026-01-12_push22.32_rebreak_03_event_day_premarket_detail.png,das_scanner_appearance:JAGX:2026-01-12T10:12:00+00:00,JAGX,2026-01-12,22.3237,,16.9613,31.251227656648993,rebreak_confirmed,8.7595,ascending_flag_break,2026-01-12 05:17:00 EST
562,C:\TSIS_Data\00_CTO\13_TRADING_SYSTEMS\03_STRATEGY_LIBRARY\LONG\DAS\runs\das_scanner_appearance_20260628T114046Z\chart_exports\event_day_premarket_detail_only\20260628T183512Z\images\0562_IOBT_2025-08-11_push22.28_rebreak_03_event_day_premarket_detail.png,das_scanner_appearance:IOBT:2025-08-11T09:02:00+00:00,IOBT,2025-08-11,22.2772,50.495049504950494,3.4653,62.87128712871287,rebreak_confirmed,3.6437,multi_candle_flag_break,2025-08-11 06:08:00 EDT
563,C:\TSIS_Data\00_CTO\13_TRADING_SYSTEMS\03_STRATEGY_LIBRARY\LONG\DAS\runs\das_scanner_appearance_20260628T114046Z\chart_exports\event_day_premarket_detail_only\20260628T183512Z\images\0563_SDST_2025-07-14_push22.28_rebreak_03_event_day_premarket_detail.png,das_scanner_appearance:SDST:2025-07-14T08:04:00+00:00,SDST,2025-07-14,22.2766,50.93374833259225,0.0,58.69275233437082,rebreak_confirmed,3.6364,multi_candle_flag_break,2025-07-14 08:50:00 EDT
564,C:\TSIS_Data\00_CTO\13_TRADING_SYSTEMS\03_STRATEGY_LIBRARY\LONG\DAS\runs\das_scanner_appearance_20260628T114046Z\chart_exports\event_day_premarket_detail_only\20260628T183512Z\images\0564_PDYN_2024-12-26_push22.22_rebreak_03_event_day_premarket_detail.png,das_scanner_appearance:PDYN:2024-12-26T09:28:00+00:00,PDYN,2024-12-26,22.2222,,2.735,26.15384615384616,rebreak_confirmed,6.014,ascending_flag_break,2024-12-26 08:54:00 EST
565,C:\TSIS_Data\00_CTO\13_TRADING_SYSTEMS\03_STRATEGY_LIBRARY\LONG\DAS\runs\das_scanner_appearance_20260628T114046Z\chart_exports\event_day_premarket_detail_only\20260628T183512Z\images\0565_NFE_2025-12-01_push22.22_rebreak_03_event_day_premarket_detail.png,das_scanner_appearance:NFE:2025-12-01T09:12:00+00:00,NFE,2025-12-01,22.2222,,6.25,22.91666666666667,rebreak_confirmed,7.6705,ascending_flag_break,2025-12-01 04:35:00 EST
566,C:\TSIS_Data\00_CTO\13_TRADING_SYSTEMS\03_STRATEGY_LIBRARY\LONG\DAS\runs\das_scanner_appearance_20260628T114046Z\chart_exports\event_day_premarket_detail_only\20260628T183512Z\images\0566_IFRX_2025-11-10_push22.22_rebreak_03_event_day_premarket_detail.png,das_scanner_appearance:IFRX:2025-11-10T09:05:00+00:00,IFRX,2025-11-10,22.2222,,-8.8889,37.22222222222223,rebreak_confirmed,15.9091,single_candle_rebreak,2025-11-10 07:40:00 EST
567,C:\TSIS_Data\00_CTO\13_TRADING_SYSTEMS\03_STRATEGY_LIBRARY\LONG\DAS\runs\das_scanner_appearance_20260628T114046Z\chart_exports\event_day_premarket_detail_only\20260628T183512Z\images\0567_BURU_2025-03-19_push22.20_rebreak_03_event_day_premarket_detail.png,das_scanner_appearance:BURU:2025-03-19T12:35:00+00:00,BURU,2025-03-19,22.204,,20.4794,29.085108217642507,rebreak_confirmed,7.3949,last_red_high_break,2025-03-19 08:38:00 EDT
568,C:\TSIS_Data\00_CTO\13_TRADING_SYSTEMS\03_STRATEGY_LIBRARY\LONG\DAS\runs\das_scanner_appearance_20260628T114046Z\chart_exports\event_day_premarket_detail_only\20260628T183512Z\images\0568_ABAT_2025-10-17_push22.20_rebreak_03_event_day_premarket_detail.png,das_scanner_appearance:ABAT:2025-10-17T09:19:00+00:00,ABAT,2025-10-17,22.1978,,3.7363,22.197802197802194,rebreak_confirmed,4.4964,last_red_high_break,2025-10-17 08:38:00 EDT
569,C:\TSIS_Data\00_CTO\13_TRADING_SYSTEMS\03_STRATEGY_LIBRARY\LONG\DAS\runs\das_scanner_appearance_20260628T114046Z\chart_exports\event_day_premarket_detail_only\20260628T183512Z\images\0569_PMAX_2025-12-03_push22.16_rebreak_03_event_day_premarket_detail.png,das_scanner_appearance:PMAX:2025-12-03T09:02:00+00:00,PMAX,2025-12-03,22.1557,,15.2695,25.748502994011986,rebreak_confirmed,8.0882,vwap_reclaim_rebreak,2025-12-03 04:07:00 EST
570,C:\TSIS_Data\00_CTO\13_TRADING_SYSTEMS\03_STRATEGY_LIBRARY\LONG\DAS\runs\das_scanner_appearance_20260628T114046Z\chart_exports\event_day_premarket_detail_only\20260628T183512Z\images\0570_SGML_2025-11-19_push22.14_rebreak_03_event_day_premarket_detail.png,das_scanner_appearance:SGML:2025-11-19T10:48:00+00:00,SGML,2025-11-19,22.1437,,11.0718,27.444051825677267,rebreak_confirmed,3.4716,flat_shelf_break,2025-11-19 06:36:00 EST
571,C:\TSIS_Data\00_CTO\13_TRADING_SYSTEMS\03_STRATEGY_LIBRARY\LONG\DAS\runs\das_scanner_appearance_20260628T114046Z\chart_exports\event_day_premarket_detail_only\20260628T183512Z\images\0571_AUUD_2026-02-18_push22.14_rebreak_03_event_day_premarket_detail.png,das_scanner_appearance:AUUD:2026-02-18T09:01:00+00:00,AUUD,2026-02-18,22.1429,,5.7143,22.142857142857146,rebreak_confirmed,6.4327,last_red_high_break,2026-02-18 07:20:00 EST
572,C:\TSIS_Data\00_CTO\13_TRADING_SYSTEMS\03_STRATEGY_LIBRARY\LONG\DAS\runs\das_scanner_appearance_20260628T114046Z\chart_exports\event_day_premarket_detail_only\20260628T183512Z\images\0572_TENX_2024-08-06_push22.13_rebreak_03_event_day_premarket_detail.png,das_scanner_appearance:TENX:2024-08-06T11:31:00+00:00,TENX,2024-08-06,22.1333,,19.4667,48.800000000000004,rebreak_confirmed,10.262,ascending_flag_break,2024-08-06 07:36:00 EDT
573,C:\TSIS_Data\00_CTO\13_TRADING_SYSTEMS\03_STRATEGY_LIBRARY\LONG\DAS\runs\das_scanner_appearance_20260628T114046Z\chart_exports\event_day_premarket_detail_only\20260628T183512Z\images\0573_OPTT_2024-12-02_push22.13_rebreak_03_event_day_premarket_detail.png,das_scanner_appearance:OPTT:2024-12-02T09:03:00+00:00,OPTT,2024-12-02,22.1292,,-1.7911,36.59189822564444,rebreak_confirmed,3.2621,flat_shelf_break,2024-12-02 07:37:00 EST
574,C:\TSIS_Data\00_CTO\13_TRADING_SYSTEMS\03_STRATEGY_LIBRARY\LONG\DAS\runs\das_scanner_appearance_20260628T114046Z\chart_exports\event_day_premarket_detail_only\20260628T183512Z\images\0574_WAFU_2025-02-25_push22.11_rebreak_03_event_day_premarket_detail.png,das_scanner_appearance:WAFU:2025-02-25T09:13:00+00:00,WAFU,2025-02-25,22.1122,,-4.6205,36.633663366336634,rebreak_confirmed,7.5676,ascending_flag_break,2025-02-25 04:21:00 EST
575,C:\TSIS_Data\00_CTO\13_TRADING_SYSTEMS\03_STRATEGY_LIBRARY\LONG\DAS\runs\das_scanner_appearance_20260628T114046Z\chart_exports\event_day_premarket_detail_only\20260628T183512Z\images\0575_GV_2025-03-07_push22.10_rebreak_03_event_day_premarket_detail.png,das_scanner_appearance:GV:2025-03-07T13:44:00+00:00,GV,2025-03-07,22.0982,,-10.4911,40.624999999999986,rebreak_confirmed,6.7642,flat_shelf_break,2025-03-07 09:06:00 EST
576,C:\TSIS_Data\00_CTO\13_TRADING_SYSTEMS\03_STRATEGY_LIBRARY\LONG\DAS\runs\das_scanner_appearance_20260628T114046Z\chart_exports\event_day_premarket_detail_only\20260628T183512Z\images\0576_VSEE_2025-11-11_push22.09_rebreak_03_event_day_premarket_detail.png,das_scanner_appearance:VSEE:2025-11-11T13:22:00+00:00,VSEE,2025-11-11,22.093,,20.9302,23.25581395348838,rebreak_confirmed,12.1048,vwap_reclaim_rebreak,2025-11-11 08:39:00 EST
577,C:\TSIS_Data\00_CTO\13_TRADING_SYSTEMS\03_STRATEGY_LIBRARY\LONG\DAS\runs\das_scanner_appearance_20260628T114046Z\chart_exports\event_day_premarket_detail_only\20260628T183512Z\images\0577_MDAI_2024-11-27_push22.08_rebreak_03_event_day_premarket_detail.png,das_scanner_appearance:MDAI:2024-11-27T12:27:00+00:00,MDAI,2024-11-27,22.0779,,17.5325,27.922077922077914,rebreak_confirmed,3.1915,single_candle_rebreak,2024-11-27 07:30:00 EST
578,C:\TSIS_Data\00_CTO\13_TRADING_SYSTEMS\03_STRATEGY_LIBRARY\LONG\DAS\runs\das_scanner_appearance_20260628T114046Z\chart_exports\event_day_premarket_detail_only\20260628T183512Z\images\0578_NVVE_2025-11-21_push22.04_rebreak_03_event_day_premarket_detail.png,das_scanner_appearance:NVVE:2025-11-21T10:49:00+00:00,NVVE,2025-11-21,22.0426,,8.5106,33.659574468085104,rebreak_confirmed,5.1604,multi_candle_flag_break,2025-11-21 07:13:00 EST
579,C:\TSIS_Data\00_CTO\13_TRADING_SYSTEMS\03_STRATEGY_LIBRARY\LONG\DAS\runs\das_scanner_appearance_20260628T114046Z\chart_exports\event_day_premarket_detail_only\20260628T183512Z\images\0579_QLGN_2025-10-24_push22.00_rebreak_03_event_day_premarket_detail.png,das_scanner_appearance:QLGN:2025-10-24T08:03:00+00:00,QLGN,2025-10-24,22.0036,,3.7567,41.323792486583194,rebreak_confirmed,5.2786,vwap_reclaim_rebreak,2025-10-24 04:41:00 EDT
580,C:\TSIS_Data\00_CTO\13_TRADING_SYSTEMS\03_STRATEGY_LIBRARY\LONG\DAS\runs\das_scanner_appearance_20260628T114046Z\chart_exports\event_day_premarket_detail_only\20260628T183512Z\images\0580_FEMY_2025-10-06_push21.97_rebreak_03_event_day_premarket_detail.png,das_scanner_appearance:FEMY:2025-10-06T08:01:00+00:00,FEMY,2025-10-06,21.9669,,3.9928,25.818461933495946,rebreak_confirmed,4.8947,multi_candle_flag_break,2025-10-06 07:25:00 EDT
581,C:\TSIS_Data\00_CTO\13_TRADING_SYSTEMS\03_STRATEGY_LIBRARY\LONG\DAS\runs\das_scanner_appearance_20260628T114046Z\chart_exports\event_day_premarket_detail_only\20260628T183512Z\images\0581_QURE_2024-07-09_push21.95_rebreak_03_event_day_premarket_detail.png,das_scanner_appearance:QURE:2024-07-09T11:37:00+00:00,QURE,2024-07-09,21.9512,51.843902439024404,7.0732,52.19512195121953,rebreak_confirmed,5.2,flat_shelf_break,2024-07-09 08:37:00 EDT
582,C:\TSIS_Data\00_CTO\13_TRADING_SYSTEMS\03_STRATEGY_LIBRARY\LONG\DAS\runs\das_scanner_appearance_20260628T114046Z\chart_exports\event_day_premarket_detail_only\20260628T183512Z\images\0582_RIME_2026-02-17_push21.93_rebreak_03_event_day_premarket_detail.png,das_scanner_appearance:RIME:2026-02-17T09:06:00+00:00,RIME,2026-02-17,21.9277,,-3.6145,25.060240963855417,rebreak_confirmed,3.1621,single_candle_rebreak,2026-02-17 07:47:00 EST
583,C:\TSIS_Data\00_CTO\13_TRADING_SYSTEMS\03_STRATEGY_LIBRARY\LONG\DAS\runs\das_scanner_appearance_20260628T114046Z\chart_exports\event_day_premarket_detail_only\20260628T183512Z\images\0583_PCSA_2025-10-07_push21.93_rebreak_03_event_day_premarket_detail.png,das_scanner_appearance:PCSA:2025-10-07T09:50:00+00:00,PCSA,2025-10-07,21.9257,,-4.7593,21.92572214580467,rebreak_confirmed,10.9206,last_red_high_break,2025-10-07 08:03:00 EDT
584,C:\TSIS_Data\00_CTO\13_TRADING_SYSTEMS\03_STRATEGY_LIBRARY\LONG\DAS\runs\das_scanner_appearance_20260628T114046Z\chart_exports\event_day_premarket_detail_only\20260628T183512Z\images\0584_SES_2025-01-23_push21.92_rebreak_03_event_day_premarket_detail.png,das_scanner_appearance:SES:2025-01-23T12:16:00+00:00,SES,2025-01-23,21.9237,,-0.0903,34.341837886656116,rebreak_confirmed,3.7037,multi_candle_flag_break,2025-01-23 08:41:00 EST
585,C:\TSIS_Data\00_CTO\13_TRADING_SYSTEMS\03_STRATEGY_LIBRARY\LONG\DAS\runs\das_scanner_appearance_20260628T114046Z\chart_exports\event_day_premarket_detail_only\20260628T183512Z\images\0585_CCG_2024-05-29_push21.91_rebreak_03_event_day_premarket_detail.png,das_scanner_appearance:CCG:2024-05-29T09:39:00+00:00,CCG,2024-05-29,21.9101,,0.5618,41.57303370786517,rebreak_confirmed,3.2258,single_candle_rebreak,2024-05-29 07:28:00 EDT
586,C:\TSIS_Data\00_CTO\13_TRADING_SYSTEMS\03_STRATEGY_LIBRARY\LONG\DAS\runs\das_scanner_appearance_20260628T114046Z\chart_exports\event_day_premarket_detail_only\20260628T183512Z\images\0586_SPRO_2025-05-30_push21.90_rebreak_03_event_day_premarket_detail.png,das_scanner_appearance:SPRO:2025-05-30T08:11:00+00:00,SPRO,2025-05-30,21.9048,,18.0952,21.9047619047619,rebreak_confirmed,4.8828,single_candle_rebreak,2025-05-30 04:13:00 EDT
587,C:\TSIS_Data\00_CTO\13_TRADING_SYSTEMS\03_STRATEGY_LIBRARY\LONG\DAS\runs\das_scanner_appearance_20260628T114046Z\chart_exports\event_day_premarket_detail_only\20260628T183512Z\images\0587_PSTV_2025-07-31_push21.90_rebreak_03_event_day_premarket_detail.png,das_scanner_appearance:PSTV:2025-07-31T12:00:00+00:00,PSTV,2025-07-31,21.9004,,4.8135,21.90039591581579,rebreak_confirmed,7.6923,multi_candle_flag_break,2025-07-31 08:47:00 EDT
588,C:\TSIS_Data\00_CTO\13_TRADING_SYSTEMS\03_STRATEGY_LIBRARY\LONG\DAS\runs\das_scanner_appearance_20260628T114046Z\chart_exports\event_day_premarket_detail_only\20260628T183512Z\images\0588_DRCT_2026-01-23_push21.79_rebreak_03_event_day_premarket_detail.png,das_scanner_appearance:DRCT:2026-01-23T09:17:00+00:00,DRCT,2026-01-23,21.791,54.02985074626866,-8.0597,88.0597014925373,rebreak_confirmed,12.9902,vwap_reclaim_rebreak,2026-01-23 05:04:00 EST
589,C:\TSIS_Data\00_CTO\13_TRADING_SYSTEMS\03_STRATEGY_LIBRARY\LONG\DAS\runs\das_scanner_appearance_20260628T114046Z\chart_exports\event_day_premarket_detail_only\20260628T183512Z\images\0589_APLT_2024-11-29_push21.74_rebreak_03_event_day_premarket_detail.png,das_scanner_appearance:APLT:2024-11-29T09:23:00+00:00,APLT,2024-11-29,21.7391,,10.0,25.65217391304349,rebreak_confirmed,6.0714,multi_candle_flag_break,2024-11-29 05:36:00 EST
590,C:\TSIS_Data\00_CTO\13_TRADING_SYSTEMS\03_STRATEGY_LIBRARY\LONG\DAS\runs\das_scanner_appearance_20260628T114046Z\chart_exports\event_day_premarket_detail_only\20260628T183512Z\images\0590_HWH_2025-09-04_push21.67_rebreak_03_event_day_premarket_detail.png,das_scanner_appearance:HWH:2025-09-04T11:30:00+00:00,HWH,2025-09-04,21.6738,,15.4506,36.26609442060085,rebreak_confirmed,5.5556,last_red_high_break,2025-09-04 07:35:00 EDT
591,C:\TSIS_Data\00_CTO\13_TRADING_SYSTEMS\03_STRATEGY_LIBRARY\LONG\DAS\runs\das_scanner_appearance_20260628T114046Z\chart_exports\event_day_premarket_detail_only\20260628T183512Z\images\0591_RKDA_2025-10-15_push21.67_rebreak_03_event_day_premarket_detail.png,das_scanner_appearance:RKDA:2025-10-15T08:55:00+00:00,RKDA,2025-10-15,21.6696,,8.881,35.16873889875667,rebreak_confirmed,11.2409,vwap_reclaim_rebreak,2025-10-15 05:19:00 EDT
592,C:\TSIS_Data\00_CTO\13_TRADING_SYSTEMS\03_STRATEGY_LIBRARY\LONG\DAS\runs\das_scanner_appearance_20260628T114046Z\chart_exports\event_day_premarket_detail_only\20260628T183512Z\images\0592_AGRI_2025-08-27_push21.62_rebreak_03_event_day_premarket_detail.png,das_scanner_appearance:AGRI:2025-08-27T12:03:00+00:00,AGRI,2025-08-27,21.6216,,14.8649,26.35135135135136,rebreak_confirmed,9.7222,flat_shelf_break,2025-08-27 08:09:00 EDT
593,C:\TSIS_Data\00_CTO\13_TRADING_SYSTEMS\03_STRATEGY_LIBRARY\LONG\DAS\runs\das_scanner_appearance_20260628T114046Z\chart_exports\event_day_premarket_detail_only\20260628T183512Z\images\0593_EONR_2026-03-03_push21.58_rebreak_03_event_day_premarket_detail.png,das_scanner_appearance:EONR:2026-03-03T09:10:00+00:00,EONR,2026-03-03,21.5805,,2.7713,41.23010906490256,rebreak_confirmed,5.7353,single_candle_rebreak,2026-03-03 07:04:00 EST
594,C:\TSIS_Data\00_CTO\13_TRADING_SYSTEMS\03_STRATEGY_LIBRARY\LONG\DAS\runs\das_scanner_appearance_20260628T114046Z\chart_exports\event_day_premarket_detail_only\20260628T183512Z\images\0594_BEEM_2025-09-18_push21.56_rebreak_03_event_day_premarket_detail.png,das_scanner_appearance:BEEM:2025-09-18T10:13:00+00:00,BEEM,2025-09-18,21.5613,,13.3829,39.03345724907064,rebreak_confirmed,7.9511,vwap_reclaim_rebreak,2025-09-18 06:16:00 EDT
595,C:\TSIS_Data\00_CTO\13_TRADING_SYSTEMS\03_STRATEGY_LIBRARY\LONG\DAS\runs\das_scanner_appearance_20260628T114046Z\chart_exports\event_day_premarket_detail_only\20260628T183512Z\images\0595_LIDR_2024-12-27_push21.56_rebreak_03_event_day_premarket_detail.png,das_scanner_appearance:LIDR:2024-12-27T10:01:00+00:00,LIDR,2024-12-27,21.5569,,16.1677,34.13173652694613,rebreak_confirmed,9.8522,ascending_flag_break,2024-12-27 05:10:00 EST
596,C:\TSIS_Data\00_CTO\13_TRADING_SYSTEMS\03_STRATEGY_LIBRARY\LONG\DAS\runs\das_scanner_appearance_20260628T114046Z\chart_exports\event_day_premarket_detail_only\20260628T183512Z\images\0596_TIVC_2025-12-23_push21.55_rebreak_03_event_day_premarket_detail.png,das_scanner_appearance:TIVC:2025-12-23T11:34:00+00:00,TIVC,2025-12-23,21.5517,,0.431,34.913793103448285,rebreak_confirmed,5.6738,vwap_reclaim_rebreak,2025-12-23 07:05:00 EST
597,C:\TSIS_Data\00_CTO\13_TRADING_SYSTEMS\03_STRATEGY_LIBRARY\LONG\DAS\runs\das_scanner_appearance_20260628T114046Z\chart_exports\event_day_premarket_detail_only\20260628T183512Z\images\0597_WNW_2025-04-22_push21.54_rebreak_03_event_day_premarket_detail.png,das_scanner_appearance:WNW:2025-04-22T08:11:00+00:00,WNW,2025-04-22,21.5385,,-11.2821,44.10256410256411,rebreak_confirmed,8.0169,multi_candle_flag_break,2025-04-22 07:13:00 EDT
598,C:\TSIS_Data\00_CTO\13_TRADING_SYSTEMS\03_STRATEGY_LIBRARY\LONG\DAS\runs\das_scanner_appearance_20260628T114046Z\chart_exports\event_day_premarket_detail_only\20260628T183512Z\images\0598_CTM_2025-02-28_push21.53_rebreak_03_event_day_premarket_detail.png,das_scanner_appearance:CTM:2025-02-28T14:01:00+00:00,CTM,2025-02-28,21.5315,,11.8628,22.60701226070122,rebreak_confirmed,11.5044,vwap_reclaim_rebreak,2025-02-28 09:29:00 EST
599,C:\TSIS_Data\00_CTO\13_TRADING_SYSTEMS\03_STRATEGY_LIBRARY\LONG\DAS\runs\das_scanner_appearance_20260628T114046Z\chart_exports\event_day_premarket_detail_only\20260628T183512Z\images\0599_PXMD_2024-04-12_push21.47_rebreak_03_event_day_premarket_detail.png,das_scanner_appearance:PXMD:2024-04-12T08:06:00+00:00,PXMD,2024-04-12,21.4715,,-6.2934,38.82461823229986,rebreak_confirmed,6.1905,last_red_high_break,2024-04-12 08:25:00 EDT
600,C:\TSIS_Data\00_CTO\13_TRADING_SYSTEMS\03_STRATEGY_LIBRARY\LONG\DAS\runs\das_scanner_appearance_20260628T114046Z\chart_exports\event_day_premarket_detail_only\20260628T183512Z\images\0600_CYN_2025-06-27_push21.43_rebreak_03_event_day_premarket_detail.png,das_scanner_appearance:CYN:2025-06-27T08:05:00+00:00,CYN,2025-06-27,21.4286,,8.1714,49.657142857142865,rebreak_confirmed,6.2118,ascending_flag_break,2025-06-27 04:15:00 EDT
601,C:\TSIS_Data\00_CTO\13_TRADING_SYSTEMS\03_STRATEGY_LIBRARY\LONG\DAS\runs\das_scanner_appearance_20260628T114046Z\chart_exports\event_day_premarket_detail_only\20260628T183512Z\images\0601_KITT_2025-12-04_push21.43_rebreak_03_event_day_premarket_detail.png,das_scanner_appearance:KITT:2025-12-04T09:09:00+00:00,KITT,2025-12-04,21.4286,,-1.0989,31.86813186813186,rebreak_confirmed,8.5973,multi_candle_flag_break,2025-12-04 04:28:00 EST
602,C:\TSIS_Data\00_CTO\13_TRADING_SYSTEMS\03_STRATEGY_LIBRARY\LONG\DAS\runs\das_scanner_appearance_20260628T114046Z\chart_exports\event_day_premarket_detail_only\20260628T183512Z\images\0602_DVLT_2025-12-22_push21.43_rebreak_03_event_day_premarket_detail.png,das_scanner_appearance:DVLT:2025-12-22T09:10:00+00:00,DVLT,2025-12-22,21.4272,,8.0945,36.192873741285844,rebreak_confirmed,4.3139,flat_shelf_break,2025-12-22 04:44:00 EST
603,C:\TSIS_Data\00_CTO\13_TRADING_SYSTEMS\03_STRATEGY_LIBRARY\LONG\DAS\runs\das_scanner_appearance_20260628T114046Z\chart_exports\event_day_premarket_detail_only\20260628T183512Z\images\0603_TWG_2025-12-08_push21.42_rebreak_03_event_day_premarket_detail.png,das_scanner_appearance:TWG:2025-12-08T09:14:00+00:00,TWG,2025-12-08,21.4221,,18.5419,43.56435643564357,rebreak_confirmed,8.1542,vwap_reclaim_rebreak,2025-12-08 04:19:00 EST
604,C:\TSIS_Data\00_CTO\13_TRADING_SYSTEMS\03_STRATEGY_LIBRARY\LONG\DAS\runs\das_scanner_appearance_20260628T114046Z\chart_exports\event_day_premarket_detail_only\20260628T183512Z\images\0604_CNEY_2025-05-07_push21.42_rebreak_03_event_day_premarket_detail.png,das_scanner_appearance:CNEY:2025-05-07T08:25:00+00:00,CNEY,2025-05-07,21.4169,,5.3746,21.416938110749193,rebreak_confirmed,4.7954,single_candle_rebreak,2025-05-07 04:55:00 EDT
605,C:\TSIS_Data\00_CTO\13_TRADING_SYSTEMS\03_STRATEGY_LIBRARY\LONG\DAS\runs\das_scanner_appearance_20260628T114046Z\chart_exports\event_day_premarket_detail_only\20260628T183512Z\images\0605_WGRX_2025-10-24_push21.39_rebreak_03_event_day_premarket_detail.png,das_scanner_appearance:WGRX:2025-10-24T08:01:00+00:00,WGRX,2025-10-24,21.3871,50.59445178335533,17.4505,50.59445178335533,rebreak_confirmed,4.4619,multi_candle_flag_break,2025-10-24 07:31:00 EDT
606,C:\TSIS_Data\00_CTO\13_TRADING_SYSTEMS\03_STRATEGY_LIBRARY\LONG\DAS\runs\das_scanner_appearance_20260628T114046Z\chart_exports\event_day_premarket_detail_only\20260628T183512Z\images\0606_UMAC_2024-11-29_push21.38_rebreak_03_event_day_premarket_detail.png,das_scanner_appearance:UMAC:2024-11-29T12:03:00+00:00,UMAC,2024-11-29,21.3819,,1.0271,35.10737628384687,rebreak_confirmed,5.0,flat_shelf_break,2024-11-29 07:57:00 EST
607,C:\TSIS_Data\00_CTO\13_TRADING_SYSTEMS\03_STRATEGY_LIBRARY\LONG\DAS\runs\das_scanner_appearance_20260628T114046Z\chart_exports\event_day_premarket_detail_only\20260628T183512Z\images\0607_EVGN_2026-02-04_push21.36_rebreak_03_event_day_premarket_detail.png,das_scanner_appearance:EVGN:2026-02-04T13:23:00+00:00,EVGN,2026-02-04,21.3592,,14.5631,34.951456310679596,rebreak_confirmed,10.4,single_candle_rebreak,2026-02-04 08:25:00 EST
608,C:\TSIS_Data\00_CTO\13_TRADING_SYSTEMS\03_STRATEGY_LIBRARY\LONG\DAS\runs\das_scanner_appearance_20260628T114046Z\chart_exports\event_day_premarket_detail_only\20260628T183512Z\images\0608_PRTG_2025-03-28_push21.33_rebreak_03_event_day_premarket_detail.png,das_scanner_appearance:PRTG:2025-03-28T08:25:00+00:00,PRTG,2025-03-28,21.3347,,2.0222,36.501516683518695,rebreak_confirmed,3.75,ascending_flag_break,2025-03-28 07:00:00 EDT
609,C:\TSIS_Data\00_CTO\13_TRADING_SYSTEMS\03_STRATEGY_LIBRARY\LONG\DAS\runs\das_scanner_appearance_20260628T114046Z\chart_exports\event_day_premarket_detail_only\20260628T183512Z\images\0609_PDYN_2026-01-13_push21.31_rebreak_03_event_day_premarket_detail.png,das_scanner_appearance:PDYN:2026-01-13T13:04:00+00:00,PDYN,2026-01-13,21.3141,,14.7436,21.314102564102562,rebreak_confirmed,3.9445,flat_shelf_break,2026-01-13 08:29:00 EST
610,C:\TSIS_Data\00_CTO\13_TRADING_SYSTEMS\03_STRATEGY_LIBRARY\LONG\DAS\runs\das_scanner_appearance_20260628T114046Z\chart_exports\event_day_premarket_detail_only\20260628T183512Z\images\0610_MOBX_2026-03-04_push21.31_rebreak_03_event_day_premarket_detail.png,das_scanner_appearance:MOBX:2026-03-04T09:00:00+00:00,MOBX,2026-03-04,21.3115,,7.377,32.78688524590165,rebreak_confirmed,8.7838,last_red_high_break,2026-03-04 04:04:00 EST
611,C:\TSIS_Data\00_CTO\13_TRADING_SYSTEMS\03_STRATEGY_LIBRARY\LONG\DAS\runs\das_scanner_appearance_20260628T114046Z\chart_exports\event_day_premarket_detail_only\20260628T183512Z\images\0611_MIRA_2025-10-16_push21.28_rebreak_03_event_day_premarket_detail.png,das_scanner_appearance:MIRA:2025-10-16T08:02:00+00:00,MIRA,2025-10-16,21.2766,,-4.6809,26.38297872340426,rebreak_confirmed,3.1579,multi_candle_flag_break,2025-10-16 05:44:00 EDT
612,C:\TSIS_Data\00_CTO\13_TRADING_SYSTEMS\03_STRATEGY_LIBRARY\LONG\DAS\runs\das_scanner_appearance_20260628T114046Z\chart_exports\event_day_premarket_detail_only\20260628T183512Z\images\0612_SAVE_2024-01-19_push21.26_rebreak_03_event_day_premarket_detail.png,das_scanner_appearance:SAVE:2024-01-19T12:01:00+00:00,SAVE,2024-01-19,21.2585,,8.8435,32.99319727891157,rebreak_confirmed,12.6227,last_red_high_break,2024-01-19 08:02:00 EST
613,C:\TSIS_Data\00_CTO\13_TRADING_SYSTEMS\03_STRATEGY_LIBRARY\LONG\DAS\runs\das_scanner_appearance_20260628T114046Z\chart_exports\event_day_premarket_detail_only\20260628T183512Z\images\0613_AIFF_2025-02-13_push21.23_rebreak_03_event_day_premarket_detail.png,das_scanner_appearance:AIFF:2025-02-13T10:46:00+00:00,AIFF,2025-02-13,21.2254,,3.574,29.467541940189633,rebreak_confirmed,4.3321,vwap_reclaim_rebreak,2025-02-13 08:17:00 EST
614,C:\TSIS_Data\00_CTO\13_TRADING_SYSTEMS\03_STRATEGY_LIBRARY\LONG\DAS\runs\das_scanner_appearance_20260628T114046Z\chart_exports\event_day_premarket_detail_only\20260628T183512Z\images\0614_NNOX_2024-02-15_push21.21_rebreak_03_event_day_premarket_detail.png,das_scanner_appearance:NNOX:2024-02-15T09:44:00+00:00,NNOX,2024-02-15,21.2121,,-19.0476,27.532467532467532,rebreak_confirmed,9.7143,single_candle_rebreak,2024-02-15 09:18:00 EST
615,C:\TSIS_Data\00_CTO\13_TRADING_SYSTEMS\03_STRATEGY_LIBRARY\LONG\DAS\runs\das_scanner_appearance_20260628T114046Z\chart_exports\event_day_premarket_detail_only\20260628T183512Z\images\0615_CGTL_2025-09-10_push21.19_rebreak_03_event_day_premarket_detail.png,das_scanner_appearance:CGTL:2025-09-10T08:13:00+00:00,CGTL,2025-09-10,21.1938,74.21602787456443,2.9389,99.96970156036964,rebreak_confirmed,10.45,single_candle_rebreak,2025-09-10 04:22:00 EDT
616,C:\TSIS_Data\00_CTO\13_TRADING_SYSTEMS\03_STRATEGY_LIBRARY\LONG\DAS\runs\das_scanner_appearance_20260628T114046Z\chart_exports\event_day_premarket_detail_only\20260628T183512Z\images\0616_EPOW_2025-09-30_push21.19_rebreak_03_event_day_premarket_detail.png,das_scanner_appearance:EPOW:2025-09-30T08:01:00+00:00,EPOW,2025-09-30,21.1921,,13.245,25.16556291390728,rebreak_confirmed,11.4754,vwap_reclaim_rebreak,2025-09-30 04:39:00 EDT
617,C:\TSIS_Data\00_CTO\13_TRADING_SYSTEMS\03_STRATEGY_LIBRARY\LONG\DAS\runs\das_scanner_appearance_20260628T114046Z\chart_exports\event_day_premarket_detail_only\20260628T183512Z\images\0617_STAF_2025-01-14_push21.18_rebreak_03_event_day_premarket_detail.png,das_scanner_appearance:STAF:2025-01-14T09:03:00+00:00,STAF,2025-01-14,21.1796,,8.5791,30.831099195710454,rebreak_confirmed,3.3186,single_candle_rebreak,2025-01-14 04:20:00 EST
618,C:\TSIS_Data\00_CTO\13_TRADING_SYSTEMS\03_STRATEGY_LIBRARY\LONG\DAS\runs\das_scanner_appearance_20260628T114046Z\chart_exports\event_day_premarket_detail_only\20260628T183512Z\images\0618_SGN_2026-02-25_push21.14_rebreak_03_event_day_premarket_detail.png,das_scanner_appearance:SGN:2026-02-25T13:00:00+00:00,SGN,2026-02-25,21.1404,,-1.8772,21.140350877192994,rebreak_confirmed,4.4316,single_candle_rebreak,2026-02-25 08:54:00 EST
619,C:\TSIS_Data\00_CTO\13_TRADING_SYSTEMS\03_STRATEGY_LIBRARY\LONG\DAS\runs\das_scanner_appearance_20260628T114046Z\chart_exports\event_day_premarket_detail_only\20260628T183512Z\images\0619_ASBP_2025-10-02_push21.12_rebreak_03_event_day_premarket_detail.png,das_scanner_appearance:ASBP:2025-10-02T09:13:00+00:00,ASBP,2025-10-02,21.1151,53.525179856115116,6.5468,69.06474820143886,rebreak_confirmed,4.0689,multi_candle_flag_break,2025-10-02 06:14:00 EDT
620,C:\TSIS_Data\00_CTO\13_TRADING_SYSTEMS\03_STRATEGY_LIBRARY\LONG\DAS\runs\das_scanner_appearance_20260628T114046Z\chart_exports\event_day_premarket_detail_only\20260628T183512Z\images\0620_USEG_2026-03-02_push21.09_rebreak_03_event_day_premarket_detail.png,das_scanner_appearance:USEG:2026-03-02T09:22:00+00:00,USEG,2026-03-02,21.0938,,4.6875,36.71874999999999,rebreak_confirmed,4.5161,multi_candle_flag_break,2026-03-02 05:34:00 EST
621,C:\TSIS_Data\00_CTO\13_TRADING_SYSTEMS\03_STRATEGY_LIBRARY\LONG\DAS\runs\das_scanner_appearance_20260628T114046Z\chart_exports\event_day_premarket_detail_only\20260628T183512Z\images\0621_HTCR_2025-05-29_push21.09_rebreak_03_event_day_premarket_detail.png,das_scanner_appearance:HTCR:2025-05-29T08:06:00+00:00,HTCR,2025-05-29,21.0926,,0.6759,40.80540692762601,rebreak_confirmed,9.3023,single_candle_rebreak,2025-05-29 05:10:00 EDT
622,C:\TSIS_Data\00_CTO\13_TRADING_SYSTEMS\03_STRATEGY_LIBRARY\LONG\DAS\runs\das_scanner_appearance_20260628T114046Z\chart_exports\event_day_premarket_detail_only\20260628T183512Z\images\0622_NXDR_2025-12-10_push21.08_rebreak_03_event_day_premarket_detail.png,das_scanner_appearance:NXDR:2025-12-10T12:30:00+00:00,NXDR,2025-12-10,21.0784,,16.2255,36.27450980392155,rebreak_confirmed,3.6437,vwap_reclaim_rebreak,2025-12-10 08:01:00 EST
623,C:\TSIS_Data\00_CTO\13_TRADING_SYSTEMS\03_STRATEGY_LIBRARY\LONG\DAS\runs\das_scanner_appearance_20260628T114046Z\chart_exports\event_day_premarket_detail_only\20260628T183512Z\images\0623_LAES_2025-10-17_push21.06_rebreak_03_event_day_premarket_detail.png,das_scanner_appearance:LAES:2025-10-17T08:07:00+00:00,LAES,2025-10-17,21.0619,,1.7699,26.01769911504424,rebreak_confirmed,4.2398,single_candle_rebreak,2025-10-17 08:05:00 EDT
624,C:\TSIS_Data\00_CTO\13_TRADING_SYSTEMS\03_STRATEGY_LIBRARY\LONG\DAS\runs\das_scanner_appearance_20260628T114046Z\chart_exports\event_day_premarket_detail_only\20260628T183512Z\images\0624_VRME_2025-01-14_push21.05_rebreak_03_event_day_premarket_detail.png,das_scanner_appearance:VRME:2025-01-14T10:29:00+00:00,VRME,2025-01-14,21.0526,,0.8772,23.464912280701764,rebreak_confirmed,8.6957,vwap_reclaim_rebreak,2025-01-14 07:42:00 EST
625,C:\TSIS_Data\00_CTO\13_TRADING_SYSTEMS\03_STRATEGY_LIBRARY\LONG\DAS\runs\das_scanner_appearance_20260628T114046Z\chart_exports\event_day_premarket_detail_only\20260628T183512Z\images\0625_HWH_2025-09-02_push21.05_rebreak_03_event_day_premarket_detail.png,das_scanner_appearance:HWH:2025-09-02T08:15:00+00:00,HWH,2025-09-02,21.0526,57.89473684210527,11.0526,77.89473684210526,rebreak_confirmed,8.2609,vwap_reclaim_rebreak,2025-09-02 04:31:00 EDT
626,C:\TSIS_Data\00_CTO\13_TRADING_SYSTEMS\03_STRATEGY_LIBRARY\LONG\DAS\runs\das_scanner_appearance_20260628T114046Z\chart_exports\event_day_premarket_detail_only\20260628T183512Z\images\0626_NKGN_2024-03-07_push21.03_rebreak_03_event_day_premarket_detail.png,das_scanner_appearance:NKGN:2024-03-07T12:31:00+00:00,NKGN,2024-03-07,21.0256,,7.6923,33.33333333333334,rebreak_confirmed,8.0508,single_candle_rebreak,2024-03-07 07:53:00 EST
627,C:\TSIS_Data\00_CTO\13_TRADING_SYSTEMS\03_STRATEGY_LIBRARY\LONG\DAS\runs\das_scanner_appearance_20260628T114046Z\chart_exports\event_day_premarket_detail_only\20260628T183512Z\images\0627_PSTV_2025-10-21_push21.02_rebreak_03_event_day_premarket_detail.png,das_scanner_appearance:PSTV:2025-10-21T12:03:00+00:00,PSTV,2025-10-21,21.018,,6.9229,31.215518775582847,rebreak_confirmed,3.8088,single_candle_rebreak,2025-10-21 08:10:00 EDT
628,C:\TSIS_Data\00_CTO\13_TRADING_SYSTEMS\03_STRATEGY_LIBRARY\LONG\DAS\runs\das_scanner_appearance_20260628T114046Z\chart_exports\event_day_premarket_detail_only\20260628T183512Z\images\0628_USEG_2025-01-22_push21.00_rebreak_03_event_day_premarket_detail.png,das_scanner_appearance:USEG:2025-01-22T09:05:00+00:00,USEG,2025-01-22,21.0024,,9.7852,32.458233890214785,rebreak_confirmed,4.7337,multi_candle_flag_break,2025-01-22 05:09:00 EST
629,C:\TSIS_Data\00_CTO\13_TRADING_SYSTEMS\03_STRATEGY_LIBRARY\LONG\DAS\runs\das_scanner_appearance_20260628T114046Z\chart_exports\event_day_premarket_detail_only\20260628T183512Z\images\0629_LGVN_2024-07-10_push20.98_rebreak_03_event_day_premarket_detail.png,das_scanner_appearance:LGVN:2024-07-10T11:32:00+00:00,LGVN,2024-07-10,20.979,57.342657342657354,18.8811,149.62937062937067,rebreak_confirmed,6.9364,vwap_reclaim_rebreak,2024-07-10 07:45:00 EDT
630,C:\TSIS_Data\00_CTO\13_TRADING_SYSTEMS\03_STRATEGY_LIBRARY\LONG\DAS\runs\das_scanner_appearance_20260628T114046Z\chart_exports\event_day_premarket_detail_only\20260628T183512Z\images\0630_BURU_2025-04-01_push20.97_rebreak_03_event_day_premarket_detail.png,das_scanner_appearance:BURU:2025-04-01T12:35:00+00:00,BURU,2025-04-01,20.9709,,18.7972,21.074422937584103,rebreak_confirmed,8.1629,multi_candle_flag_break,2025-04-01 08:42:00 EDT
631,C:\TSIS_Data\00_CTO\13_TRADING_SYSTEMS\03_STRATEGY_LIBRARY\LONG\DAS\runs\das_scanner_appearance_20260628T114046Z\chart_exports\event_day_premarket_detail_only\20260628T183512Z\images\0631_BIAF_2025-04-01_push20.97_rebreak_03_event_day_premarket_detail.png,das_scanner_appearance:BIAF:2025-04-01T09:26:00+00:00,BIAF,2025-04-01,20.9677,,-9.9839,31.080645161290317,rebreak_confirmed,11.6,multi_candle_flag_break,2025-04-01 07:36:00 EDT
632,C:\TSIS_Data\00_CTO\13_TRADING_SYSTEMS\03_STRATEGY_LIBRARY\LONG\DAS\runs\das_scanner_appearance_20260628T114046Z\chart_exports\event_day_premarket_detail_only\20260628T183512Z\images\0632_BYND_2025-10-23_push20.95_rebreak_03_event_day_premarket_detail.png,das_scanner_appearance:BYND:2025-10-23T08:00:00+00:00,BYND,2025-10-23,20.9524,,3.0159,20.95238095238096,rebreak_confirmed,23.0971,ascending_flag_break,2025-10-23 08:13:00 EDT
633,C:\TSIS_Data\00_CTO\13_TRADING_SYSTEMS\03_STRATEGY_LIBRARY\LONG\DAS\runs\das_scanner_appearance_20260628T114046Z\chart_exports\event_day_premarket_detail_only\20260628T183512Z\images\0633_ORBS_2026-01-05_push20.92_rebreak_03_event_day_premarket_detail.png,das_scanner_appearance:ORBS:2026-01-05T11:00:00+00:00,ORBS,2026-01-05,20.9184,,16.8367,36.224489795918366,rebreak_confirmed,3.1646,ascending_flag_break,2026-01-05 06:07:00 EST
634,C:\TSIS_Data\00_CTO\13_TRADING_SYSTEMS\03_STRATEGY_LIBRARY\LONG\DAS\runs\das_scanner_appearance_20260628T114046Z\chart_exports\event_day_premarket_detail_only\20260628T183512Z\images\0634_SILO_2025-09-23_push20.92_rebreak_03_event_day_premarket_detail.png,das_scanner_appearance:SILO:2025-09-23T12:15:00+00:00,SILO,2025-09-23,20.9163,68.98235073225685,9.6132,68.98235073225685,rebreak_confirmed,8.9027,vwap_reclaim_rebreak,2025-09-23 08:40:00 EDT
635,C:\TSIS_Data\00_CTO\13_TRADING_SYSTEMS\03_STRATEGY_LIBRARY\LONG\DAS\runs\das_scanner_appearance_20260628T114046Z\chart_exports\event_day_premarket_detail_only\20260628T183512Z\images\0635_WOK_2026-02-06_push20.91_rebreak_03_event_day_premarket_detail.png,das_scanner_appearance:WOK:2026-02-06T12:52:00+00:00,WOK,2026-02-06,20.915,,6.5359,20.915032679738566,rebreak_confirmed,18.9189,vwap_reclaim_rebreak,2026-02-06 08:04:00 EST
636,C:\TSIS_Data\00_CTO\13_TRADING_SYSTEMS\03_STRATEGY_LIBRARY\LONG\DAS\runs\das_scanner_appearance_20260628T114046Z\chart_exports\event_day_premarket_detail_only\20260628T183512Z\images\0636_BURU_2025-08-18_push20.91_rebreak_03_event_day_premarket_detail.png,das_scanner_appearance:BURU:2025-08-18T10:31:00+00:00,BURU,2025-08-18,20.9107,,7.1647,20.91065620814998,rebreak_confirmed,7.9747,single_candle_rebreak,2025-08-18 06:39:00 EDT
637,C:\TSIS_Data\00_CTO\13_TRADING_SYSTEMS\03_STRATEGY_LIBRARY\LONG\DAS\runs\das_scanner_appearance_20260628T114046Z\chart_exports\event_day_premarket_detail_only\20260628T183512Z\images\0637_UDMY_2025-12-17_push20.90_rebreak_03_event_day_premarket_detail.png,das_scanner_appearance:UDMY:2025-12-17T13:16:00+00:00,UDMY,2025-12-17,20.8981,,10.1572,27.80656303972367,rebreak_confirmed,3.8571,flat_shelf_break,2025-12-17 08:24:00 EST
638,C:\TSIS_Data\00_CTO\13_TRADING_SYSTEMS\03_STRATEGY_LIBRARY\LONG\DAS\runs\das_scanner_appearance_20260628T114046Z\chart_exports\event_day_premarket_detail_only\20260628T183512Z\images\0638_CLDI_2025-07-09_push20.88_rebreak_03_event_day_premarket_detail.png,das_scanner_appearance:CLDI:2025-07-09T08:21:00+00:00,CLDI,2025-07-09,20.8783,52.49348716040192,-6.0849,99.10681056940825,rebreak_confirmed,11.8996,multi_candle_flag_break,2025-07-09 07:37:00 EDT
639,C:\TSIS_Data\00_CTO\13_TRADING_SYSTEMS\03_STRATEGY_LIBRARY\LONG\DAS\runs\das_scanner_appearance_20260628T114046Z\chart_exports\event_day_premarket_detail_only\20260628T183512Z\images\0639_ARBE_2025-09-22_push20.86_rebreak_03_event_day_premarket_detail.png,das_scanner_appearance:ARBE:2025-09-22T12:45:00+00:00,ARBE,2025-09-22,20.8589,58.282208588957076,7.2822,58.282208588957076,rebreak_confirmed,4.5685,ascending_flag_break,2025-09-22 09:04:00 EDT
640,C:\TSIS_Data\00_CTO\13_TRADING_SYSTEMS\03_STRATEGY_LIBRARY\LONG\DAS\runs\das_scanner_appearance_20260628T114046Z\chart_exports\event_day_premarket_detail_only\20260628T183512Z\images\0640_ZENA_2025-06-10_push20.84_rebreak_03_event_day_premarket_detail.png,das_scanner_appearance:ZENA:2025-06-10T12:35:00+00:00,ZENA,2025-06-10,20.8426,,15.0776,24.16851441241685,rebreak_confirmed,7.8899,ascending_flag_break,2025-06-10 08:40:00 EDT
641,C:\TSIS_Data\00_CTO\13_TRADING_SYSTEMS\03_STRATEGY_LIBRARY\LONG\DAS\runs\das_scanner_appearance_20260628T114046Z\chart_exports\event_day_premarket_detail_only\20260628T183512Z\images\0641_BMR_2024-02-13_push20.80_rebreak_03_event_day_premarket_detail.png,das_scanner_appearance:BMR:2024-02-13T09:08:00+00:00,BMR,2024-02-13,20.8012,51.54083204930663,-7.9353,51.54083204930663,rebreak_confirmed,8.227,multi_candle_flag_break,2024-02-13 08:41:00 EST
642,C:\TSIS_Data\00_CTO\13_TRADING_SYSTEMS\03_STRATEGY_LIBRARY\LONG\DAS\runs\das_scanner_appearance_20260628T114046Z\chart_exports\event_day_premarket_detail_only\20260628T183512Z\images\0642_LITM_2025-03-21_push20.77_rebreak_03_event_day_premarket_detail.png,das_scanner_appearance:LITM:2025-03-21T12:16:00+00:00,LITM,2025-03-21,20.7681,,9.1137,26.54357459379616,rebreak_confirmed,4.0117,multi_candle_flag_break,2025-03-21 08:36:00 EDT
643,C:\TSIS_Data\00_CTO\13_TRADING_SYSTEMS\03_STRATEGY_LIBRARY\LONG\DAS\runs\das_scanner_appearance_20260628T114046Z\chart_exports\event_day_premarket_detail_only\20260628T183512Z\images\0643_VVPR_2024-07-03_push20.76_rebreak_03_event_day_premarket_detail.png,das_scanner_appearance:VVPR:2024-07-03T08:08:00+00:00,VVPR,2024-07-03,20.7627,50.000000000000014,9.322,50.42372881355932,rebreak_confirmed,3.6842,multi_candle_flag_break,2024-07-03 06:59:00 EDT
644,C:\TSIS_Data\00_CTO\13_TRADING_SYSTEMS\03_STRATEGY_LIBRARY\LONG\DAS\runs\das_scanner_appearance_20260628T114046Z\chart_exports\event_day_premarket_detail_only\20260628T183512Z\images\0644_BURU_2025-05-12_push20.74_rebreak_03_event_day_premarket_detail.png,das_scanner_appearance:BURU:2025-05-12T12:21:00+00:00,BURU,2025-05-12,20.7435,,10.3372,44.817578772802655,rebreak_confirmed,8.6757,single_candle_rebreak,2025-05-12 08:29:00 EDT
645,C:\TSIS_Data\00_CTO\13_TRADING_SYSTEMS\03_STRATEGY_LIBRARY\LONG\DAS\runs\das_scanner_appearance_20260628T114046Z\chart_exports\event_day_premarket_detail_only\20260628T183512Z\images\0645_EVGO_2024-11-12_push20.73_rebreak_03_event_day_premarket_detail.png,das_scanner_appearance:EVGO:2024-11-12T13:08:00+00:00,EVGO,2024-11-12,20.7273,,13.0909,24.54545454545454,rebreak_confirmed,4.9699,flat_shelf_break,2024-11-12 08:22:00 EST
646,C:\TSIS_Data\00_CTO\13_TRADING_SYSTEMS\03_STRATEGY_LIBRARY\LONG\DAS\runs\das_scanner_appearance_20260628T114046Z\chart_exports\event_day_premarket_detail_only\20260628T183512Z\images\0646_SABR_2026-03-02_push20.72_rebreak_03_event_day_premarket_detail.png,das_scanner_appearance:SABR:2026-03-02T13:00:00+00:00,SABR,2026-03-02,20.7207,,16.2252,32.43243243243242,rebreak_confirmed,14.1791,single_candle_rebreak,2026-03-02 08:06:00 EST
647,C:\TSIS_Data\00_CTO\13_TRADING_SYSTEMS\03_STRATEGY_LIBRARY\LONG\DAS\runs\das_scanner_appearance_20260628T114046Z\chart_exports\event_day_premarket_detail_only\20260628T183512Z\images\0647_TNON_2025-03-25_push20.71_rebreak_03_event_day_premarket_detail.png,das_scanner_appearance:TNON:2025-03-25T08:01:00+00:00,TNON,2025-03-25,20.7101,58.579881656804744,-8.8757,258.5798816568047,rebreak_confirmed,3.9216,multi_candle_flag_break,2025-03-25 05:50:00 EDT
648,C:\TSIS_Data\00_CTO\13_TRADING_SYSTEMS\03_STRATEGY_LIBRARY\LONG\DAS\runs\das_scanner_appearance_20260628T114046Z\chart_exports\event_day_premarket_detail_only\20260628T183512Z\images\0648_AMC_2024-05-14_push20.71_rebreak_03_event_day_premarket_detail.png,das_scanner_appearance:AMC:2024-05-14T08:01:00+00:00,AMC,2024-05-14,20.7084,55.31335149863761,-1.4986,81.19891008174388,rebreak_confirmed,4.6275,multi_candle_flag_break,2024-05-14 07:10:00 EDT
649,C:\TSIS_Data\00_CTO\13_TRADING_SYSTEMS\03_STRATEGY_LIBRARY\LONG\DAS\runs\das_scanner_appearance_20260628T114046Z\chart_exports\event_day_premarket_detail_only\20260628T183512Z\images\0649_BAOS_2025-06-04_push20.67_rebreak_03_event_day_premarket_detail.png,das_scanner_appearance:BAOS:2025-06-04T08:12:00+00:00,BAOS,2025-06-04,20.6704,57.541899441340775,-7.5419,67.87709497206703,rebreak_confirmed,12.7315,single_candle_rebreak,2025-06-04 04:21:00 EDT
650,C:\TSIS_Data\00_CTO\13_TRADING_SYSTEMS\03_STRATEGY_LIBRARY\LONG\DAS\runs\das_scanner_appearance_20260628T114046Z\chart_exports\event_day_premarket_detail_only\20260628T183512Z\images\0650_MGOL_2025-02-14_push20.65_rebreak_03_event_day_premarket_detail.png,das_scanner_appearance:MGOL:2025-02-14T09:02:00+00:00,MGOL,2025-02-14,20.65,53.749999999999986,5.6625,54.99999999999999,rebreak_confirmed,5.0041,single_candle_rebreak,2025-02-14 06:45:00 EST
651,C:\TSIS_Data\00_CTO\13_TRADING_SYSTEMS\03_STRATEGY_LIBRARY\LONG\DAS\runs\das_scanner_appearance_20260628T114046Z\chart_exports\event_day_premarket_detail_only\20260628T183512Z\images\0651_PSTV_2025-03-20_push20.64_rebreak_03_event_day_premarket_detail.png,das_scanner_appearance:PSTV:2025-03-20T11:40:00+00:00,PSTV,2025-03-20,20.6419,,11.109,30.693830482414004,rebreak_confirmed,3.1544,single_candle_rebreak,2025-03-20 07:44:00 EDT
652,C:\TSIS_Data\00_CTO\13_TRADING_SYSTEMS\03_STRATEGY_LIBRARY\LONG\DAS\runs\das_scanner_appearance_20260628T114046Z\chart_exports\event_day_premarket_detail_only\20260628T183512Z\images\0652_CRVO_2025-03-13_push20.58_rebreak_03_event_day_premarket_detail.png,das_scanner_appearance:CRVO:2025-03-13T09:10:00+00:00,CRVO,2025-03-13,20.5832,,2.4014,42.538593481989714,rebreak_confirmed,3.1294,last_red_high_break,2025-03-13 07:27:00 EDT
653,C:\TSIS_Data\00_CTO\13_TRADING_SYSTEMS\03_STRATEGY_LIBRARY\LONG\DAS\runs\das_scanner_appearance_20260628T114046Z\chart_exports\event_day_premarket_detail_only\20260628T183512Z\images\0653_BENF_2025-10-22_push20.56_rebreak_03_event_day_premarket_detail.png,das_scanner_appearance:BENF:2025-10-22T08:22:00+00:00,BENF,2025-10-22,20.5553,,6.3078,35.168046760837804,rebreak_confirmed,23.9596,multi_candle_flag_break,2025-10-22 08:07:00 EDT
654,C:\TSIS_Data\00_CTO\13_TRADING_SYSTEMS\03_STRATEGY_LIBRARY\LONG\DAS\runs\das_scanner_appearance_20260628T114046Z\chart_exports\event_day_premarket_detail_only\20260628T183512Z\images\0654_BZAI_2025-07-18_push20.55_rebreak_03_event_day_premarket_detail.png,das_scanner_appearance:BZAI:2025-07-18T08:07:00+00:00,BZAI,2025-07-18,20.5455,,-9.0909,27.27272727272727,rebreak_confirmed,6.184,ascending_flag_break,2025-07-18 06:58:00 EDT
655,C:\TSIS_Data\00_CTO\13_TRADING_SYSTEMS\03_STRATEGY_LIBRARY\LONG\DAS\runs\das_scanner_appearance_20260628T114046Z\chart_exports\event_day_premarket_detail_only\20260628T183512Z\images\0655_AYTU_2025-05-15_push20.54_rebreak_03_event_day_premarket_detail.png,das_scanner_appearance:AYTU:2025-05-15T08:04:00+00:00,AYTU,2025-05-15,20.5405,,-8.1081,20.540540540540533,rebreak_confirmed,11.6592,multi_candle_flag_break,2025-05-15 07:39:00 EDT
656,C:\TSIS_Data\00_CTO\13_TRADING_SYSTEMS\03_STRATEGY_LIBRARY\LONG\DAS\runs\das_scanner_appearance_20260628T114046Z\chart_exports\event_day_premarket_detail_only\20260628T183512Z\images\0656_MGRX_2026-02-20_push20.54_rebreak_03_event_day_premarket_detail.png,das_scanner_appearance:MGRX:2026-02-20T09:44:00+00:00,MGRX,2026-02-20,20.5357,,11.875,45.647321428571416,rebreak_confirmed,5.2037,multi_candle_flag_break,2026-02-20 07:31:00 EST
657,C:\TSIS_Data\00_CTO\13_TRADING_SYSTEMS\03_STRATEGY_LIBRARY\LONG\DAS\runs\das_scanner_appearance_20260628T114046Z\chart_exports\event_day_premarket_detail_only\20260628T183512Z\images\0657_AREC_2025-04-17_push20.54_rebreak_03_event_day_premarket_detail.png,das_scanner_appearance:AREC:2025-04-17T08:55:00+00:00,AREC,2025-04-17,20.5357,,-7.1429,20.53571428571428,rebreak_confirmed,6.6667,single_candle_rebreak,2025-04-17 09:18:00 EDT
658,C:\TSIS_Data\00_CTO\13_TRADING_SYSTEMS\03_STRATEGY_LIBRARY\LONG\DAS\runs\das_scanner_appearance_20260628T114046Z\chart_exports\event_day_premarket_detail_only\20260628T183512Z\images\0658_CGC_2024-03-25_push20.51_rebreak_03_event_day_premarket_detail.png,das_scanner_appearance:CGC:2024-03-25T08:56:00+00:00,CGC,2024-03-25,20.5128,,13.4615,21.41025641025642,rebreak_confirmed,3.0851,ascending_flag_break,2024-03-25 05:06:00 EDT
659,C:\TSIS_Data\00_CTO\13_TRADING_SYSTEMS\03_STRATEGY_LIBRARY\LONG\DAS\runs\das_scanner_appearance_20260628T114046Z\chart_exports\event_day_premarket_detail_only\20260628T183512Z\images\0659_RR_2026-01-27_push20.51_rebreak_03_event_day_premarket_detail.png,das_scanner_appearance:RR:2026-01-27T13:00:00+00:00,RR,2026-01-27,20.5128,,13.8256,22.820512820512825,rebreak_confirmed,6.1702,flat_shelf_break,2026-01-27 08:05:00 EST
660,C:\TSIS_Data\00_CTO\13_TRADING_SYSTEMS\03_STRATEGY_LIBRARY\LONG\DAS\runs\das_scanner_appearance_20260628T114046Z\chart_exports\event_day_premarket_detail_only\20260628T183512Z\images\0660_MGOL_2025-01-03_push20.45_rebreak_03_event_day_premarket_detail.png,das_scanner_appearance:MGOL:2025-01-03T09:09:00+00:00,MGOL,2025-01-03,20.4488,,6.4909,33.1135902636917,rebreak_confirmed,10.2305,ascending_flag_break,2025-01-03 04:34:00 EST
661,C:\TSIS_Data\00_CTO\13_TRADING_SYSTEMS\03_STRATEGY_LIBRARY\LONG\DAS\runs\das_scanner_appearance_20260628T114046Z\chart_exports\event_day_premarket_detail_only\20260628T183512Z\images\0661_SPWR_2024-05-22_push20.45_rebreak_03_event_day_premarket_detail.png,das_scanner_appearance:SPWR:2024-05-22T13:07:00+00:00,SPWR,2024-05-22,20.4461,,15.6134,24.53531598513012,rebreak_confirmed,5.2469,single_candle_rebreak,2024-05-22 09:09:00 EDT
662,C:\TSIS_Data\00_CTO\13_TRADING_SYSTEMS\03_STRATEGY_LIBRARY\LONG\DAS\runs\das_scanner_appearance_20260628T114046Z\chart_exports\event_day_premarket_detail_only\20260628T183512Z\images\0662_ONMD_2024-05-30_push20.41_rebreak_03_event_day_premarket_detail.png,das_scanner_appearance:ONMD:2024-05-30T08:43:00+00:00,ONMD,2024-05-30,20.4082,,-1.6327,26.530612244897956,rebreak_confirmed,4.4068,last_red_high_break,2024-05-30 07:22:00 EDT
663,C:\TSIS_Data\00_CTO\13_TRADING_SYSTEMS\03_STRATEGY_LIBRARY\LONG\DAS\runs\das_scanner_appearance_20260628T114046Z\chart_exports\event_day_premarket_detail_only\20260628T183512Z\images\0663_CRML_2025-10-08_push20.36_rebreak_03_event_day_premarket_detail.png,das_scanner_appearance:CRML:2025-10-08T10:31:00+00:00,CRML,2025-10-08,20.3598,,8.9015,22.253787878787875,rebreak_confirmed,4.2486,last_red_high_break,2025-10-08 09:08:00 EDT
664,C:\TSIS_Data\00_CTO\13_TRADING_SYSTEMS\03_STRATEGY_LIBRARY\LONG\DAS\runs\das_scanner_appearance_20260628T114046Z\chart_exports\event_day_premarket_detail_only\20260628T183512Z\images\0664_SOAR_2024-12-03_push20.33_rebreak_03_event_day_premarket_detail.png,das_scanner_appearance:SOAR:2024-12-03T10:36:00+00:00,SOAR,2024-12-03,20.332,,-10.8321,20.331950207468886,rebreak_confirmed,24.2287,vwap_reclaim_rebreak,2024-12-03 08:26:00 EST
665,C:\TSIS_Data\00_CTO\13_TRADING_SYSTEMS\03_STRATEGY_LIBRARY\LONG\DAS\runs\das_scanner_appearance_20260628T114046Z\chart_exports\event_day_premarket_detail_only\20260628T183512Z\images\0665_DVLT_2025-11-24_push20.32_rebreak_03_event_day_premarket_detail.png,das_scanner_appearance:DVLT:2025-11-24T09:04:00+00:00,DVLT,2025-11-24,20.3248,,-2.4383,20.324833657064925,rebreak_confirmed,4.7295,flat_shelf_break,2025-11-24 08:41:00 EST
666,C:\TSIS_Data\00_CTO\13_TRADING_SYSTEMS\03_STRATEGY_LIBRARY\LONG\DAS\runs\das_scanner_appearance_20260628T114046Z\chart_exports\event_day_premarket_detail_only\20260628T183512Z\images\0666_COOT_2025-10-15_push20.24_rebreak_03_event_day_premarket_detail.png,das_scanner_appearance:COOT:2025-10-15T08:00:00+00:00,COOT,2025-10-15,20.2381,51.48809523809524,-8.9286,51.48809523809524,rebreak_confirmed,8.9109,single_candle_rebreak,2025-10-15 04:10:00 EDT
667,C:\TSIS_Data\00_CTO\13_TRADING_SYSTEMS\03_STRATEGY_LIBRARY\LONG\DAS\runs\das_scanner_appearance_20260628T114046Z\chart_exports\event_day_premarket_detail_only\20260628T183512Z\images\0667_OTRK_2024-03-19_push20.23_rebreak_03_event_day_premarket_detail.png,das_scanner_appearance:OTRK:2024-03-19T12:00:00+00:00,OTRK,2024-03-19,20.2285,,-1.6619,42.94988314723448,rebreak_confirmed,6.9978,multi_candle_flag_break,2024-03-19 08:45:00 EDT
668,C:\TSIS_Data\00_CTO\13_TRADING_SYSTEMS\03_STRATEGY_LIBRARY\LONG\DAS\runs\das_scanner_appearance_20260628T114046Z\chart_exports\event_day_premarket_detail_only\20260628T183512Z\images\0668_RCKT_2025-07-17_push20.21_rebreak_03_event_day_premarket_detail.png,das_scanner_appearance:RCKT:2025-07-17T12:07:00+00:00,RCKT,2025-07-17,20.2091,,17.4216,23.693379790940757,rebreak_confirmed,5.2174,last_red_high_break,2025-07-17 08:11:00 EDT
669,C:\TSIS_Data\00_CTO\13_TRADING_SYSTEMS\03_STRATEGY_LIBRARY\LONG\DAS\runs\das_scanner_appearance_20260628T114046Z\chart_exports\event_day_premarket_detail_only\20260628T183512Z\images\0669_INVZ_2025-01-07_push20.20_rebreak_03_event_day_premarket_detail.png,das_scanner_appearance:INVZ:2025-01-07T13:00:00+00:00,INVZ,2025-01-07,20.202,,15.6566,40.4040404040404,rebreak_confirmed,18.937,vwap_reclaim_rebreak,2025-01-07 08:06:00 EST
670,C:\TSIS_Data\00_CTO\13_TRADING_SYSTEMS\03_STRATEGY_LIBRARY\LONG\DAS\runs\das_scanner_appearance_20260628T114046Z\chart_exports\event_day_premarket_detail_only\20260628T183512Z\images\0670_BATL_2026-02-27_push20.19_rebreak_03_event_day_premarket_detail.png,das_scanner_appearance:BATL:2026-02-27T13:15:00+00:00,BATL,2026-02-27,20.1923,,19.9519,47.355769230769226,rebreak_confirmed,3.0,last_red_high_break,2026-02-27 08:18:00 EST
671,C:\TSIS_Data\00_CTO\13_TRADING_SYSTEMS\03_STRATEGY_LIBRARY\LONG\DAS\runs\das_scanner_appearance_20260628T114046Z\chart_exports\event_day_premarket_detail_only\20260628T183512Z\images\0671_HKPD_2025-09-05_push20.18_rebreak_03_event_day_premarket_detail.png,das_scanner_appearance:HKPD:2025-09-05T12:08:00+00:00,HKPD,2025-09-05,20.1835,,18.3486,47.70642201834862,rebreak_confirmed,3.0534,flat_shelf_break,2025-09-05 08:23:00 EDT
672,C:\TSIS_Data\00_CTO\13_TRADING_SYSTEMS\03_STRATEGY_LIBRARY\LONG\DAS\runs\das_scanner_appearance_20260628T114046Z\chart_exports\event_day_premarket_detail_only\20260628T183512Z\images\0672_KULR_2026-01-14_push20.17_rebreak_03_event_day_premarket_detail.png,das_scanner_appearance:KULR:2026-01-14T13:44:00+00:00,KULR,2026-01-14,20.1705,,16.7614,24.71590909090908,rebreak_confirmed,4.4917,vwap_reclaim_rebreak,2026-01-14 08:56:00 EST
673,C:\TSIS_Data\00_CTO\13_TRADING_SYSTEMS\03_STRATEGY_LIBRARY\LONG\DAS\runs\das_scanner_appearance_20260628T114046Z\chart_exports\event_day_premarket_detail_only\20260628T183512Z\images\0673_BFI_2024-08-01_push20.15_rebreak_03_event_day_premarket_detail.png,das_scanner_appearance:BFI:2024-08-01T11:54:00+00:00,BFI,2024-08-01,20.1494,,2.2893,21.773015099853872,rebreak_confirmed,21.6622,ascending_flag_break,2024-08-01 08:08:00 EDT
674,C:\TSIS_Data\00_CTO\13_TRADING_SYSTEMS\03_STRATEGY_LIBRARY\LONG\DAS\runs\das_scanner_appearance_20260628T114046Z\chart_exports\event_day_premarket_detail_only\20260628T183512Z\images\0674_ATCH_2025-09-24_push20.14_rebreak_03_event_day_premarket_detail.png,das_scanner_appearance:ATCH:2025-09-24T12:53:00+00:00,ATCH,2025-09-24,20.1395,,18.3953,27.348837209302324,rebreak_confirmed,3.2714,single_candle_rebreak,2025-09-24 09:18:00 EDT
675,C:\TSIS_Data\00_CTO\13_TRADING_SYSTEMS\03_STRATEGY_LIBRARY\LONG\DAS\runs\das_scanner_appearance_20260628T114046Z\chart_exports\event_day_premarket_detail_only\20260628T183512Z\images\0675_ABAT_2025-04-30_push20.08_rebreak_03_event_day_premarket_detail.png,das_scanner_appearance:ABAT:2025-04-30T10:58:00+00:00,ABAT,2025-04-30,20.0844,,16.2338,20.084415584415577,rebreak_confirmed,16.7307,flat_shelf_break,2025-04-30 08:06:00 EDT
676,C:\TSIS_Data\00_CTO\13_TRADING_SYSTEMS\03_STRATEGY_LIBRARY\LONG\DAS\runs\das_scanner_appearance_20260628T114046Z\chart_exports\event_day_premarket_detail_only\20260628T183512Z\images\0676_SSKN_2025-09-23_push20.08_rebreak_03_event_day_premarket_detail.png,das_scanner_appearance:SSKN:2025-09-23T08:07:00+00:00,SSKN,2025-09-23,20.0837,50.209205020920486,-5.8577,75.31380753138076,rebreak_confirmed,17.77,vwap_reclaim_rebreak,2025-09-23 04:50:00 EDT
677,C:\TSIS_Data\00_CTO\13_TRADING_SYSTEMS\03_STRATEGY_LIBRARY\LONG\DAS\runs\das_scanner_appearance_20260628T114046Z\chart_exports\event_day_premarket_detail_only\20260628T183512Z\images\0677_UAVS_2026-01-02_push20.00_rebreak_03_event_day_premarket_detail.png,das_scanner_appearance:UAVS:2026-01-02T13:01:00+00:00,UAVS,2026-01-02,20.0024,,13.2623,43.998063891577914,rebreak_confirmed,3.7209,last_red_high_break,2026-01-02 08:08:00 EST
678,C:\TSIS_Data\00_CTO\13_TRADING_SYSTEMS\03_STRATEGY_LIBRARY\LONG\DAS\runs\das_scanner_appearance_20260628T114046Z\chart_exports\event_day_premarket_detail_only\20260628T183512Z\images\0678_UAVS_2026-01-13_push20.00_rebreak_03_event_day_premarket_detail.png,das_scanner_appearance:UAVS:2026-01-13T13:01:00+00:00,UAVS,2026-01-13,20.0,,2.5,24.0625,rebreak_confirmed,3.6458,multi_candle_flag_break,2026-01-13 08:32:00 EST
679,C:\TSIS_Data\00_CTO\13_TRADING_SYSTEMS\03_STRATEGY_LIBRARY\LONG\DAS\runs\das_scanner_appearance_20260628T114046Z\chart_exports\event_day_premarket_detail_only\20260628T183512Z\images\0679_BOXL_2026-02-06_push20.00_rebreak_03_event_day_premarket_detail.png,das_scanner_appearance:BOXL:2026-02-06T13:00:00+00:00,BOXL,2026-02-06,20.0,,13.8889,20.000000000000004,rebreak_confirmed,6.9444,single_candle_rebreak,2026-02-06 09:16:00 EST
