url,source,tag,attr
https://1qbit.com/,https://quantresearch.org/Patents.htm,a,href
https://academic.oup.com/jrsssb/advance-article/doi/10.1093/jrsssb/qkag103/8709985,https://www.quantresearch.org/Publications.htm,a,href
https://academic.oup.com/rfs/advance-article-abstract/doi/10.1093/rfs/hhaa078/5868424,https://www.quantresearch.org/Publications.htm,a,href
https://acfr.aut.ac.nz/__data/assets/pdf_file/0016/222037/ROBERTO-Massot-Samarpan-and-Pascual-2018-BVC-and-NOF-Preliminary-and-incomplete.pdf,https://www.quantresearch.org/News.htm,a,href
https://advisorperspectives.com/newsletters13/How_Many_Monkeys_Does_it_Take_to_Find_a_Successful_Strategy.php,https://www.quantresearch.org/News.htm,a,href
https://algorithmicfinance.org/2-3-4/pp167-168/,https://www.quantresearch.org/News.htm,a,href
https://annals.math.princeton.edu/,https://www.quantresearch.org/Co-authors.htm,a,href
https://aplicaciones.ciencia.gob.es/teseo/,https://www.quantresearch.org/Geometry.htm,a,href
https://appft1.uspto.gov/netacgi/nph-Parser?Sect1=PTO1&Sect2=HITOFF&d=PG01&p=1&u=/netahtml/PTO/srchnum.html&r=1&f=G&l=50&s1=20120143739.PGNR.&OS=DN/20120143739&RS=DN/20120143739,https://quantresearch.org/Patents.htm,a,href
https://appft1.uspto.gov/netacgi/nph-Parser?Sect1=PTO1&Sect2=HITOFF&d=PG01&p=1&u=/netahtml/PTO/srchnum.html&r=1&f=G&l=50&s1=20120143740.PGNR.&OS=DN/20120143740&RS=DN/20120143740,https://quantresearch.org/Patents.htm,a,href
https://appft1.uspto.gov/netacgi/nph-Parser?Sect1=PTO1&Sect2=HITOFF&d=PG01&p=1&u=/netahtml/PTO/srchnum.html&r=1&f=G&l=50&s1=20120143741.PGNR.&OS=DN/20120143741&RS=DN/20120143741,https://quantresearch.org/Patents.htm,a,href
https://arxiv.org/abs/1408.1159,https://www.quantresearch.org/Publications.htm,a,href
https://arxiv.org/abs/1409.2618,https://www.quantresearch.org/News.htm,a,href
https://arxiv.org/abs/2205.04879,https://www.quantresearch.org/Publications.htm,a,href
https://arxiv.org/abs/2305.02231,https://www.quantresearch.org/Publications.htm,a,href
https://arxiv.org/abs/2503.04739,https://www.quantresearch.org/Publications.htm,a,href
https://arxiv.org/abs/2505.13565,https://www.quantresearch.org/Publications.htm,a,href
https://arxiv.org/html/2503.04739v2,https://www.quantresearch.org/Publications.htm,a,href
https://awards.acm.org/bell/,https://www.quantresearch.org/Co-authors.htm,a,href
https://battleofthequants.net/,https://www.quantresearch.org/Events.htm,a,href
https://battleofthequants.net/new-york-2014/,https://www.quantresearch.org/Events.htm,a,href
https://bcove.me/3bx07ov5,https://www.quantresearch.org/Videos.htm,a,href
https://bigdatafinanceconference.com/bigdata/,https://www.quantresearch.org/Events.htm,a,href
https://blog.enthought.com/general/enthought-sponsors-first-ny-qpug-meetup/,https://www.quantresearch.org/Lectures.htm,a,href
https://blog.themistrading.com/front-running-strategic-sequential-trading/,https://www.quantresearch.org/News.htm,a,href
https://blogs.barrons.com/focusonfunds/2014/04/17/is-a-too-perfect-etf-backtest-fraud/,https://www.quantresearch.org/News.htm,a,href
https://blogs.cfainstitute.org/investor/2025/10/30/the-factor-mirage-how-quant-models-go-wrong/,https://www.quantresearch.org/News.htm,a,href
https://blogs.law.ox.ac.uk/business-law-blog/blog/2018/03/machine-learning-funds-and-investment-malpractice,https://www.quantresearch.org/Publications.htm,a,href
https://blogs.terrapinn.com/total-trading/2013/11/20/download-interview-marcos-lopez-de-prado-hetco-whitepaper-drawdown-based-stop-outs/,https://www.quantresearch.org/Events.htm,a,href
https://blogs.terrapinn.com/total-trading/2013/12/17/hetcos-head-quant-trading-research-marcos-lopez-de-prado-trading-show-nyc-2013/,https://www.quantresearch.org/News.htm,a,href
https://blogs.wsj.com/moneybeat/2014/06/27/huge-returns-at-low-risk-not-so-fast/,https://www.quantresearch.org/News.htm,a,href
https://bloomberg.cwebcast.com/ses/0FGUz59Dt88pFbKqlma6Iw~~?ek=92accac7-5305-4074-957a-ea1fc522e39e,https://www.quantresearch.org/Videos.htm,a,href
https://books.google.com/books/about/The_Computational_Complexity_of_Machine.html?id=y5Txq1AkJoMC,https://www.quantresearch.org/Co-authors.htm,a,href
https://books.google.com/books?id=hlOHxWdmWF4C&printsec=frontcover&source=gbs_ge_summary_r&cad=0,https://www.quantresearch.org/Publications.htm,a,href
https://bot.com/News/Revolutionizing-Finance-How-AI-and-FinTech-Are-Shaping-the-Future,https://www.quantresearch.org/News.htm,a,href
https://business.cornell.edu/about/fintech/expertise-programs/,https://www.quantresearch.org/Vita.htm,a,href
https://caia.org/sites/default/files/tactical.pdf,https://www.quantresearch.org/Publications.htm,a,href
https://carma.newcastle.edu.au/,https://www.quantresearch.org/Videos.htm,a,href
https://carma.newcastle.edu.au/resources/tenuremaker/,https://www.quantresearch.org/Videos.htm,a,href
https://cfe.columbia.edu/19th-annual-workshop-financial-engineering-quantitative-asset-management,https://www.quantresearch.org/Events.htm,a,href
https://cfe.columbia.edu/machine-learning-finance-workshop-2016,https://www.quantresearch.org/Events.htm,a,href
https://cims.nyu.edu/~kolm/joomla2/index.php/seminars-mainmenu-28,https://www.quantresearch.org/Events.htm,a,href
https://cisne.sim.ucm.es/record%3Db1467755~S6%2Aspi,https://www.quantresearch.org/Geometry.htm,a,href
https://cisne.sim.ucm.es/record%3Db1650294~S2%2Aspi,https://www.quantresearch.org/Geometry.htm,a,href
https://cisne.sim.ucm.es/record%3Db2763742~S2%2Aspi,https://www.quantresearch.org/Publications.htm,a,href
https://classes.cornell.edu/browse/roster/FA18/class/ORIE/5256,https://www.quantresearch.org/Vita.htm,a,href
https://cms.math.ca/,https://www.quantresearch.org/Co-authors.htm,a,href
https://content.iospress.com/articles/algorithmic-finance/af018,https://www.quantresearch.org/Publications.htm,a,href
https://content.iospress.com/articles/algorithmic-finance/af032,https://www.quantresearch.org/Publications.htm,a,href
https://content.iospress.com/articles/algorithmic-finance/af231,https://www.quantresearch.org/Publications.htm,a,href
https://cornell.mediasite.com/Mediasite/Play/2f748a113916480fa0bddccc587a2d7d1d,https://www.quantresearch.org/Videos.htm,a,href
https://cran.r-project.org/web/packages/PIN/index.html,https://www.quantresearch.org/News.htm,a,href
https://crd.lbl.gov/,https://www.quantresearch.org/Co-authors.htm,a,href
https://crd.lbl.gov/about/staff/cds/scientific-data-management-sdm/david-leinweber,https://www.quantresearch.org/Co-authors.htm,a,href
https://crd.lbl.gov/about/staff/cds/sdm/alex-sim/,https://www.quantresearch.org/Publications.htm,a,href
https://crd.lbl.gov/about/staff/cds/sdm/wu/,https://www.quantresearch.org/Publications.htm,a,href
https://crd.lbl.gov/about/staff/cds/visualization-vis/wes-bethel/,https://www.quantresearch.org/Co-authors.htm,a,href
https://crd.lbl.gov/departments/data-science-and-technology/sdm/staff/wu/,https://www.quantresearch.org/Publications.htm,a,href
https://crd.lbl.gov/news-and-publications/news/2012/wes-bethel-is-acm-distinguished-scientist/,https://www.quantresearch.org/Co-authors.htm,a,href
https://ct5.addthis.com/static/r07/core038.js,https://www.quantresearch.org/Lectures.htm,script,src
https://ct5.addthis.com/static/r07/sh101.html,https://www.quantresearch.org/Lectures.htm,iframe,src
https://cts.businesswire.com/ct/CT?id=smartlink&url=http%3A%2F%2Fbit.ly%2F1rCrnPl&esheet=50953315&newsitemid=20141001005396&lan=en-US&anchor=40th+Anniversary+Issue&index=2&md5=c7713226754d84c87714896dfd5b13b6,https://www.quantresearch.org/News.htm,a,href
https://cts.businesswire.com/ct/CT?id=smartlink&url=http%3A%2F%2Fbit.ly%2F1uyNuIU&esheet=50953315&newsitemid=20141001005396&lan=en-US&anchor=The+Journal+of+Portfolio+Management&index=1&md5=f4fdadbeee84d7820b8da83ba267bb6a,https://www.quantresearch.org/News.htm,a,href
https://cursos.riskmathics.com/,https://www.quantresearch.org/Events.htm,a,href
https://datagrid.lbl.gov/backtest/,https://www.quantresearch.org/News.htm,a,href
https://datagrid.lbl.gov/backtest/index.php,https://www.quantresearch.org/Videos.htm,a,href
https://davidhbailey.com/,https://www.quantresearch.org/News.htm,a,href
https://deanoffaculty.cornell.edu/faculty-governance/archives/resolutions/resolution-106-professor-of-practice-title-college-of-engineering/,https://www.quantresearch.org/Vita.htm,a,href
https://dl.acm.org/doi/10.1145/3603719.3603744,https://www.quantresearch.org/Publications.htm,a,href
https://doi.org/10.1016/j.inffus.2023.101896,https://www.quantresearch.org/Publications.htm,a,href
https://doi.org/10.3390/jrfm15060248,https://www.quantresearch.org/Publications.htm,a,href
https://dr.library.brocku.ca/bitstream/handle/10464/6711/Brock_Jiang_Jinzhi_2015.pdf?sequence=1&isAllowed=y,https://www.quantresearch.org/News.htm,a,href
https://efecomunica.efe.com/ia-inteligencia-artificial-beneficios-retos-fundacion-ortega-maranon/,https://www.quantresearch.org/News.htm,a,href
https://elements.lbl.gov/news/lab-affiliate-honored-with-spanish-knighthood/,https://www.quantresearch.org/News.htm,a,href
https://en.wikipedia.org/wiki/%C3%89cole_Normale_Sup%C3%A9rieure,https://www.quantresearch.org/Geometry.htm,a,href
https://en.wikipedia.org/wiki/%C3%89cole_Polytechnique,https://www.quantresearch.org/Geometry.htm,a,href
https://en.wikipedia.org/wiki/Abel_Prize,https://www.quantresearch.org/Co-authors.htm,a,href
https://en.wikipedia.org/wiki/Academic_genealogy,https://www.quantresearch.org/Geometry.htm,a,href
https://en.wikipedia.org/wiki/Algebraic_number_theory,https://www.quantresearch.org/Geometry.htm,a,href
https://en.wikipedia.org/wiki/Analytic_number_theory,https://www.quantresearch.org/Geometry.htm,a,href
https://en.wikipedia.org/wiki/Bailey%20Borwein%20Plouffe_formula,https://www.quantresearch.org/News.htm,a,href
https://en.wikipedia.org/wiki/Bailey%E2%80%93Borwein%E2%80%93Plouffe_formula,https://www.quantresearch.org/Co-authors.htm,a,href
https://en.wikipedia.org/wiki/Banach-Tarski_paradox,https://www.quantresearch.org/Co-authors.htm,a,href
https://en.wikipedia.org/wiki/Blas_Cabrera_Felipe,https://www.quantresearch.org/Geometry.htm,a,href
https://en.wikipedia.org/wiki/Borwein%27s_algorithm,https://www.quantresearch.org/Co-authors.htm,a,href
https://en.wikipedia.org/wiki/Borwein_integral,https://www.quantresearch.org/Co-authors.htm,a,href
https://en.wikipedia.org/wiki/Bulgarian_Academy_of_Sciences,https://www.quantresearch.org/Co-authors.htm,a,href
https://en.wikipedia.org/wiki/Calkin%E2%80%93Wilf_tree,https://www.quantresearch.org/Co-authors.htm,a,href
https://en.wikipedia.org/wiki/Chauvenet_Prize,https://www.quantresearch.org/Co-authors.htm,a,href
https://en.wikipedia.org/wiki/Civil_Order_of_Alfonso_X%2C_the_Wise,https://www.quantresearch.org/Geometry.htm,a,href
https://en.wikipedia.org/wiki/Collaborative_network,https://www.quantresearch.org/Co-authors.htm,a,href
https://en.wikipedia.org/wiki/Complutense,https://www.quantresearch.org/Geometry.htm,a,href
https://en.wikipedia.org/wiki/Conduction_%28heat%29,https://www.quantresearch.org/Geometry.htm,a,href
https://en.wikipedia.org/wiki/D%27Alembert,https://www.quantresearch.org/Geometry.htm,a,href
https://en.wikipedia.org/wiki/David_H._Bailey,https://www.quantresearch.org/News.htm,a,href
https://en.wikipedia.org/wiki/EDHEC,https://www.quantresearch.org/Co-authors.htm,a,href
https://en.wikipedia.org/wiki/Eduardo_Torroja_Caballe,https://www.quantresearch.org/Geometry.htm,a,href
https://en.wikipedia.org/wiki/Erlangen_program,https://www.quantresearch.org/Geometry.htm,a,href
https://en.wikipedia.org/wiki/Experimental_mathematics,https://www.quantresearch.org/News.htm,a,href
https://en.wikipedia.org/wiki/Felix_Klein,https://www.quantresearch.org/Geometry.htm,a,href
https://en.wikipedia.org/wiki/Ferdinand_Georg_Frobenius,https://www.quantresearch.org/Geometry.htm,a,href
https://en.wikipedia.org/wiki/Fields_Medal,https://www.quantresearch.org/Co-authors.htm,a,href
https://en.wikipedia.org/wiki/Fourier_series,https://www.quantresearch.org/Geometry.htm,a,href
https://en.wikipedia.org/wiki/Fourier_transform,https://www.quantresearch.org/Geometry.htm,a,href
https://en.wikipedia.org/wiki/Frank_J._Fabozzi,https://www.quantresearch.org/Publications.htm,a,href
https://en.wikipedia.org/wiki/Friedrich_Hermann_Schottky,https://www.quantresearch.org/Geometry.htm,a,href
https://en.wikipedia.org/wiki/Fundamental_theorem_of_algebra,https://www.quantresearch.org/Geometry.htm,a,href
https://en.wikipedia.org/wiki/Gauss,https://www.quantresearch.org/Geometry.htm,a,href
https://en.wikipedia.org/wiki/Geometry,https://www.quantresearch.org/Geometry.htm,a,href
https://en.wikipedia.org/wiki/Giambattista_Beccaria,https://www.quantresearch.org/Geometry.htm,a,href
https://en.wikipedia.org/wiki/Gordon_Bell_Prize,https://www.quantresearch.org/Co-authors.htm,a,href
https://en.wikipedia.org/wiki/Gresham_Professor_of_Geometry,https://www.quantresearch.org/Geometry.htm,a,href
https://en.wikipedia.org/wiki/Guido_Imbens,https://www.quantresearch.org/Publications.htm,a,href
https://en.wikipedia.org/wiki/Heptadecagon,https://www.quantresearch.org/Geometry.htm,a,href
https://en.wikipedia.org/wiki/Hermann_Schwarz,https://www.quantresearch.org/Geometry.htm,a,href
https://en.wikipedia.org/wiki/Institute_for_Scientific_Information,https://www.quantresearch.org/Co-authors.htm,a,href
https://en.wikipedia.org/wiki/Johann_Peter_Gustav_Lejeune_Dirichlet,https://www.quantresearch.org/Geometry.htm,a,href
https://en.wikipedia.org/wiki/Jonathan_Borwein,https://www.quantresearch.org/Events.htm,a,href
https://en.wikipedia.org/wiki/Joseph_Fourier,https://www.quantresearch.org/Geometry.htm,a,href
https://en.wikipedia.org/wiki/Joseph_Lagrange,https://www.quantresearch.org/Geometry.htm,a,href
https://en.wikipedia.org/wiki/Julio_Rey_Pastor,https://www.quantresearch.org/Geometry.htm,a,href
https://en.wikipedia.org/wiki/Karl_Pearson,https://www.quantresearch.org/Publications.htm,a,href
https://en.wikipedia.org/wiki/Karl_pearson,https://www.quantresearch.org/Geometry.htm,a,href
https://en.wikipedia.org/wiki/Laplace,https://www.quantresearch.org/Geometry.htm,a,href
https://en.wikipedia.org/wiki/Law_of_cosines,https://www.quantresearch.org/Geometry.htm,a,href
https://en.wikipedia.org/wiki/Lawrence_Klein,https://www.quantresearch.org/News.htm,a,href
https://en.wikipedia.org/wiki/Leonhard_Euler,https://www.quantresearch.org/Geometry.htm,a,href
https://en.wikipedia.org/wiki/Leslie_Valiant,https://www.quantresearch.org/Co-authors.htm,a,href
https://en.wikipedia.org/wiki/Marge_in_Chains,https://www.quantresearch.org/News.htm,a,href
https://en.wikipedia.org/wiki/Martin%27s_maximum,https://www.quantresearch.org/Co-authors.htm,a,href
https://en.wikipedia.org/wiki/Mathematical_analysis,https://www.quantresearch.org/Geometry.htm,a,href
https://en.wikipedia.org/wiki/Mathematical_finance,https://www.quantresearch.org/Geometry.htm,a,href
https://en.wikipedia.org/wiki/Matthew_Foreman,https://www.quantresearch.org/Publications.htm,a,href
https://en.wikipedia.org/wiki/Meta-research,https://www.quantresearch.org/Innovations.htm,a,href
https://en.wikipedia.org/wiki/Miguel_Hern%C3%A1n,https://www.quantresearch.org/Publications.htm,a,href
https://en.wikipedia.org/wiki/NP-completeness,https://www.quantresearch.org/Innovations.htm,a,href
https://en.wikipedia.org/wiki/National_Award_for_Excellence_in_Academic_Performance_%28Spain%29,https://www.quantresearch.org/Vita.htm,a,href
https://en.wikipedia.org/wiki/Neil_J._Calkin,https://www.quantresearch.org/Vita.htm,a,href
https://en.wikipedia.org/wiki/Nevanlinna_Prize,https://www.quantresearch.org/Co-authors.htm,a,href
https://en.wikipedia.org/wiki/Nobel_Memorial_Prize_in_Economic_Sciences,https://www.quantresearch.org/Co-authors.htm,a,href
https://en.wikipedia.org/wiki/Nobel_Prize_in_Physics,https://www.quantresearch.org/Co-authors.htm,a,href
https://en.wikipedia.org/wiki/Number_theory,https://www.quantresearch.org/Geometry.htm,a,href
https://en.wikipedia.org/wiki/Order_of_Civil_Merit,https://www.quantresearch.org/Vita.htm,a,href
https://en.wikipedia.org/wiki/Order_of_Isabella_the_Catholic,https://www.quantresearch.org/Geometry.htm,a,href
https://en.wikipedia.org/wiki/Order_of_Merit_of_the_Italian_Republic,https://www.quantresearch.org/Geometry.htm,a,href
https://en.wikipedia.org/wiki/Paul_erdos,https://www.quantresearch.org/Geometry.htm,a,href
https://en.wikipedia.org/wiki/Pi_day,https://www.quantresearch.org/News.htm,a,href
https://en.wikipedia.org/wiki/Polymath_Project,https://www.quantresearch.org/Co-authors.htm,a,href
https://en.wikipedia.org/wiki/Prussian_Academy_of_Sciences,https://www.quantresearch.org/Geometry.htm,a,href
https://en.wikipedia.org/wiki/Pythagoras_theorem,https://www.quantresearch.org/Geometry.htm,a,href
https://en.wikipedia.org/wiki/Rheinische_Friedrich-Wilhelms-Universit%C3%A4t_Bonn,https://www.quantresearch.org/Geometry.htm,a,href
https://en.wikipedia.org/wiki/Riccardo_Rebonato,https://www.quantresearch.org/Publications.htm,a,href
https://en.wikipedia.org/wiki/Ricci_curvature,https://www.quantresearch.org/Geometry.htm,a,href
https://en.wikipedia.org/wiki/Ronald_Fisher,https://www.quantresearch.org/Geometry.htm,a,href
https://en.wikipedia.org/wiki/Royal_Academy_of_Engineering_%28Spain%29,https://www.quantresearch.org/Vita.htm,a,href
https://en.wikipedia.org/wiki/Rudolf_Lipschitz,https://www.quantresearch.org/Geometry.htm,a,href
https://en.wikipedia.org/wiki/Seven_Bridges_of_K%C3%B6nigsberg,https://www.quantresearch.org/Geometry.htm,a,href
https://en.wikipedia.org/wiki/Short-rate_model,https://www.quantresearch.org/Co-authors.htm,a,href
https://en.wikipedia.org/wiki/Simeon_Poisson,https://www.quantresearch.org/Geometry.htm,a,href
https://en.wikipedia.org/wiki/Spigot_Algorithms,https://www.quantresearch.org/Co-authors.htm,a,href
https://en.wikipedia.org/wiki/Spigot_algorithm,https://www.quantresearch.org/News.htm,a,href
https://en.wikipedia.org/wiki/Staudt-clausen_theorem,https://www.quantresearch.org/Geometry.htm,a,href
https://en.wikipedia.org/wiki/The_Method_of_Mechanical_Theorems,https://www.quantresearch.org/Geometry.htm,a,href
https://en.wikipedia.org/wiki/Topology,https://www.quantresearch.org/Geometry.htm,a,href
https://en.wikipedia.org/wiki/University_of_Basel,https://www.quantresearch.org/Geometry.htm,a,href
https://en.wikipedia.org/wiki/University_of_Berlin,https://www.quantresearch.org/Geometry.htm,a,href
https://en.wikipedia.org/wiki/University_of_Erlangen,https://www.quantresearch.org/Geometry.htm,a,href
https://en.wikipedia.org/wiki/University_of_Helmstedt,https://www.quantresearch.org/Geometry.htm,a,href
https://en.wikipedia.org/wiki/Von_Staudt,https://www.quantresearch.org/Geometry.htm,a,href
https://en.wikipedia.org/wiki/Wolf_Prize_in_Mathematics,https://www.quantresearch.org/Co-authors.htm,a,href
https://energy.gov/articles/celebrating-pi-day,https://www.quantresearch.org/News.htm,a,href
https://eqderivatives.com/asia-eqd,https://www.quantresearch.org/Events.htm,a,href
https://es.wikipedia.org/wiki/Honorato_de_Castro_Bonel,https://www.quantresearch.org/Geometry.htm,a,href
https://es.wikipedia.org/wiki/Jos%C3%A9_Mar%C3%ADa_Plans_y_Freyre,https://www.quantresearch.org/Geometry.htm,a,href
https://es.wikipedia.org/wiki/Luis_Octavio_de_Toledo_y_Zulueta,https://www.quantresearch.org/Geometry.htm,a,href
https://es.wikipedia.org/wiki/Miguel_Vegas_y_Puebla_Collado,https://www.quantresearch.org/Geometry.htm,a,href
https://events.berkeley.edu/index.php/calendar/sn/ieor.html?event_ID=81594&date=2014-09-29&filter=Event%20Type&filtersel=,https://www.quantresearch.org/Events.htm,a,href
https://events.berkeley.edu/index.php/pdf/sid/FHYCa5jHLcJ1VUKoL1gSiGZLUuLuWyBmGkyqoi8AKQAqvVeGVKjEaIZ6Cv1jtBW0.html?docURL=%2Fusers%2Fevents%2Fapache2%2Fhttp-events%2Fhtdocs%2Fdocuments%2Fuser_uploads%2Fprado_seminar.pdf,https://www.quantresearch.org/Events.htm,a,href
https://events.bizzabo.com/jpmresearchsummit/agenda,https://www.quantresearch.org/Events.htm,a,href
https://events.columbia.edu/cal/event/showEventMore.rdo,https://www.quantresearch.org/Events.htm,a,href
https://events.cornell.edu/event/2018_cornell_quant_finance_forum,https://www.quantresearch.org/Events.htm,a,href
https://events.risk.net/quantsummitusa,https://www.quantresearch.org/Events.htm,a,href
https://exponential.singularityu.org/finance/june-2016-presenters,https://www.quantresearch.org/Events.htm,a,href
https://faculty.bus.olemiss.edu/rvanness/Speakers/Presentation%202013-2014/Yildiz-VPIN.pdf,https://www.quantresearch.org/News.htm,a,href
https://faculty.haas.berkeley.edu/hender/,https://www.quantresearch.org/Co-authors.htm,a,href
https://finance.knect365.com/quantminds-americas/speakers/marcos-lpez-de-prado,https://www.quantresearch.org/Events.htm,a,href
https://finance.knect365.com/quantminds-international/,https://www.quantresearch.org/Events.htm,a,href
https://finance.knect365.com/quantminds-international/agenda/2?stream=22,https://www.quantresearch.org/Events.htm,a,href
https://financialservices.house.gov/calendar/eventsingle.aspx?EventID=404858,https://www.quantresearch.org/News.htm,a,href
https://financialservices.house.gov/uploadedfiles/hhrg-116-ba00-wstate-lopezdepradom-20191206.pdf,https://www.quantresearch.org/News.htm,a,href
https://financialsystems.sungard.com/newsroom/newsreleases/2010/CM120110,https://www.quantresearch.org/Co-authors.htm,a,href
https://github.com/enthought/cla-gui,https://www.quantresearch.org/Software.htm,a,href
https://globalderivativeslive.com/machine-learning-with-marcos-lopez-de-prado/,https://www.quantresearch.org/News.htm,a,href
https://globenewswire.com/news-release/2018/02/06/1333886/0/en/Statement-From-Guggenheim-Partners-Regarding-Quantitative-Investment-Strategies-Unit.html,https://www.quantresearch.org/News.htm,a,href
https://go.bloomberg.com/attend/invite/quantseminarseries201805/,https://www.quantresearch.org/Events.htm,a,href
https://go.bloomberg.com/promo/invite/bloomberg-quantbr-seminar-series/,https://www.quantresearch.org/Events.htm,a,href
https://homepages.wmich.edu/~zhu/,https://www.quantresearch.org/Publications.htm,a,href
https://iafe.org/html/IAFEThalesians3.20.13.php,https://www.quantresearch.org/Events.htm,a,href
https://iaqf16.wildapricot.org/widget/event-1718995,https://www.quantresearch.org/Events.htm,a,href
https://ieeexplore.ieee.org/document/7016372,https://www.quantresearch.org/Publications.htm,a,href
https://ieeexplore.ieee.org/document/7482755/,https://www.quantresearch.org/Publications.htm,a,href
https://ieor.columbia.edu/financial-engineering-practitioners-seminar,https://www.quantresearch.org/Events.htm,a,href
https://infoprensa.es/la-real-academia-de-ingenieria-elige-al-profesor-marcos-lopez-de-prado-como-academico-correspondiente/,https://www.quantresearch.org/News.htm,a,href
https://informaconnect.com/quantminds-international/portfolio-construction-in-the-age-of-machine-learning-workshop,https://www.quantresearch.org/Events.htm,a,href
https://infosci.cornell.edu/faculty/david-easley,https://www.quantresearch.org/Publications.htm,a,href
https://insidehpc.com/2016/05/d-wave-systems-and-1qbit-partner-with-financial-industry-experts-to-launch-quantum-for-quants-online-community-will-foster-collaboration-on-complex-finance-industry-problems-and-provide-access-to-quan/,https://www.quantresearch.org/News.htm,a,href
https://insight.kellogg.northwestern.edu/article/the_trouble_with_vpin,https://www.quantresearch.org/News.htm,a,href
https://investor.cmegroup.com/investor-relations/releasedetail.cfm?ReleaseID=513388,https://www.quantresearch.org/News.htm,a,href
https://ip.ios.semcs.net/articles/algorithmic-finance/af033,https://www.quantresearch.org/Publications.htm,a,href
https://jacobslevycenter.wharton.upenn.edu/,https://www.quantresearch.org/Videos.htm,a,href
https://jacobslevycenter.wharton.upenn.edu/events/spring-2015-forum/,https://www.quantresearch.org/Events.htm,a,href
https://jfe.rochester.edu/,https://www.quantresearch.org/Publications.htm,a,href
https://joi.iijournals.com/content/25/3/2,https://www.quantresearch.org/Publications.htm,a,href
https://joi.pm-research.com/content/25/3/2,https://www.quantresearch.org/Publications.htm,a,href
https://jpm.iijournals.com/content/44/1/1,https://www.quantresearch.org/Co-authors.htm,a,href
https://jpm.iijournals.com/quant-of-2019,https://www.quantresearch.org/News.htm,a,href
https://jpm.pm-research.com/,https://www.quantresearch.org/Videos.htm,a,href
https://jpm.pm-research.com/quant-of-2019,https://www.quantresearch.org/News.htm,a,href
https://kustreview.com/is-wall-street-misreading-its-favorite-risk-metric/,https://www.quantresearch.org/News.htm,a,href
"https://link.brightcove.com/services/player/bcpid2101404406001?bckey=AQ~~,AAAAt6-8xFk~,r8nyyutNWdC6Z9rX7O1XLNyFvYK2rD6R&bctid=3546420423001",https://www.quantresearch.org/Publications.htm,a,href
https://link.springer.com/article/10.1007/s10479-024-06257-1,https://www.quantresearch.org/Publications.htm,a,href
https://link.springer.com/chapter/10.1007/978-3-030-36568-4_17,https://www.quantresearch.org/Publications.htm,a,href
https://link.springer.com/journal/41260,https://www.quantresearch.org/Publications.htm,a,href
https://m.strategy-business.com/article/00144?gko=de1c1,https://www.quantresearch.org/News.htm,a,href
https://machinebyte.com/commentary-and-news/lopez-de-prado-launches-ml-firm-to-tackle-hedge-fund-underperformance-fees,https://www.quantresearch.org/News.htm,a,href
https://math.berkeley.edu/~mgu/,https://www.quantresearch.org/Co-authors.htm,a,href
https://math.nyu.edu/financial_mathematics/content/02_financial/07.html,https://www.quantresearch.org/Co-authors.htm,a,href
https://math.nyu.edu/research/carrp/,https://www.quantresearch.org/Publications.htm,a,href
https://mathinvestor.org/,https://www.quantresearch.org/Videos.htm,a,href
https://mathinvestor.org/2017/08/erdos-numbers-a-true-prince-and-the-pauper-story/,https://www.quantresearch.org/Vita.htm,a,href
https://mathscinet.ams.org/mathscinet/freeTools.html,https://www.quantresearch.org/Co-authors.htm,a,href
https://mathscinet.ams.org/mathscinet/freetools/collab-dist?source=1026893&target=189017,https://www.quantresearch.org/Publications.htm,a,href
https://mathscinet.ams.org/mathscinet/freetools/collab-dist?source=1026893&target=62280,https://www.quantresearch.org/Vita.htm,a,href
https://momath.org/about/,https://www.quantresearch.org/Co-authors.htm,a,href
https://news.cornell.edu/stories/2024/11/spain-honors-cornell-engineering-professor-knighthood,https://www.quantresearch.org/News.htm,a,href
https://news.efinancialcareers.com/uk-en/276513/top-data-scientists-banks-and-hedge-funds,https://www.quantresearch.org/News.htm,a,href
https://news.efinancialcareers.com/uk-en/3000098/worlds-top-quant-argues-hedge-funds-should-position-them-as-assembly-line-workers,https://www.quantresearch.org/News.htm,a,href
https://news.morningstar.com/articlenet/article.aspx?id=647019,https://www.quantresearch.org/News.htm,a,href
https://oakland.edu/enp/research/,https://www.quantresearch.org/Co-authors.htm,a,href
https://online.barrons.com/articles/ghost-in-the-machine-1414211623,https://www.quantresearch.org/News.htm,a,href
https://online.wsj.com/article/SB10001424052702304065704577426092877288770.html,https://www.quantresearch.org/News.htm,a,href
https://online.wsj.com/articles/huge-returns-at-low-risk-not-so-fast-1403907994?mod=djintinvestor_t,https://www.quantresearch.org/News.htm,a,href
https://onlinelibrary.wiley.com/doi/10.1002/fut.21719/abstract,https://www.quantresearch.org/News.htm,a,href
https://onlinelibrary.wiley.com/doi/10.1111/mafi.12045/abstract,https://www.quantresearch.org/Publications.htm,a,href
https://onlinelibrary.wiley.com/journal/10.1111/%28ISSN%291467-9965,https://www.quantresearch.org/Events.htm,a,href
https://orcid.org/0000-0002-4107-3797,https://www.quantresearch.org/Publications.htm,a,href
https://ortegaygasset.edu/,https://www.quantresearch.org/Vita.htm,a,href
https://pa.iijournals.com/content/2/3/1.13,https://www.quantresearch.org/Publications.htm,a,href
https://papers.ssrn.com/sol3/cf_dev/AbsByAuth.cfm?per_id=434076,https://www.quantresearch.org/Publications.htm,a,href
https://papers.ssrn.com/sol3/cf_dev/AbsByAuth.cfm?per_id=434080,https://www.quantresearch.org/Publications.htm,a,href
https://papers.ssrn.com/sol3/papers.cfm?abstract_id=1939522,https://www.quantresearch.org/Publications.htm,a,href
https://papers.ssrn.com/sol3/papers.cfm?abstract_id=1989555,https://www.quantresearch.org/Vita.htm,a,href
https://papers.ssrn.com/sol3/papers.cfm?abstract_id=2003638,https://www.quantresearch.org/Vita.htm,a,href
https://papers.ssrn.com/sol3/papers.cfm?abstract_id=2243520,https://www.quantresearch.org/News.htm,a,href
https://papers.ssrn.com/sol3/papers.cfm?abstract_id=2944853,https://www.quantresearch.org/Publications.htm,a,href
https://papers.ssrn.com/sol3/papers.cfm?abstract_id=3010799,https://www.quantresearch.org/Publications.htm,a,href
https://papers.ssrn.com/sol3/papers.cfm?abstract_id=3031282,https://www.quantresearch.org/Lectures.htm,a,href
https://papers.ssrn.com/sol3/papers.cfm?abstract_id=3044740,https://www.quantresearch.org/Publications.htm,a,href
https://papers.ssrn.com/sol3/papers.cfm?abstract_id=3221798,https://www.quantresearch.org/Vita.htm,a,href
https://papers.ssrn.com/sol3/papers.cfm?abstract_id=3469961,https://www.quantresearch.org/Innovations.htm,a,href
https://papers.ssrn.com/sol3/papers.cfm?abstract_id=3534445,https://www.quantresearch.org/Publications.htm,a,href
https://papers.ssrn.com/sol3/papers.cfm?abstract_id=3580185,https://www.quantresearch.org/Co-authors.htm,a,href
https://papers.ssrn.com/sol3/papers.cfm?abstract_id=3623544,https://www.quantresearch.org/Co-authors.htm,a,href
https://papers.ssrn.com/sol3/papers.cfm?abstract_id=3799803,https://www.quantresearch.org/Lectures.htm,a,href
https://papers.ssrn.com/sol3/papers.cfm?abstract_id=3895330,https://www.quantresearch.org/Publications.htm,a,href
https://papers.ssrn.com/sol3/papers.cfm?abstract_id=3916692,https://www.quantresearch.org/Lectures.htm,a,href
https://papers.ssrn.com/sol3/papers.cfm?abstract_id=4205613,https://www.quantresearch.org/Publications.htm,a,href
https://papers.ssrn.com/sol3/papers.cfm?abstract_id=4324450,https://www.quantresearch.org/Lectures.htm,a,href
https://papers.ssrn.com/sol3/papers.cfm?abstract_id=4336002,https://www.quantresearch.org/Publications.htm,a,href
https://papers.ssrn.com/sol3/papers.cfm?abstract_id=4425855,https://www.quantresearch.org/Publications.htm,a,href
https://papers.ssrn.com/sol3/papers.cfm?abstract_id=4485887,https://www.quantresearch.org/Co-authors.htm,a,href
https://papers.ssrn.com/sol3/papers.cfm?abstract_id=4697929,https://www.quantresearch.org/Publications.htm,a,href
https://papers.ssrn.com/sol3/papers.cfm?abstract_id=4748151,https://www.quantresearch.org/Publications.htm,a,href
https://papers.ssrn.com/sol3/papers.cfm?abstract_id=4774522,https://www.quantresearch.org/Publications.htm,a,href
https://papers.ssrn.com/sol3/papers.cfm?abstract_id=4786265,https://www.quantresearch.org/Lectures.htm,a,href
https://papers.ssrn.com/sol3/papers.cfm?abstract_id=4840636,https://www.quantresearch.org/Publications.htm,a,href
https://papers.ssrn.com/sol3/papers.cfm?abstract_id=4897573,https://www.quantresearch.org/Publications.htm,a,href
https://papers.ssrn.com/sol3/papers.cfm?abstract_id=4899520,https://www.quantresearch.org/Lectures.htm,a,href
https://papers.ssrn.com/sol3/papers.cfm?abstract_id=5031574,https://www.quantresearch.org/Lectures.htm,a,href
https://papers.ssrn.com/sol3/papers.cfm?abstract_id=5131050,https://www.quantresearch.org/Publications.htm,a,href
https://papers.ssrn.com/sol3/papers.cfm?abstract_id=5277078,https://www.quantresearch.org/Publications.htm,a,href
https://papers.ssrn.com/sol3/papers.cfm?abstract_id=5282576,https://www.quantresearch.org/Publications.htm,a,href
https://papers.ssrn.com/sol3/papers.cfm?abstract_id=5352282,https://www.quantresearch.org/Lectures.htm,a,href
https://papers.ssrn.com/sol3/papers.cfm?abstract_id=5449256,https://www.quantresearch.org/Publications.htm,a,href
https://papers.ssrn.com/sol3/papers.cfm?abstract_id=5520741,https://www.quantresearch.org/Publications.htm,a,href
https://papers.ssrn.com/sol3/papers.cfm?abstract_id=5536838,https://www.quantresearch.org/Lectures.htm,a,href
https://papers.ssrn.com/sol3/papers.cfm?abstract_id=5801322,https://www.quantresearch.org/Publications.htm,a,href
https://papers.ssrn.com/sol3/papers.cfm?abstract_id=5821782,https://www.quantresearch.org/Lectures.htm,a,href
https://papers.ssrn.com/sol3/papers.cfm?abstract_id=5931616,https://www.quantresearch.org/Publications.htm,a,href
https://papers.ssrn.com/sol3/papers.cfm?abstract_id=5936201,https://www.quantresearch.org/Lectures.htm,a,href
https://papers.ssrn.com/sol3/papers.cfm?abstract_id=5950754,https://www.quantresearch.org/Lectures.htm,a,href
https://papers.ssrn.com/sol3/papers.cfm?abstract_id=6125566,https://www.quantresearch.org/Publications.htm,a,href
https://papers.ssrn.com/sol3/papers.cfm?abstract_id=6450418,https://www.quantresearch.org/Publications.htm,a,href
https://papers.ssrn.com/sol3/papers.cfm?abstract_id=6543458,https://www.quantresearch.org/Lectures.htm,a,href
https://papers.ssrn.com/sol3/papers.cfm?abstract_id=6568702,https://www.quantresearch.org/Publications.htm,a,href
https://papers.ssrn.com/sol3/papers.cfm?abstract_id=6738258,https://www.quantresearch.org/Publications.htm,a,href
https://papers.ssrn.com/sol3/papers.cfm?abstract_id=6771694,https://www.quantresearch.org/Publications.htm,a,href
https://papers.ssrn.com/sol3/papers.cfm?abstract_id=7145418,https://www.quantresearch.org/Publications.htm,a,href
https://patents.google.com/patent/US11410240,https://quantresearch.org/Patents.htm,a,href
https://patents.google.com/patent/US20170185922A1,https://quantresearch.org/Patents.htm,a,href
https://patents.google.com/patent/US20170323206A1,https://quantresearch.org/Patents.htm,a,href
https://patents.google.com/patent/US20180089762A1,https://quantresearch.org/Patents.htm,a,href
https://patents.google.com/patent/US20180182037A1/,https://quantresearch.org/Patents.htm,a,href
https://patents.google.com/patent/US20190294990A1,https://quantresearch.org/Patents.htm,a,href
https://patents.google.com/patent/US20210081828A1/en,https://quantresearch.org/Patents.htm,a,href
https://patents.google.com/patent/US20210082046A1/en,https://www.quantresearch.org/Vita.htm,a,href
https://patentscope.wipo.int/search/en/detail.jsf?docId=WO2015149035,https://quantresearch.org/Patents.htm,a,href
https://pi.nersc.gov/,https://www.quantresearch.org/Co-authors.htm,a,href
https://plus.google.com/%2BMarcosLopezdePrado/posts/8qdSvbd8EYy,https://www.quantresearch.org/News.htm,a,href
https://predictnow.ai/what-is-corrective-ai/,https://www.quantresearch.org/Innovations.htm,a,href
https://press.djindexes.com/index.php/dow-jones-indexes-to-launch-the-dow-jones-lsp-position-sizing-equal-sector-us-large-cap-50-index/,https://www.quantresearch.org/Co-authors.htm,a,href
https://profiles.lbl.gov/25553-marcos-lopez-de-prado/,https://www.quantresearch.org/Vita.htm,a,href
https://promo.content.bloomberg.com/promo/invite/639781969-bloomberg-quant-seminar/,https://www.quantresearch.org/Events.htm,a,href
https://quantconnyc2018.splashthat.com/,https://www.quantresearch.org/Events.htm,a,href
https://quantitativebrokers.com/,https://www.quantresearch.org/Co-authors.htm,a,href
https://quantresearch.info/Software.htm,https://www.quantresearch.org/Videos.htm,a,href
https://quantumzeitgeist.com/adia-lab-spains-academy-adds-advisor/,https://www.quantresearch.org/News.htm,a,href
https://qwafafew.org/index.php/chapters/page/nyc_chapter_schedule_for_2013/new_york,https://www.quantresearch.org/Events.htm,a,href
https://racef.es/en,https://www.quantresearch.org/Geometry.htm,a,href
https://racef.es/en/academicians/corresponding-members/national/the-honourable-dr-ubaldo-nieto-de-alba,https://www.quantresearch.org/Geometry.htm,a,href
https://racef.es/en/academicians/full-members/his-excellency-dr-angel-vegas-perez,https://www.quantresearch.org/Geometry.htm,a,href
https://rapacapintro.com/journal/journal/noticeboard,https://www.quantresearch.org/News.htm,a,href
https://researchpuzzle.com/blog/2013/06/24/the-sharpe-edifice/,https://www.quantresearch.org/News.htm,a,href
https://retractionwatch.wordpress.com/2013/04/11/markets-crash-and-so-does-a-a-paper-explaining-why/,https://www.quantresearch.org/News.htm,a,href
https://rfs.oxfordjournals.org/content/25/5/1457.abstract?sid=84aedc3a-c380-4d03-b160-3328246abbb1,https://www.quantresearch.org/Publications.htm,a,href
https://riskbooks.com/high-frequency-trading-new-realities-for-traders-markets-and-regulators,https://www.quantresearch.org/Publications.htm,a,href
https://riskmathics.com/machine-learning/,https://www.quantresearch.org/Events.htm,a,href
https://riskmathics.com/rmtc-2018/,https://www.quantresearch.org/Events.htm,a,href
https://royalsocietypublishing.org/doi/10.1098/rspa.1927.0118,https://www.quantresearch.org/Innovations.htm,a,href
https://rpc.cfainstitute.org/research/foundation/2025/causality-factor-investing,https://www.quantresearch.org/Publications.htm,a,href
https://rsc-src.ca/en/fellows,https://www.quantresearch.org/Co-authors.htm,a,href
https://rss.onlinelibrary.wiley.com/doi/10.1111/1740-9713.01588,https://www.quantresearch.org/Publications.htm,a,href
https://rstl.royalsocietypublishing.org/,https://www.quantresearch.org/Publications.htm,a,href
https://s3078.t.en25.com/e/es?s=3078&e=1238281&elq=5bdac103765240b5a6555bed409d15ef&elqaid=64970&elqat=1&elqTrackId=3be7a58a07da4d2f8b43cb1077043957,https://www.quantresearch.org/Events.htm,a,href
https://scholar.google.com/citations?hl=en&user=3TTXGAoAAAAJ,https://www.quantresearch.org/Publications.htm,a,href
https://scholar.google.com/citations?hl=en&user=aTopSisAAAAJ,https://www.quantresearch.org/Publications.htm,a,href
https://scholar.google.com/citations?hl=en&user=aia6ZgYAAAAJ,https://www.quantresearch.org/Publications.htm,a,href
https://scholar.google.com/citations?hl=en&user=p_wY0zUAAAAJ,https://www.quantresearch.org/Publications.htm,a,href
https://scholar.google.com/citations?user=-NNzn0MAAAAJ,https://www.quantresearch.org/Co-authors.htm,a,href
https://scholar.google.com/citations?user=5JB7RscAAAAJ&hl,https://www.quantresearch.org/Publications.htm,a,href
https://scholar.google.com/citations?user=Akkd4JgAAAAJ&hl=en,https://www.quantresearch.org/Publications.htm,a,href
https://scholar.google.com/citations?user=HULIk-QAAAAJ&hl=en&oi=ao,https://www.quantresearch.org/Publications.htm,a,href
https://scholar.google.com/citations?user=g8ZXTuYAAAAJ&hl=en&oi=ao,https://www.quantresearch.org/Publications.htm,a,href
https://science.org.au/fellows/fellowship-list.html,https://www.quantresearch.org/Co-authors.htm,a,href
https://secure.northernfinance.org/2014/openconf/modules/request.php?module=oc_program&action=view.php&id=450,https://www.quantresearch.org/News.htm,a,href
https://simonsfoundation.org/,https://www.quantresearch.org/News.htm,a,href
https://simonsfoundation.org/features/science-news/in-computers-we-trust/,https://www.quantresearch.org/News.htm,a,href
https://sites.google.com/view/machinelearninginfinanceoxford/,https://www.quantresearch.org/Events.htm,a,href
https://som.yale.edu/blog/conference-recap-the-rise-of-machine-learning-in-asset-management,https://www.quantresearch.org/Events.htm,a,href
https://som.yale.edu/event/2018/10/the-rise-of-machine-learning-in-asset-management,https://www.quantresearch.org/Events.htm,a,href
https://soundcloud.com/user-503420529/a-m-pe3-marcos-e1,https://www.quantresearch.org/Videos.htm,a,href
https://ssrn.com/abstract%3D1629402,https://www.quantresearch.org/News.htm,a,href
https://ssrn.com/abstract%3D1695041,https://www.quantresearch.org/Publications.htm,a,href
https://ssrn.com/abstract%3D1695596,https://www.quantresearch.org/Publications.htm,a,href
https://ssrn.com/abstract%3D1748633,https://www.quantresearch.org/Publications.htm,a,href
https://ssrn.com/abstract%3D1821643,https://www.quantresearch.org/Publications.htm,a,href
https://ssrn.com/abstract%3D1906489,https://www.quantresearch.org/Publications.htm,a,href
https://ssrn.com/abstract%3D1931734,https://www.quantresearch.org/Publications.htm,a,href
https://ssrn.com/abstract%3D1939522,https://www.quantresearch.org/News.htm,a,href
https://ssrn.com/abstract%3D1989555,https://www.quantresearch.org/Publications.htm,a,href
https://ssrn.com/abstract%3D2003638,https://www.quantresearch.org/Publications.htm,a,href
https://ssrn.com/abstract%3D2034858,https://www.quantresearch.org/Publications.htm,a,href
https://ssrn.com/abstract%3D2038387,https://www.quantresearch.org/Publications.htm,a,href
https://ssrn.com/abstract%3D2062450,https://www.quantresearch.org/Publications.htm,a,href
https://ssrn.com/abstract%3D2066170,https://www.quantresearch.org/Publications.htm,a,href
https://ssrn.com/abstract%3D2150876,https://www.quantresearch.org/Lectures.htm,a,href
https://ssrn.com/abstract%3D2150877,https://www.quantresearch.org/Lectures.htm,a,href
https://ssrn.com/abstract%3D2150879,https://www.quantresearch.org/Lectures.htm,a,href
https://ssrn.com/abstract%3D2172468,https://www.quantresearch.org/Lectures.htm,a,href
https://ssrn.com/abstract%3D2172471,https://www.quantresearch.org/Lectures.htm,a,href
https://ssrn.com/abstract%3D2181038,https://www.quantresearch.org/News.htm,a,href
https://ssrn.com/abstract%3D2197616,https://www.quantresearch.org/Publications.htm,a,href
https://ssrn.com/abstract%3D2201302,https://www.quantresearch.org/Publications.htm,a,href
https://ssrn.com/abstract%3D2214771,https://www.quantresearch.org/Lectures.htm,a,href
https://ssrn.com/abstract%3D2249314,https://www.quantresearch.org/News.htm,a,href
https://ssrn.com/abstract%3D2254668,https://www.quantresearch.org/Lectures.htm,a,href
https://ssrn.com/abstract%3D2274991,https://www.quantresearch.org/News.htm,a,href
https://ssrn.com/abstract%3D2308659,https://www.quantresearch.org/Publications.htm,a,href
https://ssrn.com/abstract%3D2308682,https://www.quantresearch.org/Lectures.htm,a,href
https://ssrn.com/abstract%3D2318259,https://www.quantresearch.org/News.htm,a,href
https://ssrn.com/abstract%3D2326253,https://www.quantresearch.org/Publications.htm,a,href
https://ssrn.com/abstract%3D2364092,https://www.quantresearch.org/Publications.htm,a,href
https://ssrn.com/abstract%3D2379314,https://www.quantresearch.org/Publications.htm,a,href
https://ssrn.com/abstract%3D2379319,https://www.quantresearch.org/Publications.htm,a,href
https://ssrn.com/abstract%3D2381301,https://www.quantresearch.org/Lectures.htm,a,href
https://ssrn.com/abstract%3D2422183,https://www.quantresearch.org/Publications.htm,a,href
https://ssrn.com/abstract%3D2427086,https://www.quantresearch.org/News.htm,a,href
https://ssrn.com/abstract%3D2460551,https://www.quantresearch.org/Publications.htm,a,href
https://ssrn.com/abstract%3D2465675,https://www.quantresearch.org/Lectures.htm,a,href
https://ssrn.com/abstract%3D2487656,https://www.quantresearch.org/Publications.htm,a,href
https://ssrn.com/abstract%3D2502613,https://www.quantresearch.org/Lectures.htm,a,href
https://ssrn.com/abstract%3D2507040,https://www.quantresearch.org/Publications.htm,a,href
https://ssrn.com/abstract%3D2511599,https://www.quantresearch.org/Publications.htm,a,href
https://ssrn.com/abstract%3D2547325,https://www.quantresearch.org/Publications.htm,a,href
https://ssrn.com/abstract%3D2568435,https://www.quantresearch.org/Publications.htm,a,href
https://ssrn.com/abstract%3D2575184,https://www.quantresearch.org/Publications.htm,a,href
https://ssrn.com/abstract%3D2597421,https://www.quantresearch.org/Publications.htm,a,href
https://ssrn.com/abstract%3D2599105,https://www.quantresearch.org/Lectures.htm,a,href
https://ssrn.com/abstract%3D2606462,https://www.quantresearch.org/Lectures.htm,a,href
https://ssrn.com/abstract%3D2609734,https://www.quantresearch.org/Publications.htm,a,href
https://ssrn.com/abstract%3D2638760,https://www.quantresearch.org/Publications.htm,a,href
https://ssrn.com/abstract%3D2649376,https://www.quantresearch.org/Publications.htm,a,href
https://ssrn.com/abstract%3D2657224,https://www.quantresearch.org/Publications.htm,a,href
https://ssrn.com/abstract%3D2658641,https://www.quantresearch.org/Publications.htm,a,href
https://ssrn.com/abstract%3D2670033,https://www.quantresearch.org/Lectures.htm,a,href
https://ssrn.com/abstract%3D2694133,https://www.quantresearch.org/Lectures.htm,a,href
https://ssrn.com/abstract%3D2708678,https://www.quantresearch.org/Publications.htm,a,href
https://ssrn.com/abstract%3D2713516,https://www.quantresearch.org/Lectures.htm,a,href
https://ssrn.com/abstract%3D2731886,https://www.quantresearch.org/Publications.htm,a,href
https://ssrn.com/abstract%3D2739335,https://www.quantresearch.org/Publications.htm,a,href
https://ssrn.com/abstract%3D2791243,https://www.quantresearch.org/News.htm,a,href
https://ssrn.com/abstract%3D2819847,https://www.quantresearch.org/Publications.htm,a,href
https://ssrn.com/abstract%3D2848632,https://www.quantresearch.org/Lectures.htm,a,href
https://ssrn.com/abstract%3D2850635,https://www.quantresearch.org/Lectures.htm,a,href
https://ssrn.com/abstract%3D2907803,https://www.quantresearch.org/Lectures.htm,a,href
https://ssrn.com/abstract%3D2944853,https://www.quantresearch.org/Co-authors.htm,a,href
https://ssrn.com/abstract%3D3104816,https://www.quantresearch.org/Publications.htm,a,href
https://ssrn.com/abstract%3D3104826,https://www.quantresearch.org/Publications.htm,a,href
https://ssrn.com/abstract%3D3120557,https://www.quantresearch.org/Lectures.htm,a,href
https://ssrn.com/abstract%3D3167017,https://www.quantresearch.org/Publications.htm,a,href
https://ssrn.com/abstract%3D3173146,https://www.quantresearch.org/Lectures.htm,a,href
https://ssrn.com/abstract%3D3177057,https://www.quantresearch.org/Publications.htm,a,href
https://ssrn.com/abstract%3D3177534,https://www.quantresearch.org/Lectures.htm,a,href
https://ssrn.com/abstract%3D3179826,https://www.quantresearch.org/Lectures.htm,a,href
https://ssrn.com/abstract%3D3193697,https://www.quantresearch.org/Publications.htm,a,href
https://ssrn.com/abstract%3D3193702,https://www.quantresearch.org/Lectures.htm,a,href
https://ssrn.com/abstract%3D3197726,https://www.quantresearch.org/Lectures.htm,a,href
https://ssrn.com/abstract%3D3201981,https://www.quantresearch.org/Lectures.htm,a,href
https://ssrn.com/abstract%3D3221798,https://www.quantresearch.org/Publications.htm,a,href
https://ssrn.com/abstract%3D3232452,https://www.quantresearch.org/Publications.htm,a,href
https://ssrn.com/abstract%3D3246407,https://www.quantresearch.org/Publications.htm,a,href
https://ssrn.com/abstract%3D3257415,https://www.quantresearch.org/Lectures.htm,a,href
https://ssrn.com/abstract%3D3257419,https://www.quantresearch.org/Lectures.htm,a,href
https://ssrn.com/abstract%3D3257420,https://www.quantresearch.org/Lectures.htm,a,href
https://ssrn.com/abstract%3D3257497,https://www.quantresearch.org/Lectures.htm,a,href
https://ssrn.com/abstract%3D3261943,https://www.quantresearch.org/Lectures.htm,a,href
https://ssrn.com/abstract%3D3266136,https://www.quantresearch.org/Lectures.htm,a,href
https://ssrn.com/abstract%3D3270269,https://www.quantresearch.org/Lectures.htm,a,href
https://ssrn.com/abstract%3D3270329,https://www.quantresearch.org/Lectures.htm,a,href
https://ssrn.com/abstract%3D3274354,https://www.quantresearch.org/Lectures.htm,a,href
https://ssrn.com/abstract%3D3339657,https://www.quantresearch.org/Publications.htm,a,href
https://ssrn.com/abstract%3D3345183,https://www.quantresearch.org/Publications.htm,a,href
https://ssrn.com/abstract%3D3365271,https://www.quantresearch.org/Publications.htm,a,href
https://ssrn.com/abstract%3D3365282,https://www.quantresearch.org/Publications.htm,a,href
https://ssrn.com/abstract%3D3373116,https://www.quantresearch.org/Lectures.htm,a,href
https://ssrn.com/abstract%3D3447398,https://www.quantresearch.org/Lectures.htm,a,href
https://ssrn.com/abstract%3D3447561,https://www.quantresearch.org/Lectures.htm,a,href
https://ssrn.com/abstract%3D3454234,https://www.quantresearch.org/Publications.htm,a,href
https://ssrn.com/abstract%3D3459866,https://www.quantresearch.org/Publications.htm,a,href
https://ssrn.com/abstract%3D3469961,https://www.quantresearch.org/Publications.htm,a,href
https://ssrn.com/abstract%3D3469964,https://www.quantresearch.org/Lectures.htm,a,href
https://ssrn.com/abstract%3D3478927,https://www.quantresearch.org/Lectures.htm,a,href
https://ssrn.com/abstract%3D3484152,https://www.quantresearch.org/Publications.htm,a,href
https://ssrn.com/abstract%3D3500484,https://www.quantresearch.org/Publications.htm,a,href
https://ssrn.com/abstract%3D3512994,https://www.quantresearch.org/Lectures.htm,a,href
https://ssrn.com/abstract%3D3512998,https://www.quantresearch.org/Lectures.htm,a,href
https://ssrn.com/abstract%3D3516784,https://www.quantresearch.org/News.htm,a,href
https://ssrn.com/abstract%3D3517595,https://www.quantresearch.org/Lectures.htm,a,href
https://ssrn.com/abstract%3D3528616,https://www.quantresearch.org/News.htm,a,href
https://ssrn.com/abstract%3D3534445,https://www.quantresearch.org/Publications.htm,a,href
https://ssrn.com/abstract%3D3544431,https://www.quantresearch.org/Lectures.htm,a,href
https://ssrn.com/abstract%3D3562025,https://www.quantresearch.org/Lectures.htm,a,href
https://ssrn.com/abstract%3D3579712,https://www.quantresearch.org/Innovations.htm,a,href
https://ssrn.com/abstract%3D3580185,https://www.quantresearch.org/Publications.htm,a,href
https://ssrn.com/abstract%3D3588594,https://www.quantresearch.org/Lectures.htm,a,href
https://ssrn.com/abstract%3D3623544,https://www.quantresearch.org/Publications.htm,a,href
https://ssrn.com/abstract%3D3637020,https://www.quantresearch.org/Lectures.htm,a,href
https://ssrn.com/abstract%3D4485887,https://www.quantresearch.org/Publications.htm,a,href
https://ssrn.com/abstract%3D641702,https://www.quantresearch.org/Publications.htm,a,href
https://ssrn.com/abstract_id%3D4205613,https://www.quantresearch.org/Publications.htm,a,href
https://stanford.edu/~boyd/,https://www.quantresearch.org/Co-authors.htm,a,href
https://stanford.edu/~boyd/cvxbook/,https://www.quantresearch.org/Co-authors.htm,a,href
https://tabbforum.com/users/lopezdeprado/profile,https://www.quantresearch.org/News.htm,a,href
https://tigger.uic.edu/~olegb/,https://www.quantresearch.org/News.htm,a,href
https://time.com/5751190/investing-machine-learning-marcos-de-lopez-prado/,https://www.quantresearch.org/News.htm,a,href
https://timelyportfolio.blogspot.com/2013/10/overfitted-backtests.html,https://www.quantresearch.org/News.htm,a,href
https://uk.reuters.com/article/2011/11/09/sec-market-monitoring-idUKN1E7A502720111109,https://www.quantresearch.org/News.htm,a,href
https://unstats.un.org/unsd/demographic/,https://www.quantresearch.org/Geometry.htm,a,href
https://vimeo.com/61426601,https://www.quantresearch.org/Videos.htm,a,href
https://vis.lbl.gov/~oruebel/,https://www.quantresearch.org/Co-authors.htm,a,href
https://wbstraining.com/php/conferences/?id=153,https://www.quantresearch.org/Events.htm,a,href
https://web.law.columbia.edu/capital-markets/program-fellows/george-sofianos,https://www.quantresearch.org/Co-authors.htm,a,href
https://www.aaas.org/aboutaaas/fellows/,https://www.quantresearch.org/Co-authors.htm,a,href
https://www.acm.org/press-room/news-releases/2010/distinguished-2010,https://www.quantresearch.org/Co-authors.htm,a,href
https://www.adia.ae/en/people/working-at-adia/behind-the-scenes/articles/marcos-lopez-de-prado-and-co-author-named-quants-o,https://www.quantresearch.org/News.htm,a,href
https://www.adialab.ae/adialab-news/launch-advisory-board-collaborations-research-award,https://www.quantresearch.org/Vita.htm,a,href
https://www.adialab.ae/bios/professor-marcos-lopez-de-prado,https://www.quantresearch.org/LeftFrame.htm,a,href
https://www.adialab.ae/call-for-papers,https://www.quantresearch.org/News.htm,a,href
https://www.advancedtrading.com/infrastructure/229300493,https://www.quantresearch.org/News.htm,a,href
https://www.afajof.org/details/page/3720801/Fellows.html,https://www.quantresearch.org/Co-authors.htm,a,href
https://www.ai-cio.com/channel/RISK-MANAGEMENT/The-Backtesting-Crisis/,https://www.quantresearch.org/News.htm,a,href
https://www.aidatatrading.co.uk/speakers/marcos-lopez-de-prado,https://www.quantresearch.org/Events.htm,a,href
https://www.aidatatrading.com/,https://www.quantresearch.org/Events.htm,a,href
https://www.albertjmenkveld.org/,https://www.quantresearch.org/Co-authors.htm,a,href
https://www.amazon.com/Advances-Financial-Machine-Learning-Marcos/dp/1119482089,https://www.quantresearch.org/Publications.htm,a,href
https://www.amazon.com/Analysis-Visualization-Celebration-Proceedings-Mathematics/dp/3030365670/,https://www.quantresearch.org/Publications.htm,a,href
https://www.amazon.com/Annual-Transactions-Science-Finance-Interdisciplinary/dp/9819813034/,https://www.quantresearch.org/Publications.htm,a,href
https://www.amazon.com/Asset-Management-Issues-Francesco-Fabozzi/dp/9811222932,https://www.quantresearch.org/Publications.htm,a,href
https://www.amazon.com/Coherent-Stress-Testing-Bayesian-Financial/dp/0470666013/,https://www.quantresearch.org/Co-authors.htm,a,href
https://www.amazon.com/Handbook-Fixed-Income-Securities-Eighth/dp/0071768467,https://www.quantresearch.org/Co-authors.htm,a,href
https://www.amazon.com/Handbook-Set-Theory-Matthew-Foreman/dp/1402048432,https://www.quantresearch.org/Co-authors.htm,a,href
https://www.amazon.com/Introduction-High-Frequency-Finance-Ramazan-Gen%C3%A7ay/dp/0122796713,https://www.quantresearch.org/Co-authors.htm,a,href
https://www.amazon.com/Machine-Learning-Managers-Elements-Quantitative/dp/1108792898,https://www.quantresearch.org/Publications.htm,a,href
https://www.amazon.com/Market-Microstructure-Theory-Maureen-OHara/dp/0631207619,https://www.quantresearch.org/Co-authors.htm,a,href
https://www.amazon.com/Nerds-Wall-Street-Machines-Markets/dp/0471369462,https://www.quantresearch.org/Co-authors.htm,a,href
https://www.amazon.com/Plight-Fortune-Tellers-Financial-Differently/dp/B00CVE6WGO/,https://www.quantresearch.org/Co-authors.htm,a,href
https://www.amazon.com/Portfolio-Management-under-Stress-Bayesian-Net/dp/1107048117/,https://www.quantresearch.org/Co-authors.htm,a,href
https://www.amazon.com/Ralph-Vince/e/B001IODO5U,https://www.quantresearch.org/Publications.htm,a,href
https://www.amazon.com/Volatility-Correlation-Interest-Rate-Financial-Engineering/dp/0471899984,https://www.quantresearch.org/Co-authors.htm,a,href
https://www.amazon.com/Volatility-Correlation-The-Perfect-Hedger/dp/0470091398/,https://www.quantresearch.org/Co-authors.htm,a,href
https://www.amazon.com/dp/1118409337/,https://www.quantresearch.org/News.htm,a,href
https://www.amazon.com/dp/1119482089,https://www.quantresearch.org/Vita.htm,a,href
https://www.americanbanker.com/news/why-banks-like-barclays-are-testing-quantum-computing,https://www.quantresearch.org/News.htm,a,href
https://www.ams.org/notices/201307/,https://www.quantresearch.org/News.htm,a,href
https://www.ams.org/notices/201405/,https://www.quantresearch.org/Publications.htm,a,href
https://www.ams.org/notices/about.html,https://www.quantresearch.org/Publications.htm,a,href
https://www.ams.org/profession/fellows-list,https://www.quantresearch.org/Co-authors.htm,a,href
https://www.ams.org/profession/prizes-awards/ams-prizes/conant-prize,https://www.quantresearch.org/Co-authors.htm,a,href
https://www.ams.org/tools/news?news_id=2208,https://www.quantresearch.org/News.htm,a,href
https://www.aqr.com/,https://quantresearch.org/Patents.htm,a,href
https://www.aqr.com/About-Us/News/2018/AQR-Appoints-Head-of-Machine-Learning-Group,https://www.quantresearch.org/News.htm,a,href
https://www.arpm.co/pythonconference/,https://www.quantresearch.org/Events.htm,a,href
https://www.assettv.com/player/default-player/103050,https://www.quantresearch.org/Videos.htm,a,href
https://www.automatedtrader.net/articles/case-study/152931/fiddling-with-figures,https://www.quantresearch.org/News.htm,a,href
https://www.automatedtrader.net/headlines/153852/gdtrm15-machine-learning-is-the-new-c%2B%2B,https://www.quantresearch.org/News.htm,a,href
https://www.bachelierfinance.org/,https://www.quantresearch.org/Co-authors.htm,a,href
https://www.barnesandnoble.com/w/risk-based-and-factor-investing-emmanuel-jurczenko/1122875827,https://www.quantresearch.org/Publications.htm,a,href
https://www.bbc.com/news/business-35886456,https://www.quantresearch.org/News.htm,a,href
https://www.bloomberg.com/news/2010-10-30/-toxic-orders-can-predict-likelihood-of-stock-market-crashes-study-says.html,https://www.quantresearch.org/News.htm,a,href
https://www.bloomberg.com/news/2014-04-11/computer-models-often-use-unsound-math-researchers-say.html,https://www.quantresearch.org/News.htm,a,href
https://www.bloomberg.com/news/2014-09-22/sec-finds-misrepresentations-by-hedge-funds-bowden-says.html,https://www.quantresearch.org/News.htm,a,href
https://www.bloomberg.com/news/2014-10-30/beware-overfitting-models-even-if-they-win-baseball-bets.html,https://www.quantresearch.org/News.htm,a,href
https://www.bloomberg.com/news/articles/2015-04-22/flash-crash-arrest-lays-bare-regulatory-lapses-at-all-levels,https://www.quantresearch.org/News.htm,a,href
https://www.bloomberg.com/news/articles/2015-12-09/google-and-nasa-hope-lightning-fast-computers-will-unlock-the-secrets-of-nature,https://www.quantresearch.org/Innovations.htm,a,href
https://www.bloomberg.com/news/articles/2015-12-09/quantum-supercomputers-entice-wall-street-vowing-higher-returns,https://www.quantresearch.org/News.htm,a,href
https://www.bloomberg.com/news/articles/2018-09-12/aqr-adds-machine-learning-to-menu-with-new-hire-lopez-de-prado,https://www.quantresearch.org/News.htm,a,href
https://www.bloomberg.com/news/articles/2018-10-09/the-big-problem-with-machine-learning-algorithms,https://www.quantresearch.org/News.htm,a,href
https://www.bloomberg.com/news/articles/2019-04-05/aqr-head-of-machine-learning-set-to-leave-after-less-than-a-year,https://www.quantresearch.org/News.htm,a,href
https://www.bloomberg.com/news/articles/2019-10-09/the-master-of-robots-left-aqr-now-he-s-coming-for-wall-street,https://www.quantresearch.org/News.htm,a,href
https://www.bloomberg.com/news/articles/2019-12-06/robots-in-finance-could-wipe-out-some-of-its-highest-paying-jobs,https://www.quantresearch.org/News.htm,a,href
https://www.bloomberg.com/news/features/2017-06-14/the-machine-of-tomorrow-today-quantum-computing-on-the-verge,https://www.quantresearch.org/News.htm,a,href
https://www.bloomberg.com/news/features/2018-10-04/quant-investor-cliff-asness-hasn-t-smashed-his-screen-this-year-yet,https://www.quantresearch.org/News.htm,a,href
https://www.bloomberg.com/news/videos/2019-12-17/cornell-s-lopez-de-prado-sees-financial-reckoning-with-ai-video,https://www.quantresearch.org/Videos.htm,a,href
https://www.bloomberglabs.com/quantitative-finance/events/april-2014-marcos-lopez-de-prado-and-raphael-douad/,https://www.quantresearch.org/Events.htm,a,href
https://www.bloombergview.com/articles/2015-02-25/russia-s-insider-traders-know-putin-s-plans,https://www.quantresearch.org/News.htm,a,href
https://www.britac.ac.uk/fellowship/,https://www.quantresearch.org/Co-authors.htm,a,href
https://www.businesswire.com/news/home/20141001005396/en,https://www.quantresearch.org/News.htm,a,href
https://www.businesswire.com/news/home/20150309006071/en/Journal-Portfolio-Management-Announces-Advisory-Board-Member,https://www.quantresearch.org/News.htm,a,href
https://www.businesswire.com/news/home/20181108005007/en/WEEK-ISDA-Technology-Forum,https://www.quantresearch.org/Events.htm,a,href
https://www.cambridge.org/core/elements/causal-factor-investing/9AFE270D7099B787B8FD4F4CBADE0C6E,https://www.quantresearch.org/Publications.htm,a,href
https://www.cambridge.org/core/elements/machine-learning-for-asset-managers/6D9211305EA2E425D33A9F38D0AE3545,https://www.quantresearch.org/Publications.htm,a,href
https://www.cantechletter.com/2016/05/d-wave-launches-quantum-quants-budapest-derivatives-conference/,https://www.quantresearch.org/News.htm,a,href
https://www.carma.newcastle.edu.au/jon/index-bio.shtml,https://www.quantresearch.org/Co-authors.htm,a,href
https://www.carma.newcastle.edu.au/~jb616,https://www.quantresearch.org/Publications.htm,a,href
https://www.cfainstitute.org/-/media/documents/survey/AI-Pioneers-in-Investment-Management.ashx,https://www.quantresearch.org/Publications.htm,a,href
https://www.cfainstitute.org/en/research/industry-research/ai-pioneers-in-investment-management,https://www.quantresearch.org/Publications.htm,a,href
https://www.cfainstitute.org/en/research/multimedia/2020/machine-learning-in-portfolio-construction,https://www.quantresearch.org/Videos.htm,a,href
https://www.cfainstitute.org/learning/events/Pages/11172016_127878.aspx,https://www.quantresearch.org/Events.htm,a,href
https://www.cfapubs.org/doi/full/10.2469/dig.v42.n4.9,https://www.quantresearch.org/News.htm,a,href
https://www.cfapubs.org/doi/full/10.2469/dig.v43.n1.51,https://www.quantresearch.org/News.htm,a,href
https://www.cftc.gov/PressRoom/PressReleases/pr6683-13,https://www.quantresearch.org/News.htm,a,href
https://www.cftc.gov/PressRoom/SpeechesTestimony/opaomalia-15,https://www.quantresearch.org/Publications.htm,a,href
https://www.cftc.gov/ucm/groups/public/%40lrfederalregister/documents/file/2013-22185a.pdf,https://www.quantresearch.org/Publications.htm,a,href
https://www.cftc.gov/ucm/groups/public/%40newsroom/documents/file/wg1presentation062012.pdf,https://www.quantresearch.org/Publications.htm,a,href
https://www.cims.nyu.edu/~kolm/joomla2/index.php/seminars-mainmenu-28/current-mainmenu-120,https://www.quantresearch.org/Events.htm,a,href
https://www.cims.nyu.edu/~kolm/joomla2/index.php?option=com_content&view=category&layout=blog&id=166&Itemid=120,https://www.quantresearch.org/Events.htm,a,href
https://www.cis.upenn.edu/~mkearns/,https://www.quantresearch.org/Co-authors.htm,a,href
https://www.combinatorics.org/,https://www.quantresearch.org/Co-authors.htm,a,href
https://www.computer.org/portal/web/awards/bailey,https://www.quantresearch.org/Co-authors.htm,a,href
https://www.courant.nyu.edu/,https://www.quantresearch.org/Co-authors.htm,a,href
https://www.courant.nyu.edu/~almgren,https://www.quantresearch.org/Co-authors.htm,a,href
https://www.cs.cornell.edu/home/kleinber/networks-book/,https://www.quantresearch.org/Co-authors.htm,a,href
https://www.cvent.com/events/fintech-festival-2018/event-summary-f4d6ad5c1a014b5ebdddb4bc533e0705.aspx?RefID=Landing%20Page,https://www.quantresearch.org/Events.htm,a,href
https://www.darden.virginia.edu/mayo-center/events/uvic,https://www.quantresearch.org/Events.htm,a,href
https://www.datalead2014.com/?page_id=84,https://www.quantresearch.org/Events.htm,a,href
https://www.davidhbailey.com/,https://www.quantresearch.org/Publications.htm,a,href
https://www.davidhbailey.com/dhbpapers/npb-encycpc.pdf,https://www.quantresearch.org/Co-authors.htm,a,href
https://www.diazdesantos.es/libros/lopez-de-prado-marcos-mailoc-invertir-en-hedge-funds-analisis-de-su-estructura-estrategias-y-eficiencia-L0000410003743.html,https://www.quantresearch.org/Publications.htm,a,href
https://www.digitaljournal.com/pr/2227571,https://www.quantresearch.org/News.htm,a,href
https://www.econ.cam.ac.uk/people/crsid.html?crsid=obl20&group=faculty,https://www.quantresearch.org/Co-authors.htm,a,href
https://www.econometricsociety.org/fellows.asp,https://www.quantresearch.org/Co-authors.htm,a,href
https://www.economist.com/news/finance-and-economics/21644202-most-trading-strategies-are-not-tested-rigorously-enough-false-hope,https://www.quantresearch.org/News.htm,a,href
https://www.educacion.gob.es/teseo/mostrarRef.do?ref=178878,https://www.quantresearch.org/Geometry.htm,a,href
https://www.educacion.gob.es/teseo/mostrarRef.do?ref=24993,https://www.quantresearch.org/Geometry.htm,a,href
https://www.efmaefm.org/0EFMAMEETINGS/EFMA%20ANNUAL%20MEETINGS/2015-Amsterdam/papers/EFMA2015_0014_fullpaper.pdf,https://www.quantresearch.org/News.htm,a,href
https://www.elcorreo.ae/articulo/emiratos-arabes/consejero-adia-lab-marcos-lopez-prado-recibe-orden-merito-civil/20241122183447165080.html,https://www.quantresearch.org/News.htm,a,href
https://www.elcorreo.ae/articulo/emiratos-arabes/residente-espanol-abu-dhabi-marcos-lopez-prado-elegido-miembro-internacional-real-academia-ingenieria/20260703100541175871.html,https://www.quantresearch.org/News.htm,a,href
https://www.elprogreso.es/articulo/lugo/lucense-lopez-prado-recibe-orden-merito-civil-aportaciones-ai/202411230905361806997.html,https://www.quantresearch.org/News.htm,a,href
https://www.elprogreso.es/articulo/lugo/marcos-lopez-prado-ia-es-tecnologia-mas-importante-historia-humanidad/202412071219001811124.html,https://www.quantresearch.org/News.htm,a,href
https://www.elsevier.com/about/publishing-guidelines/policies/article-withdrawal,https://www.quantresearch.org/News.htm,a,href
https://www.elsevier.com/books/risk-based-and-factor-investing/jurczenko/978-1-78548-008-9,https://www.quantresearch.org/Publications.htm,a,href
https://www.engineering.cornell.edu/news/cfem-faculty-marcos-lopez-de-prado-receives-bernstein-fabozzijacobs-levy-award,https://www.quantresearch.org/News.htm,a,href
https://www.engineering.cornell.edu/spain-honors-orie-cfem-professor-with-knighthood/,https://www.quantresearch.org/News.htm,a,href
https://www.enthought.com/company/news/enthought-introduces-enthought-canopy-a-python-analysis-environment-for-scientific-and-analytic-computing,https://www.quantresearch.org/News.htm,a,href
https://www.enthought.com/products/canopy/,https://www.quantresearch.org/Software.htm,a,href
https://www.escpeurope.eu/nc/faculty-research/the-escp-europe-faculty/professor/name/jurczenko/-/biography/,https://www.quantresearch.org/Publications.htm,a,href
https://www.eurekalert.org/pub_releases/2014-04/ams-paf040314.php,https://www.quantresearch.org/News.htm,a,href
https://www.eventbrite.com/e/new-ideas-cutting-edge-developments-in-fintech-tickets-44863466837,https://www.quantresearch.org/Events.htm,a,href
https://www.examiner.com/article/the-sharpe-ratio-efficient-frontier-discovery-of-alpha-risk-event,https://www.quantresearch.org/Events.htm,a,href
https://www.externaldataconference.com/,https://www.quantresearch.org/Events.htm,a,href
https://www.financial-math.org/blog/2014/01/seminar-at-the-international-association-for-quantitative-finance/,https://www.quantresearch.org/Events.htm,a,href
https://www.finmath.rutgers.edu/,https://www.quantresearch.org/Events.htm,a,href
https://www.forbes.com/sites/brettsteenbarger/2016/07/24/reason-and-rationality-the-psychological-keys-to-investing-success/,https://www.quantresearch.org/News.htm,a,href
https://www.forbes.com/sites/brettsteenbarger/2018/05/25/the-growing-crisis-in-modern-finance/,https://www.quantresearch.org/News.htm,a,href
https://www.francescoafabozzi.com/,https://www.quantresearch.org/Publications.htm,a,href
https://www.ft.com/cms/s/0/417134ea-3b84-11e0-9970-00144feabdc0.html,https://www.quantresearch.org/News.htm,a,href
https://www.ft.com/cms/s/0/48a278b2-c13a-11e2-9767-00144feab7de.html,https://www.quantresearch.org/News.htm,a,href
https://www.ft.com/content/195ce103-2419-30e4-a19d-96e8cb8a3c9b,https://www.quantresearch.org/News.htm,a,href
https://www.ft.com/content/2c3065b6-7caf-4394-afe5-956ec5d4fe2c,https://www.quantresearch.org/News.htm,a,href
https://www.ft.com/content/60fded2a-be5a-11e7-b8a3-38a6e068f464,https://www.quantresearch.org/News.htm,a,href
https://www.ft.com/content/fd8ace33-86a5-3d11-a261-81166736de3d,https://www.quantresearch.org/News.htm,a,href
https://www.ft.com/intl/cms/s/0/6a5f21be-c53d-11e3-89a9-00144feabdc0.html,https://www.quantresearch.org/News.htm,a,href
https://www.futuresmag.com/2012/06/01/managing-portfolio-risk-with-leverage-space,https://www.quantresearch.org/Co-authors.htm,a,href
https://www.genealogy.ams.org/id.php?id=139249,https://www.quantresearch.org/Geometry.htm,a,href
https://www.genealogy.ams.org/id.php?id=139419,https://www.quantresearch.org/Geometry.htm,a,href
https://www.genealogy.ams.org/id.php?id=151876,https://www.quantresearch.org/Geometry.htm,a,href
https://www.genealogy.ams.org/id.php?id=169824,https://www.quantresearch.org/Geometry.htm,a,href
https://www.genealogy.ams.org/id.php?id=169828,https://www.quantresearch.org/Geometry.htm,a,href
https://www.genealogy.ams.org/id.php?id=17946,https://www.quantresearch.org/Geometry.htm,a,href
https://www.genealogy.ams.org/id.php?id=17981,https://www.quantresearch.org/Geometry.htm,a,href
https://www.genealogy.ams.org/id.php?id=18231,https://www.quantresearch.org/Geometry.htm,a,href
https://www.genealogy.ams.org/id.php?id=19964,https://www.quantresearch.org/Geometry.htm,a,href
https://www.genealogy.ams.org/id.php?id=38586,https://www.quantresearch.org/Geometry.htm,a,href
https://www.genealogy.ams.org/id.php?id=7401,https://www.quantresearch.org/Geometry.htm,a,href
https://www.genealogy.ams.org/id.php?id=93506,https://www.quantresearch.org/Geometry.htm,a,href
https://www.globalderivativesusa.com/,https://www.quantresearch.org/Events.htm,a,href
https://www.goddardconsulting.ca/about.html,https://www.quantresearch.org/Publications.htm,a,href
https://www.granadahoy.com/granada/adia-lab-centro-investigacion-granada-gobierno_0_2002846698.html,https://www.quantresearch.org/News.htm,a,href
https://www.huffingtonpost.com/david-h-bailey/lessons-from-the-flash-cr_b_7148898.html,https://www.quantresearch.org/News.htm,a,href
https://www.iaqf.org/,https://www.quantresearch.org/Events.htm,a,href
https://www.iaqf.org/event/upcoming,https://www.quantresearch.org/Events.htm,a,href
https://www.iaqf.org/events/upcoming/IAQFThalesians01.13.14.php,https://www.quantresearch.org/Events.htm,a,href
https://www.ias.unibo.it/en/events/events_archive/CGMYmodel.htm,https://www.quantresearch.org/Co-authors.htm,a,href
https://www.icbi-derivatives.com/,https://www.quantresearch.org/Videos.htm,a,href
https://www.icontact-archive.com/MTSxZdk2o5ddNy4_R2HlUJlTD1Lq818r?w=4,https://www.quantresearch.org/News.htm,a,href
https://www.ieeeglobalsip.org/,https://www.quantresearch.org/Events.htm,a,href
https://www.ieeeglobalsip.org/sym/13/sipfe,https://www.quantresearch.org/Events.htm,a,href
https://www.iijournals.com/,https://www.quantresearch.org/Videos.htm,a,href
https://www.iijournals.com/doi/abs/10.3905/jai.2014.17.2.068,https://www.quantresearch.org/News.htm,a,href
https://www.iijournals.com/doi/abs/10.3905/jot.2012.7.2.009,https://www.quantresearch.org/News.htm,a,href
https://www.iijournals.com/doi/abs/10.3905/pa.2013.1.2.005,https://www.quantresearch.org/Publications.htm,a,href
https://www.iijournals.com/doi/abs/10.3905/pa.2014.2.3.089,https://www.quantresearch.org/News.htm,a,href
https://www.iijournals.com/doi/abs/10.3905/pa.2015.2.3.089,https://www.quantresearch.org/Publications.htm,a,href
https://www.iijournals.com/doi/abs/10.3905/pa.2015.3.3.131,https://www.quantresearch.org/Publications.htm,a,href
https://www.iijournals.com/page/jpm40/infographic,https://www.quantresearch.org/Videos.htm,a,href
https://www.iijournals.com/toc/jpm/current,https://www.quantresearch.org/News.htm,a,href
https://www.iimemberships.com/preloginNew/iiminstituteprelogin.asp?Institute_id=117&SectionID=2079&EventID=&ElementID=,https://www.quantresearch.org/Events.htm,a,href
https://www.im.natixis.com/us/bio/joseph-simonian,https://www.quantresearch.org/Publications.htm,a,href
https://www.imstat.org/awards/fellows.htm,https://www.quantresearch.org/Co-authors.htm,a,href
https://www.institutionalinvestor.com/article/b159xmhln2hk7s/how-universities-are-failing-finance-students,https://www.quantresearch.org/News.htm,a,href
https://www.investmentreview.com/analysis-research/the-benefits-of-crowdsourcing-investment-research-10293,https://www.quantresearch.org/News.htm,a,href
https://www.isi-web.org/,https://www.quantresearch.org/Co-authors.htm,a,href
https://www.johnson.cornell.edu/Faculty-And-Research/Profile.aspx?id=mo19,https://www.quantresearch.org/Publications.htm,a,href
https://www.johnson.cornell.edu/Faculty-And-research/Profile.aspx?id=mo19,https://www.quantresearch.org/Co-authors.htm,a,href
https://www.joim.com/evaluation-and-ranking-of-market-forecasters/,https://www.quantresearch.org/Publications.htm,a,href
https://www.joim.com/stock-portfolio-design-and-backtest-overfitting/,https://www.quantresearch.org/Publications.htm,a,href
https://www.kellogg.northwestern.edu/Faculty/Directory/Andersen_Torben.aspx,https://www.quantresearch.org/News.htm,a,href
https://www.ku.ac.ae/college-people/emilio-porcu,https://www.quantresearch.org/Publications.htm,a,href
https://www.ku.ac.ae/khalifa-university-faculty-and-adia-lab-scientist-receives-25th-bernstein-fabozzijacobs-levy-outstanding-article-award,https://www.quantresearch.org/Vita.htm,a,href
https://www.ku.ac.ae/spain-honors-khalifa-university-professor-and-adia-lab-scientist-marcos-lopez-de-prado-with-knighthood,https://www.quantresearch.org/News.htm,a,href
https://www.lavozdegalicia.es/noticia/mercados/2025/01/05/espana-necesita-actuar-hoy-quedar-atras-revolucion-ia/0003_202501SM5P7991.htm,https://www.quantresearch.org/News.htm,a,href
https://www.lbl.gov/,https://www.quantresearch.org/News.htm,a,href
https://www.lbl.gov/cs/DavidL.html,https://www.quantresearch.org/Publications.htm,a,href
https://www.linkedin.com/in/alexander-lipton-aa2256bb/,https://www.quantresearch.org/Publications.htm,a,href
https://www.linkedin.com/in/alexandre-antonov-904b0317,https://www.quantresearch.org/Co-authors.htm,a,href
https://www.linkedin.com/in/andr%25C3%25A9s-herrera-poyatos-7991b810a/,https://www.quantresearch.org/Publications.htm,a,href
https://www.linkedin.com/in/david-fern%C3%A1ndez-llorca-533a53156/,https://www.quantresearch.org/Publications.htm,a,href
https://www.linkedin.com/in/dr-stoyan-stoyanov-4130a036,https://www.quantresearch.org/Publications.htm,a,href
https://www.linkedin.com/in/lopezdeprado,https://www.quantresearch.org/Publications.htm,a,href
https://www.linkedin.com/in/oier-mentxaka/,https://www.quantresearch.org/Publications.htm,a,href
https://www.linkedin.com/in/vincent-zoonekynd-0075ba24,https://www.quantresearch.org/Publications.htm,a,href
https://www.linkedin.com/in/vincent-zoonekynd-0075ba24/,https://www.quantresearch.org/Co-authors.htm,a,href
https://www.linkedin.com/in/yuriynevmyvaka/,https://www.quantresearch.org/Co-authors.htm,a,href
https://www.linkedin.com/posts/realacademiadeingenieraeda-ingenieraeda-inteligenciaartificial-share-7483776785520824320-8KVH/?utm_source=share&utm_medium=member_desktop&rcm=ACoAAAC8gVUBgFKrBNmc5ubZIVPYpEcCHH-6OoU,https://www.quantresearch.org/News.htm,a,href
https://www.linkedin.com/pub/gili-rosenberg/30/377/306,https://www.quantresearch.org/Publications.htm,a,href
https://www.linkedin.com/pub/michael-sotiropoulos/6/538/75,https://www.quantresearch.org/Co-authors.htm,a,href
https://www.linkedin.com/pub/poya-haghnegahdar/35/63a/586,https://www.quantresearch.org/Publications.htm,a,href
https://www.london.edu/faculty-and-research/research-centres/aqr-institute-of-asset-management/events/institute-events/insight-summit,https://www.quantresearch.org/Events.htm,a,href
https://www.lopezdeprado.org/,https://www.quantresearch.org/LeftFrame.htm,a,href
https://www.lse.ac.uk/finance/people/profiles/jean-PierreZigrand.aspx,https://www.quantresearch.org/Co-authors.htm,a,href
https://www.lulu.com/en/us/shop/marcos-m-l%C3%B3pez-de-prado/advances-in-high-frequency-strategies/hardcover/product-1qzwpgev.html,https://www.quantresearch.org/Publications.htm,a,href
https://www.maa.org/programs/maa-awards/writing-awards/hasse-prizes,https://www.quantresearch.org/Co-authors.htm,a,href
https://www.math.clemson.edu/~calkin/,https://www.quantresearch.org/Publications.htm,a,href
https://www.math.columbia.edu/mafn/courses/practitioners-seminar-2017/,https://www.quantresearch.org/Events.htm,a,href
https://www.math.columbia.edu/mafn/program/practitioners-seminar-2014/,https://www.quantresearch.org/Events.htm,a,href
https://www.mathworks.com/videos/asset-allocation-hierarchical-risk-parity-1577957794663.html,https://www.quantresearch.org/Videos.htm,a,href
https://www.mdpi.com/1999-4893/6/1/169,https://www.quantresearch.org/Publications.htm,a,href
https://www.mdpi.com/2227-9091/7/3/86,https://www.quantresearch.org/Publications.htm,a,href
https://www.mdpi.com/2504-4990/8/3/69,https://www.quantresearch.org/Publications.htm,a,href
https://www.mediaoffice.abudhabi/en/economy/adia-lab-announces-advisory-board-academic-collaborations-and-inaugural-research-award-on-first-day-of-operations/,https://www.quantresearch.org/News.htm,a,href
https://www.mediaoffice.abudhabi/en/topic/adia-lab/,https://www.quantresearch.org/News.htm,a,href
https://www.mercurynews.com/science/ci_22964078/supercomputers-could-generate-early-warning-system-stock-market,https://www.quantresearch.org/News.htm,a,href
https://www.morganstanley.com/about/press/articles/237a5c98-52e6-4130-af7a-a751d3f961fe.html,https://www.quantresearch.org/Co-authors.htm,a,href
https://www.nanex.net/FlashCrashFinal/FlashCrashAnalysis_WR_Update.html,https://www.quantresearch.org/News.htm,a,href
https://www.nas.nasa.gov/assets/pdf/techreports/1989/rnr-89-004.pdf,https://www.quantresearch.org/Co-authors.htm,a,href
https://www.nas.nasa.gov/publications/npb.html,https://www.quantresearch.org/Co-authors.htm,a,href
https://www.nasa.gov/centers/ames/home/index.html,https://www.quantresearch.org/Co-authors.htm,a,href
https://www.nasdaq.com/article/welcome-the-new-ai-investment-overlords-20181227-00362,https://www.quantresearch.org/News.htm,a,href
https://www.nature.com/news/registered-clinical-trials-make-positive-findings-vanish-1.18181,https://www.quantresearch.org/News.htm,a,href
https://www.nbim.no/globalassets/documents/dicussion-paper/2013/discussionnote_1-13.pdf,https://www.quantresearch.org/News.htm,a,href
https://www.nersc.gov/news-publications/galleries/nersc-systems/,https://www.quantresearch.org/News.htm,a,href
https://www.nersc.gov/news-publications/news/nersc-center-news/2006/horst-simon-steps-down-as-nersc-director/,https://www.quantresearch.org/Co-authors.htm,a,href
https://www.newcastle.edu.au/profile/a-salehipour,https://www.quantresearch.org/Publications.htm,a,href
https://www.newcastle.edu.au/profile/jonathan-borwein,https://www.quantresearch.org/News.htm,a,href
https://www.news.cornell.edu/stories/Dec10/StockMarketMetric.html,https://www.quantresearch.org/News.htm,a,href
https://www.newsweek.com/2017/04/21/quantum-computing-ibm-580751.html,https://www.quantresearch.org/News.htm,a,href
https://www.nomura.com/events/9th-annual-global-quantitative-investment-strategies-conference/,https://www.quantresearch.org/Events.htm,a,href
https://www.nowpublishers.com/article/Details/CFR-0047,https://www.quantresearch.org/Publications.htm,a,href
https://www.olseninvest.com/customer/team.vm,https://www.quantresearch.org/Co-authors.htm,a,href
https://www.orie.cornell.edu/faculty-directory/marcos-lopez-de-prado,https://www.quantresearch.org/Vita.htm,a,href
https://www.orie.cornell.edu/news/buy-side-quant-year-cfem-professor-marcos-lopez-de-prado-and-collaborator-alex-lipton-earn,https://www.quantresearch.org/News.htm,a,href
https://www.orie.cornell.edu/news/orie-adds-marcos-lopez-de-prado-cornell-financial-engineering-manhattan,https://www.quantresearch.org/News.htm,a,href
https://www.orie.cornell.edu/news/professor-lopez-de-prado-appointed-global-head-quantitative-research-and-development,https://www.quantresearch.org/News.htm,a,href
https://www.orie.cornell.edu/orie/academics/master/cfem/events.cfm,https://www.quantresearch.org/Events.htm,a,href
https://www.orie.cornell.edu/orie/academics/master/cfem/events.cfm?event=12923&view=semester&y=2014&m=9&d=1,https://www.quantresearch.org/Events.htm,a,href
https://www.orie.cornell.edu/orie/academics/master/cfem/events.cfm?event=18113&view=semester&y=2017&m=8&d=29,https://www.quantresearch.org/Events.htm,a,href
https://www.parkview.ch/podcasts,https://www.quantresearch.org/Videos.htm,a,href
https://www.pionline.com/article/20180912/ONLINE/180919931/aqr-hires-head-of-machine-learning,https://www.quantresearch.org/News.htm,a,href
https://www.pionline.com/article/20181224/PRINT/181229942/believers-say-ai-could-soften-market-volatility-not-amplify-it,https://www.quantresearch.org/News.htm,a,href
https://www.pm-research.com/BFJL-outstanding-article-winners,https://www.quantresearch.org/Vita.htm,a,href
https://www.pm-research.com/Quant-of-2019,https://www.quantresearch.org/Intro.htm,a,href
https://www.pm-research.com/content/iijaltinv/7/1/7,https://www.quantresearch.org/Publications.htm,a,href
https://www.pm-research.com/content/iijfixinc,https://www.quantresearch.org/Publications.htm,a,href
https://www.pm-research.com/content/iijinvest/25/3/142,https://www.quantresearch.org/Publications.htm,a,href
https://www.pm-research.com/content/iijinvest/25/3/2,https://www.quantresearch.org/Publications.htm,a,href
https://www.pm-research.com/content/iijjfds,https://www.quantresearch.org/Vita.htm,a,href
https://www.pm-research.com/content/iijjfds/1/1/99,https://www.quantresearch.org/Publications.htm,a,href
https://www.pm-research.com/content/iijjfds/1/4/124,https://www.quantresearch.org/Publications.htm,a,href
https://www.pm-research.com/content/iijjfds/2/1/86,https://www.quantresearch.org/Publications.htm,a,href
https://www.pm-research.com/content/iijjfds/4/3/10,https://www.quantresearch.org/Publications.htm,a,href
https://www.pm-research.com/content/iijjfds/7/1/10,https://www.quantresearch.org/Publications.htm,a,href
https://www.pm-research.com/content/iijjfds/early/2025/01/15/jfds20251180,https://www.quantresearch.org/News.htm,a,href
https://www.pm-research.com/content/iijjfds/early/2026/06/16/jfds2026010,https://www.quantresearch.org/Publications.htm,a,href
https://www.pm-research.com/content/iijpormgmt,https://www.quantresearch.org/Vita.htm,a,href
https://www.pm-research.com/content/iijpormgmt/37/2/118,https://www.quantresearch.org/Publications.htm,a,href
https://www.pm-research.com/content/iijpormgmt/39/1/19,https://www.quantresearch.org/Publications.htm,a,href
https://www.pm-research.com/content/iijpormgmt/40/5/94,https://www.quantresearch.org/Publications.htm,a,href
https://www.pm-research.com/content/iijpormgmt/41/4/140,https://www.quantresearch.org/Publications.htm,a,href
https://www.pm-research.com/content/iijpormgmt/42/1/29,https://www.quantresearch.org/Publications.htm,a,href
https://www.pm-research.com/content/iijpormgmt/42/4/59,https://www.quantresearch.org/Publications.htm,a,href
https://www.pm-research.com/content/iijpormgmt/43/1/5,https://www.quantresearch.org/Publications.htm,a,href
https://www.pm-research.com/content/iijpormgmt/43/4/5,https://www.quantresearch.org/Publications.htm,a,href
https://www.pm-research.com/content/iijpormgmt/44/1/1,https://www.quantresearch.org/Publications.htm,a,href
https://www.pm-research.com/content/iijpormgmt/44/6/120,https://www.quantresearch.org/Publications.htm,a,href
https://www.pm-research.com/content/iijpormgmt/45/1/1,https://www.quantresearch.org/Publications.htm,a,href
https://www.pm-research.com/content/iijpormgmt/45/1/141,https://www.quantresearch.org/Publications.htm,a,href
https://www.pm-research.com/content/iijpormgmt/49/1/39,https://www.quantresearch.org/Publications.htm,a,href
https://www.pm-research.com/content/iijpormgmt/49/5/6,https://www.quantresearch.org/Publications.htm,a,href
https://www.pm-research.com/content/iijpormgmt/49/9/10,https://www.quantresearch.org/Publications.htm,a,href
https://www.pm-research.com/content/iijpormgmt/51/1/146,https://www.quantresearch.org/Publications.htm,a,href
https://www.pm-research.com/content/iijpormgmt/51/2/12,https://www.quantresearch.org/Publications.htm,a,href
https://www.pm-research.com/content/iijpormgmt/51/4/1,https://www.quantresearch.org/News.htm,a,href
https://www.pm-research.com/content/iijpormgmt/51/8/67,https://www.quantresearch.org/Publications.htm,a,href
https://www.pm-research.com/content/iijpormgmt/52/1/7,https://www.quantresearch.org/Publications.htm,a,href
https://www.pm-research.com/content/iijpormgmt/52/2/11,https://www.quantresearch.org/Publications.htm,a,href
https://www.pm-research.com/content/iijpormgmt/52/2/71,https://www.quantresearch.org/Publications.htm,a,href
https://www.pm-research.com/content/iijpormgmt/52/3/10,https://www.quantresearch.org/Publications.htm,a,href
https://www.pm-research.com/content/iijpormgmt/52/5/18,https://www.quantresearch.org/Publications.htm,a,href
https://www.pm-research.com/content/iijpormgmt/52/6/6,https://www.quantresearch.org/Publications.htm,a,href
https://www.pm-research.com/content/iijtrade/6/2/8,https://www.quantresearch.org/Publications.htm,a,href
https://www.pm-research.com/conversationswithmarcoslp,https://www.quantresearch.org/Videos.htm,a,href
https://www.pm-research.com/node/7055,https://www.quantresearch.org/Vita.htm,a,href
https://www.poly.edu/press-release/2013/04/23/finance-industry-explore-risks-and-rewards-big-data,https://www.quantresearch.org/Events.htm,a,href
https://www.princeton.edu/bcf/graduate/tracks/,https://www.quantresearch.org/Events.htm,a,href
https://www.princetonquanttrading.org/,https://www.quantresearch.org/Events.htm,a,href
https://www.prnewswire.co.uk/news-releases/spain-honours-adia-lab-board-member-professor-marcos-lopez-de-prado-with-order-of-merit-302314136.html,https://www.quantresearch.org/Vita.htm,a,href
https://www.prnewswire.co.uk/news-releases/spains-royal-academy-of-engineering-elects-professor-marcos-lopez-de-prado-as-international-member-302816781.html,https://www.quantresearch.org/Vita.htm,a,href
https://www.prnewswire.com/ae/ar/news-releases/u0627u0644u0623u0643u0627u062Fu064Au0645u064Au0629u002Du0627u0644u0645u0644u0643u064Au0629u002Du0644u0644u0647u0646u062Fu0633u0629u002Du0641-302816783.html,https://www.quantresearch.org/News.htm,a,href
https://www.prnewswire.com/ae/news-releases/spain-honours-adia-lab-board-member-professor-marcos-lopez-de-prado-with-order-of-merit-302314136.html,https://www.quantresearch.org/News.htm,a,href
https://www.prnewswire.com/ae/news-releases/spains-royal-academy-of-engineering-elects-professor-marcos-lopez-de-prado-as-international-member-302816781.html,https://www.quantresearch.org/News.htm,a,href
https://www.prnewswire.com/news-releases/spain-honours-adia-lab-board-member-professor-marcos-lopez-de-prado-with-order-of-merit-302314134.html,https://www.quantresearch.org/News.htm,a,href
https://www.prnewswire.com/news-releases/spains-royal-academy-of-engineering-elects-professor-marcos-lopez-de-prado-as-international-member-302816778.html,https://www.quantresearch.org/News.htm,a,href
https://www.psmag.com/navigation/business-economics/dangerous-mathematical-con-hedge-funds-financial-advisers-79212/,https://www.quantresearch.org/News.htm,a,href
https://www.quantcon.com/,https://www.quantresearch.org/Events.htm,a,href
https://www.quantcongressusa.com/,https://www.quantresearch.org/Videos.htm,a,href
https://www.quantnews.com/ten-financial-applications-machine-learning/,https://www.quantresearch.org/Videos.htm,a,href
https://www.quantresearch.info/VPIN.pdf,https://www.quantresearch.org/Co-authors.htm,a,href
https://www.quantumforquants.org/,https://www.quantresearch.org/News.htm,a,href
https://www.rac.es/2/2_ficha.php?id=340&idN3=&idN4,https://www.quantresearch.org/Geometry.htm,a,href
https://www.rac.es/2/2_ficha.php?id=447&idN3=&idN4=&i=1,https://www.quantresearch.org/Geometry.htm,a,href
https://www.raing.es/academicos/correspondientes/,https://www.quantresearch.org/Vita.htm,a,href
https://www.rebellionresearch.com/geopolitical-shock-meets-quantitative-discipline-marcos-lopez-de-prado-delivers-unforgettable-keynote-amid-missile-alerts-at-fordham-quantvision-2026,https://www.quantresearch.org/News.htm,a,href
https://www.rinfinance.com/agenda/,https://www.quantresearch.org/News.htm,a,href
https://www.rinfinance.com/agenda/2014/talk/MatthewBarry.pdf,https://www.quantresearch.org/News.htm,a,href
https://www.rinfinance.com/agenda/2014/talk/StephenRush.pdf,https://www.quantresearch.org/News.htm,a,href
https://www.risk.net/asset-management/6570266/baselines-for-applying-machine-learning-to-investing,https://www.quantresearch.org/News.htm,a,href
https://www.risk.net/awards/2442477/quant-of-the-year-alexandre-antonov,https://www.quantresearch.org/Publications.htm,a,href
https://www.risk.net/awards/7740186/buy-side-quant-of-the-year-alex-lipton-and-marcos-lopez-de-prado,https://www.quantresearch.org/Vita.htm,a,href
https://www.risk.net/cutting-edge/7564701/podcast-lipton-and-de-prado-on-covid-19-and-optimal-trading-strategies,https://www.quantresearch.org/News.htm,a,href
https://www.risk.net/cutting-edge/7960972/overcoming-markowitzs-instability-with-hierarchical-risk-parity,https://www.quantresearch.org/Publications.htm,a,href
https://www.risk.net/cutting-edge/7963329/valuing-private-equity-analytically,https://www.quantresearch.org/Publications.htm,a,href
https://www.risk.net/cutting-edge/investments/7560816/a-closed-form-solution-for-optimal-mean-reverting-trading-strategies,https://www.quantresearch.org/Publications.htm,a,href
https://www.risk.net/cutting-edge/views/7963685/podcast-lipton-and-lopez-de-prado-on-a-quant-approach-to-private-equity,https://www.quantresearch.org/News.htm,a,href
https://www.risk.net/investing/7519301/what-quants-can-learn-from-the-covid-crisis,https://www.quantresearch.org/Publications.htm,a,href
https://www.risk.net/investing/quant-investing/6993166/some-quant-shops-doomed-to-struggle-lopez-de-prado,https://www.quantresearch.org/News.htm,a,href
https://www.risk.net/investing/quant-investing/7950791/corrective-algo-tells-quant-firm-when-its-wrong,https://www.quantresearch.org/News.htm,a,href
https://www.risk.net/journal-of-computational-finance/2471206/the-probability-of-backtest-overfitting,https://www.quantresearch.org/Publications.htm,a,href
https://www.risk.net/journal-of-investment-strategies/2164439/advances-in-cointegration-and-subset-correlation-hedging-methods,https://www.quantresearch.org/Publications.htm,a,href
https://www.risk.net/journal-of-investment-strategies/2206564/balanced-baskets-a-new-approach-to-trading-and-hedging-risks,https://www.quantresearch.org/Publications.htm,a,href
https://www.risk.net/journal-of-risk/2435335/stop-outs-under-serial-correlation-and-the-triple-penance-rule,https://www.quantresearch.org/Publications.htm,a,href
https://www.risk.net/journal-risk/2223785/sharpe-ratio-efficient-frontier,https://www.quantresearch.org/Publications.htm,a,href
https://www.risk.net/our-take/7961043/podcast-alexandre-antonov-turns-down-the-noise-in-markowitz,https://www.quantresearch.org/News.htm,a,href
https://www.risk.net/risk-magazine/feature/1506232/quant-peter-carr,https://www.quantresearch.org/Co-authors.htm,a,href
https://www.risk.net/risk-magazine/feature/2105443/otc-flash-crash-dealers-consider-risks-hft-invasion,https://www.quantresearch.org/News.htm,a,href
https://www.risk.net/risk-magazine/news/2114579/regulators-doe-lab-study-flash-crash-forecasting-tool,https://www.quantresearch.org/News.htm,a,href
https://www.riskusa.com/,https://www.quantresearch.org/Events.htm,a,href
https://www.riskusa.com/static/day1,https://www.quantresearch.org/Events.htm,a,href
https://www.rotman.utoronto.ca/FacultyAndResearch/ResearchCentres/FinHub/Events,https://www.quantresearch.org/Events.htm,a,href
https://www.scidac.gov/,https://www.quantresearch.org/Co-authors.htm,a,href
https://www.scidacreview.org/0904/html/fastbit.html,https://www.quantresearch.org/Co-authors.htm,a,href
https://www.sciencedaily.com/releases/2014/04/140410103005.htm,https://www.quantresearch.org/News.htm,a,href
https://www.sciencedirect.com/science/article/pii/S016541011300013X,https://www.quantresearch.org/News.htm,a,href
https://www.sciencedirect.com/science/article/pii/S0304405X16000246,https://www.quantresearch.org/Publications.htm,a,href
https://www.sciencedirect.com/science/article/pii/S1386418112000389,https://www.quantresearch.org/News.htm,a,href
https://www.sciencedirect.com/science/article/pii/S1386418113000293,https://www.quantresearch.org/Publications.htm,a,href
https://www.sciencedirect.com/science/article/pii/S2173126812000344,https://www.quantresearch.org/News.htm,a,href
https://www.scimagojr.com/journalsearch.php?clean=0&q=21101081506&tip=sid,https://www.quantresearch.org/Vita.htm,a,href
https://www.scimagojr.com/journalsearch.php?clean=0&q=21101089551&tip=sid,https://www.quantresearch.org/Vita.htm,a,href
https://www.scimagojr.com/journalsearch.php?q=11700154393&tip=sid,https://www.quantresearch.org/Vita.htm,a,href
https://www.scimagojr.com/journalsearch.php?q=12094&tip=sid&clean=0,https://www.quantresearch.org/Vita.htm,a,href
https://www.scimagojr.com/journalsearch.php?q=13531&tip=sid&clean=0,https://www.quantresearch.org/Vita.htm,a,href
https://www.scimagojr.com/journalsearch.php?q=16062&tip=sid,https://www.quantresearch.org/Vita.htm,a,href
https://www.scimagojr.com/journalsearch.php?q=16161&tip=sid,https://www.quantresearch.org/Vita.htm,a,href
https://www.scimagojr.com/journalsearch.php?q=16525&tip=sid,https://www.quantresearch.org/Vita.htm,a,href
https://www.scimagojr.com/journalsearch.php?q=17334&tip=sid,https://www.quantresearch.org/Vita.htm,a,href
https://www.scimagojr.com/journalsearch.php?q=17528&tip=sid,https://www.quantresearch.org/Vita.htm,a,href
https://www.scimagojr.com/journalsearch.php?q=17700156756&tip=sid,https://www.quantresearch.org/Vita.htm,a,href
https://www.scimagojr.com/journalsearch.php?q=18173&tip=sid,https://www.quantresearch.org/Vita.htm,a,href
https://www.scimagojr.com/journalsearch.php?q=21100199795&tip=sid,https://www.quantresearch.org/Vita.htm,a,href
https://www.scimagojr.com/journalsearch.php?q=21100860760&tip=sid,https://www.quantresearch.org/Vita.htm,a,href
https://www.scimagojr.com/journalsearch.php?q=21100886347&tip=sid,https://www.quantresearch.org/Vita.htm,a,href
https://www.scimagojr.com/journalsearch.php?q=21101109601&tip=sid&clean=0,https://www.quantresearch.org/Vita.htm,a,href
https://www.scimagojr.com/journalsearch.php?q=23090&tip=sid,https://www.quantresearch.org/Vita.htm,a,href
https://www.scimagojr.com/journalsearch.php?q=24379&tip=sid,https://www.quantresearch.org/Vita.htm,a,href
https://www.scimagojr.com/journalsearch.php?q=26099&tip=sid,https://www.quantresearch.org/Vita.htm,a,href
https://www.scimagojr.com/journalsearch.php?q=5900153311&tip=sid,https://www.quantresearch.org/Vita.htm,a,href
https://www.siam.org/Conferences/CM/Main/fm19,https://www.quantresearch.org/Events.htm,a,href
https://www.sighpc.org/recognition/sc-awards,https://www.quantresearch.org/Co-authors.htm,a,href
https://www.simonsfoundation.org/quanta/20130917-a-jewel-at-the-heart-of-quantum-physics/,https://www.quantresearch.org/Geometry.htm,a,href
https://www.springer.com/mathematics/book/978-0-387-24298-9,https://www.quantresearch.org/Co-authors.htm,a,href
https://www.sqa-us.org/events/EventDetails.aspx?id=1045486&group=,https://www.quantresearch.org/Events.htm,a,href
https://www.sqa-us.org/index.cfm,https://www.quantresearch.org/Events.htm,a,href
https://www.stern.nyu.edu/faculty/bio/robert-engle,https://www.quantresearch.org/Publications.htm,a,href
https://www.symmys.com/node/477,https://www.quantresearch.org/Events.htm,a,href
https://www.tandfonline.com/doi/abs/10.1080/14697688.2016.1143619,https://www.quantresearch.org/Publications.htm,a,href
https://www.tandfonline.com/doi/abs/10.1080/14697688.2019.1622311?journalCode=rquf20,https://www.quantresearch.org/Publications.htm,a,href
https://www.tandfonline.com/doi/full/10.1080/00029890.2021.1965068,https://www.quantresearch.org/Publications.htm,a,href
https://www.tandfonline.com/doi/full/10.1080/14697688.2013.861075,https://www.quantresearch.org/Publications.htm,a,href
https://www.tandfonline.com/doi/full/10.1080/14697688.2016.1143619,https://www.quantresearch.org/Publications.htm,a,href
https://www.tandfonline.com/doi/full/10.1080/14697688.2024.2354849,https://www.quantresearch.org/News.htm,a,href
https://www.tandfonline.com/journals/uasa20,https://www.quantresearch.org/Publications.htm,a,href
https://www.tcu.es/,https://www.quantresearch.org/Geometry.htm,a,href
https://www.terrapinn.com/2013/the-trading-show-new-york/quant-invest-new-york.stm,https://www.quantresearch.org/Events.htm,a,href
https://www.terrapinn.com/2013/trading-show-chicago/data/brochure.pdf,https://www.quantresearch.org/Events.htm,a,href
https://www.terrapinn.com/conference/the-trading-show-new-york/,https://www.quantresearch.org/Events.htm,a,href
https://www.terrapinn.com/conference/the-trading-show-new-york/index.stm,https://www.quantresearch.org/Events.htm,a,href
https://www.thalesians.com/finance/index.php/Main_Page,https://www.quantresearch.org/Events.htm,a,href
https://www.top500.org/,https://www.quantresearch.org/Co-authors.htm,a,href
https://www.tradingandinvestmentrisk.com/static/home,https://www.quantresearch.org/Events.htm,a,href
https://www.tradingandinvestmentrisk.com/static/interview,https://www.quantresearch.org/News.htm,a,href
https://www.truepositive.com/,https://www.quantresearch.org/LeftFrame.htm,a,href
https://www.tudor.com/,https://quantresearch.org/Patents.htm,a,href
https://www.ucm.es/master-actuarial-y-finanza/dra-eva-del-pozo,https://www.quantresearch.org/Co-authors.htm,a,href
https://www.ucm.es/pd-bbmbiomed-en/extraordinary-phd-award,https://www.quantresearch.org/Vita.htm,a,href
https://www.usc.gal/gl/xornal/novas/profesor-marcos-lopez-prado-recibe-orde-merito-civil,https://www.quantresearch.org/News.htm,a,href
https://www.utoronto.ca/news/new-u-t-finhub-part-effort-make-toronto-world-leader-financial-innovation,https://www.quantresearch.org/Events.htm,a,href
https://www.vacet.org/about.html,https://www.quantresearch.org/Co-authors.htm,a,href
https://www.valuewalk.com/2017/04/hierarchical-risk-parity/,https://www.quantresearch.org/News.htm,a,href
https://www.washingtonpost.com/business/is-that-a-robot-at-my-desk-how-to-survive-on-wall-st/2020/02/15/2ca827dc-4fb9-11ea-967b-e074d302c7d4_story.html,https://www.quantresearch.org/News.htm,a,href
https://www.wharton.upenn.edu/,https://www.quantresearch.org/Videos.htm,a,href
https://www.wiley.com/WileyCDA/WileyTitle/productCd-1118094816%2CdescCd-authorInfo.html,https://www.quantresearch.org/News.htm,a,href
https://www.wiley.com/en-ae/Advances%2Bin%2BFinancial%2BMachine%2BLearning-p-9781119482086,https://www.quantresearch.org/Publications.htm,a,href
https://www.worldscientific.com/doi/10.1142/9789819813049_0001,https://www.quantresearch.org/Publications.htm,a,href
https://www.worldscientific.com/doi/10.1142/9789819813049_0003,https://www.quantresearch.org/Publications.htm,a,href
https://www.worldscientific.com/doi/10.1142/9789819813049_0009,https://www.quantresearch.org/Publications.htm,a,href
https://www.worldscientific.com/doi/10.1142/9789819813049_0012,https://www.quantresearch.org/Publications.htm,a,href
https://www.worldscientific.com/doi/10.1142/S0219024920500569,https://www.quantresearch.org/Publications.htm,a,href
https://www.worldscientific.com/doi/abs/10.1142/9789819813049_0012,https://www.quantresearch.org/Publications.htm,a,href
https://www.worldscientific.com/worldscibooks/10.1142/11901,https://www.quantresearch.org/Publications.htm,a,href
https://www.worldscientific.com/worldscibooks/10.1142/14310?srsltid=AfmBOor7F4TjPgGBNG1xdNTV-n7ESQ0fs8RnByaHrDJKPWT6idbvbTAM,https://www.quantresearch.org/Publications.htm,a,href
https://www.wsj.com/articles/chasing-hot-returns-in-smart-beta-can-be-dumb-1455319331,https://www.quantresearch.org/News.htm,a,href
https://www.wsj.com/articles/how-computers-trawl-a-sea-of-data-for-stock-picks-1427941801,https://www.quantresearch.org/News.htm,a,href
https://www.wsj.com/articles/the-quants-run-wall-street-now-1495389108,https://www.quantresearch.org/News.htm,a,href
https://www.youtube.com/live/ih32_ua3uA0,https://www.quantresearch.org/Videos.htm,a,href
https://www.youtube.com/watch?v=9w7A4JCd-vk,https://www.quantresearch.org/Videos.htm,a,href
https://www.youtube.com/watch?v=Nw1GsVKN9hc,https://www.quantresearch.org/Videos.htm,a,href
https://www2.lbl.gov/Publications/Deputy-Director/bio.html,https://www.quantresearch.org/Publications.htm,a,href
https://www3.imperial.ac.uk/newsandeventspggrp/imperialcollege/naturalsciences/mathematics/lqfseminars/eventssummary/event_23-9-2013-14-12-17,https://www.quantresearch.org/Events.htm,a,href
https://www4.gsb.columbia.edu/cbs-directory/detail/494838/Jones,https://www.quantresearch.org/Co-authors.htm,a,href
https://x.com/lopezdeprado,https://www.quantresearch.org/Intro.htm,a,href
https://youtu.be/0vPMZXGHMpc,https://www.quantresearch.org/Videos.htm,a,href
https://youtu.be/1J5GKfcedE0,https://www.quantresearch.org/Videos.htm,a,href
https://youtu.be/3gxx0QBuznI,https://www.quantresearch.org/Videos.htm,a,href
https://youtu.be/4oBMvlQ_sxs,https://www.quantresearch.org/Videos.htm,a,href
https://youtu.be/7REU98IjHAw,https://www.quantresearch.org/Videos.htm,a,href
https://youtu.be/9CbAcn--98Y,https://www.quantresearch.org/Videos.htm,a,href
https://youtu.be/9v2mM4OSR_A,https://www.quantresearch.org/Videos.htm,a,href
https://youtu.be/BRUlSm4gdQ4,https://www.quantresearch.org/Videos.htm,a,href
https://youtu.be/D8e3FcySitY,https://www.quantresearch.org/Videos.htm,a,href
https://youtu.be/Dor6umkfBt8,https://www.quantresearch.org/Videos.htm,a,href
https://youtu.be/DpwUVExX27E,https://www.quantresearch.org/Co-authors.htm,a,href
https://youtu.be/EufRYULIkvA,https://www.quantresearch.org/Videos.htm,a,href
https://youtu.be/F4WxiiDai1U,https://www.quantresearch.org/Videos.htm,a,href
https://youtu.be/FGHbddeUBuQ,https://www.quantresearch.org/Videos.htm,a,href
https://youtu.be/GhuUcY9_BxU,https://www.quantresearch.org/News.htm,a,href
https://youtu.be/IngpJ18AhWU,https://www.quantresearch.org/News.htm,a,href
https://youtu.be/JccbTfmgeE8,https://www.quantresearch.org/Videos.htm,a,href
https://youtu.be/K305Vu7hFg0,https://www.quantresearch.org/News.htm,a,href
https://youtu.be/KKduDAbZ4Uk,https://www.quantresearch.org/Videos.htm,a,href
https://youtu.be/LvYEBUTEGS8,https://www.quantresearch.org/Videos.htm,a,href
https://youtu.be/NHQ0Q30fAP4,https://www.quantresearch.org/Videos.htm,a,href
https://youtu.be/OxvFM6oBTMA,https://www.quantresearch.org/Videos.htm,a,href
https://youtu.be/UODdqHh7ZNM,https://www.quantresearch.org/Videos.htm,a,href
https://youtu.be/UQSWzkqLp0U,https://www.quantresearch.org/Videos.htm,a,href
https://youtu.be/WoB3oPfWDF0,https://www.quantresearch.org/Videos.htm,a,href
https://youtu.be/YojhLjLrG1M?t=1726,https://www.quantresearch.org/Videos.htm,a,href
https://youtu.be/_N1iSWMgUtI,https://www.quantresearch.org/Videos.htm,a,href
https://youtu.be/c2VthiiFZ90,https://www.quantresearch.org/Videos.htm,a,href
https://youtu.be/eFk1nTFaOYQ,https://www.quantresearch.org/Videos.htm,a,href
https://youtu.be/ifW-apeHeI0,https://www.quantresearch.org/Videos.htm,a,href
https://youtu.be/kU7vk9jmQC8,https://www.quantresearch.org/Videos.htm,a,href
https://youtu.be/lbvLS3at1MU,https://www.quantresearch.org/Videos.htm,a,href
https://youtu.be/m75CBR8k-6k,https://www.quantresearch.org/Videos.htm,a,href
https://youtu.be/ncqnDl1VM-c,https://www.quantresearch.org/Videos.htm,a,href
https://youtu.be/rBejTpNsQg8,https://www.quantresearch.org/Videos.htm,a,href
https://youtu.be/rz3iPpybwqk,https://www.quantresearch.org/Vita.htm,a,href
https://youtu.be/tikYPy7oW-U,https://www.quantresearch.org/Videos.htm,a,href
https://youtu.be/uNgQ92EEOrQ,https://www.quantresearch.org/Videos.htm,a,href
https://youtu.be/unhTZMpOtqc,https://www.quantresearch.org/Videos.htm,a,href
https://youtu.be/vCsGzS9k0HI,https://www.quantresearch.org/Videos.htm,a,href
https://youtu.be/wtd3K-Ubr1g,https://www.quantresearch.org/Videos.htm,a,href
https://youtu.be/yS_Ja1V8xFo,https://www.quantresearch.org/Videos.htm,a,href
https://youtu.be/zQ_rL6DjWEU,https://www.quantresearch.org/Videos.htm,a,href
https://youtu.be/zv5M9zuZiXo,https://www.quantresearch.org/Co-authors.htm,a,href
