url,local_path,status,content_type,bytes,source,tag,attr
https://www.quantresearch.org/,C:\TSIS_Data\00_CTO\99_REFERENCE_LIBRARY\00_BIBLIOTECA\Lopez_del_Prado\web\www.quantresearch.org\index.html,cached,text/html,376,,seed,url
https://www.quantresearch.org/index.html,C:\TSIS_Data\00_CTO\99_REFERENCE_LIBRARY\00_BIBLIOTECA\Lopez_del_Prado\web\www.quantresearch.org\index.html,cached,text/html,376,,seed,url
https://www.quantresearch.org/Publications.htm,C:\TSIS_Data\00_CTO\99_REFERENCE_LIBRARY\00_BIBLIOTECA\Lopez_del_Prado\web\www.quantresearch.org\Publications.htm,cached,text/html,250000,,seed,url
https://www.quantresearch.org/Vita.htm,C:\TSIS_Data\00_CTO\99_REFERENCE_LIBRARY\00_BIBLIOTECA\Lopez_del_Prado\web\www.quantresearch.org\Vita.htm,cached,text/html,33406,,seed,url
https://www.quantresearch.org/News.htm,C:\TSIS_Data\00_CTO\99_REFERENCE_LIBRARY\00_BIBLIOTECA\Lopez_del_Prado\web\www.quantresearch.org\News.htm,cached,text/html,252882,,seed,url
https://www.quantresearch.org/Co-authors.htm,C:\TSIS_Data\00_CTO\99_REFERENCE_LIBRARY\00_BIBLIOTECA\Lopez_del_Prado\web\www.quantresearch.org\Co-authors.htm,cached,text/html,68654,,seed,url
https://www.quantresearch.org/LeftFrame.htm,C:\TSIS_Data\00_CTO\99_REFERENCE_LIBRARY\00_BIBLIOTECA\Lopez_del_Prado\web\www.quantresearch.org\LeftFrame.htm,cached,text/html,3935,https://www.quantresearch.org/,frame,src
https://www.quantresearch.org/Intro.htm,C:\TSIS_Data\00_CTO\99_REFERENCE_LIBRARY\00_BIBLIOTECA\Lopez_del_Prado\web\www.quantresearch.org\Intro.htm,cached,text/html,6861,https://www.quantresearch.org/,frame,src
https://www.quantresearch.org/ssrn.jpg,C:\TSIS_Data\00_CTO\99_REFERENCE_LIBRARY\00_BIBLIOTECA\Lopez_del_Prado\web\www.quantresearch.org\ssrn.jpg,cached,image/jpeg,3661,https://www.quantresearch.org/Publications.htm,img,src
https://www.quantresearch.org/Google_Scholar.gif,C:\TSIS_Data\00_CTO\99_REFERENCE_LIBRARY\00_BIBLIOTECA\Lopez_del_Prado\web\www.quantresearch.org\Google_Scholar.gif,cached,image/gif,8517,https://www.quantresearch.org/Publications.htm,img,src
https://www.quantresearch.org/CUP_book2.jpg,C:\TSIS_Data\00_CTO\99_REFERENCE_LIBRARY\00_BIBLIOTECA\Lopez_del_Prado\web\www.quantresearch.org\CUP_book2.jpg,cached,image/jpeg,23986,https://www.quantresearch.org/Publications.htm,img,src
https://www.quantresearch.org/CUP_book.png,C:\TSIS_Data\00_CTO\99_REFERENCE_LIBRARY\00_BIBLIOTECA\Lopez_del_Prado\web\www.quantresearch.org\CUP_book.png,cached,image/png,335765,https://www.quantresearch.org/Publications.htm,img,src
https://www.quantresearch.org/AdvancesInFinancialMachineLearning_small.png,C:\TSIS_Data\00_CTO\99_REFERENCE_LIBRARY\00_BIBLIOTECA\Lopez_del_Prado\web\www.quantresearch.org\AdvancesInFinancialMachineLearning_small.png,cached,image/png,241496,https://www.quantresearch.org/Publications.htm,img,src
https://www.quantresearch.org/hft_3dnew100.jpg,C:\TSIS_Data\00_CTO\99_REFERENCE_LIBRARY\00_BIBLIOTECA\Lopez_del_Prado\web\www.quantresearch.org\hft_3dnew100.jpg,cached,image/jpeg,5774,https://www.quantresearch.org/Publications.htm,img,src
https://www.quantresearch.org/orcid.png,C:\TSIS_Data\00_CTO\99_REFERENCE_LIBRARY\00_BIBLIOTECA\Lopez_del_Prado\web\www.quantresearch.org\orcid.png,cached,image/png,11476,https://www.quantresearch.org/Publications.htm,img,src
https://www.quantresearch.org/MathSciNet_logo.png,C:\TSIS_Data\00_CTO\99_REFERENCE_LIBRARY\00_BIBLIOTECA\Lopez_del_Prado\web\www.quantresearch.org\MathSciNet_logo.png,cached,image/png,11395,https://www.quantresearch.org/Publications.htm,img,src
https://www.quantresearch.org/journal_of_asset_management.png,C:\TSIS_Data\00_CTO\99_REFERENCE_LIBRARY\00_BIBLIOTECA\Lopez_del_Prado\web\www.quantresearch.org\journal_of_asset_management.png,cached,image/png,99496,https://www.quantresearch.org/Publications.htm,img,src
https://www.quantresearch.org/JASA.png,C:\TSIS_Data\00_CTO\99_REFERENCE_LIBRARY\00_BIBLIOTECA\Lopez_del_Prado\web\www.quantresearch.org\JASA.png,cached,image/png,161483,https://www.quantresearch.org/Publications.htm,img,src
https://www.quantresearch.org/jfi.gif,C:\TSIS_Data\00_CTO\99_REFERENCE_LIBRARY\00_BIBLIOTECA\Lopez_del_Prado\web\www.quantresearch.org\jfi.gif,cached,image/gif,92366,https://www.quantresearch.org/Publications.htm,img,src
https://www.quantresearch.org/jfds.jpg,C:\TSIS_Data\00_CTO\99_REFERENCE_LIBRARY\00_BIBLIOTECA\Lopez_del_Prado\web\www.quantresearch.org\jfds.jpg,cached,image/jpeg,9359,https://www.quantresearch.org/Publications.htm,img,src
https://www.quantresearch.org/JRSSB.png,C:\TSIS_Data\00_CTO\99_REFERENCE_LIBRARY\00_BIBLIOTECA\Lopez_del_Prado\web\www.quantresearch.org\JRSSB.png,cached,image/png,88435,https://www.quantresearch.org/Publications.htm,img,src
https://www.quantresearch.org/Risk%200420%20carousel.jpg,C:\TSIS_Data\00_CTO\99_REFERENCE_LIBRARY\00_BIBLIOTECA\Lopez_del_Prado\web\www.quantresearch.org\Risk%200420%20carousel.jpg,cached,image/jpeg,10422,https://www.quantresearch.org/Publications.htm,img,src
https://www.quantresearch.org/jpm_2011_37_2_cover.jpg,C:\TSIS_Data\00_CTO\99_REFERENCE_LIBRARY\00_BIBLIOTECA\Lopez_del_Prado\web\www.quantresearch.org\jpm_2011_37_2_cover.jpg,cached,image/jpeg,283099,https://www.quantresearch.org/Publications.htm,img,src
https://www.quantresearch.org/make.jpg,C:\TSIS_Data\00_CTO\99_REFERENCE_LIBRARY\00_BIBLIOTECA\Lopez_del_Prado\web\www.quantresearch.org\make.jpg,cached,image/jpeg,38601,https://www.quantresearch.org/Publications.htm,img,src
https://www.quantresearch.org/CFA-Causality.png,C:\TSIS_Data\00_CTO\99_REFERENCE_LIBRARY\00_BIBLIOTECA\Lopez_del_Prado\web\www.quantresearch.org\CFA-Causality.png,cached,image/png,78125,https://www.quantresearch.org/Publications.htm,img,src
https://www.quantresearch.org/Transactions_ADIA_Lab.jpg,C:\TSIS_Data\00_CTO\99_REFERENCE_LIBRARY\00_BIBLIOTECA\Lopez_del_Prado\web\www.quantresearch.org\Transactions_ADIA_Lab.jpg,cached,image/jpeg,51735,https://www.quantresearch.org/Publications.htm,img,src
https://www.quantresearch.org/ANOR.jpg,C:\TSIS_Data\00_CTO\99_REFERENCE_LIBRARY\00_BIBLIOTECA\Lopez_del_Prado\web\www.quantresearch.org\ANOR.jpg,cached,image/jpeg,5676,https://www.quantresearch.org/Publications.htm,img,src
https://www.quantresearch.org/SSDBM.jpg,C:\TSIS_Data\00_CTO\99_REFERENCE_LIBRARY\00_BIBLIOTECA\Lopez_del_Prado\web\www.quantresearch.org\SSDBM.jpg,cached,image/jpeg,28231,https://www.quantresearch.org/Publications.htm,img,src
https://www.quantresearch.org/Information_fusion.jpg,C:\TSIS_Data\00_CTO\99_REFERENCE_LIBRARY\00_BIBLIOTECA\Lopez_del_Prado\web\www.quantresearch.org\Information_fusion.jpg,cached,image/jpeg,22479,https://www.quantresearch.org/Publications.htm,img,src
https://www.quantresearch.org/jrfm.png,C:\TSIS_Data\00_CTO\99_REFERENCE_LIBRARY\00_BIBLIOTECA\Lopez_del_Prado\web\www.quantresearch.org\jrfm.png,cached,image/png,191501,https://www.quantresearch.org/Publications.htm,img,src
https://www.quantresearch.org/Significance.png,C:\TSIS_Data\00_CTO\99_REFERENCE_LIBRARY\00_BIBLIOTECA\Lopez_del_Prado\web\www.quantresearch.org\Significance.png,cached,image/png,157532,https://www.quantresearch.org/Publications.htm,img,src
https://www.quantresearch.org/AmericanMathematicalMonthly.png,C:\TSIS_Data\00_CTO\99_REFERENCE_LIBRARY\00_BIBLIOTECA\Lopez_del_Prado\web\www.quantresearch.org\AmericanMathematicalMonthly.png,cached,image/png,731233,https://www.quantresearch.org/Publications.htm,img,src
https://www.quantresearch.org/RFS_5_cover.gif,C:\TSIS_Data\00_CTO\99_REFERENCE_LIBRARY\00_BIBLIOTECA\Lopez_del_Prado\web\www.quantresearch.org\RFS_5_cover.gif,cached,image/gif,7544,https://www.quantresearch.org/Publications.htm,img,src
https://www.quantresearch.org/IJTAF.jpg,C:\TSIS_Data\00_CTO\99_REFERENCE_LIBRARY\00_BIBLIOTECA\Lopez_del_Prado\web\www.quantresearch.org\IJTAF.jpg,cached,image/jpeg,58894,https://www.quantresearch.org/Publications.htm,img,src
https://www.quantresearch.org/CAIA.jpg,C:\TSIS_Data\00_CTO\99_REFERENCE_LIBRARY\00_BIBLIOTECA\Lopez_del_Prado\web\www.quantresearch.org\CAIA.jpg,cached,image/jpeg,12931,https://www.quantresearch.org/Publications.htm,img,src
https://www.quantresearch.org/QF.gif,C:\TSIS_Data\00_CTO\99_REFERENCE_LIBRARY\00_BIBLIOTECA\Lopez_del_Prado\web\www.quantresearch.org\QF.gif,cached,image/gif,10034,https://www.quantresearch.org/Publications.htm,img,src
https://www.quantresearch.org/mdpi_risks.png,C:\TSIS_Data\00_CTO\99_REFERENCE_LIBRARY\00_BIBLIOTECA\Lopez_del_Prado\web\www.quantresearch.org\mdpi_risks.png,cached,image/png,30481,https://www.quantresearch.org/Publications.htm,img,src
https://www.quantresearch.org/AF.jpg,C:\TSIS_Data\00_CTO\99_REFERENCE_LIBRARY\00_BIBLIOTECA\Lopez_del_Prado\web\www.quantresearch.org\AF.jpg,cached,image/jpeg,63416,https://www.quantresearch.org/Publications.htm,img,src
https://www.quantresearch.org/JOIM_cover.png,C:\TSIS_Data\00_CTO\99_REFERENCE_LIBRARY\00_BIBLIOTECA\Lopez_del_Prado\web\www.quantresearch.org\JOIM_cover.png,cached,image/png,27021,https://www.quantresearch.org/Publications.htm,img,src
https://www.quantresearch.org/oblb_new_logo_0.png,C:\TSIS_Data\00_CTO\99_REFERENCE_LIBRARY\00_BIBLIOTECA\Lopez_del_Prado\web\www.quantresearch.org\oblb_new_logo_0.png,cached,image/png,81418,https://www.quantresearch.org/Publications.htm,img,src
https://www.quantresearch.org/CFR.jpg,C:\TSIS_Data\00_CTO\99_REFERENCE_LIBRARY\00_BIBLIOTECA\Lopez_del_Prado\web\www.quantresearch.org\CFR.jpg,cached,image/jpeg,5055,https://www.quantresearch.org/Publications.htm,img,src
https://www.quantresearch.org/jcf-170x275.jpg,C:\TSIS_Data\00_CTO\99_REFERENCE_LIBRARY\00_BIBLIOTECA\Lopez_del_Prado\web\www.quantresearch.org\jcf-170x275.jpg,cached,image/jpeg,15329,https://www.quantresearch.org/Publications.htm,img,src
https://www.quantresearch.org/IEEE%20Signal%20Processing.png,C:\TSIS_Data\00_CTO\99_REFERENCE_LIBRARY\00_BIBLIOTECA\Lopez_del_Prado\web\www.quantresearch.org\IEEE%20Signal%20Processing.png,cached,image/png,250296,https://www.quantresearch.org/Publications.htm,img,src
https://www.quantresearch.org/JOI_cover.PNG,C:\TSIS_Data\00_CTO\99_REFERENCE_LIBRARY\00_BIBLIOTECA\Lopez_del_Prado\web\www.quantresearch.org\JOI_cover.PNG,cached,image/png,163286,https://www.quantresearch.org/Publications.htm,img,src
https://www.quantresearch.org/jfe.gif,C:\TSIS_Data\00_CTO\99_REFERENCE_LIBRARY\00_BIBLIOTECA\Lopez_del_Prado\web\www.quantresearch.org\jfe.gif,cached,image/gif,32817,https://www.quantresearch.org/Publications.htm,img,src
https://www.quantresearch.org/Automated_Trader.jpg,C:\TSIS_Data\00_CTO\99_REFERENCE_LIBRARY\00_BIBLIOTECA\Lopez_del_Prado\web\www.quantresearch.org\Automated_Trader.jpg,cached,image/jpeg,174016,https://www.quantresearch.org/Publications.htm,img,src
https://www.quantresearch.org/jr-cov-150x243.jpg,C:\TSIS_Data\00_CTO\99_REFERENCE_LIBRARY\00_BIBLIOTECA\Lopez_del_Prado\web\www.quantresearch.org\jr-cov-150x243.jpg,cached,image/jpeg,14160,https://www.quantresearch.org/Publications.htm,img,src
https://www.quantresearch.org/MF_Cover.gif,C:\TSIS_Data\00_CTO\99_REFERENCE_LIBRARY\00_BIBLIOTECA\Lopez_del_Prado\web\www.quantresearch.org\MF_Cover.gif,cached,image/gif,8902,https://www.quantresearch.org/Publications.htm,img,src
https://www.quantresearch.org/PA%20Cover%20big.jpg,C:\TSIS_Data\00_CTO\99_REFERENCE_LIBRARY\00_BIBLIOTECA\Lopez_del_Prado\web\www.quantresearch.org\PA%20Cover%20big.jpg,cached,image/jpeg,56562,https://www.quantresearch.org/Publications.htm,img,src
https://www.quantresearch.org/rnoti-feb-14-cov1.png,C:\TSIS_Data\00_CTO\99_REFERENCE_LIBRARY\00_BIBLIOTECA\Lopez_del_Prado\web\www.quantresearch.org\rnoti-feb-14-cov1.png,cached,image/png,286671,https://www.quantresearch.org/Publications.htm,img,src
https://www.quantresearch.org/1894_Pearson_Transactions_Royal_Society.pdf,C:\TSIS_Data\00_CTO\99_REFERENCE_LIBRARY\00_BIBLIOTECA\Lopez_del_Prado\web\www.quantresearch.org\1894_Pearson_Transactions_Royal_Society.pdf,cached,application/pdf,6187654,https://www.quantresearch.org/Publications.htm,a,href
https://www.quantresearch.org/Proceedings_IEEE.jpg,C:\TSIS_Data\00_CTO\99_REFERENCE_LIBRARY\00_BIBLIOTECA\Lopez_del_Prado\web\www.quantresearch.org\Proceedings_IEEE.jpg,cached,image/jpeg,232532,https://www.quantresearch.org/Publications.htm,img,src
https://www.quantresearch.org/JFM.gif,C:\TSIS_Data\00_CTO\99_REFERENCE_LIBRARY\00_BIBLIOTECA\Lopez_del_Prado\web\www.quantresearch.org\JFM.gif,cached,image/gif,9868,https://www.quantresearch.org/Publications.htm,img,src
https://www.quantresearch.org/Algorithms.jpg,C:\TSIS_Data\00_CTO\99_REFERENCE_LIBRARY\00_BIBLIOTECA\Lopez_del_Prado\web\www.quantresearch.org\Algorithms.jpg,cached,image/jpeg,169308,https://www.quantresearch.org/Publications.htm,img,src
https://www.quantresearch.org/jis-cov-150x2430303-150x243.jpg,C:\TSIS_Data\00_CTO\99_REFERENCE_LIBRARY\00_BIBLIOTECA\Lopez_del_Prado\web\www.quantresearch.org\jis-cov-150x2430303-150x243.jpg,cached,image/jpeg,25216,https://www.quantresearch.org/Publications.htm,img,src
https://www.quantresearch.org/jot_2011_6_2_cover.jpg,C:\TSIS_Data\00_CTO\99_REFERENCE_LIBRARY\00_BIBLIOTECA\Lopez_del_Prado\web\www.quantresearch.org\jot_2011_6_2_cover.jpg,cached,image/jpeg,301478,https://www.quantresearch.org/Publications.htm,img,src
https://www.quantresearch.org/JAI.jpg,C:\TSIS_Data\00_CTO\99_REFERENCE_LIBRARY\00_BIBLIOTECA\Lopez_del_Prado\web\www.quantresearch.org\JAI.jpg,cached,image/jpeg,38783,https://www.quantresearch.org/Publications.htm,img,src
https://www.quantresearch.org/WorldScientific.png,C:\TSIS_Data\00_CTO\99_REFERENCE_LIBRARY\00_BIBLIOTECA\Lopez_del_Prado\web\www.quantresearch.org\WorldScientific.png,cached,image/png,193961,https://www.quantresearch.org/Publications.htm,img,src
https://www.quantresearch.org/FromAnalysisToVisualization.jpg,C:\TSIS_Data\00_CTO\99_REFERENCE_LIBRARY\00_BIBLIOTECA\Lopez_del_Prado\web\www.quantresearch.org\FromAnalysisToVisualization.jpg,cached,image/jpeg,23363,https://www.quantresearch.org/Publications.htm,img,src
https://www.quantresearch.org/cfa-ai.png,C:\TSIS_Data\00_CTO\99_REFERENCE_LIBRARY\00_BIBLIOTECA\Lopez_del_Prado\web\www.quantresearch.org\cfa-ai.png,cached,image/png,177534,https://www.quantresearch.org/Publications.htm,img,src
https://www.quantresearch.org/joi_special.png,C:\TSIS_Data\00_CTO\99_REFERENCE_LIBRARY\00_BIBLIOTECA\Lopez_del_Prado\web\www.quantresearch.org\joi_special.png,cached,image/png,257427,https://www.quantresearch.org/Publications.htm,img,src
https://www.quantresearch.org/Jurczenko.jpg,C:\TSIS_Data\00_CTO\99_REFERENCE_LIBRARY\00_BIBLIOTECA\Lopez_del_Prado\web\www.quantresearch.org\Jurczenko.jpg,cached,image/jpeg,17459,https://www.quantresearch.org/Publications.htm,img,src
https://www.quantresearch.org/Risk_HFT_Flyer.PDF,C:\TSIS_Data\00_CTO\99_REFERENCE_LIBRARY\00_BIBLIOTECA\Lopez_del_Prado\web\www.quantresearch.org\Risk_HFT_Flyer.PDF,cached,application/pdf,337515,https://www.quantresearch.org/Publications.htm,a,href
https://www.quantresearch.org/UCM.jpg,C:\TSIS_Data\00_CTO\99_REFERENCE_LIBRARY\00_BIBLIOTECA\Lopez_del_Prado\web\www.quantresearch.org\UCM.jpg,cached,image/jpeg,19689,https://www.quantresearch.org/Publications.htm,img,src
https://www.quantresearch.org/UNED.jpg,C:\TSIS_Data\00_CTO\99_REFERENCE_LIBRARY\00_BIBLIOTECA\Lopez_del_Prado\web\www.quantresearch.org\UNED.jpg,cached,image/jpeg,22512,https://www.quantresearch.org/Publications.htm,img,src
https://quantresearch.org/ADIA%20Lab%202025.pdf,C:\TSIS_Data\00_CTO\99_REFERENCE_LIBRARY\00_BIBLIOTECA\Lopez_del_Prado\web\www.quantresearch.org\ADIA%20Lab%202025.pdf,cached,application/pdf,10267663,https://www.quantresearch.org/Vita.htm,a,href
https://quantresearch.org/Patents.htm,C:\TSIS_Data\00_CTO\99_REFERENCE_LIBRARY\00_BIBLIOTECA\Lopez_del_Prado\web\www.quantresearch.org\Patents.htm,cached,text/html,20467,https://www.quantresearch.org/Vita.htm,a,href
https://www.quantresearch.org/BFJL%20Award.pdf,C:\TSIS_Data\00_CTO\99_REFERENCE_LIBRARY\00_BIBLIOTECA\Lopez_del_Prado\web\www.quantresearch.org\BFJL%20Award.pdf,cached,application/pdf,264680,https://www.quantresearch.org/Vita.htm,a,href
https://www.quantresearch.org/GalicianAward_1.jpg,C:\TSIS_Data\00_CTO\99_REFERENCE_LIBRARY\00_BIBLIOTECA\Lopez_del_Prado\web\www.quantresearch.org\GalicianAward_1.jpg,cached,image/jpeg,1394078,https://www.quantresearch.org/Vita.htm,a,href
https://www.quantresearch.org/Spain%27s%20Royal%20Academy%20of%20Engineering%20Elects%20Professor%20Marcos%20L%C3%B3pez%20de%20Prado%20as%20International%20Member.pdf,C:\TSIS_Data\00_CTO\99_REFERENCE_LIBRARY\00_BIBLIOTECA\Lopez_del_Prado\web\www.quantresearch.org\Spain%27s%20Royal%20Academy%20of%20Engineering%20Elects%20Professor%20Marcos%20L%C3%B3pez%20de%20Prado%20as%20International%20Member.pdf,cached,application/pdf,401713,https://www.quantresearch.org/News.htm,a,href
https://www.quantresearch.org/20250105%20-%20La%20Voz%20de%20Galicia.pdf,C:\TSIS_Data\00_CTO\99_REFERENCE_LIBRARY\00_BIBLIOTECA\Lopez_del_Prado\web\www.quantresearch.org\20250105%20-%20La%20Voz%20de%20Galicia.pdf,cached,application/pdf,90706,https://www.quantresearch.org/News.htm,a,href
https://www.quantresearch.org/20241112%20-%20El%20Progreso.pdf,C:\TSIS_Data\00_CTO\99_REFERENCE_LIBRARY\00_BIBLIOTECA\Lopez_del_Prado\web\www.quantresearch.org\20241112%20-%20El%20Progreso.pdf,cached,application/pdf,128206,https://www.quantresearch.org/News.htm,a,href
https://www.quantresearch.org/ADIA_Lab_Press_Release_for_Knighthood.pdf,C:\TSIS_Data\00_CTO\99_REFERENCE_LIBRARY\00_BIBLIOTECA\Lopez_del_Prado\web\www.quantresearch.org\ADIA_Lab_Press_Release_for_Knighthood.pdf,cached,application/pdf,274971,https://www.quantresearch.org/News.htm,a,href
https://www.quantresearch.org/Spain%20Honours%20ADIA%20Lab%20Board%20Member%20Professor%20Marcos%20L%C3%B3pez%20de%20Prado%20with%20Order%20of%20Merit.pdf,C:\TSIS_Data\00_CTO\99_REFERENCE_LIBRARY\00_BIBLIOTECA\Lopez_del_Prado\web\www.quantresearch.org\Spain%20Honours%20ADIA%20Lab%20Board%20Member%20Professor%20Marcos%20L%C3%B3pez%20de%20Prado%20with%20Order%20of%20Merit.pdf,cached,application/pdf,207308,https://www.quantresearch.org/News.htm,a,href
https://www.quantresearch.org/20241120%20-%20Investiture%20Speech.pdf,C:\TSIS_Data\00_CTO\99_REFERENCE_LIBRARY\00_BIBLIOTECA\Lopez_del_Prado\web\www.quantresearch.org\20241120%20-%20Investiture%20Speech.pdf,cached,application/pdf,236673,https://www.quantresearch.org/News.htm,a,href
https://www.quantresearch.org/QF_Causal_Factor_Investing.pdf,C:\TSIS_Data\00_CTO\99_REFERENCE_LIBRARY\00_BIBLIOTECA\Lopez_del_Prado\web\www.quantresearch.org\QF_Causal_Factor_Investing.pdf,cached,application/pdf,563391,https://www.quantresearch.org/News.htm,a,href
https://www.quantresearch.org/The%20quants%20who%20kicked%20the%20hornets%E2%80%99%20nest%20%E2%80%93%20to%20champion%20causality%20-%20Risk.net.pdf,C:\TSIS_Data\00_CTO\99_REFERENCE_LIBRARY\00_BIBLIOTECA\Lopez_del_Prado\web\www.quantresearch.org\The%20quants%20who%20kicked%20the%20hornets%E2%80%99%20nest%20%E2%80%93%20to%20champion%20causality%20-%20Risk.net.pdf,cached,application/pdf,3047134,https://www.quantresearch.org/News.htm,a,href
https://www.quantresearch.org/ADIALabSeminar_20221220.pdf,C:\TSIS_Data\00_CTO\99_REFERENCE_LIBRARY\00_BIBLIOTECA\Lopez_del_Prado\web\www.quantresearch.org\ADIALabSeminar_20221220.pdf,cached,application/pdf,118397,https://www.quantresearch.org/News.htm,a,href
https://www.quantresearch.org/ADIA_Lab_Press2.pdf,C:\TSIS_Data\00_CTO\99_REFERENCE_LIBRARY\00_BIBLIOTECA\Lopez_del_Prado\web\www.quantresearch.org\ADIA_Lab_Press2.pdf,cached,application/pdf,129544,https://www.quantresearch.org/News.htm,a,href
https://www.quantresearch.org/ADIA%20Building%20Supergroup%20of%20Quant%20Investing%20-%20Risk.net.pdf,C:\TSIS_Data\00_CTO\99_REFERENCE_LIBRARY\00_BIBLIOTECA\Lopez_del_Prado\web\www.quantresearch.org\ADIA%20Building%20Supergroup%20of%20Quant%20Investing%20-%20Risk.net.pdf,cached,application/pdf,4930903,https://www.quantresearch.org/News.htm,a,href
https://www.quantresearch.org/Marcos_Lopez_de_Prado_Joins_ADIA_English.pdf,C:\TSIS_Data\00_CTO\99_REFERENCE_LIBRARY\00_BIBLIOTECA\Lopez_del_Prado\web\www.quantresearch.org\Marcos_Lopez_de_Prado_Joins_ADIA_English.pdf,cached,application/pdf,487511,https://www.quantresearch.org/News.htm,a,href
https://www.quantresearch.org/QuantMinds2020.pdf,C:\TSIS_Data\00_CTO\99_REFERENCE_LIBRARY\00_BIBLIOTECA\Lopez_del_Prado\web\www.quantresearch.org\QuantMinds2020.pdf,cached,application/pdf,6078025,https://www.quantresearch.org/News.htm,a,href
https://www.quantresearch.org/The%20Master%20of%20Robots%20Left%20AQR.%20Now%20He%E2%80%99s%20Coming%20for%20Wall%20Street%20-%20Bloomberg.pdf,C:\TSIS_Data\00_CTO\99_REFERENCE_LIBRARY\00_BIBLIOTECA\Lopez_del_Prado\web\www.quantresearch.org\The%20Master%20of%20Robots%20Left%20AQR.%20Now%20He%E2%80%99s%20Coming%20for%20Wall%20Street%20-%20Bloomberg.pdf,cached,application/pdf,1241366,https://www.quantresearch.org/News.htm,a,href
https://www.quantresearch.org/Interview_QuantMinds_2019.pdf,C:\TSIS_Data\00_CTO\99_REFERENCE_LIBRARY\00_BIBLIOTECA\Lopez_del_Prado\web\www.quantresearch.org\Interview_QuantMinds_2019.pdf,cached,application/pdf,282362,https://www.quantresearch.org/News.htm,a,href
https://www.quantresearch.org/Global%20Derivatives%20Whitepaper.pdf,C:\TSIS_Data\00_CTO\99_REFERENCE_LIBRARY\00_BIBLIOTECA\Lopez_del_Prado\web\www.quantresearch.org\Global%20Derivatives%20Whitepaper.pdf,cached,application/pdf,5723686,https://www.quantresearch.org/News.htm,a,href
https://www.quantresearch.org/Ghost%20in%20the%20Machine%20-%20Barron%27s.pdf,C:\TSIS_Data\00_CTO\99_REFERENCE_LIBRARY\00_BIBLIOTECA\Lopez_del_Prado\web\www.quantresearch.org\Ghost%20in%20the%20Machine%20-%20Barron%27s.pdf,cached,application/pdf,464346,https://www.quantresearch.org/News.htm,a,href
https://www.quantresearch.org/Is%20a%20Too-Perfect%20ETF%20Backtest%20Fraud_%20-%20Focus%20on%20Funds%20-%20Barrons.pdf,C:\TSIS_Data\00_CTO\99_REFERENCE_LIBRARY\00_BIBLIOTECA\Lopez_del_Prado\web\www.quantresearch.org\Is%20a%20Too-Perfect%20ETF%20Backtest%20Fraud_%20-%20Focus%20on%20Funds%20-%20Barrons.pdf,cached,application/pdf,225919,https://www.quantresearch.org/News.htm,a,href
https://www.quantresearch.org/FT_most%20read2.png,C:\TSIS_Data\00_CTO\99_REFERENCE_LIBRARY\00_BIBLIOTECA\Lopez_del_Prado\web\www.quantresearch.org\FT_most%20read2.png,cached,image/png,597626,https://www.quantresearch.org/News.htm,a,href
https://www.quantresearch.org/FT_20140416.pdf,C:\TSIS_Data\00_CTO\99_REFERENCE_LIBRARY\00_BIBLIOTECA\Lopez_del_Prado\web\www.quantresearch.org\FT_20140416.pdf,cached,application/pdf,183695,https://www.quantresearch.org/News.htm,a,href
https://www.quantresearch.org/140411%20Financial%20Charlatanism_Borwein.pdf,C:\TSIS_Data\00_CTO\99_REFERENCE_LIBRARY\00_BIBLIOTECA\Lopez_del_Prado\web\www.quantresearch.org\140411%20Financial%20Charlatanism_Borwein.pdf,cached,application/pdf,27616,https://www.quantresearch.org/News.htm,a,href
https://www.quantresearch.org/Interview_AF.pdf,C:\TSIS_Data\00_CTO\99_REFERENCE_LIBRARY\00_BIBLIOTECA\Lopez_del_Prado\web\www.quantresearch.org\Interview_AF.pdf,cached,application/pdf,64054,https://www.quantresearch.org/News.htm,a,href
https://www.quantresearch.org/Terrapinn_NY_2013.pdf,C:\TSIS_Data\00_CTO\99_REFERENCE_LIBRARY\00_BIBLIOTECA\Lopez_del_Prado\web\www.quantresearch.org\Terrapinn_NY_2013.pdf,cached,application/pdf,3659273,https://www.quantresearch.org/News.htm,a,href
https://www.quantresearch.org/Supercomputers%20could%20generate%20early-warning%20system%20for%20stock%20market%20crashes%20-%20San%20Jose%20Mercury%20News.pdf,C:\TSIS_Data\00_CTO\99_REFERENCE_LIBRARY\00_BIBLIOTECA\Lopez_del_Prado\web\www.quantresearch.org\Supercomputers%20could%20generate%20early-warning%20system%20for%20stock%20market%20crashes%20-%20San%20Jose%20Mercury%20News.pdf,cached,application/pdf,146701,https://www.quantresearch.org/News.htm,a,href
https://www.quantresearch.org/WSJ_20101105.pdf,C:\TSIS_Data\00_CTO\99_REFERENCE_LIBRARY\00_BIBLIOTECA\Lopez_del_Prado\web\www.quantresearch.org\WSJ_20101105.pdf,cached,application/pdf,128666,https://www.quantresearch.org/News.htm,a,href
https://www.quantresearch.org/Bloomberg_MostRead_20101030.gif,C:\TSIS_Data\00_CTO\99_REFERENCE_LIBRARY\00_BIBLIOTECA\Lopez_del_Prado\web\www.quantresearch.org\Bloomberg_MostRead_20101030.gif,cached,image/gif,41294,https://www.quantresearch.org/News.htm,a,href
https://www.quantresearch.org/Brock_Jiang_Jinzhi_2015.pdf,C:\TSIS_Data\00_CTO\99_REFERENCE_LIBRARY\00_BIBLIOTECA\Lopez_del_Prado\web\www.quantresearch.org\Brock_Jiang_Jinzhi_2015.pdf,cached,application/pdf,1814849,https://www.quantresearch.org/News.htm,a,href
https://www.quantresearch.org/EFMA2015_0014_fullpaper.pdf,C:\TSIS_Data\00_CTO\99_REFERENCE_LIBRARY\00_BIBLIOTECA\Lopez_del_Prado\web\www.quantresearch.org\EFMA2015_0014_fullpaper.pdf,cached,application/pdf,837561,https://www.quantresearch.org/News.htm,a,href
https://www.quantresearch.org/VPIN_Geopolitical.pdf,C:\TSIS_Data\00_CTO\99_REFERENCE_LIBRARY\00_BIBLIOTECA\Lopez_del_Prado\web\www.quantresearch.org\VPIN_Geopolitical.pdf,cached,application/pdf,1868328,https://www.quantresearch.org/News.htm,a,href
https://www.quantresearch.org/CBBC_VPIN_JFM_2015.pdf,C:\TSIS_Data\00_CTO\99_REFERENCE_LIBRARY\00_BIBLIOTECA\Lopez_del_Prado\web\www.quantresearch.org\CBBC_VPIN_JFM_2015.pdf,cached,application/pdf,1205247,https://www.quantresearch.org/News.htm,a,href
https://www.quantresearch.org/Panayides_Shohfi_Smith.pdf,C:\TSIS_Data\00_CTO\99_REFERENCE_LIBRARY\00_BIBLIOTECA\Lopez_del_Prado\web\www.quantresearch.org\Panayides_Shohfi_Smith.pdf,cached,application/pdf,458846,https://www.quantresearch.org/News.htm,a,href
https://www.quantresearch.org/StephenRush.pdf,C:\TSIS_Data\00_CTO\99_REFERENCE_LIBRARY\00_BIBLIOTECA\Lopez_del_Prado\web\www.quantresearch.org\StephenRush.pdf,cached,application/pdf,865572,https://www.quantresearch.org/News.htm,a,href
https://www.quantresearch.org/VPIN.pdf,C:\TSIS_Data\00_CTO\99_REFERENCE_LIBRARY\00_BIBLIOTECA\Lopez_del_Prado\web\www.quantresearch.org\VPIN.pdf,cached,application/pdf,605029,https://www.quantresearch.org/News.htm,a,href
https://www.quantresearch.org/Yildiz-VPIN-4.pdf,C:\TSIS_Data\00_CTO\99_REFERENCE_LIBRARY\00_BIBLIOTECA\Lopez_del_Prado\web\www.quantresearch.org\Yildiz-VPIN-4.pdf,cached,application/pdf,1234364,https://www.quantresearch.org/News.htm,a,href
https://www.quantresearch.org/CDHowe.pdf,C:\TSIS_Data\00_CTO\99_REFERENCE_LIBRARY\00_BIBLIOTECA\Lopez_del_Prado\web\www.quantresearch.org\CDHowe.pdf,cached,application/pdf,616042,https://www.quantresearch.org/News.htm,a,href
https://www.quantresearch.org/nbim.pdf,C:\TSIS_Data\00_CTO\99_REFERENCE_LIBRARY\00_BIBLIOTECA\Lopez_del_Prado\web\www.quantresearch.org\nbim.pdf,cached,application/pdf,421554,https://www.quantresearch.org/News.htm,a,href
https://www.quantresearch.org/ams_notices.pdf,C:\TSIS_Data\00_CTO\99_REFERENCE_LIBRARY\00_BIBLIOTECA\Lopez_del_Prado\web\www.quantresearch.org\ams_notices.pdf,cached,application/pdf,17596609,https://www.quantresearch.org/News.htm,a,href
https://www.quantresearch.org/PIN%20module%20in%20R.pdf,C:\TSIS_Data\00_CTO\99_REFERENCE_LIBRARY\00_BIBLIOTECA\Lopez_del_Prado\web\www.quantresearch.org\PIN%20module%20in%20R.pdf,cached,application/pdf,376187,https://www.quantresearch.org/News.htm,a,href
https://www.quantresearch.org/Informed%20Trading%20Flow%20Toxicity%20and%20the%20Impact%20on%20Intraday%20Tradin.pdf,C:\TSIS_Data\00_CTO\99_REFERENCE_LIBRARY\00_BIBLIOTECA\Lopez_del_Prado\web\www.quantresearch.org\Informed%20Trading%20Flow%20Toxicity%20and%20the%20Impact%20on%20Intraday%20Tradin.pdf,cached,application/pdf,395558,https://www.quantresearch.org/News.htm,a,href
https://www.quantresearch.org/AB_Withdrawn%20paper%20on%20VPIN_20130403.pdf,C:\TSIS_Data\00_CTO\99_REFERENCE_LIBRARY\00_BIBLIOTECA\Lopez_del_Prado\web\www.quantresearch.org\AB_Withdrawn%20paper%20on%20VPIN_20130403.pdf,cached,application/pdf,38598,https://www.quantresearch.org/News.htm,a,href
https://www.quantresearch.org/JFM_Withdrawal%20notice.pdf,C:\TSIS_Data\00_CTO\99_REFERENCE_LIBRARY\00_BIBLIOTECA\Lopez_del_Prado\web\www.quantresearch.org\JFM_Withdrawal%20notice.pdf,cached,application/pdf,100045,https://www.quantresearch.org/News.htm,a,href
https://www.quantresearch.org/rapawhitepaper2.pdf,C:\TSIS_Data\00_CTO\99_REFERENCE_LIBRARY\00_BIBLIOTECA\Lopez_del_Prado\web\www.quantresearch.org\rapawhitepaper2.pdf,cached,application/pdf,677226,https://www.quantresearch.org/News.htm,a,href
https://www.quantresearch.org/From%20PIN%20to%20VPIN.pdf,C:\TSIS_Data\00_CTO\99_REFERENCE_LIBRARY\00_BIBLIOTECA\Lopez_del_Prado\web\www.quantresearch.org\From%20PIN%20to%20VPIN.pdf,cached,application/pdf,579368,https://www.quantresearch.org/News.htm,a,href
https://www.quantresearch.org/DBQS_Academic_Insights_20120629.pdf,C:\TSIS_Data\00_CTO\99_REFERENCE_LIBRARY\00_BIBLIOTECA\Lopez_del_Prado\web\www.quantresearch.org\DBQS_Academic_Insights_20120629.pdf,cached,application/pdf,405809,https://www.quantresearch.org/News.htm,a,href
https://www.quantresearch.org/DBQS_Academic_Insights_20120427.pdf,C:\TSIS_Data\00_CTO\99_REFERENCE_LIBRARY\00_BIBLIOTECA\Lopez_del_Prado\web\www.quantresearch.org\DBQS_Academic_Insights_20120427.pdf,cached,application/pdf,262487,https://www.quantresearch.org/News.htm,a,href
https://www.quantresearch.org/JOT_LBNL.pdf,C:\TSIS_Data\00_CTO\99_REFERENCE_LIBRARY\00_BIBLIOTECA\Lopez_del_Prado\web\www.quantresearch.org\JOT_LBNL.pdf,cached,application/pdf,2991901,https://www.quantresearch.org/News.htm,a,href
https://www.quantresearch.org/DBQS_Academic_Insights_20111026.pdf,C:\TSIS_Data\00_CTO\99_REFERENCE_LIBRARY\00_BIBLIOTECA\Lopez_del_Prado\web\www.quantresearch.org\DBQS_Academic_Insights_20111026.pdf,cached,application/pdf,575441,https://www.quantresearch.org/News.htm,a,href
https://www.quantresearch.org/11-1276-the-future-of-computer-trading-in-financial-markets.pdf,C:\TSIS_Data\00_CTO\99_REFERENCE_LIBRARY\00_BIBLIOTECA\Lopez_del_Prado\web\www.quantresearch.org\11-1276-the-future-of-computer-trading-in-financial-markets.pdf,cached,application/pdf,895078,https://www.quantresearch.org/News.htm,a,href
https://www.quantresearch.org/DBQS_Academic_Insights_20110721.pdf,C:\TSIS_Data\00_CTO\99_REFERENCE_LIBRARY\00_BIBLIOTECA\Lopez_del_Prado\web\www.quantresearch.org\DBQS_Academic_Insights_20110721.pdf,cached,application/pdf,257397,https://www.quantresearch.org/News.htm,a,href
https://www.quantresearch.org/DBQS_Academic_Insights_20110428.pdf,C:\TSIS_Data\00_CTO\99_REFERENCE_LIBRARY\00_BIBLIOTECA\Lopez_del_Prado\web\www.quantresearch.org\DBQS_Academic_Insights_20110428.pdf,cached,application/pdf,348949,https://www.quantresearch.org/News.htm,a,href
https://www.quantresearch.org/DBQS_Academic_Insights_20101123.pdf,C:\TSIS_Data\00_CTO\99_REFERENCE_LIBRARY\00_BIBLIOTECA\Lopez_del_Prado\web\www.quantresearch.org\DBQS_Academic_Insights_20101123.pdf,cached,application/pdf,349518,https://www.quantresearch.org/News.htm,a,href
https://www.quantresearch.org/SignalProcessing20101110.pdf,C:\TSIS_Data\00_CTO\99_REFERENCE_LIBRARY\00_BIBLIOTECA\Lopez_del_Prado\web\www.quantresearch.org\SignalProcessing20101110.pdf,cached,application/pdf,1179761,https://www.quantresearch.org/News.htm,a,href
https://www.quantresearch.org/Collaboration_Path.png,C:\TSIS_Data\00_CTO\99_REFERENCE_LIBRARY\00_BIBLIOTECA\Lopez_del_Prado\web\www.quantresearch.org\Collaboration_Path.png,cached,image/png,100990,https://www.quantresearch.org/Co-authors.htm,a,href
https://www.quantresearch.org/Innovations.htm,C:\TSIS_Data\00_CTO\99_REFERENCE_LIBRARY\00_BIBLIOTECA\Lopez_del_Prado\web\www.quantresearch.org\Innovations.htm,cached,text/html,32362,https://www.quantresearch.org/Co-authors.htm,a,href
https://www.quantresearch.org/cropped.jpg,C:\TSIS_Data\00_CTO\99_REFERENCE_LIBRARY\00_BIBLIOTECA\Lopez_del_Prado\web\www.quantresearch.org\cropped.jpg,cached,image/jpeg,151017,https://www.quantresearch.org/LeftFrame.htm,img,src
https://www.quantresearch.org/Lectures.htm,C:\TSIS_Data\00_CTO\99_REFERENCE_LIBRARY\00_BIBLIOTECA\Lopez_del_Prado\web\www.quantresearch.org\Lectures.htm,cached,text/html,66162,https://www.quantresearch.org/LeftFrame.htm,a,href
https://www.quantresearch.org/Videos.htm,C:\TSIS_Data\00_CTO\99_REFERENCE_LIBRARY\00_BIBLIOTECA\Lopez_del_Prado\web\www.quantresearch.org\Videos.htm,cached,text/html,50889,https://www.quantresearch.org/LeftFrame.htm,a,href
https://www.quantresearch.org/Patents.htm,C:\TSIS_Data\00_CTO\99_REFERENCE_LIBRARY\00_BIBLIOTECA\Lopez_del_Prado\web\www.quantresearch.org\Patents.htm,cached,text/html,20467,https://www.quantresearch.org/LeftFrame.htm,a,href
https://www.quantresearch.org/Events.htm,C:\TSIS_Data\00_CTO\99_REFERENCE_LIBRARY\00_BIBLIOTECA\Lopez_del_Prado\web\www.quantresearch.org\Events.htm,cached,text/html,159968,https://www.quantresearch.org/LeftFrame.htm,a,href
https://www.quantresearch.org/Software.htm,C:\TSIS_Data\00_CTO\99_REFERENCE_LIBRARY\00_BIBLIOTECA\Lopez_del_Prado\web\www.quantresearch.org\Software.htm,cached,text/html,37910,https://www.quantresearch.org/LeftFrame.htm,a,href
https://www.quantresearch.org/Geometry.htm,C:\TSIS_Data\00_CTO\99_REFERENCE_LIBRARY\00_BIBLIOTECA\Lopez_del_Prado\web\www.quantresearch.org\Geometry.htm,cached,text/html,36043,https://www.quantresearch.org/LeftFrame.htm,a,href
https://www.quantresearch.org/cornell-university-vector-logo.png,C:\TSIS_Data\00_CTO\99_REFERENCE_LIBRARY\00_BIBLIOTECA\Lopez_del_Prado\web\www.quantresearch.org\cornell-university-vector-logo.png,cached,image/png,121068,https://www.quantresearch.org/LeftFrame.htm,img,src
https://www.quantresearch.org/AdvancesInFinancialMachineLearning.png,C:\TSIS_Data\00_CTO\99_REFERENCE_LIBRARY\00_BIBLIOTECA\Lopez_del_Prado\web\www.quantresearch.org\AdvancesInFinancialMachineLearning.png,cached,image/png,678563,https://www.quantresearch.org/Intro.htm,img,src
https://www.quantresearch.org/RAIng.png,C:\TSIS_Data\00_CTO\99_REFERENCE_LIBRARY\00_BIBLIOTECA\Lopez_del_Prado\web\www.quantresearch.org\RAIng.png,cached,image/png,193650,https://www.quantresearch.org/Intro.htm,img,src
https://www.quantresearch.org/JL_Award_Logo_New.png,C:\TSIS_Data\00_CTO\99_REFERENCE_LIBRARY\00_BIBLIOTECA\Lopez_del_Prado\web\www.quantresearch.org\JL_Award_Logo_New.png,cached,image/png,132100,https://www.quantresearch.org/Intro.htm,img,src
https://www.quantresearch.org/Risk%20Buy-Side%20Quant%20of%20the%20Year.png,C:\TSIS_Data\00_CTO\99_REFERENCE_LIBRARY\00_BIBLIOTECA\Lopez_del_Prado\web\www.quantresearch.org\Risk%20Buy-Side%20Quant%20of%20the%20Year.png,cached,image/png,138835,https://www.quantresearch.org/Intro.htm,img,src
https://www.quantresearch.org/Quant_Award_RR.png,C:\TSIS_Data\00_CTO\99_REFERENCE_LIBRARY\00_BIBLIOTECA\Lopez_del_Prado\web\www.quantresearch.org\Quant_Award_RR.png,cached,image/png,55050,https://www.quantresearch.org/Intro.htm,img,src
https://www.quantresearch.org/OMC.png,C:\TSIS_Data\00_CTO\99_REFERENCE_LIBRARY\00_BIBLIOTECA\Lopez_del_Prado\web\www.quantresearch.org\OMC.png,cached,image/png,203440,https://www.quantresearch.org/Intro.htm,img,src
https://quantresearch.org/index.html,C:\TSIS_Data\00_CTO\99_REFERENCE_LIBRARY\00_BIBLIOTECA\Lopez_del_Prado\web\www.quantresearch.org\index.html,cached,text/html,376,https://quantresearch.org/Patents.htm,a,href
https://www.quantresearch.org/SEF.JPG,C:\TSIS_Data\00_CTO\99_REFERENCE_LIBRARY\00_BIBLIOTECA\Lopez_del_Prado\web\www.quantresearch.org\SEF.JPG,cached,image/jpeg,141528,https://www.quantresearch.org/Innovations.htm,img,src
https://www.quantresearch.org/1qbit.png,C:\TSIS_Data\00_CTO\99_REFERENCE_LIBRARY\00_BIBLIOTECA\Lopez_del_Prado\web\www.quantresearch.org\1qbit.png,cached,image/png,188078,https://www.quantresearch.org/Innovations.htm,img,src
https://www.quantresearch.org/CLA.jpg,C:\TSIS_Data\00_CTO\99_REFERENCE_LIBRARY\00_BIBLIOTECA\Lopez_del_Prado\web\www.quantresearch.org\CLA.jpg,cached,image/jpeg,17728,https://www.quantresearch.org/Innovations.htm,img,src
https://www.quantresearch.org/corr1_10.png,C:\TSIS_Data\00_CTO\99_REFERENCE_LIBRARY\00_BIBLIOTECA\Lopez_del_Prado\web\www.quantresearch.org\corr1_10.png,cached,image/png,19046,https://www.quantresearch.org/Innovations.htm,img,src
https://www.quantresearch.org/nco.png,C:\TSIS_Data\00_CTO\99_REFERENCE_LIBRARY\00_BIBLIOTECA\Lopez_del_Prado\web\www.quantresearch.org\nco.png,cached,image/png,14368,https://www.quantresearch.org/Innovations.htm,img,src
https://www.quantresearch.org/A2A.png,C:\TSIS_Data\00_CTO\99_REFERENCE_LIBRARY\00_BIBLIOTECA\Lopez_del_Prado\web\www.quantresearch.org\A2A.png,cached,image/png,71834,https://www.quantresearch.org/Innovations.htm,img,src
https://www.quantresearch.org/TIC.png,C:\TSIS_Data\00_CTO\99_REFERENCE_LIBRARY\00_BIBLIOTECA\Lopez_del_Prado\web\www.quantresearch.org\TIC.png,cached,image/png,88633,https://www.quantresearch.org/Innovations.htm,img,src
https://www.quantresearch.org/triple_barrier.png,C:\TSIS_Data\00_CTO\99_REFERENCE_LIBRARY\00_BIBLIOTECA\Lopez_del_Prado\web\www.quantresearch.org\triple_barrier.png,cached,image/png,61907,https://www.quantresearch.org/Innovations.htm,img,src
https://www.quantresearch.org/Confusion_Matrix.jpg,C:\TSIS_Data\00_CTO\99_REFERENCE_LIBRARY\00_BIBLIOTECA\Lopez_del_Prado\web\www.quantresearch.org\Confusion_Matrix.jpg,cached,image/jpeg,52293,https://www.quantresearch.org/Innovations.htm,img,src
https://www.quantresearch.org/Sequential_bootstrap.png,C:\TSIS_Data\00_CTO\99_REFERENCE_LIBRARY\00_BIBLIOTECA\Lopez_del_Prado\web\www.quantresearch.org\Sequential_bootstrap.png,cached,image/png,14482,https://www.quantresearch.org/Innovations.htm,img,src
https://www.quantresearch.org/Purge.png,C:\TSIS_Data\00_CTO\99_REFERENCE_LIBRARY\00_BIBLIOTECA\Lopez_del_Prado\web\www.quantresearch.org\Purge.png,cached,image/png,74154,https://www.quantresearch.org/Innovations.htm,img,src
https://www.quantresearch.org/Spuriosity.png,C:\TSIS_Data\00_CTO\99_REFERENCE_LIBRARY\00_BIBLIOTECA\Lopez_del_Prado\web\www.quantresearch.org\Spuriosity.png,cached,image/png,9402,https://www.quantresearch.org/Innovations.htm,img,src
https://www.quantresearch.org/Colliders.png,C:\TSIS_Data\00_CTO\99_REFERENCE_LIBRARY\00_BIBLIOTECA\Lopez_del_Prado\web\www.quantresearch.org\Colliders.png,cached,image/png,37348,https://www.quantresearch.org/Innovations.htm,img,src
https://www.quantresearch.org/collider_weights.png,C:\TSIS_Data\00_CTO\99_REFERENCE_LIBRARY\00_BIBLIOTECA\Lopez_del_Prado\web\www.quantresearch.org\collider_weights.png,cached,image/png,98667,https://www.quantresearch.org/Innovations.htm,img,src
https://www.quantresearch.org/1_err.png,C:\TSIS_Data\00_CTO\99_REFERENCE_LIBRARY\00_BIBLIOTECA\Lopez_del_Prado\web\www.quantresearch.org\1_err.png,cached,image/png,44488,https://www.quantresearch.org/Innovations.htm,img,src
https://www.quantresearch.org/OSL.png,C:\TSIS_Data\00_CTO\99_REFERENCE_LIBRARY\00_BIBLIOTECA\Lopez_del_Prado\web\www.quantresearch.org\OSL.png,cached,image/png,49531,https://www.quantresearch.org/Innovations.htm,img,src
https://www.quantresearch.org/CPCV.png,C:\TSIS_Data\00_CTO\99_REFERENCE_LIBRARY\00_BIBLIOTECA\Lopez_del_Prado\web\www.quantresearch.org\CPCV.png,cached,image/png,53741,https://www.quantresearch.org/Innovations.htm,img,src
https://www.quantresearch.org/PBO.jpg,C:\TSIS_Data\00_CTO\99_REFERENCE_LIBRARY\00_BIBLIOTECA\Lopez_del_Prado\web\www.quantresearch.org\PBO.jpg,cached,image/jpeg,41809,https://www.quantresearch.org/Innovations.htm,img,src
https://www.quantresearch.org/MinBTL.jpg,C:\TSIS_Data\00_CTO\99_REFERENCE_LIBRARY\00_BIBLIOTECA\Lopez_del_Prado\web\www.quantresearch.org\MinBTL.jpg,cached,image/jpeg,39394,https://www.quantresearch.org/Innovations.htm,img,src
https://www.quantresearch.org/Indifference.jpg,C:\TSIS_Data\00_CTO\99_REFERENCE_LIBRARY\00_BIBLIOTECA\Lopez_del_Prado\web\www.quantresearch.org\Indifference.jpg,cached,image/jpeg,36568,https://www.quantresearch.org/Innovations.htm,img,src
https://www.quantresearch.org/Triple%20penance%20rule.jpg,C:\TSIS_Data\00_CTO\99_REFERENCE_LIBRARY\00_BIBLIOTECA\Lopez_del_Prado\web\www.quantresearch.org\Triple%20penance%20rule.jpg,cached,image/jpeg,80525,https://www.quantresearch.org/Innovations.htm,img,src
https://www.quantresearch.org/Stop-Outs.jpg,C:\TSIS_Data\00_CTO\99_REFERENCE_LIBRARY\00_BIBLIOTECA\Lopez_del_Prado\web\www.quantresearch.org\Stop-Outs.jpg,cached,image/jpeg,24051,https://www.quantresearch.org/Innovations.htm,img,src
https://www.quantresearch.org/PSR.jpg,C:\TSIS_Data\00_CTO\99_REFERENCE_LIBRARY\00_BIBLIOTECA\Lopez_del_Prado\web\www.quantresearch.org\PSR.jpg,cached,image/jpeg,35763,https://www.quantresearch.org/Innovations.htm,img,src
https://www.quantresearch.org/1_dsr.png,C:\TSIS_Data\00_CTO\99_REFERENCE_LIBRARY\00_BIBLIOTECA\Lopez_del_Prado\web\www.quantresearch.org\1_dsr.png,cached,image/png,160074,https://www.quantresearch.org/Innovations.htm,img,src
https://www.quantresearch.org/MinTRL.jpg,C:\TSIS_Data\00_CTO\99_REFERENCE_LIBRARY\00_BIBLIOTECA\Lopez_del_Prado\web\www.quantresearch.org\MinTRL.jpg,cached,image/jpeg,40541,https://www.quantresearch.org/Innovations.htm,img,src
https://www.quantresearch.org/PoD.jpg,C:\TSIS_Data\00_CTO\99_REFERENCE_LIBRARY\00_BIBLIOTECA\Lopez_del_Prado\web\www.quantresearch.org\PoD.jpg,cached,image/jpeg,127842,https://www.quantresearch.org/Innovations.htm,img,src
https://www.quantresearch.org/taf.png,C:\TSIS_Data\00_CTO\99_REFERENCE_LIBRARY\00_BIBLIOTECA\Lopez_del_Prado\web\www.quantresearch.org\taf.png,cached,image/png,37363,https://www.quantresearch.org/Innovations.htm,img,src
https://www.quantresearch.org/Bars.jpg,C:\TSIS_Data\00_CTO\99_REFERENCE_LIBRARY\00_BIBLIOTECA\Lopez_del_Prado\web\www.quantresearch.org\Bars.jpg,cached,image/jpeg,95711,https://www.quantresearch.org/Innovations.htm,img,src
https://www.quantresearch.org/VPIN.jpg,C:\TSIS_Data\00_CTO\99_REFERENCE_LIBRARY\00_BIBLIOTECA\Lopez_del_Prado\web\www.quantresearch.org\VPIN.jpg,cached,image/jpeg,73875,https://www.quantresearch.org/Innovations.htm,img,src
https://www.quantresearch.org/BVC.jpg,C:\TSIS_Data\00_CTO\99_REFERENCE_LIBRARY\00_BIBLIOTECA\Lopez_del_Prado\web\www.quantresearch.org\BVC.jpg,cached,image/jpeg,38685,https://www.quantresearch.org/Innovations.htm,img,src
https://www.quantresearch.org/Exchange.jpg,C:\TSIS_Data\00_CTO\99_REFERENCE_LIBRARY\00_BIBLIOTECA\Lopez_del_Prado\web\www.quantresearch.org\Exchange.jpg,cached,image/jpeg,83677,https://www.quantresearch.org/Innovations.htm,img,src
https://www.quantresearch.org/OEH.jpg,C:\TSIS_Data\00_CTO\99_REFERENCE_LIBRARY\00_BIBLIOTECA\Lopez_del_Prado\web\www.quantresearch.org\OEH.jpg,cached,image/jpeg,63599,https://www.quantresearch.org/Innovations.htm,img,src
https://www.quantresearch.org/OTR.jpg,C:\TSIS_Data\00_CTO\99_REFERENCE_LIBRARY\00_BIBLIOTECA\Lopez_del_Prado\web\www.quantresearch.org\OTR.jpg,cached,image/jpeg,153476,https://www.quantresearch.org/Innovations.htm,img,src
https://www.quantresearch.org/Hedging.jpg,C:\TSIS_Data\00_CTO\99_REFERENCE_LIBRARY\00_BIBLIOTECA\Lopez_del_Prado\web\www.quantresearch.org\Hedging.jpg,cached,image/jpeg,14067,https://www.quantresearch.org/Innovations.htm,img,src
https://www.quantresearch.org/MMSC.jpg,C:\TSIS_Data\00_CTO\99_REFERENCE_LIBRARY\00_BIBLIOTECA\Lopez_del_Prado\web\www.quantresearch.org\MMSC.jpg,cached,image/jpeg,49443,https://www.quantresearch.org/Innovations.htm,img,src
https://www.quantresearch.org/GOP.jpg,C:\TSIS_Data\00_CTO\99_REFERENCE_LIBRARY\00_BIBLIOTECA\Lopez_del_Prado\web\www.quantresearch.org\GOP.jpg,cached,image/jpeg,46449,https://www.quantresearch.org/Innovations.htm,img,src
https://www.quantresearch.org/DD.jpg,C:\TSIS_Data\00_CTO\99_REFERENCE_LIBRARY\00_BIBLIOTECA\Lopez_del_Prado\web\www.quantresearch.org\DD.jpg,cached,image/jpeg,181547,https://www.quantresearch.org/Innovations.htm,img,src
https://www.quantresearch.org/EF3M.jpg,C:\TSIS_Data\00_CTO\99_REFERENCE_LIBRARY\00_BIBLIOTECA\Lopez_del_Prado\web\www.quantresearch.org\EF3M.jpg,cached,image/jpeg,11880,https://www.quantresearch.org/Innovations.htm,img,src
https://www.quantresearch.org/Covar_Clustering.jpg,C:\TSIS_Data\00_CTO\99_REFERENCE_LIBRARY\00_BIBLIOTECA\Lopez_del_Prado\web\www.quantresearch.org\Covar_Clustering.jpg,cached,image/jpeg,173947,https://www.quantresearch.org/Innovations.htm,img,src
https://www.quantresearch.org/SFD.png,C:\TSIS_Data\00_CTO\99_REFERENCE_LIBRARY\00_BIBLIOTECA\Lopez_del_Prado\web\www.quantresearch.org\SFD.png,cached,image/png,22443,https://www.quantresearch.org/Innovations.htm,img,src
https://www.quantresearch.org/KCA.JPG,C:\TSIS_Data\00_CTO\99_REFERENCE_LIBRARY\00_BIBLIOTECA\Lopez_del_Prado\web\www.quantresearch.org\KCA.JPG,cached,image/jpeg,59823,https://www.quantresearch.org/Innovations.htm,img,src
https://www.quantresearch.org/K-SEIR.png,C:\TSIS_Data\00_CTO\99_REFERENCE_LIBRARY\00_BIBLIOTECA\Lopez_del_Prado\web\www.quantresearch.org\K-SEIR.png,cached,image/png,104537,https://www.quantresearch.org/Innovations.htm,img,src
https://www.quantresearch.org/SULI_Summer_2014_Research%20Poster_Ger_Stephanie.pdf,C:\TSIS_Data\00_CTO\99_REFERENCE_LIBRARY\00_BIBLIOTECA\Lopez_del_Prado\web\www.quantresearch.org\SULI_Summer_2014_Research%20Poster_Ger_Stephanie.pdf,cached,application/pdf,777925,https://www.quantresearch.org/Videos.htm,a,href
https://www.quantresearch.org/FIVE_VROBUST_Index__Research-EN.pdf,C:\TSIS_Data\00_CTO\99_REFERENCE_LIBRARY\00_BIBLIOTECA\Lopez_del_Prado\web\www.quantresearch.org\FIVE_VROBUST_Index__Research-EN.pdf,cached,application/pdf,2549283,https://www.quantresearch.org/Events.htm,a,href
https://www.quantresearch.org/CIO%202015%20Final%20Program%20and%20Attendees.pdf,C:\TSIS_Data\00_CTO\99_REFERENCE_LIBRARY\00_BIBLIOTECA\Lopez_del_Prado\web\www.quantresearch.org\CIO%202015%20Final%20Program%20and%20Attendees.pdf,cached,application/pdf,589968,https://www.quantresearch.org/Events.htm,a,href
https://www.quantresearch.org/RiskMathics_2014.pdf,C:\TSIS_Data\00_CTO\99_REFERENCE_LIBRARY\00_BIBLIOTECA\Lopez_del_Prado\web\www.quantresearch.org\RiskMathics_2014.pdf,cached,application/pdf,1571564,https://www.quantresearch.org/Events.htm,a,href
https://www.quantresearch.org/marcoslopezdepradointerview.pdf,C:\TSIS_Data\00_CTO\99_REFERENCE_LIBRARY\00_BIBLIOTECA\Lopez_del_Prado\web\www.quantresearch.org\marcoslopezdepradointerview.pdf,cached,application/pdf,348417,https://www.quantresearch.org/Events.htm,a,href
https://www.quantresearch.org/Global%20Derivatives%20USA%202013.pdf,C:\TSIS_Data\00_CTO\99_REFERENCE_LIBRARY\00_BIBLIOTECA\Lopez_del_Prado\web\www.quantresearch.org\Global%20Derivatives%20USA%202013.pdf,cached,application/pdf,633713,https://www.quantresearch.org/Events.htm,a,href
https://www.quantresearch.org/RiskUSA_Brochure3.pdf,C:\TSIS_Data\00_CTO\99_REFERENCE_LIBRARY\00_BIBLIOTECA\Lopez_del_Prado\web\www.quantresearch.org\RiskUSA_Brochure3.pdf,cached,application/pdf,4704919,https://www.quantresearch.org/Events.htm,a,href
https://www.quantresearch.org/Risk%20USA%202013%20program.pdf,C:\TSIS_Data\00_CTO\99_REFERENCE_LIBRARY\00_BIBLIOTECA\Lopez_del_Prado\web\www.quantresearch.org\Risk%20USA%202013%20program.pdf,cached,application/pdf,281112,https://www.quantresearch.org/Events.htm,a,href
https://www.quantresearch.org/JPM_2013_agenda.pdf,C:\TSIS_Data\00_CTO\99_REFERENCE_LIBRARY\00_BIBLIOTECA\Lopez_del_Prado\web\www.quantresearch.org\JPM_2013_agenda.pdf,cached,application/pdf,159619,https://www.quantresearch.org/Events.htm,a,href
https://www.quantresearch.org/JPM_CONFERENCE_SUMMARY_2013.pdf,C:\TSIS_Data\00_CTO\99_REFERENCE_LIBRARY\00_BIBLIOTECA\Lopez_del_Prado\web\www.quantresearch.org\JPM_CONFERENCE_SUMMARY_2013.pdf,cached,application/pdf,395024,https://www.quantresearch.org/Events.htm,a,href
https://www.quantresearch.org/LondonQuantitativeFinanceSeminar-08.pdf,C:\TSIS_Data\00_CTO\99_REFERENCE_LIBRARY\00_BIBLIOTECA\Lopez_del_Prado\web\www.quantresearch.org\LondonQuantitativeFinanceSeminar-08.pdf,cached,application/pdf,95005,https://www.quantresearch.org/Events.htm,a,href
https://www.quantresearch.org/RISK%20MANAGEMENT%20CONFERENCE%202013.pdf,C:\TSIS_Data\00_CTO\99_REFERENCE_LIBRARY\00_BIBLIOTECA\Lopez_del_Prado\web\www.quantresearch.org\RISK%20MANAGEMENT%20CONFERENCE%202013.pdf,cached,application/pdf,2993877,https://www.quantresearch.org/Events.htm,a,href
https://www.quantresearch.org/2013_03_14_NY%20Event%20Flyer.pdf,C:\TSIS_Data\00_CTO\99_REFERENCE_LIBRARY\00_BIBLIOTECA\Lopez_del_Prado\web\www.quantresearch.org\2013_03_14_NY%20Event%20Flyer.pdf,cached,application/pdf,147974,https://www.quantresearch.org/Events.htm,a,href
https://www.quantresearch.org/DB%20Quant%20Conference%20Save%20the%20Date.pdf,C:\TSIS_Data\00_CTO\99_REFERENCE_LIBRARY\00_BIBLIOTECA\Lopez_del_Prado\web\www.quantresearch.org\DB%20Quant%20Conference%20Save%20the%20Date.pdf,cached,application/pdf,179807,https://www.quantresearch.org/Events.htm,a,href
https://www.quantresearch.org/RiskMathics_2012.pdf,C:\TSIS_Data\00_CTO\99_REFERENCE_LIBRARY\00_BIBLIOTECA\Lopez_del_Prado\web\www.quantresearch.org\RiskMathics_2012.pdf,cached,application/pdf,486386,https://www.quantresearch.org/Events.htm,a,href
https://www.quantresearch.org/Risk_USA_brochure_2012.pdf,C:\TSIS_Data\00_CTO\99_REFERENCE_LIBRARY\00_BIBLIOTECA\Lopez_del_Prado\web\www.quantresearch.org\Risk_USA_brochure_2012.pdf,cached,application/pdf,1086132,https://www.quantresearch.org/Events.htm,a,href
https://www.quantresearch.org/Equity%20Quantitative%20Conference%202012%20-%20Agenda.pdf,C:\TSIS_Data\00_CTO\99_REFERENCE_LIBRARY\00_BIBLIOTECA\Lopez_del_Prado\web\www.quantresearch.org\Equity%20Quantitative%20Conference%202012%20-%20Agenda.pdf,cached,application/pdf,156470,https://www.quantresearch.org/Events.htm,a,href
https://www.quantresearch.org/Symmys_2012.jpg,C:\TSIS_Data\00_CTO\99_REFERENCE_LIBRARY\00_BIBLIOTECA\Lopez_del_Prado\web\www.quantresearch.org\Symmys_2012.jpg,cached,image/jpeg,833531,https://www.quantresearch.org/Events.htm,a,href
https://www.quantresearch.org/Quant%20Congress%202012.pdf,C:\TSIS_Data\00_CTO\99_REFERENCE_LIBRARY\00_BIBLIOTECA\Lopez_del_Prado\web\www.quantresearch.org\Quant%20Congress%202012.pdf,cached,application/pdf,721980,https://www.quantresearch.org/Events.htm,a,href
https://www.quantresearch.org/AnnualConference2012FullProgram.pdf,C:\TSIS_Data\00_CTO\99_REFERENCE_LIBRARY\00_BIBLIOTECA\Lopez_del_Prado\web\www.quantresearch.org\AnnualConference2012FullProgram.pdf,cached,application/pdf,125895,https://www.quantresearch.org/Events.htm,a,href
https://www.quantresearch.org/Quant_USA_2011.pdf,C:\TSIS_Data\00_CTO\99_REFERENCE_LIBRARY\00_BIBLIOTECA\Lopez_del_Prado\web\www.quantresearch.org\Quant_USA_2011.pdf,cached,application/pdf,439235,https://www.quantresearch.org/Events.htm,a,href
https://www.quantresearch.org/HRP.py.txt,C:\TSIS_Data\00_CTO\99_REFERENCE_LIBRARY\00_BIBLIOTECA\Lopez_del_Prado\web\www.quantresearch.org\HRP.py.txt,cached,text/plain,4369,https://www.quantresearch.org/Software.htm,a,href
https://www.quantresearch.org/HRP_MC.py.txt,C:\TSIS_Data\00_CTO\99_REFERENCE_LIBRARY\00_BIBLIOTECA\Lopez_del_Prado\web\www.quantresearch.org\HRP_MC.py.txt,cached,text/plain,3440,https://www.quantresearch.org/Software.htm,a,href
https://www.quantresearch.org/DSR.py.txt,C:\TSIS_Data\00_CTO\99_REFERENCE_LIBRARY\00_BIBLIOTECA\Lopez_del_Prado\web\www.quantresearch.org\DSR.py.txt,cached,text/plain,2030,https://www.quantresearch.org/Software.htm,a,href
https://www.quantresearch.org/KCA_1.py.txt,C:\TSIS_Data\00_CTO\99_REFERENCE_LIBRARY\00_BIBLIOTECA\Lopez_del_Prado\web\www.quantresearch.org\KCA_1.py.txt,cached,text/plain,1626,https://www.quantresearch.org/Software.htm,a,href
https://www.quantresearch.org/KCA_2.py.txt,C:\TSIS_Data\00_CTO\99_REFERENCE_LIBRARY\00_BIBLIOTECA\Lopez_del_Prado\web\www.quantresearch.org\KCA_2.py.txt,cached,text/plain,1461,https://www.quantresearch.org/Software.htm,a,href
https://www.quantresearch.org/KCA_3.py.txt,C:\TSIS_Data\00_CTO\99_REFERENCE_LIBRARY\00_BIBLIOTECA\Lopez_del_Prado\web\www.quantresearch.org\KCA_3.py.txt,cached,text/plain,2057,https://www.quantresearch.org/Software.htm,a,href
https://www.quantresearch.org/KCA_4.py.txt,C:\TSIS_Data\00_CTO\99_REFERENCE_LIBRARY\00_BIBLIOTECA\Lopez_del_Prado\web\www.quantresearch.org\KCA_4.py.txt,cached,text/plain,1179,https://www.quantresearch.org/Software.htm,a,href
https://www.quantresearch.org/OTR.py.txt,C:\TSIS_Data\00_CTO\99_REFERENCE_LIBRARY\00_BIBLIOTECA\Lopez_del_Prado\web\www.quantresearch.org\OTR.py.txt,cached,text/plain,1388,https://www.quantresearch.org/Software.htm,a,href
https://www.quantresearch.org/SFD_1.py.txt,C:\TSIS_Data\00_CTO\99_REFERENCE_LIBRARY\00_BIBLIOTECA\Lopez_del_Prado\web\www.quantresearch.org\SFD_1.py.txt,cached,text/plain,3849,https://www.quantresearch.org/Software.htm,a,href
https://www.quantresearch.org/SFD_2.py.txt,C:\TSIS_Data\00_CTO\99_REFERENCE_LIBRARY\00_BIBLIOTECA\Lopez_del_Prado\web\www.quantresearch.org\SFD_2.py.txt,cached,text/plain,761,https://www.quantresearch.org/Software.htm,a,href
https://www.quantresearch.org/CSCV_1.py.txt,C:\TSIS_Data\00_CTO\99_REFERENCE_LIBRARY\00_BIBLIOTECA\Lopez_del_Prado\web\www.quantresearch.org\CSCV_1.py.txt,cached,text/plain,1844,https://www.quantresearch.org/Software.htm,a,href
https://www.quantresearch.org/CSCV_2.py.txt,C:\TSIS_Data\00_CTO\99_REFERENCE_LIBRARY\00_BIBLIOTECA\Lopez_del_Prado\web\www.quantresearch.org\CSCV_2.py.txt,cached,text/plain,1314,https://www.quantresearch.org/Software.htm,a,href
https://www.quantresearch.org/CSCV_3.py.txt,C:\TSIS_Data\00_CTO\99_REFERENCE_LIBRARY\00_BIBLIOTECA\Lopez_del_Prado\web\www.quantresearch.org\CSCV_3.py.txt,cached,text/plain,4709,https://www.quantresearch.org/Software.htm,a,href
https://www.quantresearch.org/DD1.py.txt,C:\TSIS_Data\00_CTO\99_REFERENCE_LIBRARY\00_BIBLIOTECA\Lopez_del_Prado\web\www.quantresearch.org\DD1.py.txt,cached,text/plain,1847,https://www.quantresearch.org/Software.htm,a,href
https://www.quantresearch.org/DD2.py.txt,C:\TSIS_Data\00_CTO\99_REFERENCE_LIBRARY\00_BIBLIOTECA\Lopez_del_Prado\web\www.quantresearch.org\DD2.py.txt,cached,text/plain,2229,https://www.quantresearch.org/Software.htm,a,href
https://www.quantresearch.org/DD3.py.txt,C:\TSIS_Data\00_CTO\99_REFERENCE_LIBRARY\00_BIBLIOTECA\Lopez_del_Prado\web\www.quantresearch.org\DD3.py.txt,cached,text/plain,2344,https://www.quantresearch.org/Software.htm,a,href
https://www.quantresearch.org/DD4.py.txt,C:\TSIS_Data\00_CTO\99_REFERENCE_LIBRARY\00_BIBLIOTECA\Lopez_del_Prado\web\www.quantresearch.org\DD4.py.txt,cached,text/plain,1764,https://www.quantresearch.org/Software.htm,a,href
https://www.quantresearch.org/Data1.csv.txt,C:\TSIS_Data\00_CTO\99_REFERENCE_LIBRARY\00_BIBLIOTECA\Lopez_del_Prado\web\www.quantresearch.org\Data1.csv.txt,cached,text/plain,1989,https://www.quantresearch.org/Software.htm,a,href
https://www.quantresearch.org/Data2.csv.txt,C:\TSIS_Data\00_CTO\99_REFERENCE_LIBRARY\00_BIBLIOTECA\Lopez_del_Prado\web\www.quantresearch.org\Data2.csv.txt,cached,text/plain,2614,https://www.quantresearch.org/Software.htm,a,href
https://www.quantresearch.org/CLA.py.txt,C:\TSIS_Data\00_CTO\99_REFERENCE_LIBRARY\00_BIBLIOTECA\Lopez_del_Prado\web\www.quantresearch.org\CLA.py.txt,cached,text/plain,11447,https://www.quantresearch.org/Software.htm,a,href
https://www.quantresearch.org/CLA_Main.py.txt,C:\TSIS_Data\00_CTO\99_REFERENCE_LIBRARY\00_BIBLIOTECA\Lopez_del_Prado\web\www.quantresearch.org\CLA_Main.py.txt,cached,text/plain,1638,https://www.quantresearch.org/Software.htm,a,href
https://www.quantresearch.org/CLA_Data.csv.txt,C:\TSIS_Data\00_CTO\99_REFERENCE_LIBRARY\00_BIBLIOTECA\Lopez_del_Prado\web\www.quantresearch.org\CLA_Data.csv.txt,cached,text/plain,1230,https://www.quantresearch.org/Software.htm,a,href
https://www.quantresearch.org/ERC.py.txt,C:\TSIS_Data\00_CTO\99_REFERENCE_LIBRARY\00_BIBLIOTECA\Lopez_del_Prado\web\www.quantresearch.org\ERC.py.txt,cached,text/plain,4317,https://www.quantresearch.org/Software.htm,a,href
https://www.quantresearch.org/MMSC.py.txt,C:\TSIS_Data\00_CTO\99_REFERENCE_LIBRARY\00_BIBLIOTECA\Lopez_del_Prado\web\www.quantresearch.org\MMSC.py.txt,cached,text/plain,7510,https://www.quantresearch.org/Software.htm,a,href
https://www.quantresearch.org/Clustering.py.txt,C:\TSIS_Data\00_CTO\99_REFERENCE_LIBRARY\00_BIBLIOTECA\Lopez_del_Prado\web\www.quantresearch.org\Clustering.py.txt,cached,text/plain,3825,https://www.quantresearch.org/Software.htm,a,href
https://www.quantresearch.org/PSR.py.txt,C:\TSIS_Data\00_CTO\99_REFERENCE_LIBRARY\00_BIBLIOTECA\Lopez_del_Prado\web\www.quantresearch.org\PSR.py.txt,cached,text/plain,1730,https://www.quantresearch.org/Software.htm,a,href
https://www.quantresearch.org/PSR_Optimal_Constrained.py.txt,C:\TSIS_Data\00_CTO\99_REFERENCE_LIBRARY\00_BIBLIOTECA\Lopez_del_Prado\web\www.quantresearch.org\PSR_Optimal_Constrained.py.txt,cached,text/plain,6391,https://www.quantresearch.org/Software.htm,a,href
https://www.quantresearch.org/OEH.py.txt,C:\TSIS_Data\00_CTO\99_REFERENCE_LIBRARY\00_BIBLIOTECA\Lopez_del_Prado\web\www.quantresearch.org\OEH.py.txt,cached,text/plain,2420,https://www.quantresearch.org/Software.htm,a,href
https://www.quantresearch.org/EF3M.py.txt,C:\TSIS_Data\00_CTO\99_REFERENCE_LIBRARY\00_BIBLIOTECA\Lopez_del_Prado\web\www.quantresearch.org\EF3M.py.txt,cached,text/plain,4288,https://www.quantresearch.org/Software.htm,a,href
https://www.quantresearch.org/Pythagoras_Euclid_svg.png,C:\TSIS_Data\00_CTO\99_REFERENCE_LIBRARY\00_BIBLIOTECA\Lopez_del_Prado\web\www.quantresearch.org\Pythagoras_Euclid_svg.png,cached,image/png,134478,https://www.quantresearch.org/Geometry.htm,img,src
https://www.quantresearch.org/FdsAmSci.pdf,C:\TSIS_Data\00_CTO\99_REFERENCE_LIBRARY\00_BIBLIOTECA\Lopez_del_Prado\web\www.quantresearch.org\FdsAmSci.pdf,cached,application/pdf,515834,https://www.quantresearch.org/Geometry.htm,a,href
https://www.quantresearch.org/Fisher%20transform%20seminal%20paper.pdf,C:\TSIS_Data\00_CTO\99_REFERENCE_LIBRARY\00_BIBLIOTECA\Lopez_del_Prado\web\www.quantresearch.org\Fisher%20transform%20seminal%20paper.pdf,cached,application/pdf,2048328,https://www.quantresearch.org/Geometry.htm,a,href
https://www.quantresearch.org/SFD2.png,C:\TSIS_Data\00_CTO\99_REFERENCE_LIBRARY\00_BIBLIOTECA\Lopez_del_Prado\web\www.quantresearch.org\SFD2.png,cached,image/png,245727,https://www.quantresearch.org/Geometry.htm,img,src
https://www.quantresearch.org/AMS_lopezdeprado_section.jpg,C:\TSIS_Data\00_CTO\99_REFERENCE_LIBRARY\00_BIBLIOTECA\Lopez_del_Prado\web\www.quantresearch.org\AMS_lopezdeprado_section.jpg,cached,image/jpeg,189803,https://www.quantresearch.org/Geometry.htm,a,href
https://www.quantresearch.org/mldp.jpg,C:\TSIS_Data\00_CTO\99_REFERENCE_LIBRARY\00_BIBLIOTECA\Lopez_del_Prado\web\www.quantresearch.org\mldp.jpg,cached,image/jpeg,44628,https://www.quantresearch.org/Geometry.htm,img,src
https://www.quantresearch.org/Eva%20del%20Pozo.jpg,C:\TSIS_Data\00_CTO\99_REFERENCE_LIBRARY\00_BIBLIOTECA\Lopez_del_Prado\web\www.quantresearch.org\Eva%20del%20Pozo.jpg,cached,image/jpeg,67149,https://www.quantresearch.org/Geometry.htm,img,src
https://www.quantresearch.org/UCM%20Coat%20of%20Arms.JPG,C:\TSIS_Data\00_CTO\99_REFERENCE_LIBRARY\00_BIBLIOTECA\Lopez_del_Prado\web\www.quantresearch.org\UCM%20Coat%20of%20Arms.JPG,cached,image/jpeg,53203,https://www.quantresearch.org/Geometry.htm,img,src
https://www.quantresearch.org/ubaldo%20nieto%20de%20alba.jpg,C:\TSIS_Data\00_CTO\99_REFERENCE_LIBRARY\00_BIBLIOTECA\Lopez_del_Prado\web\www.quantresearch.org\ubaldo%20nieto%20de%20alba.jpg,cached,image/jpeg,23286,https://www.quantresearch.org/Geometry.htm,img,src
https://www.quantresearch.org/Angel%20Vegas%20Perez.jpg,C:\TSIS_Data\00_CTO\99_REFERENCE_LIBRARY\00_BIBLIOTECA\Lopez_del_Prado\web\www.quantresearch.org\Angel%20Vegas%20Perez.jpg,cached,image/jpeg,7799,https://www.quantresearch.org/Geometry.htm,img,src
https://www.quantresearch.org/Miguel%20Vegas_bio.pdf,C:\TSIS_Data\00_CTO\99_REFERENCE_LIBRARY\00_BIBLIOTECA\Lopez_del_Prado\web\www.quantresearch.org\Miguel%20Vegas_bio.pdf,cached,application/pdf,266435,https://www.quantresearch.org/Geometry.htm,a,href
https://www.quantresearch.org/Miguel%20Vegas%20with%20Einstein.jpg,C:\TSIS_Data\00_CTO\99_REFERENCE_LIBRARY\00_BIBLIOTECA\Lopez_del_Prado\web\www.quantresearch.org\Miguel%20Vegas%20with%20Einstein.jpg,cached,image/jpeg,83563,https://www.quantresearch.org/Geometry.htm,img,src
https://www.quantresearch.org/Miguel%20Vegas2.JPG,C:\TSIS_Data\00_CTO\99_REFERENCE_LIBRARY\00_BIBLIOTECA\Lopez_del_Prado\web\www.quantresearch.org\Miguel%20Vegas2.JPG,cached,image/jpeg,12330,https://www.quantresearch.org/Geometry.htm,img,src
https://www.quantresearch.org/eduardo_torroja_miret_medium.jpg,C:\TSIS_Data\00_CTO\99_REFERENCE_LIBRARY\00_BIBLIOTECA\Lopez_del_Prado\web\www.quantresearch.org\eduardo_torroja_miret_medium.jpg,cached,image/jpeg,3190,https://www.quantresearch.org/Geometry.htm,img,src
https://www.quantresearch.org/Von%20Staudt.jpg,C:\TSIS_Data\00_CTO\99_REFERENCE_LIBRARY\00_BIBLIOTECA\Lopez_del_Prado\web\www.quantresearch.org\Von%20Staudt.jpg,cached,image/jpeg,17975,https://www.quantresearch.org/Geometry.htm,img,src
https://www.quantresearch.org/Gauss2.jpg,C:\TSIS_Data\00_CTO\99_REFERENCE_LIBRARY\00_BIBLIOTECA\Lopez_del_Prado\web\www.quantresearch.org\Gauss2.jpg,cached,image/jpeg,81241,https://www.quantresearch.org/Geometry.htm,img,src
https://www.quantresearch.org/Gauss_PhD_Dissertation.pdf,C:\TSIS_Data\00_CTO\99_REFERENCE_LIBRARY\00_BIBLIOTECA\Lopez_del_Prado\web\www.quantresearch.org\Gauss_PhD_Dissertation.pdf,cached,application/pdf,173998,https://www.quantresearch.org/Geometry.htm,a,href
https://www.quantresearch.org/Rey%20Pastor2.jpg,C:\TSIS_Data\00_CTO\99_REFERENCE_LIBRARY\00_BIBLIOTECA\Lopez_del_Prado\web\www.quantresearch.org\Rey%20Pastor2.jpg,cached,image/jpeg,87677,https://www.quantresearch.org/Geometry.htm,img,src
https://www.quantresearch.org/Julio_Rey_Pastor.jpg,C:\TSIS_Data\00_CTO\99_REFERENCE_LIBRARY\00_BIBLIOTECA\Lopez_del_Prado\web\www.quantresearch.org\Julio_Rey_Pastor.jpg,cached,image/jpeg,18419,https://www.quantresearch.org/Geometry.htm,img,src
https://www.quantresearch.org/Felix%20Klein.jpg,C:\TSIS_Data\00_CTO\99_REFERENCE_LIBRARY\00_BIBLIOTECA\Lopez_del_Prado\web\www.quantresearch.org\Felix%20Klein.jpg,cached,image/jpeg,14083,https://www.quantresearch.org/Geometry.htm,img,src
https://www.quantresearch.org/Rudolf%20Lipschitz.jpg,C:\TSIS_Data\00_CTO\99_REFERENCE_LIBRARY\00_BIBLIOTECA\Lopez_del_Prado\web\www.quantresearch.org\Rudolf%20Lipschitz.jpg,cached,image/jpeg,14229,https://www.quantresearch.org/Geometry.htm,img,src
https://www.quantresearch.org/Dirichlet.jpg,C:\TSIS_Data\00_CTO\99_REFERENCE_LIBRARY\00_BIBLIOTECA\Lopez_del_Prado\web\www.quantresearch.org\Dirichlet.jpg,cached,image/jpeg,77954,https://www.quantresearch.org/Geometry.htm,img,src
https://www.quantresearch.org/Fourier.jpg,C:\TSIS_Data\00_CTO\99_REFERENCE_LIBRARY\00_BIBLIOTECA\Lopez_del_Prado\web\www.quantresearch.org\Fourier.jpg,cached,image/jpeg,97607,https://www.quantresearch.org/Geometry.htm,img,src
https://www.quantresearch.org/Langrange.jpg,C:\TSIS_Data\00_CTO\99_REFERENCE_LIBRARY\00_BIBLIOTECA\Lopez_del_Prado\web\www.quantresearch.org\Langrange.jpg,cached,image/jpeg,8745,https://www.quantresearch.org/Geometry.htm,img,src
https://www.quantresearch.org/Euler.jpg,C:\TSIS_Data\00_CTO\99_REFERENCE_LIBRARY\00_BIBLIOTECA\Lopez_del_Prado\web\www.quantresearch.org\Euler.jpg,cached,image/jpeg,267246,https://www.quantresearch.org/Geometry.htm,img,src
https://quantresearch.org/LeftFrame.htm,C:\TSIS_Data\00_CTO\99_REFERENCE_LIBRARY\00_BIBLIOTECA\Lopez_del_Prado\web\www.quantresearch.org\LeftFrame.htm,cached,text/html,3935,https://quantresearch.org/index.html,frame,src
https://quantresearch.org/Intro.htm,C:\TSIS_Data\00_CTO\99_REFERENCE_LIBRARY\00_BIBLIOTECA\Lopez_del_Prado\web\www.quantresearch.org\Intro.htm,cached,text/html,6861,https://quantresearch.org/index.html,frame,src
https://quantresearch.org/cropped.jpg,C:\TSIS_Data\00_CTO\99_REFERENCE_LIBRARY\00_BIBLIOTECA\Lopez_del_Prado\web\www.quantresearch.org\cropped.jpg,cached,image/jpeg,151017,https://quantresearch.org/LeftFrame.htm,img,src
https://quantresearch.org/Vita.htm,C:\TSIS_Data\00_CTO\99_REFERENCE_LIBRARY\00_BIBLIOTECA\Lopez_del_Prado\web\www.quantresearch.org\Vita.htm,cached,text/html,33406,https://quantresearch.org/LeftFrame.htm,a,href
https://quantresearch.org/Innovations.htm,C:\TSIS_Data\00_CTO\99_REFERENCE_LIBRARY\00_BIBLIOTECA\Lopez_del_Prado\web\www.quantresearch.org\Innovations.htm,cached,text/html,32362,https://quantresearch.org/LeftFrame.htm,a,href
https://quantresearch.org/Publications.htm,C:\TSIS_Data\00_CTO\99_REFERENCE_LIBRARY\00_BIBLIOTECA\Lopez_del_Prado\web\www.quantresearch.org\Publications.htm,cached,text/html,250000,https://quantresearch.org/LeftFrame.htm,a,href
https://quantresearch.org/Lectures.htm,C:\TSIS_Data\00_CTO\99_REFERENCE_LIBRARY\00_BIBLIOTECA\Lopez_del_Prado\web\www.quantresearch.org\Lectures.htm,cached,text/html,66162,https://quantresearch.org/LeftFrame.htm,a,href
https://quantresearch.org/Videos.htm,C:\TSIS_Data\00_CTO\99_REFERENCE_LIBRARY\00_BIBLIOTECA\Lopez_del_Prado\web\www.quantresearch.org\Videos.htm,cached,text/html,50889,https://quantresearch.org/LeftFrame.htm,a,href
https://quantresearch.org/News.htm,C:\TSIS_Data\00_CTO\99_REFERENCE_LIBRARY\00_BIBLIOTECA\Lopez_del_Prado\web\www.quantresearch.org\News.htm,cached,text/html,252882,https://quantresearch.org/LeftFrame.htm,a,href
https://quantresearch.org/Events.htm,C:\TSIS_Data\00_CTO\99_REFERENCE_LIBRARY\00_BIBLIOTECA\Lopez_del_Prado\web\www.quantresearch.org\Events.htm,cached,text/html,159968,https://quantresearch.org/LeftFrame.htm,a,href
https://quantresearch.org/Software.htm,C:\TSIS_Data\00_CTO\99_REFERENCE_LIBRARY\00_BIBLIOTECA\Lopez_del_Prado\web\www.quantresearch.org\Software.htm,cached,text/html,37910,https://quantresearch.org/LeftFrame.htm,a,href
https://quantresearch.org/Co-authors.htm,C:\TSIS_Data\00_CTO\99_REFERENCE_LIBRARY\00_BIBLIOTECA\Lopez_del_Prado\web\www.quantresearch.org\Co-authors.htm,cached,text/html,68654,https://quantresearch.org/LeftFrame.htm,a,href
https://quantresearch.org/Geometry.htm,C:\TSIS_Data\00_CTO\99_REFERENCE_LIBRARY\00_BIBLIOTECA\Lopez_del_Prado\web\www.quantresearch.org\Geometry.htm,cached,text/html,36043,https://quantresearch.org/LeftFrame.htm,a,href
https://quantresearch.org/cornell-university-vector-logo.png,C:\TSIS_Data\00_CTO\99_REFERENCE_LIBRARY\00_BIBLIOTECA\Lopez_del_Prado\web\www.quantresearch.org\cornell-university-vector-logo.png,cached,image/png,121068,https://quantresearch.org/LeftFrame.htm,img,src
https://quantresearch.org/AdvancesInFinancialMachineLearning.png,C:\TSIS_Data\00_CTO\99_REFERENCE_LIBRARY\00_BIBLIOTECA\Lopez_del_Prado\web\www.quantresearch.org\AdvancesInFinancialMachineLearning.png,cached,image/png,678563,https://quantresearch.org/Intro.htm,img,src
https://quantresearch.org/RAIng.png,C:\TSIS_Data\00_CTO\99_REFERENCE_LIBRARY\00_BIBLIOTECA\Lopez_del_Prado\web\www.quantresearch.org\RAIng.png,cached,image/png,193650,https://quantresearch.org/Intro.htm,img,src
https://quantresearch.org/BFJL%20Award.pdf,C:\TSIS_Data\00_CTO\99_REFERENCE_LIBRARY\00_BIBLIOTECA\Lopez_del_Prado\web\www.quantresearch.org\BFJL%20Award.pdf,cached,application/pdf,264680,https://quantresearch.org/Intro.htm,a,href
https://quantresearch.org/JL_Award_Logo_New.png,C:\TSIS_Data\00_CTO\99_REFERENCE_LIBRARY\00_BIBLIOTECA\Lopez_del_Prado\web\www.quantresearch.org\JL_Award_Logo_New.png,cached,image/png,132100,https://quantresearch.org/Intro.htm,img,src
https://quantresearch.org/Risk%20Buy-Side%20Quant%20of%20the%20Year.png,C:\TSIS_Data\00_CTO\99_REFERENCE_LIBRARY\00_BIBLIOTECA\Lopez_del_Prado\web\www.quantresearch.org\Risk%20Buy-Side%20Quant%20of%20the%20Year.png,cached,image/png,138835,https://quantresearch.org/Intro.htm,img,src
https://quantresearch.org/Quant_Award_RR.png,C:\TSIS_Data\00_CTO\99_REFERENCE_LIBRARY\00_BIBLIOTECA\Lopez_del_Prado\web\www.quantresearch.org\Quant_Award_RR.png,cached,image/png,55050,https://quantresearch.org/Intro.htm,img,src
https://quantresearch.org/OMC.png,C:\TSIS_Data\00_CTO\99_REFERENCE_LIBRARY\00_BIBLIOTECA\Lopez_del_Prado\web\www.quantresearch.org\OMC.png,cached,image/png,203440,https://quantresearch.org/Intro.htm,img,src
https://quantresearch.org/GalicianAward_1.jpg,C:\TSIS_Data\00_CTO\99_REFERENCE_LIBRARY\00_BIBLIOTECA\Lopez_del_Prado\web\www.quantresearch.org\GalicianAward_1.jpg,cached,image/jpeg,1394078,https://quantresearch.org/Vita.htm,a,href
https://quantresearch.org/SEF.JPG,C:\TSIS_Data\00_CTO\99_REFERENCE_LIBRARY\00_BIBLIOTECA\Lopez_del_Prado\web\www.quantresearch.org\SEF.JPG,cached,image/jpeg,141528,https://quantresearch.org/Innovations.htm,img,src
https://quantresearch.org/1qbit.png,C:\TSIS_Data\00_CTO\99_REFERENCE_LIBRARY\00_BIBLIOTECA\Lopez_del_Prado\web\www.quantresearch.org\1qbit.png,cached,image/png,188078,https://quantresearch.org/Innovations.htm,img,src
https://quantresearch.org/CLA.jpg,C:\TSIS_Data\00_CTO\99_REFERENCE_LIBRARY\00_BIBLIOTECA\Lopez_del_Prado\web\www.quantresearch.org\CLA.jpg,cached,image/jpeg,17728,https://quantresearch.org/Innovations.htm,img,src
https://quantresearch.org/corr1_10.png,C:\TSIS_Data\00_CTO\99_REFERENCE_LIBRARY\00_BIBLIOTECA\Lopez_del_Prado\web\www.quantresearch.org\corr1_10.png,cached,image/png,19046,https://quantresearch.org/Innovations.htm,img,src
https://quantresearch.org/nco.png,C:\TSIS_Data\00_CTO\99_REFERENCE_LIBRARY\00_BIBLIOTECA\Lopez_del_Prado\web\www.quantresearch.org\nco.png,cached,image/png,14368,https://quantresearch.org/Innovations.htm,img,src
https://quantresearch.org/A2A.png,C:\TSIS_Data\00_CTO\99_REFERENCE_LIBRARY\00_BIBLIOTECA\Lopez_del_Prado\web\www.quantresearch.org\A2A.png,cached,image/png,71834,https://quantresearch.org/Innovations.htm,img,src
https://quantresearch.org/TIC.png,C:\TSIS_Data\00_CTO\99_REFERENCE_LIBRARY\00_BIBLIOTECA\Lopez_del_Prado\web\www.quantresearch.org\TIC.png,cached,image/png,88633,https://quantresearch.org/Innovations.htm,img,src
https://quantresearch.org/triple_barrier.png,C:\TSIS_Data\00_CTO\99_REFERENCE_LIBRARY\00_BIBLIOTECA\Lopez_del_Prado\web\www.quantresearch.org\triple_barrier.png,cached,image/png,61907,https://quantresearch.org/Innovations.htm,img,src
https://quantresearch.org/Confusion_Matrix.jpg,C:\TSIS_Data\00_CTO\99_REFERENCE_LIBRARY\00_BIBLIOTECA\Lopez_del_Prado\web\www.quantresearch.org\Confusion_Matrix.jpg,cached,image/jpeg,52293,https://quantresearch.org/Innovations.htm,img,src
https://quantresearch.org/Sequential_bootstrap.png,C:\TSIS_Data\00_CTO\99_REFERENCE_LIBRARY\00_BIBLIOTECA\Lopez_del_Prado\web\www.quantresearch.org\Sequential_bootstrap.png,cached,image/png,14482,https://quantresearch.org/Innovations.htm,img,src
https://quantresearch.org/Purge.png,C:\TSIS_Data\00_CTO\99_REFERENCE_LIBRARY\00_BIBLIOTECA\Lopez_del_Prado\web\www.quantresearch.org\Purge.png,cached,image/png,74154,https://quantresearch.org/Innovations.htm,img,src
https://quantresearch.org/Spuriosity.png,C:\TSIS_Data\00_CTO\99_REFERENCE_LIBRARY\00_BIBLIOTECA\Lopez_del_Prado\web\www.quantresearch.org\Spuriosity.png,cached,image/png,9402,https://quantresearch.org/Innovations.htm,img,src
https://quantresearch.org/Colliders.png,C:\TSIS_Data\00_CTO\99_REFERENCE_LIBRARY\00_BIBLIOTECA\Lopez_del_Prado\web\www.quantresearch.org\Colliders.png,cached,image/png,37348,https://quantresearch.org/Innovations.htm,img,src
https://quantresearch.org/collider_weights.png,C:\TSIS_Data\00_CTO\99_REFERENCE_LIBRARY\00_BIBLIOTECA\Lopez_del_Prado\web\www.quantresearch.org\collider_weights.png,cached,image/png,98667,https://quantresearch.org/Innovations.htm,img,src
https://quantresearch.org/1_err.png,C:\TSIS_Data\00_CTO\99_REFERENCE_LIBRARY\00_BIBLIOTECA\Lopez_del_Prado\web\www.quantresearch.org\1_err.png,cached,image/png,44488,https://quantresearch.org/Innovations.htm,img,src
https://quantresearch.org/OSL.png,C:\TSIS_Data\00_CTO\99_REFERENCE_LIBRARY\00_BIBLIOTECA\Lopez_del_Prado\web\www.quantresearch.org\OSL.png,cached,image/png,49531,https://quantresearch.org/Innovations.htm,img,src
https://quantresearch.org/CPCV.png,C:\TSIS_Data\00_CTO\99_REFERENCE_LIBRARY\00_BIBLIOTECA\Lopez_del_Prado\web\www.quantresearch.org\CPCV.png,cached,image/png,53741,https://quantresearch.org/Innovations.htm,img,src
https://quantresearch.org/PBO.jpg,C:\TSIS_Data\00_CTO\99_REFERENCE_LIBRARY\00_BIBLIOTECA\Lopez_del_Prado\web\www.quantresearch.org\PBO.jpg,cached,image/jpeg,41809,https://quantresearch.org/Innovations.htm,img,src
https://quantresearch.org/MinBTL.jpg,C:\TSIS_Data\00_CTO\99_REFERENCE_LIBRARY\00_BIBLIOTECA\Lopez_del_Prado\web\www.quantresearch.org\MinBTL.jpg,cached,image/jpeg,39394,https://quantresearch.org/Innovations.htm,img,src
https://quantresearch.org/Indifference.jpg,C:\TSIS_Data\00_CTO\99_REFERENCE_LIBRARY\00_BIBLIOTECA\Lopez_del_Prado\web\www.quantresearch.org\Indifference.jpg,cached,image/jpeg,36568,https://quantresearch.org/Innovations.htm,img,src
https://quantresearch.org/Triple%20penance%20rule.jpg,C:\TSIS_Data\00_CTO\99_REFERENCE_LIBRARY\00_BIBLIOTECA\Lopez_del_Prado\web\www.quantresearch.org\Triple%20penance%20rule.jpg,cached,image/jpeg,80525,https://quantresearch.org/Innovations.htm,img,src
https://quantresearch.org/Stop-Outs.jpg,C:\TSIS_Data\00_CTO\99_REFERENCE_LIBRARY\00_BIBLIOTECA\Lopez_del_Prado\web\www.quantresearch.org\Stop-Outs.jpg,cached,image/jpeg,24051,https://quantresearch.org/Innovations.htm,img,src
https://quantresearch.org/PSR.jpg,C:\TSIS_Data\00_CTO\99_REFERENCE_LIBRARY\00_BIBLIOTECA\Lopez_del_Prado\web\www.quantresearch.org\PSR.jpg,cached,image/jpeg,35763,https://quantresearch.org/Innovations.htm,img,src
https://quantresearch.org/1_dsr.png,C:\TSIS_Data\00_CTO\99_REFERENCE_LIBRARY\00_BIBLIOTECA\Lopez_del_Prado\web\www.quantresearch.org\1_dsr.png,cached,image/png,160074,https://quantresearch.org/Innovations.htm,img,src
https://quantresearch.org/MinTRL.jpg,C:\TSIS_Data\00_CTO\99_REFERENCE_LIBRARY\00_BIBLIOTECA\Lopez_del_Prado\web\www.quantresearch.org\MinTRL.jpg,cached,image/jpeg,40541,https://quantresearch.org/Innovations.htm,img,src
https://quantresearch.org/PoD.jpg,C:\TSIS_Data\00_CTO\99_REFERENCE_LIBRARY\00_BIBLIOTECA\Lopez_del_Prado\web\www.quantresearch.org\PoD.jpg,cached,image/jpeg,127842,https://quantresearch.org/Innovations.htm,img,src
https://quantresearch.org/taf.png,C:\TSIS_Data\00_CTO\99_REFERENCE_LIBRARY\00_BIBLIOTECA\Lopez_del_Prado\web\www.quantresearch.org\taf.png,cached,image/png,37363,https://quantresearch.org/Innovations.htm,img,src
https://quantresearch.org/Bars.jpg,C:\TSIS_Data\00_CTO\99_REFERENCE_LIBRARY\00_BIBLIOTECA\Lopez_del_Prado\web\www.quantresearch.org\Bars.jpg,cached,image/jpeg,95711,https://quantresearch.org/Innovations.htm,img,src
https://quantresearch.org/VPIN.jpg,C:\TSIS_Data\00_CTO\99_REFERENCE_LIBRARY\00_BIBLIOTECA\Lopez_del_Prado\web\www.quantresearch.org\VPIN.jpg,cached,image/jpeg,73875,https://quantresearch.org/Innovations.htm,img,src
https://quantresearch.org/VPIN.pdf,C:\TSIS_Data\00_CTO\99_REFERENCE_LIBRARY\00_BIBLIOTECA\Lopez_del_Prado\web\www.quantresearch.org\VPIN.pdf,cached,application/pdf,605029,https://quantresearch.org/Innovations.htm,a,href
https://quantresearch.org/BVC.jpg,C:\TSIS_Data\00_CTO\99_REFERENCE_LIBRARY\00_BIBLIOTECA\Lopez_del_Prado\web\www.quantresearch.org\BVC.jpg,cached,image/jpeg,38685,https://quantresearch.org/Innovations.htm,img,src
https://quantresearch.org/Exchange.jpg,C:\TSIS_Data\00_CTO\99_REFERENCE_LIBRARY\00_BIBLIOTECA\Lopez_del_Prado\web\www.quantresearch.org\Exchange.jpg,cached,image/jpeg,83677,https://quantresearch.org/Innovations.htm,img,src
https://quantresearch.org/OEH.jpg,C:\TSIS_Data\00_CTO\99_REFERENCE_LIBRARY\00_BIBLIOTECA\Lopez_del_Prado\web\www.quantresearch.org\OEH.jpg,cached,image/jpeg,63599,https://quantresearch.org/Innovations.htm,img,src
https://quantresearch.org/OTR.jpg,C:\TSIS_Data\00_CTO\99_REFERENCE_LIBRARY\00_BIBLIOTECA\Lopez_del_Prado\web\www.quantresearch.org\OTR.jpg,cached,image/jpeg,153476,https://quantresearch.org/Innovations.htm,img,src
https://quantresearch.org/Hedging.jpg,C:\TSIS_Data\00_CTO\99_REFERENCE_LIBRARY\00_BIBLIOTECA\Lopez_del_Prado\web\www.quantresearch.org\Hedging.jpg,cached,image/jpeg,14067,https://quantresearch.org/Innovations.htm,img,src
https://quantresearch.org/MMSC.jpg,C:\TSIS_Data\00_CTO\99_REFERENCE_LIBRARY\00_BIBLIOTECA\Lopez_del_Prado\web\www.quantresearch.org\MMSC.jpg,cached,image/jpeg,49443,https://quantresearch.org/Innovations.htm,img,src
https://quantresearch.org/GOP.jpg,C:\TSIS_Data\00_CTO\99_REFERENCE_LIBRARY\00_BIBLIOTECA\Lopez_del_Prado\web\www.quantresearch.org\GOP.jpg,cached,image/jpeg,46449,https://quantresearch.org/Innovations.htm,img,src
https://quantresearch.org/DD.jpg,C:\TSIS_Data\00_CTO\99_REFERENCE_LIBRARY\00_BIBLIOTECA\Lopez_del_Prado\web\www.quantresearch.org\DD.jpg,cached,image/jpeg,181547,https://quantresearch.org/Innovations.htm,img,src
https://quantresearch.org/EF3M.jpg,C:\TSIS_Data\00_CTO\99_REFERENCE_LIBRARY\00_BIBLIOTECA\Lopez_del_Prado\web\www.quantresearch.org\EF3M.jpg,cached,image/jpeg,11880,https://quantresearch.org/Innovations.htm,img,src
https://quantresearch.org/1894_Pearson_Transactions_Royal_Society.pdf,C:\TSIS_Data\00_CTO\99_REFERENCE_LIBRARY\00_BIBLIOTECA\Lopez_del_Prado\web\www.quantresearch.org\1894_Pearson_Transactions_Royal_Society.pdf,cached,application/pdf,6187654,https://quantresearch.org/Innovations.htm,a,href
https://quantresearch.org/Covar_Clustering.jpg,C:\TSIS_Data\00_CTO\99_REFERENCE_LIBRARY\00_BIBLIOTECA\Lopez_del_Prado\web\www.quantresearch.org\Covar_Clustering.jpg,cached,image/jpeg,173947,https://quantresearch.org/Innovations.htm,img,src
https://quantresearch.org/SFD.png,C:\TSIS_Data\00_CTO\99_REFERENCE_LIBRARY\00_BIBLIOTECA\Lopez_del_Prado\web\www.quantresearch.org\SFD.png,cached,image/png,22443,https://quantresearch.org/Innovations.htm,img,src
https://quantresearch.org/KCA.JPG,C:\TSIS_Data\00_CTO\99_REFERENCE_LIBRARY\00_BIBLIOTECA\Lopez_del_Prado\web\www.quantresearch.org\KCA.JPG,cached,image/jpeg,59823,https://quantresearch.org/Innovations.htm,img,src
https://quantresearch.org/K-SEIR.png,C:\TSIS_Data\00_CTO\99_REFERENCE_LIBRARY\00_BIBLIOTECA\Lopez_del_Prado\web\www.quantresearch.org\K-SEIR.png,cached,image/png,104537,https://quantresearch.org/Innovations.htm,img,src
https://quantresearch.org/ssrn.jpg,C:\TSIS_Data\00_CTO\99_REFERENCE_LIBRARY\00_BIBLIOTECA\Lopez_del_Prado\web\www.quantresearch.org\ssrn.jpg,cached,image/jpeg,3661,https://quantresearch.org/Publications.htm,img,src
https://quantresearch.org/Google_Scholar.gif,C:\TSIS_Data\00_CTO\99_REFERENCE_LIBRARY\00_BIBLIOTECA\Lopez_del_Prado\web\www.quantresearch.org\Google_Scholar.gif,cached,image/gif,8517,https://quantresearch.org/Publications.htm,img,src
https://quantresearch.org/CUP_book2.jpg,C:\TSIS_Data\00_CTO\99_REFERENCE_LIBRARY\00_BIBLIOTECA\Lopez_del_Prado\web\www.quantresearch.org\CUP_book2.jpg,cached,image/jpeg,23986,https://quantresearch.org/Publications.htm,img,src
https://quantresearch.org/CUP_book.png,C:\TSIS_Data\00_CTO\99_REFERENCE_LIBRARY\00_BIBLIOTECA\Lopez_del_Prado\web\www.quantresearch.org\CUP_book.png,cached,image/png,335765,https://quantresearch.org/Publications.htm,img,src
https://quantresearch.org/AdvancesInFinancialMachineLearning_small.png,C:\TSIS_Data\00_CTO\99_REFERENCE_LIBRARY\00_BIBLIOTECA\Lopez_del_Prado\web\www.quantresearch.org\AdvancesInFinancialMachineLearning_small.png,cached,image/png,241496,https://quantresearch.org/Publications.htm,img,src
https://quantresearch.org/hft_3dnew100.jpg,C:\TSIS_Data\00_CTO\99_REFERENCE_LIBRARY\00_BIBLIOTECA\Lopez_del_Prado\web\www.quantresearch.org\hft_3dnew100.jpg,cached,image/jpeg,5774,https://quantresearch.org/Publications.htm,img,src
https://quantresearch.org/orcid.png,C:\TSIS_Data\00_CTO\99_REFERENCE_LIBRARY\00_BIBLIOTECA\Lopez_del_Prado\web\www.quantresearch.org\orcid.png,cached,image/png,11476,https://quantresearch.org/Publications.htm,img,src
https://quantresearch.org/MathSciNet_logo.png,C:\TSIS_Data\00_CTO\99_REFERENCE_LIBRARY\00_BIBLIOTECA\Lopez_del_Prado\web\www.quantresearch.org\MathSciNet_logo.png,cached,image/png,11395,https://quantresearch.org/Publications.htm,img,src
https://quantresearch.org/journal_of_asset_management.png,C:\TSIS_Data\00_CTO\99_REFERENCE_LIBRARY\00_BIBLIOTECA\Lopez_del_Prado\web\www.quantresearch.org\journal_of_asset_management.png,cached,image/png,99496,https://quantresearch.org/Publications.htm,img,src
https://quantresearch.org/JASA.png,C:\TSIS_Data\00_CTO\99_REFERENCE_LIBRARY\00_BIBLIOTECA\Lopez_del_Prado\web\www.quantresearch.org\JASA.png,cached,image/png,161483,https://quantresearch.org/Publications.htm,img,src
https://quantresearch.org/jfi.gif,C:\TSIS_Data\00_CTO\99_REFERENCE_LIBRARY\00_BIBLIOTECA\Lopez_del_Prado\web\www.quantresearch.org\jfi.gif,cached,image/gif,92366,https://quantresearch.org/Publications.htm,img,src
https://quantresearch.org/jfds.jpg,C:\TSIS_Data\00_CTO\99_REFERENCE_LIBRARY\00_BIBLIOTECA\Lopez_del_Prado\web\www.quantresearch.org\jfds.jpg,cached,image/jpeg,9359,https://quantresearch.org/Publications.htm,img,src
https://quantresearch.org/JRSSB.png,C:\TSIS_Data\00_CTO\99_REFERENCE_LIBRARY\00_BIBLIOTECA\Lopez_del_Prado\web\www.quantresearch.org\JRSSB.png,cached,image/png,88435,https://quantresearch.org/Publications.htm,img,src
https://quantresearch.org/Risk%200420%20carousel.jpg,C:\TSIS_Data\00_CTO\99_REFERENCE_LIBRARY\00_BIBLIOTECA\Lopez_del_Prado\web\www.quantresearch.org\Risk%200420%20carousel.jpg,cached,image/jpeg,10422,https://quantresearch.org/Publications.htm,img,src
https://quantresearch.org/jpm_2011_37_2_cover.jpg,C:\TSIS_Data\00_CTO\99_REFERENCE_LIBRARY\00_BIBLIOTECA\Lopez_del_Prado\web\www.quantresearch.org\jpm_2011_37_2_cover.jpg,cached,image/jpeg,283099,https://quantresearch.org/Publications.htm,img,src
https://quantresearch.org/make.jpg,C:\TSIS_Data\00_CTO\99_REFERENCE_LIBRARY\00_BIBLIOTECA\Lopez_del_Prado\web\www.quantresearch.org\make.jpg,cached,image/jpeg,38601,https://quantresearch.org/Publications.htm,img,src
https://quantresearch.org/CFA-Causality.png,C:\TSIS_Data\00_CTO\99_REFERENCE_LIBRARY\00_BIBLIOTECA\Lopez_del_Prado\web\www.quantresearch.org\CFA-Causality.png,cached,image/png,78125,https://quantresearch.org/Publications.htm,img,src
https://quantresearch.org/Transactions_ADIA_Lab.jpg,C:\TSIS_Data\00_CTO\99_REFERENCE_LIBRARY\00_BIBLIOTECA\Lopez_del_Prado\web\www.quantresearch.org\Transactions_ADIA_Lab.jpg,cached,image/jpeg,51735,https://quantresearch.org/Publications.htm,img,src
https://quantresearch.org/ANOR.jpg,C:\TSIS_Data\00_CTO\99_REFERENCE_LIBRARY\00_BIBLIOTECA\Lopez_del_Prado\web\www.quantresearch.org\ANOR.jpg,cached,image/jpeg,5676,https://quantresearch.org/Publications.htm,img,src
https://quantresearch.org/SSDBM.jpg,C:\TSIS_Data\00_CTO\99_REFERENCE_LIBRARY\00_BIBLIOTECA\Lopez_del_Prado\web\www.quantresearch.org\SSDBM.jpg,cached,image/jpeg,28231,https://quantresearch.org/Publications.htm,img,src
https://quantresearch.org/Information_fusion.jpg,C:\TSIS_Data\00_CTO\99_REFERENCE_LIBRARY\00_BIBLIOTECA\Lopez_del_Prado\web\www.quantresearch.org\Information_fusion.jpg,cached,image/jpeg,22479,https://quantresearch.org/Publications.htm,img,src
https://quantresearch.org/jrfm.png,C:\TSIS_Data\00_CTO\99_REFERENCE_LIBRARY\00_BIBLIOTECA\Lopez_del_Prado\web\www.quantresearch.org\jrfm.png,cached,image/png,191501,https://quantresearch.org/Publications.htm,img,src
https://quantresearch.org/Significance.png,C:\TSIS_Data\00_CTO\99_REFERENCE_LIBRARY\00_BIBLIOTECA\Lopez_del_Prado\web\www.quantresearch.org\Significance.png,cached,image/png,157532,https://quantresearch.org/Publications.htm,img,src
https://quantresearch.org/AmericanMathematicalMonthly.png,C:\TSIS_Data\00_CTO\99_REFERENCE_LIBRARY\00_BIBLIOTECA\Lopez_del_Prado\web\www.quantresearch.org\AmericanMathematicalMonthly.png,cached,image/png,731233,https://quantresearch.org/Publications.htm,img,src
https://quantresearch.org/RFS_5_cover.gif,C:\TSIS_Data\00_CTO\99_REFERENCE_LIBRARY\00_BIBLIOTECA\Lopez_del_Prado\web\www.quantresearch.org\RFS_5_cover.gif,cached,image/gif,7544,https://quantresearch.org/Publications.htm,img,src
https://quantresearch.org/IJTAF.jpg,C:\TSIS_Data\00_CTO\99_REFERENCE_LIBRARY\00_BIBLIOTECA\Lopez_del_Prado\web\www.quantresearch.org\IJTAF.jpg,cached,image/jpeg,58894,https://quantresearch.org/Publications.htm,img,src
https://quantresearch.org/CAIA.jpg,C:\TSIS_Data\00_CTO\99_REFERENCE_LIBRARY\00_BIBLIOTECA\Lopez_del_Prado\web\www.quantresearch.org\CAIA.jpg,cached,image/jpeg,12931,https://quantresearch.org/Publications.htm,img,src
https://quantresearch.org/QF.gif,C:\TSIS_Data\00_CTO\99_REFERENCE_LIBRARY\00_BIBLIOTECA\Lopez_del_Prado\web\www.quantresearch.org\QF.gif,cached,image/gif,10034,https://quantresearch.org/Publications.htm,img,src
https://quantresearch.org/mdpi_risks.png,C:\TSIS_Data\00_CTO\99_REFERENCE_LIBRARY\00_BIBLIOTECA\Lopez_del_Prado\web\www.quantresearch.org\mdpi_risks.png,cached,image/png,30481,https://quantresearch.org/Publications.htm,img,src
https://quantresearch.org/AF.jpg,C:\TSIS_Data\00_CTO\99_REFERENCE_LIBRARY\00_BIBLIOTECA\Lopez_del_Prado\web\www.quantresearch.org\AF.jpg,cached,image/jpeg,63416,https://quantresearch.org/Publications.htm,img,src
https://quantresearch.org/JOIM_cover.png,C:\TSIS_Data\00_CTO\99_REFERENCE_LIBRARY\00_BIBLIOTECA\Lopez_del_Prado\web\www.quantresearch.org\JOIM_cover.png,cached,image/png,27021,https://quantresearch.org/Publications.htm,img,src
https://quantresearch.org/oblb_new_logo_0.png,C:\TSIS_Data\00_CTO\99_REFERENCE_LIBRARY\00_BIBLIOTECA\Lopez_del_Prado\web\www.quantresearch.org\oblb_new_logo_0.png,cached,image/png,81418,https://quantresearch.org/Publications.htm,img,src
https://quantresearch.org/CFR.jpg,C:\TSIS_Data\00_CTO\99_REFERENCE_LIBRARY\00_BIBLIOTECA\Lopez_del_Prado\web\www.quantresearch.org\CFR.jpg,cached,image/jpeg,5055,https://quantresearch.org/Publications.htm,img,src
https://quantresearch.org/jcf-170x275.jpg,C:\TSIS_Data\00_CTO\99_REFERENCE_LIBRARY\00_BIBLIOTECA\Lopez_del_Prado\web\www.quantresearch.org\jcf-170x275.jpg,cached,image/jpeg,15329,https://quantresearch.org/Publications.htm,img,src
https://quantresearch.org/IEEE%20Signal%20Processing.png,C:\TSIS_Data\00_CTO\99_REFERENCE_LIBRARY\00_BIBLIOTECA\Lopez_del_Prado\web\www.quantresearch.org\IEEE%20Signal%20Processing.png,cached,image/png,250296,https://quantresearch.org/Publications.htm,img,src
https://quantresearch.org/JOI_cover.PNG,C:\TSIS_Data\00_CTO\99_REFERENCE_LIBRARY\00_BIBLIOTECA\Lopez_del_Prado\web\www.quantresearch.org\JOI_cover.PNG,cached,image/png,163286,https://quantresearch.org/Publications.htm,img,src
https://quantresearch.org/jfe.gif,C:\TSIS_Data\00_CTO\99_REFERENCE_LIBRARY\00_BIBLIOTECA\Lopez_del_Prado\web\www.quantresearch.org\jfe.gif,cached,image/gif,32817,https://quantresearch.org/Publications.htm,img,src
https://quantresearch.org/Automated_Trader.jpg,C:\TSIS_Data\00_CTO\99_REFERENCE_LIBRARY\00_BIBLIOTECA\Lopez_del_Prado\web\www.quantresearch.org\Automated_Trader.jpg,cached,image/jpeg,174016,https://quantresearch.org/Publications.htm,img,src
https://quantresearch.org/jr-cov-150x243.jpg,C:\TSIS_Data\00_CTO\99_REFERENCE_LIBRARY\00_BIBLIOTECA\Lopez_del_Prado\web\www.quantresearch.org\jr-cov-150x243.jpg,cached,image/jpeg,14160,https://quantresearch.org/Publications.htm,img,src
https://quantresearch.org/MF_Cover.gif,C:\TSIS_Data\00_CTO\99_REFERENCE_LIBRARY\00_BIBLIOTECA\Lopez_del_Prado\web\www.quantresearch.org\MF_Cover.gif,cached,image/gif,8902,https://quantresearch.org/Publications.htm,img,src
https://quantresearch.org/PA%20Cover%20big.jpg,C:\TSIS_Data\00_CTO\99_REFERENCE_LIBRARY\00_BIBLIOTECA\Lopez_del_Prado\web\www.quantresearch.org\PA%20Cover%20big.jpg,cached,image/jpeg,56562,https://quantresearch.org/Publications.htm,img,src
https://quantresearch.org/rnoti-feb-14-cov1.png,C:\TSIS_Data\00_CTO\99_REFERENCE_LIBRARY\00_BIBLIOTECA\Lopez_del_Prado\web\www.quantresearch.org\rnoti-feb-14-cov1.png,cached,image/png,286671,https://quantresearch.org/Publications.htm,img,src
https://quantresearch.org/Proceedings_IEEE.jpg,C:\TSIS_Data\00_CTO\99_REFERENCE_LIBRARY\00_BIBLIOTECA\Lopez_del_Prado\web\www.quantresearch.org\Proceedings_IEEE.jpg,cached,image/jpeg,232532,https://quantresearch.org/Publications.htm,img,src
https://quantresearch.org/JFM.gif,C:\TSIS_Data\00_CTO\99_REFERENCE_LIBRARY\00_BIBLIOTECA\Lopez_del_Prado\web\www.quantresearch.org\JFM.gif,cached,image/gif,9868,https://quantresearch.org/Publications.htm,img,src
https://quantresearch.org/Algorithms.jpg,C:\TSIS_Data\00_CTO\99_REFERENCE_LIBRARY\00_BIBLIOTECA\Lopez_del_Prado\web\www.quantresearch.org\Algorithms.jpg,cached,image/jpeg,169308,https://quantresearch.org/Publications.htm,img,src
https://quantresearch.org/jis-cov-150x2430303-150x243.jpg,C:\TSIS_Data\00_CTO\99_REFERENCE_LIBRARY\00_BIBLIOTECA\Lopez_del_Prado\web\www.quantresearch.org\jis-cov-150x2430303-150x243.jpg,cached,image/jpeg,25216,https://quantresearch.org/Publications.htm,img,src
https://quantresearch.org/jot_2011_6_2_cover.jpg,C:\TSIS_Data\00_CTO\99_REFERENCE_LIBRARY\00_BIBLIOTECA\Lopez_del_Prado\web\www.quantresearch.org\jot_2011_6_2_cover.jpg,cached,image/jpeg,301478,https://quantresearch.org/Publications.htm,img,src
https://quantresearch.org/JAI.jpg,C:\TSIS_Data\00_CTO\99_REFERENCE_LIBRARY\00_BIBLIOTECA\Lopez_del_Prado\web\www.quantresearch.org\JAI.jpg,cached,image/jpeg,38783,https://quantresearch.org/Publications.htm,img,src
https://quantresearch.org/WorldScientific.png,C:\TSIS_Data\00_CTO\99_REFERENCE_LIBRARY\00_BIBLIOTECA\Lopez_del_Prado\web\www.quantresearch.org\WorldScientific.png,cached,image/png,193961,https://quantresearch.org/Publications.htm,img,src
https://quantresearch.org/FromAnalysisToVisualization.jpg,C:\TSIS_Data\00_CTO\99_REFERENCE_LIBRARY\00_BIBLIOTECA\Lopez_del_Prado\web\www.quantresearch.org\FromAnalysisToVisualization.jpg,cached,image/jpeg,23363,https://quantresearch.org/Publications.htm,img,src
https://quantresearch.org/cfa-ai.png,C:\TSIS_Data\00_CTO\99_REFERENCE_LIBRARY\00_BIBLIOTECA\Lopez_del_Prado\web\www.quantresearch.org\cfa-ai.png,cached,image/png,177534,https://quantresearch.org/Publications.htm,img,src
https://quantresearch.org/joi_special.png,C:\TSIS_Data\00_CTO\99_REFERENCE_LIBRARY\00_BIBLIOTECA\Lopez_del_Prado\web\www.quantresearch.org\joi_special.png,cached,image/png,257427,https://quantresearch.org/Publications.htm,img,src
https://quantresearch.org/Jurczenko.jpg,C:\TSIS_Data\00_CTO\99_REFERENCE_LIBRARY\00_BIBLIOTECA\Lopez_del_Prado\web\www.quantresearch.org\Jurczenko.jpg,cached,image/jpeg,17459,https://quantresearch.org/Publications.htm,img,src
https://quantresearch.org/Risk_HFT_Flyer.PDF,C:\TSIS_Data\00_CTO\99_REFERENCE_LIBRARY\00_BIBLIOTECA\Lopez_del_Prado\web\www.quantresearch.org\Risk_HFT_Flyer.PDF,cached,application/pdf,337515,https://quantresearch.org/Publications.htm,a,href
https://quantresearch.org/UCM.jpg,C:\TSIS_Data\00_CTO\99_REFERENCE_LIBRARY\00_BIBLIOTECA\Lopez_del_Prado\web\www.quantresearch.org\UCM.jpg,cached,image/jpeg,19689,https://quantresearch.org/Publications.htm,img,src
https://quantresearch.org/UNED.jpg,C:\TSIS_Data\00_CTO\99_REFERENCE_LIBRARY\00_BIBLIOTECA\Lopez_del_Prado\web\www.quantresearch.org\UNED.jpg,cached,image/jpeg,22512,https://quantresearch.org/Publications.htm,img,src
https://quantresearch.org/SULI_Summer_2014_Research%20Poster_Ger_Stephanie.pdf,C:\TSIS_Data\00_CTO\99_REFERENCE_LIBRARY\00_BIBLIOTECA\Lopez_del_Prado\web\www.quantresearch.org\SULI_Summer_2014_Research%20Poster_Ger_Stephanie.pdf,cached,application/pdf,777925,https://quantresearch.org/Videos.htm,a,href
https://quantresearch.org/Spain%27s%20Royal%20Academy%20of%20Engineering%20Elects%20Professor%20Marcos%20L%C3%B3pez%20de%20Prado%20as%20International%20Member.pdf,C:\TSIS_Data\00_CTO\99_REFERENCE_LIBRARY\00_BIBLIOTECA\Lopez_del_Prado\web\www.quantresearch.org\Spain%27s%20Royal%20Academy%20of%20Engineering%20Elects%20Professor%20Marcos%20L%C3%B3pez%20de%20Prado%20as%20International%20Member.pdf,cached,application/pdf,401713,https://quantresearch.org/News.htm,a,href
https://quantresearch.org/20250105%20-%20La%20Voz%20de%20Galicia.pdf,C:\TSIS_Data\00_CTO\99_REFERENCE_LIBRARY\00_BIBLIOTECA\Lopez_del_Prado\web\www.quantresearch.org\20250105%20-%20La%20Voz%20de%20Galicia.pdf,cached,application/pdf,90706,https://quantresearch.org/News.htm,a,href
https://quantresearch.org/20241112%20-%20El%20Progreso.pdf,C:\TSIS_Data\00_CTO\99_REFERENCE_LIBRARY\00_BIBLIOTECA\Lopez_del_Prado\web\www.quantresearch.org\20241112%20-%20El%20Progreso.pdf,cached,application/pdf,128206,https://quantresearch.org/News.htm,a,href
https://quantresearch.org/ADIA_Lab_Press_Release_for_Knighthood.pdf,C:\TSIS_Data\00_CTO\99_REFERENCE_LIBRARY\00_BIBLIOTECA\Lopez_del_Prado\web\www.quantresearch.org\ADIA_Lab_Press_Release_for_Knighthood.pdf,cached,application/pdf,274971,https://quantresearch.org/News.htm,a,href
https://quantresearch.org/Spain%20Honours%20ADIA%20Lab%20Board%20Member%20Professor%20Marcos%20L%C3%B3pez%20de%20Prado%20with%20Order%20of%20Merit.pdf,C:\TSIS_Data\00_CTO\99_REFERENCE_LIBRARY\00_BIBLIOTECA\Lopez_del_Prado\web\www.quantresearch.org\Spain%20Honours%20ADIA%20Lab%20Board%20Member%20Professor%20Marcos%20L%C3%B3pez%20de%20Prado%20with%20Order%20of%20Merit.pdf,cached,application/pdf,207308,https://quantresearch.org/News.htm,a,href
https://quantresearch.org/20241120%20-%20Investiture%20Speech.pdf,C:\TSIS_Data\00_CTO\99_REFERENCE_LIBRARY\00_BIBLIOTECA\Lopez_del_Prado\web\www.quantresearch.org\20241120%20-%20Investiture%20Speech.pdf,cached,application/pdf,236673,https://quantresearch.org/News.htm,a,href
https://quantresearch.org/QF_Causal_Factor_Investing.pdf,C:\TSIS_Data\00_CTO\99_REFERENCE_LIBRARY\00_BIBLIOTECA\Lopez_del_Prado\web\www.quantresearch.org\QF_Causal_Factor_Investing.pdf,cached,application/pdf,563391,https://quantresearch.org/News.htm,a,href
https://quantresearch.org/The%20quants%20who%20kicked%20the%20hornets%E2%80%99%20nest%20%E2%80%93%20to%20champion%20causality%20-%20Risk.net.pdf,C:\TSIS_Data\00_CTO\99_REFERENCE_LIBRARY\00_BIBLIOTECA\Lopez_del_Prado\web\www.quantresearch.org\The%20quants%20who%20kicked%20the%20hornets%E2%80%99%20nest%20%E2%80%93%20to%20champion%20causality%20-%20Risk.net.pdf,cached,application/pdf,3047134,https://quantresearch.org/News.htm,a,href
https://quantresearch.org/ADIALabSeminar_20221220.pdf,C:\TSIS_Data\00_CTO\99_REFERENCE_LIBRARY\00_BIBLIOTECA\Lopez_del_Prado\web\www.quantresearch.org\ADIALabSeminar_20221220.pdf,cached,application/pdf,118397,https://quantresearch.org/News.htm,a,href
https://quantresearch.org/ADIA_Lab_Press2.pdf,C:\TSIS_Data\00_CTO\99_REFERENCE_LIBRARY\00_BIBLIOTECA\Lopez_del_Prado\web\www.quantresearch.org\ADIA_Lab_Press2.pdf,cached,application/pdf,129544,https://quantresearch.org/News.htm,a,href
https://quantresearch.org/ADIA%20Building%20Supergroup%20of%20Quant%20Investing%20-%20Risk.net.pdf,C:\TSIS_Data\00_CTO\99_REFERENCE_LIBRARY\00_BIBLIOTECA\Lopez_del_Prado\web\www.quantresearch.org\ADIA%20Building%20Supergroup%20of%20Quant%20Investing%20-%20Risk.net.pdf,cached,application/pdf,4930903,https://quantresearch.org/News.htm,a,href
https://quantresearch.org/Marcos_Lopez_de_Prado_Joins_ADIA_English.pdf,C:\TSIS_Data\00_CTO\99_REFERENCE_LIBRARY\00_BIBLIOTECA\Lopez_del_Prado\web\www.quantresearch.org\Marcos_Lopez_de_Prado_Joins_ADIA_English.pdf,cached,application/pdf,487511,https://quantresearch.org/News.htm,a,href
https://quantresearch.org/QuantMinds2020.pdf,C:\TSIS_Data\00_CTO\99_REFERENCE_LIBRARY\00_BIBLIOTECA\Lopez_del_Prado\web\www.quantresearch.org\QuantMinds2020.pdf,cached,application/pdf,6078025,https://quantresearch.org/News.htm,a,href
https://quantresearch.org/The%20Master%20of%20Robots%20Left%20AQR.%20Now%20He%E2%80%99s%20Coming%20for%20Wall%20Street%20-%20Bloomberg.pdf,C:\TSIS_Data\00_CTO\99_REFERENCE_LIBRARY\00_BIBLIOTECA\Lopez_del_Prado\web\www.quantresearch.org\The%20Master%20of%20Robots%20Left%20AQR.%20Now%20He%E2%80%99s%20Coming%20for%20Wall%20Street%20-%20Bloomberg.pdf,cached,application/pdf,1241366,https://quantresearch.org/News.htm,a,href
https://quantresearch.org/Interview_QuantMinds_2019.pdf,C:\TSIS_Data\00_CTO\99_REFERENCE_LIBRARY\00_BIBLIOTECA\Lopez_del_Prado\web\www.quantresearch.org\Interview_QuantMinds_2019.pdf,cached,application/pdf,282362,https://quantresearch.org/News.htm,a,href
https://quantresearch.org/Global%20Derivatives%20Whitepaper.pdf,C:\TSIS_Data\00_CTO\99_REFERENCE_LIBRARY\00_BIBLIOTECA\Lopez_del_Prado\web\www.quantresearch.org\Global%20Derivatives%20Whitepaper.pdf,cached,application/pdf,5723686,https://quantresearch.org/News.htm,a,href
https://quantresearch.org/Ghost%20in%20the%20Machine%20-%20Barron%27s.pdf,C:\TSIS_Data\00_CTO\99_REFERENCE_LIBRARY\00_BIBLIOTECA\Lopez_del_Prado\web\www.quantresearch.org\Ghost%20in%20the%20Machine%20-%20Barron%27s.pdf,cached,application/pdf,464346,https://quantresearch.org/News.htm,a,href
https://quantresearch.org/Is%20a%20Too-Perfect%20ETF%20Backtest%20Fraud_%20-%20Focus%20on%20Funds%20-%20Barrons.pdf,C:\TSIS_Data\00_CTO\99_REFERENCE_LIBRARY\00_BIBLIOTECA\Lopez_del_Prado\web\www.quantresearch.org\Is%20a%20Too-Perfect%20ETF%20Backtest%20Fraud_%20-%20Focus%20on%20Funds%20-%20Barrons.pdf,cached,application/pdf,225919,https://quantresearch.org/News.htm,a,href
https://quantresearch.org/FT_most%20read2.png,C:\TSIS_Data\00_CTO\99_REFERENCE_LIBRARY\00_BIBLIOTECA\Lopez_del_Prado\web\www.quantresearch.org\FT_most%20read2.png,cached,image/png,597626,https://quantresearch.org/News.htm,a,href
https://quantresearch.org/FT_20140416.pdf,C:\TSIS_Data\00_CTO\99_REFERENCE_LIBRARY\00_BIBLIOTECA\Lopez_del_Prado\web\www.quantresearch.org\FT_20140416.pdf,cached,application/pdf,183695,https://quantresearch.org/News.htm,a,href
https://quantresearch.org/140411%20Financial%20Charlatanism_Borwein.pdf,C:\TSIS_Data\00_CTO\99_REFERENCE_LIBRARY\00_BIBLIOTECA\Lopez_del_Prado\web\www.quantresearch.org\140411%20Financial%20Charlatanism_Borwein.pdf,cached,application/pdf,27616,https://quantresearch.org/News.htm,a,href
https://quantresearch.org/Interview_AF.pdf,C:\TSIS_Data\00_CTO\99_REFERENCE_LIBRARY\00_BIBLIOTECA\Lopez_del_Prado\web\www.quantresearch.org\Interview_AF.pdf,cached,application/pdf,64054,https://quantresearch.org/News.htm,a,href
https://quantresearch.org/Terrapinn_NY_2013.pdf,C:\TSIS_Data\00_CTO\99_REFERENCE_LIBRARY\00_BIBLIOTECA\Lopez_del_Prado\web\www.quantresearch.org\Terrapinn_NY_2013.pdf,cached,application/pdf,3659273,https://quantresearch.org/News.htm,a,href
https://quantresearch.org/Supercomputers%20could%20generate%20early-warning%20system%20for%20stock%20market%20crashes%20-%20San%20Jose%20Mercury%20News.pdf,C:\TSIS_Data\00_CTO\99_REFERENCE_LIBRARY\00_BIBLIOTECA\Lopez_del_Prado\web\www.quantresearch.org\Supercomputers%20could%20generate%20early-warning%20system%20for%20stock%20market%20crashes%20-%20San%20Jose%20Mercury%20News.pdf,cached,application/pdf,146701,https://quantresearch.org/News.htm,a,href
https://quantresearch.org/WSJ_20101105.pdf,C:\TSIS_Data\00_CTO\99_REFERENCE_LIBRARY\00_BIBLIOTECA\Lopez_del_Prado\web\www.quantresearch.org\WSJ_20101105.pdf,cached,application/pdf,128666,https://quantresearch.org/News.htm,a,href
https://quantresearch.org/Bloomberg_MostRead_20101030.gif,C:\TSIS_Data\00_CTO\99_REFERENCE_LIBRARY\00_BIBLIOTECA\Lopez_del_Prado\web\www.quantresearch.org\Bloomberg_MostRead_20101030.gif,cached,image/gif,41294,https://quantresearch.org/News.htm,a,href
https://quantresearch.org/Brock_Jiang_Jinzhi_2015.pdf,C:\TSIS_Data\00_CTO\99_REFERENCE_LIBRARY\00_BIBLIOTECA\Lopez_del_Prado\web\www.quantresearch.org\Brock_Jiang_Jinzhi_2015.pdf,cached,application/pdf,1814849,https://quantresearch.org/News.htm,a,href
https://quantresearch.org/EFMA2015_0014_fullpaper.pdf,C:\TSIS_Data\00_CTO\99_REFERENCE_LIBRARY\00_BIBLIOTECA\Lopez_del_Prado\web\www.quantresearch.org\EFMA2015_0014_fullpaper.pdf,cached,application/pdf,837561,https://quantresearch.org/News.htm,a,href
https://quantresearch.org/VPIN_Geopolitical.pdf,C:\TSIS_Data\00_CTO\99_REFERENCE_LIBRARY\00_BIBLIOTECA\Lopez_del_Prado\web\www.quantresearch.org\VPIN_Geopolitical.pdf,cached,application/pdf,1868328,https://quantresearch.org/News.htm,a,href
https://quantresearch.org/CBBC_VPIN_JFM_2015.pdf,C:\TSIS_Data\00_CTO\99_REFERENCE_LIBRARY\00_BIBLIOTECA\Lopez_del_Prado\web\www.quantresearch.org\CBBC_VPIN_JFM_2015.pdf,cached,application/pdf,1205247,https://quantresearch.org/News.htm,a,href
https://quantresearch.org/Panayides_Shohfi_Smith.pdf,C:\TSIS_Data\00_CTO\99_REFERENCE_LIBRARY\00_BIBLIOTECA\Lopez_del_Prado\web\www.quantresearch.org\Panayides_Shohfi_Smith.pdf,cached,application/pdf,458846,https://quantresearch.org/News.htm,a,href
https://quantresearch.org/StephenRush.pdf,C:\TSIS_Data\00_CTO\99_REFERENCE_LIBRARY\00_BIBLIOTECA\Lopez_del_Prado\web\www.quantresearch.org\StephenRush.pdf,cached,application/pdf,865572,https://quantresearch.org/News.htm,a,href
https://quantresearch.org/Yildiz-VPIN-4.pdf,C:\TSIS_Data\00_CTO\99_REFERENCE_LIBRARY\00_BIBLIOTECA\Lopez_del_Prado\web\www.quantresearch.org\Yildiz-VPIN-4.pdf,cached,application/pdf,1234364,https://quantresearch.org/News.htm,a,href
https://quantresearch.org/CDHowe.pdf,C:\TSIS_Data\00_CTO\99_REFERENCE_LIBRARY\00_BIBLIOTECA\Lopez_del_Prado\web\www.quantresearch.org\CDHowe.pdf,cached,application/pdf,616042,https://quantresearch.org/News.htm,a,href
https://quantresearch.org/nbim.pdf,C:\TSIS_Data\00_CTO\99_REFERENCE_LIBRARY\00_BIBLIOTECA\Lopez_del_Prado\web\www.quantresearch.org\nbim.pdf,cached,application/pdf,421554,https://quantresearch.org/News.htm,a,href
https://quantresearch.org/ams_notices.pdf,C:\TSIS_Data\00_CTO\99_REFERENCE_LIBRARY\00_BIBLIOTECA\Lopez_del_Prado\web\www.quantresearch.org\ams_notices.pdf,cached,application/pdf,17596609,https://quantresearch.org/News.htm,a,href
https://quantresearch.org/PIN%20module%20in%20R.pdf,C:\TSIS_Data\00_CTO\99_REFERENCE_LIBRARY\00_BIBLIOTECA\Lopez_del_Prado\web\www.quantresearch.org\PIN%20module%20in%20R.pdf,cached,application/pdf,376187,https://quantresearch.org/News.htm,a,href
https://quantresearch.org/Informed%20Trading%20Flow%20Toxicity%20and%20the%20Impact%20on%20Intraday%20Tradin.pdf,C:\TSIS_Data\00_CTO\99_REFERENCE_LIBRARY\00_BIBLIOTECA\Lopez_del_Prado\web\www.quantresearch.org\Informed%20Trading%20Flow%20Toxicity%20and%20the%20Impact%20on%20Intraday%20Tradin.pdf,cached,application/pdf,395558,https://quantresearch.org/News.htm,a,href
https://quantresearch.org/AB_Withdrawn%20paper%20on%20VPIN_20130403.pdf,C:\TSIS_Data\00_CTO\99_REFERENCE_LIBRARY\00_BIBLIOTECA\Lopez_del_Prado\web\www.quantresearch.org\AB_Withdrawn%20paper%20on%20VPIN_20130403.pdf,cached,application/pdf,38598,https://quantresearch.org/News.htm,a,href
https://quantresearch.org/JFM_Withdrawal%20notice.pdf,C:\TSIS_Data\00_CTO\99_REFERENCE_LIBRARY\00_BIBLIOTECA\Lopez_del_Prado\web\www.quantresearch.org\JFM_Withdrawal%20notice.pdf,cached,application/pdf,100045,https://quantresearch.org/News.htm,a,href
https://quantresearch.org/rapawhitepaper2.pdf,C:\TSIS_Data\00_CTO\99_REFERENCE_LIBRARY\00_BIBLIOTECA\Lopez_del_Prado\web\www.quantresearch.org\rapawhitepaper2.pdf,cached,application/pdf,677226,https://quantresearch.org/News.htm,a,href
https://quantresearch.org/From%20PIN%20to%20VPIN.pdf,C:\TSIS_Data\00_CTO\99_REFERENCE_LIBRARY\00_BIBLIOTECA\Lopez_del_Prado\web\www.quantresearch.org\From%20PIN%20to%20VPIN.pdf,cached,application/pdf,579368,https://quantresearch.org/News.htm,a,href
https://quantresearch.org/DBQS_Academic_Insights_20120629.pdf,C:\TSIS_Data\00_CTO\99_REFERENCE_LIBRARY\00_BIBLIOTECA\Lopez_del_Prado\web\www.quantresearch.org\DBQS_Academic_Insights_20120629.pdf,cached,application/pdf,405809,https://quantresearch.org/News.htm,a,href
https://quantresearch.org/DBQS_Academic_Insights_20120427.pdf,C:\TSIS_Data\00_CTO\99_REFERENCE_LIBRARY\00_BIBLIOTECA\Lopez_del_Prado\web\www.quantresearch.org\DBQS_Academic_Insights_20120427.pdf,cached,application/pdf,262487,https://quantresearch.org/News.htm,a,href
https://quantresearch.org/JOT_LBNL.pdf,C:\TSIS_Data\00_CTO\99_REFERENCE_LIBRARY\00_BIBLIOTECA\Lopez_del_Prado\web\www.quantresearch.org\JOT_LBNL.pdf,cached,application/pdf,2991901,https://quantresearch.org/News.htm,a,href
https://quantresearch.org/DBQS_Academic_Insights_20111026.pdf,C:\TSIS_Data\00_CTO\99_REFERENCE_LIBRARY\00_BIBLIOTECA\Lopez_del_Prado\web\www.quantresearch.org\DBQS_Academic_Insights_20111026.pdf,cached,application/pdf,575441,https://quantresearch.org/News.htm,a,href
https://quantresearch.org/11-1276-the-future-of-computer-trading-in-financial-markets.pdf,C:\TSIS_Data\00_CTO\99_REFERENCE_LIBRARY\00_BIBLIOTECA\Lopez_del_Prado\web\www.quantresearch.org\11-1276-the-future-of-computer-trading-in-financial-markets.pdf,cached,application/pdf,895078,https://quantresearch.org/News.htm,a,href
https://quantresearch.org/DBQS_Academic_Insights_20110721.pdf,C:\TSIS_Data\00_CTO\99_REFERENCE_LIBRARY\00_BIBLIOTECA\Lopez_del_Prado\web\www.quantresearch.org\DBQS_Academic_Insights_20110721.pdf,cached,application/pdf,257397,https://quantresearch.org/News.htm,a,href
https://quantresearch.org/DBQS_Academic_Insights_20110428.pdf,C:\TSIS_Data\00_CTO\99_REFERENCE_LIBRARY\00_BIBLIOTECA\Lopez_del_Prado\web\www.quantresearch.org\DBQS_Academic_Insights_20110428.pdf,cached,application/pdf,348949,https://quantresearch.org/News.htm,a,href
https://quantresearch.org/DBQS_Academic_Insights_20101123.pdf,C:\TSIS_Data\00_CTO\99_REFERENCE_LIBRARY\00_BIBLIOTECA\Lopez_del_Prado\web\www.quantresearch.org\DBQS_Academic_Insights_20101123.pdf,cached,application/pdf,349518,https://quantresearch.org/News.htm,a,href
https://quantresearch.org/SignalProcessing20101110.pdf,C:\TSIS_Data\00_CTO\99_REFERENCE_LIBRARY\00_BIBLIOTECA\Lopez_del_Prado\web\www.quantresearch.org\SignalProcessing20101110.pdf,cached,application/pdf,1179761,https://quantresearch.org/News.htm,a,href
https://quantresearch.org/FIVE_VROBUST_Index__Research-EN.pdf,C:\TSIS_Data\00_CTO\99_REFERENCE_LIBRARY\00_BIBLIOTECA\Lopez_del_Prado\web\www.quantresearch.org\FIVE_VROBUST_Index__Research-EN.pdf,cached,application/pdf,2549283,https://quantresearch.org/Events.htm,a,href
https://quantresearch.org/CIO%202015%20Final%20Program%20and%20Attendees.pdf,C:\TSIS_Data\00_CTO\99_REFERENCE_LIBRARY\00_BIBLIOTECA\Lopez_del_Prado\web\www.quantresearch.org\CIO%202015%20Final%20Program%20and%20Attendees.pdf,cached,application/pdf,589968,https://quantresearch.org/Events.htm,a,href
https://quantresearch.org/RiskMathics_2014.pdf,C:\TSIS_Data\00_CTO\99_REFERENCE_LIBRARY\00_BIBLIOTECA\Lopez_del_Prado\web\www.quantresearch.org\RiskMathics_2014.pdf,cached,application/pdf,1571564,https://quantresearch.org/Events.htm,a,href
https://quantresearch.org/marcoslopezdepradointerview.pdf,C:\TSIS_Data\00_CTO\99_REFERENCE_LIBRARY\00_BIBLIOTECA\Lopez_del_Prado\web\www.quantresearch.org\marcoslopezdepradointerview.pdf,cached,application/pdf,348417,https://quantresearch.org/Events.htm,a,href
https://quantresearch.org/Global%20Derivatives%20USA%202013.pdf,C:\TSIS_Data\00_CTO\99_REFERENCE_LIBRARY\00_BIBLIOTECA\Lopez_del_Prado\web\www.quantresearch.org\Global%20Derivatives%20USA%202013.pdf,cached,application/pdf,633713,https://quantresearch.org/Events.htm,a,href
https://quantresearch.org/RiskUSA_Brochure3.pdf,C:\TSIS_Data\00_CTO\99_REFERENCE_LIBRARY\00_BIBLIOTECA\Lopez_del_Prado\web\www.quantresearch.org\RiskUSA_Brochure3.pdf,cached,application/pdf,4704919,https://quantresearch.org/Events.htm,a,href
https://quantresearch.org/Risk%20USA%202013%20program.pdf,C:\TSIS_Data\00_CTO\99_REFERENCE_LIBRARY\00_BIBLIOTECA\Lopez_del_Prado\web\www.quantresearch.org\Risk%20USA%202013%20program.pdf,cached,application/pdf,281112,https://quantresearch.org/Events.htm,a,href
https://quantresearch.org/JPM_2013_agenda.pdf,C:\TSIS_Data\00_CTO\99_REFERENCE_LIBRARY\00_BIBLIOTECA\Lopez_del_Prado\web\www.quantresearch.org\JPM_2013_agenda.pdf,cached,application/pdf,159619,https://quantresearch.org/Events.htm,a,href
https://quantresearch.org/JPM_CONFERENCE_SUMMARY_2013.pdf,C:\TSIS_Data\00_CTO\99_REFERENCE_LIBRARY\00_BIBLIOTECA\Lopez_del_Prado\web\www.quantresearch.org\JPM_CONFERENCE_SUMMARY_2013.pdf,cached,application/pdf,395024,https://quantresearch.org/Events.htm,a,href
https://quantresearch.org/LondonQuantitativeFinanceSeminar-08.pdf,C:\TSIS_Data\00_CTO\99_REFERENCE_LIBRARY\00_BIBLIOTECA\Lopez_del_Prado\web\www.quantresearch.org\LondonQuantitativeFinanceSeminar-08.pdf,cached,application/pdf,95005,https://quantresearch.org/Events.htm,a,href
https://quantresearch.org/RISK%20MANAGEMENT%20CONFERENCE%202013.pdf,C:\TSIS_Data\00_CTO\99_REFERENCE_LIBRARY\00_BIBLIOTECA\Lopez_del_Prado\web\www.quantresearch.org\RISK%20MANAGEMENT%20CONFERENCE%202013.pdf,cached,application/pdf,2993877,https://quantresearch.org/Events.htm,a,href
https://quantresearch.org/2013_03_14_NY%20Event%20Flyer.pdf,C:\TSIS_Data\00_CTO\99_REFERENCE_LIBRARY\00_BIBLIOTECA\Lopez_del_Prado\web\www.quantresearch.org\2013_03_14_NY%20Event%20Flyer.pdf,cached,application/pdf,147974,https://quantresearch.org/Events.htm,a,href
https://quantresearch.org/DB%20Quant%20Conference%20Save%20the%20Date.pdf,C:\TSIS_Data\00_CTO\99_REFERENCE_LIBRARY\00_BIBLIOTECA\Lopez_del_Prado\web\www.quantresearch.org\DB%20Quant%20Conference%20Save%20the%20Date.pdf,cached,application/pdf,179807,https://quantresearch.org/Events.htm,a,href
https://quantresearch.org/RiskMathics_2012.pdf,C:\TSIS_Data\00_CTO\99_REFERENCE_LIBRARY\00_BIBLIOTECA\Lopez_del_Prado\web\www.quantresearch.org\RiskMathics_2012.pdf,cached,application/pdf,486386,https://quantresearch.org/Events.htm,a,href
https://quantresearch.org/Risk_USA_brochure_2012.pdf,C:\TSIS_Data\00_CTO\99_REFERENCE_LIBRARY\00_BIBLIOTECA\Lopez_del_Prado\web\www.quantresearch.org\Risk_USA_brochure_2012.pdf,cached,application/pdf,1086132,https://quantresearch.org/Events.htm,a,href
https://quantresearch.org/Equity%20Quantitative%20Conference%202012%20-%20Agenda.pdf,C:\TSIS_Data\00_CTO\99_REFERENCE_LIBRARY\00_BIBLIOTECA\Lopez_del_Prado\web\www.quantresearch.org\Equity%20Quantitative%20Conference%202012%20-%20Agenda.pdf,cached,application/pdf,156470,https://quantresearch.org/Events.htm,a,href
https://quantresearch.org/Symmys_2012.jpg,C:\TSIS_Data\00_CTO\99_REFERENCE_LIBRARY\00_BIBLIOTECA\Lopez_del_Prado\web\www.quantresearch.org\Symmys_2012.jpg,cached,image/jpeg,833531,https://quantresearch.org/Events.htm,a,href
https://quantresearch.org/Quant%20Congress%202012.pdf,C:\TSIS_Data\00_CTO\99_REFERENCE_LIBRARY\00_BIBLIOTECA\Lopez_del_Prado\web\www.quantresearch.org\Quant%20Congress%202012.pdf,cached,application/pdf,721980,https://quantresearch.org/Events.htm,a,href
https://quantresearch.org/AnnualConference2012FullProgram.pdf,C:\TSIS_Data\00_CTO\99_REFERENCE_LIBRARY\00_BIBLIOTECA\Lopez_del_Prado\web\www.quantresearch.org\AnnualConference2012FullProgram.pdf,cached,application/pdf,125895,https://quantresearch.org/Events.htm,a,href
https://quantresearch.org/Quant_USA_2011.pdf,C:\TSIS_Data\00_CTO\99_REFERENCE_LIBRARY\00_BIBLIOTECA\Lopez_del_Prado\web\www.quantresearch.org\Quant_USA_2011.pdf,cached,application/pdf,439235,https://quantresearch.org/Events.htm,a,href
https://quantresearch.org/HRP.py.txt,C:\TSIS_Data\00_CTO\99_REFERENCE_LIBRARY\00_BIBLIOTECA\Lopez_del_Prado\web\www.quantresearch.org\HRP.py.txt,cached,text/plain,4369,https://quantresearch.org/Software.htm,a,href
https://quantresearch.org/HRP_MC.py.txt,C:\TSIS_Data\00_CTO\99_REFERENCE_LIBRARY\00_BIBLIOTECA\Lopez_del_Prado\web\www.quantresearch.org\HRP_MC.py.txt,cached,text/plain,3440,https://quantresearch.org/Software.htm,a,href
https://quantresearch.org/DSR.py.txt,C:\TSIS_Data\00_CTO\99_REFERENCE_LIBRARY\00_BIBLIOTECA\Lopez_del_Prado\web\www.quantresearch.org\DSR.py.txt,cached,text/plain,2030,https://quantresearch.org/Software.htm,a,href
https://quantresearch.org/KCA_1.py.txt,C:\TSIS_Data\00_CTO\99_REFERENCE_LIBRARY\00_BIBLIOTECA\Lopez_del_Prado\web\www.quantresearch.org\KCA_1.py.txt,cached,text/plain,1626,https://quantresearch.org/Software.htm,a,href
https://quantresearch.org/KCA_2.py.txt,C:\TSIS_Data\00_CTO\99_REFERENCE_LIBRARY\00_BIBLIOTECA\Lopez_del_Prado\web\www.quantresearch.org\KCA_2.py.txt,cached,text/plain,1461,https://quantresearch.org/Software.htm,a,href
https://quantresearch.org/KCA_3.py.txt,C:\TSIS_Data\00_CTO\99_REFERENCE_LIBRARY\00_BIBLIOTECA\Lopez_del_Prado\web\www.quantresearch.org\KCA_3.py.txt,cached,text/plain,2057,https://quantresearch.org/Software.htm,a,href
https://quantresearch.org/KCA_4.py.txt,C:\TSIS_Data\00_CTO\99_REFERENCE_LIBRARY\00_BIBLIOTECA\Lopez_del_Prado\web\www.quantresearch.org\KCA_4.py.txt,cached,text/plain,1179,https://quantresearch.org/Software.htm,a,href
https://quantresearch.org/OTR.py.txt,C:\TSIS_Data\00_CTO\99_REFERENCE_LIBRARY\00_BIBLIOTECA\Lopez_del_Prado\web\www.quantresearch.org\OTR.py.txt,cached,text/plain,1388,https://quantresearch.org/Software.htm,a,href
https://quantresearch.org/SFD_1.py.txt,C:\TSIS_Data\00_CTO\99_REFERENCE_LIBRARY\00_BIBLIOTECA\Lopez_del_Prado\web\www.quantresearch.org\SFD_1.py.txt,cached,text/plain,3849,https://quantresearch.org/Software.htm,a,href
https://quantresearch.org/SFD_2.py.txt,C:\TSIS_Data\00_CTO\99_REFERENCE_LIBRARY\00_BIBLIOTECA\Lopez_del_Prado\web\www.quantresearch.org\SFD_2.py.txt,cached,text/plain,761,https://quantresearch.org/Software.htm,a,href
https://quantresearch.org/CSCV_1.py.txt,C:\TSIS_Data\00_CTO\99_REFERENCE_LIBRARY\00_BIBLIOTECA\Lopez_del_Prado\web\www.quantresearch.org\CSCV_1.py.txt,cached,text/plain,1844,https://quantresearch.org/Software.htm,a,href
https://quantresearch.org/CSCV_2.py.txt,C:\TSIS_Data\00_CTO\99_REFERENCE_LIBRARY\00_BIBLIOTECA\Lopez_del_Prado\web\www.quantresearch.org\CSCV_2.py.txt,cached,text/plain,1314,https://quantresearch.org/Software.htm,a,href
https://quantresearch.org/CSCV_3.py.txt,C:\TSIS_Data\00_CTO\99_REFERENCE_LIBRARY\00_BIBLIOTECA\Lopez_del_Prado\web\www.quantresearch.org\CSCV_3.py.txt,cached,text/plain,4709,https://quantresearch.org/Software.htm,a,href
https://quantresearch.org/DD1.py.txt,C:\TSIS_Data\00_CTO\99_REFERENCE_LIBRARY\00_BIBLIOTECA\Lopez_del_Prado\web\www.quantresearch.org\DD1.py.txt,cached,text/plain,1847,https://quantresearch.org/Software.htm,a,href
https://quantresearch.org/DD2.py.txt,C:\TSIS_Data\00_CTO\99_REFERENCE_LIBRARY\00_BIBLIOTECA\Lopez_del_Prado\web\www.quantresearch.org\DD2.py.txt,cached,text/plain,2229,https://quantresearch.org/Software.htm,a,href
https://quantresearch.org/DD3.py.txt,C:\TSIS_Data\00_CTO\99_REFERENCE_LIBRARY\00_BIBLIOTECA\Lopez_del_Prado\web\www.quantresearch.org\DD3.py.txt,cached,text/plain,2344,https://quantresearch.org/Software.htm,a,href
https://quantresearch.org/DD4.py.txt,C:\TSIS_Data\00_CTO\99_REFERENCE_LIBRARY\00_BIBLIOTECA\Lopez_del_Prado\web\www.quantresearch.org\DD4.py.txt,cached,text/plain,1764,https://quantresearch.org/Software.htm,a,href
https://quantresearch.org/Data1.csv.txt,C:\TSIS_Data\00_CTO\99_REFERENCE_LIBRARY\00_BIBLIOTECA\Lopez_del_Prado\web\www.quantresearch.org\Data1.csv.txt,cached,text/plain,1989,https://quantresearch.org/Software.htm,a,href
https://quantresearch.org/Data2.csv.txt,C:\TSIS_Data\00_CTO\99_REFERENCE_LIBRARY\00_BIBLIOTECA\Lopez_del_Prado\web\www.quantresearch.org\Data2.csv.txt,cached,text/plain,2614,https://quantresearch.org/Software.htm,a,href
https://quantresearch.org/CLA.py.txt,C:\TSIS_Data\00_CTO\99_REFERENCE_LIBRARY\00_BIBLIOTECA\Lopez_del_Prado\web\www.quantresearch.org\CLA.py.txt,cached,text/plain,11447,https://quantresearch.org/Software.htm,a,href
https://quantresearch.org/CLA_Main.py.txt,C:\TSIS_Data\00_CTO\99_REFERENCE_LIBRARY\00_BIBLIOTECA\Lopez_del_Prado\web\www.quantresearch.org\CLA_Main.py.txt,cached,text/plain,1638,https://quantresearch.org/Software.htm,a,href
https://quantresearch.org/CLA_Data.csv.txt,C:\TSIS_Data\00_CTO\99_REFERENCE_LIBRARY\00_BIBLIOTECA\Lopez_del_Prado\web\www.quantresearch.org\CLA_Data.csv.txt,cached,text/plain,1230,https://quantresearch.org/Software.htm,a,href
https://quantresearch.org/ERC.py.txt,C:\TSIS_Data\00_CTO\99_REFERENCE_LIBRARY\00_BIBLIOTECA\Lopez_del_Prado\web\www.quantresearch.org\ERC.py.txt,cached,text/plain,4317,https://quantresearch.org/Software.htm,a,href
https://quantresearch.org/MMSC.py.txt,C:\TSIS_Data\00_CTO\99_REFERENCE_LIBRARY\00_BIBLIOTECA\Lopez_del_Prado\web\www.quantresearch.org\MMSC.py.txt,cached,text/plain,7510,https://quantresearch.org/Software.htm,a,href
https://quantresearch.org/Clustering.py.txt,C:\TSIS_Data\00_CTO\99_REFERENCE_LIBRARY\00_BIBLIOTECA\Lopez_del_Prado\web\www.quantresearch.org\Clustering.py.txt,cached,text/plain,3825,https://quantresearch.org/Software.htm,a,href
https://quantresearch.org/PSR.py.txt,C:\TSIS_Data\00_CTO\99_REFERENCE_LIBRARY\00_BIBLIOTECA\Lopez_del_Prado\web\www.quantresearch.org\PSR.py.txt,cached,text/plain,1730,https://quantresearch.org/Software.htm,a,href
https://quantresearch.org/PSR_Optimal_Constrained.py.txt,C:\TSIS_Data\00_CTO\99_REFERENCE_LIBRARY\00_BIBLIOTECA\Lopez_del_Prado\web\www.quantresearch.org\PSR_Optimal_Constrained.py.txt,cached,text/plain,6391,https://quantresearch.org/Software.htm,a,href
https://quantresearch.org/OEH.py.txt,C:\TSIS_Data\00_CTO\99_REFERENCE_LIBRARY\00_BIBLIOTECA\Lopez_del_Prado\web\www.quantresearch.org\OEH.py.txt,cached,text/plain,2420,https://quantresearch.org/Software.htm,a,href
https://quantresearch.org/EF3M.py.txt,C:\TSIS_Data\00_CTO\99_REFERENCE_LIBRARY\00_BIBLIOTECA\Lopez_del_Prado\web\www.quantresearch.org\EF3M.py.txt,cached,text/plain,4288,https://quantresearch.org/Software.htm,a,href
https://quantresearch.org/Collaboration_Path.png,C:\TSIS_Data\00_CTO\99_REFERENCE_LIBRARY\00_BIBLIOTECA\Lopez_del_Prado\web\www.quantresearch.org\Collaboration_Path.png,cached,image/png,100990,https://quantresearch.org/Co-authors.htm,a,href
https://quantresearch.org/Pythagoras_Euclid_svg.png,C:\TSIS_Data\00_CTO\99_REFERENCE_LIBRARY\00_BIBLIOTECA\Lopez_del_Prado\web\www.quantresearch.org\Pythagoras_Euclid_svg.png,cached,image/png,134478,https://quantresearch.org/Geometry.htm,img,src
https://quantresearch.org/FdsAmSci.pdf,C:\TSIS_Data\00_CTO\99_REFERENCE_LIBRARY\00_BIBLIOTECA\Lopez_del_Prado\web\www.quantresearch.org\FdsAmSci.pdf,cached,application/pdf,515834,https://quantresearch.org/Geometry.htm,a,href
https://quantresearch.org/Fisher%20transform%20seminal%20paper.pdf,C:\TSIS_Data\00_CTO\99_REFERENCE_LIBRARY\00_BIBLIOTECA\Lopez_del_Prado\web\www.quantresearch.org\Fisher%20transform%20seminal%20paper.pdf,cached,application/pdf,2048328,https://quantresearch.org/Geometry.htm,a,href
https://quantresearch.org/SFD2.png,C:\TSIS_Data\00_CTO\99_REFERENCE_LIBRARY\00_BIBLIOTECA\Lopez_del_Prado\web\www.quantresearch.org\SFD2.png,cached,image/png,245727,https://quantresearch.org/Geometry.htm,img,src
https://quantresearch.org/AMS_lopezdeprado_section.jpg,C:\TSIS_Data\00_CTO\99_REFERENCE_LIBRARY\00_BIBLIOTECA\Lopez_del_Prado\web\www.quantresearch.org\AMS_lopezdeprado_section.jpg,cached,image/jpeg,189803,https://quantresearch.org/Geometry.htm,a,href
https://quantresearch.org/mldp.jpg,C:\TSIS_Data\00_CTO\99_REFERENCE_LIBRARY\00_BIBLIOTECA\Lopez_del_Prado\web\www.quantresearch.org\mldp.jpg,cached,image/jpeg,44628,https://quantresearch.org/Geometry.htm,img,src
https://quantresearch.org/Eva%20del%20Pozo.jpg,C:\TSIS_Data\00_CTO\99_REFERENCE_LIBRARY\00_BIBLIOTECA\Lopez_del_Prado\web\www.quantresearch.org\Eva%20del%20Pozo.jpg,cached,image/jpeg,67149,https://quantresearch.org/Geometry.htm,img,src
https://quantresearch.org/UCM%20Coat%20of%20Arms.JPG,C:\TSIS_Data\00_CTO\99_REFERENCE_LIBRARY\00_BIBLIOTECA\Lopez_del_Prado\web\www.quantresearch.org\UCM%20Coat%20of%20Arms.JPG,cached,image/jpeg,53203,https://quantresearch.org/Geometry.htm,img,src
https://quantresearch.org/ubaldo%20nieto%20de%20alba.jpg,C:\TSIS_Data\00_CTO\99_REFERENCE_LIBRARY\00_BIBLIOTECA\Lopez_del_Prado\web\www.quantresearch.org\ubaldo%20nieto%20de%20alba.jpg,cached,image/jpeg,23286,https://quantresearch.org/Geometry.htm,img,src
https://quantresearch.org/Angel%20Vegas%20Perez.jpg,C:\TSIS_Data\00_CTO\99_REFERENCE_LIBRARY\00_BIBLIOTECA\Lopez_del_Prado\web\www.quantresearch.org\Angel%20Vegas%20Perez.jpg,cached,image/jpeg,7799,https://quantresearch.org/Geometry.htm,img,src
https://quantresearch.org/Miguel%20Vegas_bio.pdf,C:\TSIS_Data\00_CTO\99_REFERENCE_LIBRARY\00_BIBLIOTECA\Lopez_del_Prado\web\www.quantresearch.org\Miguel%20Vegas_bio.pdf,cached,application/pdf,266435,https://quantresearch.org/Geometry.htm,a,href
https://quantresearch.org/Miguel%20Vegas%20with%20Einstein.jpg,C:\TSIS_Data\00_CTO\99_REFERENCE_LIBRARY\00_BIBLIOTECA\Lopez_del_Prado\web\www.quantresearch.org\Miguel%20Vegas%20with%20Einstein.jpg,cached,image/jpeg,83563,https://quantresearch.org/Geometry.htm,img,src
https://quantresearch.org/Miguel%20Vegas2.JPG,C:\TSIS_Data\00_CTO\99_REFERENCE_LIBRARY\00_BIBLIOTECA\Lopez_del_Prado\web\www.quantresearch.org\Miguel%20Vegas2.JPG,cached,image/jpeg,12330,https://quantresearch.org/Geometry.htm,img,src
https://quantresearch.org/eduardo_torroja_miret_medium.jpg,C:\TSIS_Data\00_CTO\99_REFERENCE_LIBRARY\00_BIBLIOTECA\Lopez_del_Prado\web\www.quantresearch.org\eduardo_torroja_miret_medium.jpg,cached,image/jpeg,3190,https://quantresearch.org/Geometry.htm,img,src
https://quantresearch.org/Von%20Staudt.jpg,C:\TSIS_Data\00_CTO\99_REFERENCE_LIBRARY\00_BIBLIOTECA\Lopez_del_Prado\web\www.quantresearch.org\Von%20Staudt.jpg,cached,image/jpeg,17975,https://quantresearch.org/Geometry.htm,img,src
https://quantresearch.org/Gauss2.jpg,C:\TSIS_Data\00_CTO\99_REFERENCE_LIBRARY\00_BIBLIOTECA\Lopez_del_Prado\web\www.quantresearch.org\Gauss2.jpg,cached,image/jpeg,81241,https://quantresearch.org/Geometry.htm,img,src
https://quantresearch.org/Gauss_PhD_Dissertation.pdf,C:\TSIS_Data\00_CTO\99_REFERENCE_LIBRARY\00_BIBLIOTECA\Lopez_del_Prado\web\www.quantresearch.org\Gauss_PhD_Dissertation.pdf,cached,application/pdf,173998,https://quantresearch.org/Geometry.htm,a,href
https://quantresearch.org/Rey%20Pastor2.jpg,C:\TSIS_Data\00_CTO\99_REFERENCE_LIBRARY\00_BIBLIOTECA\Lopez_del_Prado\web\www.quantresearch.org\Rey%20Pastor2.jpg,cached,image/jpeg,87677,https://quantresearch.org/Geometry.htm,img,src
https://quantresearch.org/Julio_Rey_Pastor.jpg,C:\TSIS_Data\00_CTO\99_REFERENCE_LIBRARY\00_BIBLIOTECA\Lopez_del_Prado\web\www.quantresearch.org\Julio_Rey_Pastor.jpg,cached,image/jpeg,18419,https://quantresearch.org/Geometry.htm,img,src
https://quantresearch.org/Felix%20Klein.jpg,C:\TSIS_Data\00_CTO\99_REFERENCE_LIBRARY\00_BIBLIOTECA\Lopez_del_Prado\web\www.quantresearch.org\Felix%20Klein.jpg,cached,image/jpeg,14083,https://quantresearch.org/Geometry.htm,img,src
https://quantresearch.org/Rudolf%20Lipschitz.jpg,C:\TSIS_Data\00_CTO\99_REFERENCE_LIBRARY\00_BIBLIOTECA\Lopez_del_Prado\web\www.quantresearch.org\Rudolf%20Lipschitz.jpg,cached,image/jpeg,14229,https://quantresearch.org/Geometry.htm,img,src
https://quantresearch.org/Dirichlet.jpg,C:\TSIS_Data\00_CTO\99_REFERENCE_LIBRARY\00_BIBLIOTECA\Lopez_del_Prado\web\www.quantresearch.org\Dirichlet.jpg,cached,image/jpeg,77954,https://quantresearch.org/Geometry.htm,img,src
https://quantresearch.org/Fourier.jpg,C:\TSIS_Data\00_CTO\99_REFERENCE_LIBRARY\00_BIBLIOTECA\Lopez_del_Prado\web\www.quantresearch.org\Fourier.jpg,cached,image/jpeg,97607,https://quantresearch.org/Geometry.htm,img,src
https://quantresearch.org/Langrange.jpg,C:\TSIS_Data\00_CTO\99_REFERENCE_LIBRARY\00_BIBLIOTECA\Lopez_del_Prado\web\www.quantresearch.org\Langrange.jpg,cached,image/jpeg,8745,https://quantresearch.org/Geometry.htm,img,src
https://quantresearch.org/Euler.jpg,C:\TSIS_Data\00_CTO\99_REFERENCE_LIBRARY\00_BIBLIOTECA\Lopez_del_Prado\web\www.quantresearch.org\Euler.jpg,cached,image/jpeg,267246,https://quantresearch.org/Geometry.htm,img,src
